run_id,checkpoint,sample_id,task,episode_or_seed,domain,c2r_split,progress_bin,layer,token_group,perturbation,severity,timestep_quantile,timestep,sigma,noise_seed,transform_seed,metric_name,metric_value
gpu_0,base,clean/adjust_bottle/episode_000044/0_139,adjust_bottle,episode_000044,clean,,,,final_action,brightness,0.8,,,,204078420560127207,13345697289178260558,action_relative_l2,0.05618319660425186
gpu_0,base,clean/adjust_bottle/episode_000044/0_139,adjust_bottle,episode_000044,clean,,,,final_action,brightness,0.8,,,,204078420560127207,13345697289178260558,action_mean_abs,0.011221637949347496
gpu_0,base,clean/adjust_bottle/episode_000044/0_139,adjust_bottle,episode_000044,clean,,,,final_action,brightness,0.8,,,,204078420560127207,13345697289178260558,action_relative_l2/first_25pct,0.0
gpu_0,base,clean/adjust_bottle/episode_000044/0_139,adjust_bottle,episode_000044,clean,,,,final_action,brightness,0.8,,,,204078420560127207,13345697289178260558,action_relative_l2/last_75pct,0.05817713215947151
gpu_0,base,clean/adjust_bottle/episode_000044/0_139,adjust_bottle,episode_000044,clean,,,,final_action,brightness,0.8,,,,204078420560127207,13345697289178260558,endpoint_l2/left_position,0.08866755664348602
gpu_0,base,clean/adjust_bottle/episode_000044/0_139,adjust_bottle,episode_000044,clean,,,,final_action,brightness,0.8,,,,204078420560127207,13345697289178260558,endpoint_l2/right_position,0.07000204920768738
gpu_0,base,clean/adjust_bottle/episode_000044/0_139,adjust_bottle,episode_000044,clean,,,,final_action,brightness,0.8,,,,204078420560127207,13345697289178260558,rotation_geodesic/left_rotation,0.019817069172859192
gpu_0,base,clean/adjust_bottle/episode_000044/0_139,adjust_bottle,episode_000044,clean,,,,final_action,brightness,0.8,,,,204078420560127207,13345697289178260558,rotation_geodesic/right_rotation,0.026239659637212753
gpu_0,base,clean/adjust_bottle/episode_000044/0_139,adjust_bottle,episode_000044,clean,,,,final_action,brightness,0.8,,,,204078420560127207,13345697289178260558,gripper_flip_rate,0.0
gpu_0,base,clean/adjust_bottle/episode_000044/0_139,adjust_bottle,episode_000044,clean,,,,final_action,brightness,0.8,,,,204078420560127207,13345697289178260558,temporal_jerk_difference,0.0031352571677416563
gpu_0,base,clean/adjust_bottle/episode_000044/0_139,adjust_bottle,episode_000044,clean,,,,final_action,brightness,1.2,,,,204078420560127207,739887505226363588,action_relative_l2,0.009429240599274635
gpu_0,base,clean/adjust_bottle/episode_000044/0_139,adjust_bottle,episode_000044,clean,,,,final_action,brightness,1.2,,,,204078420560127207,739887505226363588,action_mean_abs,0.0016975711332634091
gpu_0,base,clean/adjust_bottle/episode_000044/0_139,adjust_bottle,episode_000044,clean,,,,final_action,brightness,1.2,,,,204078420560127207,739887505226363588,action_relative_l2/first_25pct,0.0
gpu_0,base,clean/adjust_bottle/episode_000044/0_139,adjust_bottle,episode_000044,clean,,,,final_action,brightness,1.2,,,,204078420560127207,739887505226363588,action_relative_l2/last_75pct,0.009763882495462894
gpu_0,base,clean/adjust_bottle/episode_000044/0_139,adjust_bottle,episode_000044,clean,,,,final_action,brightness,1.2,,,,204078420560127207,739887505226363588,endpoint_l2/left_position,0.01116532739251852
gpu_0,base,clean/adjust_bottle/episode_000044/0_139,adjust_bottle,episode_000044,clean,,,,final_action,brightness,1.2,,,,204078420560127207,739887505226363588,endpoint_l2/right_position,0.0015891731018200517
gpu_0,base,clean/adjust_bottle/episode_000044/0_139,adjust_bottle,episode_000044,clean,,,,final_action,brightness,1.2,,,,204078420560127207,739887505226363588,rotation_geodesic/left_rotation,0.005546913482248783
gpu_0,base,clean/adjust_bottle/episode_000044/0_139,adjust_bottle,episode_000044,clean,,,,final_action,brightness,1.2,,,,204078420560127207,739887505226363588,rotation_geodesic/right_rotation,0.009756398387253284
gpu_0,base,clean/adjust_bottle/episode_000044/0_139,adjust_bottle,episode_000044,clean,,,,final_action,brightness,1.2,,,,204078420560127207,739887505226363588,gripper_flip_rate,0.0
gpu_0,base,clean/adjust_bottle/episode_000044/0_139,adjust_bottle,episode_000044,clean,,,,final_action,brightness,1.2,,,,204078420560127207,739887505226363588,temporal_jerk_difference,0.0020449035800993443
gpu_0,base,clean/adjust_bottle/episode_000044/0_139,adjust_bottle,episode_000044,clean,,,,final_action,color_temperature,-0.1,,,,204078420560127207,765584118789078213,action_relative_l2,0.01750846579670906
gpu_0,base,clean/adjust_bottle/episode_000044/0_139,adjust_bottle,episode_000044,clean,,,,final_action,color_temperature,-0.1,,,,204078420560127207,765584118789078213,action_mean_abs,0.0030727258417755365
gpu_0,base,clean/adjust_bottle/episode_000044/0_139,adjust_bottle,episode_000044,clean,,,,final_action,color_temperature,-0.1,,,,204078420560127207,765584118789078213,action_relative_l2/first_25pct,0.0
gpu_0,base,clean/adjust_bottle/episode_000044/0_139,adjust_bottle,episode_000044,clean,,,,final_action,color_temperature,-0.1,,,,204078420560127207,765584118789078213,action_relative_l2/last_75pct,0.01812983863055706
gpu_0,base,clean/adjust_bottle/episode_000044/0_139,adjust_bottle,episode_000044,clean,,,,final_action,color_temperature,-0.1,,,,204078420560127207,765584118789078213,endpoint_l2/left_position,0.031150449067354202
gpu_0,base,clean/adjust_bottle/episode_000044/0_139,adjust_bottle,episode_000044,clean,,,,final_action,color_temperature,-0.1,,,,204078420560127207,765584118789078213,endpoint_l2/right_position,0.0072583300061523914
gpu_0,base,clean/adjust_bottle/episode_000044/0_139,adjust_bottle,episode_000044,clean,,,,final_action,color_temperature,-0.1,,,,204078420560127207,765584118789078213,rotation_geodesic/left_rotation,0.008524871431291103
gpu_0,base,clean/adjust_bottle/episode_000044/0_139,adjust_bottle,episode_000044,clean,,,,final_action,color_temperature,-0.1,,,,204078420560127207,765584118789078213,rotation_geodesic/right_rotation,0.011900875717401505
gpu_0,base,clean/adjust_bottle/episode_000044/0_139,adjust_bottle,episode_000044,clean,,,,final_action,color_temperature,-0.1,,,,204078420560127207,765584118789078213,gripper_flip_rate,0.0
gpu_0,base,clean/adjust_bottle/episode_000044/0_139,adjust_bottle,episode_000044,clean,,,,final_action,color_temperature,-0.1,,,,204078420560127207,765584118789078213,temporal_jerk_difference,0.0022962610237300396
gpu_0,base,clean/adjust_bottle/episode_000044/0_139,adjust_bottle,episode_000044,clean,,,,final_action,color_temperature,0.1,,,,204078420560127207,9775476510567872708,action_relative_l2,0.013472237624228
gpu_0,base,clean/adjust_bottle/episode_000044/0_139,adjust_bottle,episode_000044,clean,,,,final_action,color_temperature,0.1,,,,204078420560127207,9775476510567872708,action_mean_abs,0.0024988814257085323
gpu_0,base,clean/adjust_bottle/episode_000044/0_139,adjust_bottle,episode_000044,clean,,,,final_action,color_temperature,0.1,,,,204078420560127207,9775476510567872708,action_relative_l2/first_25pct,0.0
gpu_0,base,clean/adjust_bottle/episode_000044/0_139,adjust_bottle,episode_000044,clean,,,,final_action,color_temperature,0.1,,,,204078420560127207,9775476510567872708,action_relative_l2/last_75pct,0.013950365595519543
gpu_0,base,clean/adjust_bottle/episode_000044/0_139,adjust_bottle,episode_000044,clean,,,,final_action,color_temperature,0.1,,,,204078420560127207,9775476510567872708,endpoint_l2/left_position,0.022391118109226227
gpu_0,base,clean/adjust_bottle/episode_000044/0_139,adjust_bottle,episode_000044,clean,,,,final_action,color_temperature,0.1,,,,204078420560127207,9775476510567872708,endpoint_l2/right_position,0.010946940630674362
gpu_0,base,clean/adjust_bottle/episode_000044/0_139,adjust_bottle,episode_000044,clean,,,,final_action,color_temperature,0.1,,,,204078420560127207,9775476510567872708,rotation_geodesic/left_rotation,0.006791023071855307
gpu_0,base,clean/adjust_bottle/episode_000044/0_139,adjust_bottle,episode_000044,clean,,,,final_action,color_temperature,0.1,,,,204078420560127207,9775476510567872708,rotation_geodesic/right_rotation,0.007349030580371618
gpu_0,base,clean/adjust_bottle/episode_000044/0_139,adjust_bottle,episode_000044,clean,,,,final_action,color_temperature,0.1,,,,204078420560127207,9775476510567872708,gripper_flip_rate,0.0
gpu_0,base,clean/adjust_bottle/episode_000044/0_139,adjust_bottle,episode_000044,clean,,,,final_action,color_temperature,0.1,,,,204078420560127207,9775476510567872708,temporal_jerk_difference,0.002497405046597123
gpu_0,base,clean/adjust_bottle/episode_000044/0_139,adjust_bottle,episode_000044,clean,,,,final_action,gamma,0.8,,,,204078420560127207,18087504126169967844,action_relative_l2,0.0060355328023433685
gpu_0,base,clean/adjust_bottle/episode_000044/0_139,adjust_bottle,episode_000044,clean,,,,final_action,gamma,0.8,,,,204078420560127207,18087504126169967844,action_mean_abs,0.0008347855182364583
gpu_0,base,clean/adjust_bottle/episode_000044/0_139,adjust_bottle,episode_000044,clean,,,,final_action,gamma,0.8,,,,204078420560127207,18087504126169967844,action_relative_l2/first_25pct,0.0
gpu_0,base,clean/adjust_bottle/episode_000044/0_139,adjust_bottle,episode_000044,clean,,,,final_action,gamma,0.8,,,,204078420560127207,18087504126169967844,action_relative_l2/last_75pct,0.00624973326921463
gpu_0,base,clean/adjust_bottle/episode_000044/0_139,adjust_bottle,episode_000044,clean,,,,final_action,gamma,0.8,,,,204078420560127207,18087504126169967844,endpoint_l2/left_position,0.010723471641540527
gpu_0,base,clean/adjust_bottle/episode_000044/0_139,adjust_bottle,episode_000044,clean,,,,final_action,gamma,0.8,,,,204078420560127207,18087504126169967844,endpoint_l2/right_position,0.0022787898778915405
gpu_0,base,clean/adjust_bottle/episode_000044/0_139,adjust_bottle,episode_000044,clean,,,,final_action,gamma,0.8,,,,204078420560127207,18087504126169967844,rotation_geodesic/left_rotation,0.002785285236313939
gpu_0,base,clean/adjust_bottle/episode_000044/0_139,adjust_bottle,episode_000044,clean,,,,final_action,gamma,0.8,,,,204078420560127207,18087504126169967844,rotation_geodesic/right_rotation,0.004132328554987907
gpu_0,base,clean/adjust_bottle/episode_000044/0_139,adjust_bottle,episode_000044,clean,,,,final_action,gamma,0.8,,,,204078420560127207,18087504126169967844,gripper_flip_rate,0.0
gpu_0,base,clean/adjust_bottle/episode_000044/0_139,adjust_bottle,episode_000044,clean,,,,final_action,gamma,0.8,,,,204078420560127207,18087504126169967844,temporal_jerk_difference,0.0013319256249815226
gpu_0,base,clean/adjust_bottle/episode_000044/0_139,adjust_bottle,episode_000044,clean,,,,final_action,gamma,1.2,,,,204078420560127207,6964187763139144458,action_relative_l2,0.004209232982248068
gpu_0,base,clean/adjust_bottle/episode_000044/0_139,adjust_bottle,episode_000044,clean,,,,final_action,gamma,1.2,,,,204078420560127207,6964187763139144458,action_mean_abs,0.0005317712784744799
gpu_0,base,clean/adjust_bottle/episode_000044/0_139,adjust_bottle,episode_000044,clean,,,,final_action,gamma,1.2,,,,204078420560127207,6964187763139144458,action_relative_l2/first_25pct,0.0
gpu_0,base,clean/adjust_bottle/episode_000044/0_139,adjust_bottle,episode_000044,clean,,,,final_action,gamma,1.2,,,,204078420560127207,6964187763139144458,action_relative_l2/last_75pct,0.004358618054538965
gpu_0,base,clean/adjust_bottle/episode_000044/0_139,adjust_bottle,episode_000044,clean,,,,final_action,gamma,1.2,,,,204078420560127207,6964187763139144458,endpoint_l2/left_position,0.0031686839647591114
gpu_0,base,clean/adjust_bottle/episode_000044/0_139,adjust_bottle,episode_000044,clean,,,,final_action,gamma,1.2,,,,204078420560127207,6964187763139144458,endpoint_l2/right_position,0.0020631123334169388
gpu_0,base,clean/adjust_bottle/episode_000044/0_139,adjust_bottle,episode_000044,clean,,,,final_action,gamma,1.2,,,,204078420560127207,6964187763139144458,rotation_geodesic/left_rotation,0.002925754291936755
gpu_0,base,clean/adjust_bottle/episode_000044/0_139,adjust_bottle,episode_000044,clean,,,,final_action,gamma,1.2,,,,204078420560127207,6964187763139144458,rotation_geodesic/right_rotation,0.00384977157227695
gpu_0,base,clean/adjust_bottle/episode_000044/0_139,adjust_bottle,episode_000044,clean,,,,final_action,gamma,1.2,,,,204078420560127207,6964187763139144458,gripper_flip_rate,0.0
gpu_0,base,clean/adjust_bottle/episode_000044/0_139,adjust_bottle,episode_000044,clean,,,,final_action,gamma,1.2,,,,204078420560127207,6964187763139144458,temporal_jerk_difference,0.001398608204908669
gpu_0,base,clean/adjust_bottle/episode_000044/0_139,adjust_bottle,episode_000044,clean,,,,final_action,gaussian_blur_sigma,0.5,,,,204078420560127207,7670735354293000251,action_relative_l2,0.004658252466470003
gpu_0,base,clean/adjust_bottle/episode_000044/0_139,adjust_bottle,episode_000044,clean,,,,final_action,gaussian_blur_sigma,0.5,,,,204078420560127207,7670735354293000251,action_mean_abs,0.0007442760979756713
gpu_0,base,clean/adjust_bottle/episode_000044/0_139,adjust_bottle,episode_000044,clean,,,,final_action,gaussian_blur_sigma,0.5,,,,204078420560127207,7670735354293000251,action_relative_l2/first_25pct,0.0
gpu_0,base,clean/adjust_bottle/episode_000044/0_139,adjust_bottle,episode_000044,clean,,,,final_action,gaussian_blur_sigma,0.5,,,,204078420560127207,7670735354293000251,action_relative_l2/last_75pct,0.004823572933673859
gpu_0,base,clean/adjust_bottle/episode_000044/0_139,adjust_bottle,episode_000044,clean,,,,final_action,gaussian_blur_sigma,0.5,,,,204078420560127207,7670735354293000251,endpoint_l2/left_position,0.003969307988882065
gpu_0,base,clean/adjust_bottle/episode_000044/0_139,adjust_bottle,episode_000044,clean,,,,final_action,gaussian_blur_sigma,0.5,,,,204078420560127207,7670735354293000251,endpoint_l2/right_position,0.003351624822244048
gpu_0,base,clean/adjust_bottle/episode_000044/0_139,adjust_bottle,episode_000044,clean,,,,final_action,gaussian_blur_sigma,0.5,,,,204078420560127207,7670735354293000251,rotation_geodesic/left_rotation,0.0033819726668298244
gpu_0,base,clean/adjust_bottle/episode_000044/0_139,adjust_bottle,episode_000044,clean,,,,final_action,gaussian_blur_sigma,0.5,,,,204078420560127207,7670735354293000251,rotation_geodesic/right_rotation,0.003939823247492313
gpu_0,base,clean/adjust_bottle/episode_000044/0_139,adjust_bottle,episode_000044,clean,,,,final_action,gaussian_blur_sigma,0.5,,,,204078420560127207,7670735354293000251,gripper_flip_rate,0.0
gpu_0,base,clean/adjust_bottle/episode_000044/0_139,adjust_bottle,episode_000044,clean,,,,final_action,gaussian_blur_sigma,0.5,,,,204078420560127207,7670735354293000251,temporal_jerk_difference,0.0014423336833715439
gpu_0,base,clean/adjust_bottle/episode_000044/0_139,adjust_bottle,episode_000044,clean,,,,final_action,gaussian_blur_sigma,1.0,,,,204078420560127207,10294368508449037784,action_relative_l2,0.007482967805117369
gpu_0,base,clean/adjust_bottle/episode_000044/0_139,adjust_bottle,episode_000044,clean,,,,final_action,gaussian_blur_sigma,1.0,,,,204078420560127207,10294368508449037784,action_mean_abs,0.001275037880986929
gpu_0,base,clean/adjust_bottle/episode_000044/0_139,adjust_bottle,episode_000044,clean,,,,final_action,gaussian_blur_sigma,1.0,,,,204078420560127207,10294368508449037784,action_relative_l2/first_25pct,0.0
gpu_0,base,clean/adjust_bottle/episode_000044/0_139,adjust_bottle,episode_000044,clean,,,,final_action,gaussian_blur_sigma,1.0,,,,204078420560127207,10294368508449037784,action_relative_l2/last_75pct,0.007748537231236696
gpu_0,base,clean/adjust_bottle/episode_000044/0_139,adjust_bottle,episode_000044,clean,,,,final_action,gaussian_blur_sigma,1.0,,,,204078420560127207,10294368508449037784,endpoint_l2/left_position,0.010477240197360516
gpu_0,base,clean/adjust_bottle/episode_000044/0_139,adjust_bottle,episode_000044,clean,,,,final_action,gaussian_blur_sigma,1.0,,,,204078420560127207,10294368508449037784,endpoint_l2/right_position,0.006674820091575384
gpu_0,base,clean/adjust_bottle/episode_000044/0_139,adjust_bottle,episode_000044,clean,,,,final_action,gaussian_blur_sigma,1.0,,,,204078420560127207,10294368508449037784,rotation_geodesic/left_rotation,0.004667352419346571
gpu_0,base,clean/adjust_bottle/episode_000044/0_139,adjust_bottle,episode_000044,clean,,,,final_action,gaussian_blur_sigma,1.0,,,,204078420560127207,10294368508449037784,rotation_geodesic/right_rotation,0.0023894922342151403
gpu_0,base,clean/adjust_bottle/episode_000044/0_139,adjust_bottle,episode_000044,clean,,,,final_action,gaussian_blur_sigma,1.0,,,,204078420560127207,10294368508449037784,gripper_flip_rate,0.0
gpu_0,base,clean/adjust_bottle/episode_000044/0_139,adjust_bottle,episode_000044,clean,,,,final_action,gaussian_blur_sigma,1.0,,,,204078420560127207,10294368508449037784,temporal_jerk_difference,0.0015895749675109982
gpu_0,base,clean/adjust_bottle/episode_000044/0_139,adjust_bottle,episode_000044,clean,,,,final_action,gaussian_noise_std,0.01,,,,204078420560127207,11085467170365831463,action_relative_l2,0.016062166541814804
gpu_0,base,clean/adjust_bottle/episode_000044/0_139,adjust_bottle,episode_000044,clean,,,,final_action,gaussian_noise_std,0.01,,,,204078420560127207,11085467170365831463,action_mean_abs,0.003603672841563821
gpu_0,base,clean/adjust_bottle/episode_000044/0_139,adjust_bottle,episode_000044,clean,,,,final_action,gaussian_noise_std,0.01,,,,204078420560127207,11085467170365831463,action_relative_l2/first_25pct,0.0
gpu_0,base,clean/adjust_bottle/episode_000044/0_139,adjust_bottle,episode_000044,clean,,,,final_action,gaussian_noise_std,0.01,,,,204078420560127207,11085467170365831463,action_relative_l2/last_75pct,0.016632210463285446
gpu_0,base,clean/adjust_bottle/episode_000044/0_139,adjust_bottle,episode_000044,clean,,,,final_action,gaussian_noise_std,0.01,,,,204078420560127207,11085467170365831463,endpoint_l2/left_position,0.021470768377184868
gpu_0,base,clean/adjust_bottle/episode_000044/0_139,adjust_bottle,episode_000044,clean,,,,final_action,gaussian_noise_std,0.01,,,,204078420560127207,11085467170365831463,endpoint_l2/right_position,0.010794084519147873
gpu_0,base,clean/adjust_bottle/episode_000044/0_139,adjust_bottle,episode_000044,clean,,,,final_action,gaussian_noise_std,0.01,,,,204078420560127207,11085467170365831463,rotation_geodesic/left_rotation,0.009783693589270115
gpu_0,base,clean/adjust_bottle/episode_000044/0_139,adjust_bottle,episode_000044,clean,,,,final_action,gaussian_noise_std,0.01,,,,204078420560127207,11085467170365831463,rotation_geodesic/right_rotation,0.013888844288885593
gpu_0,base,clean/adjust_bottle/episode_000044/0_139,adjust_bottle,episode_000044,clean,,,,final_action,gaussian_noise_std,0.01,,,,204078420560127207,11085467170365831463,gripper_flip_rate,0.0
gpu_0,base,clean/adjust_bottle/episode_000044/0_139,adjust_bottle,episode_000044,clean,,,,final_action,gaussian_noise_std,0.01,,,,204078420560127207,11085467170365831463,temporal_jerk_difference,0.00222186790779233
gpu_0,base,clean/adjust_bottle/episode_000044/0_139,adjust_bottle,episode_000044,clean,,,,final_action,gaussian_noise_std,0.03,,,,204078420560127207,9801349385923051928,action_relative_l2,0.015494566410779953
gpu_0,base,clean/adjust_bottle/episode_000044/0_139,adjust_bottle,episode_000044,clean,,,,final_action,gaussian_noise_std,0.03,,,,204078420560127207,9801349385923051928,action_mean_abs,0.0032809730619192123
gpu_0,base,clean/adjust_bottle/episode_000044/0_139,adjust_bottle,episode_000044,clean,,,,final_action,gaussian_noise_std,0.03,,,,204078420560127207,9801349385923051928,action_relative_l2/first_25pct,0.0
gpu_0,base,clean/adjust_bottle/episode_000044/0_139,adjust_bottle,episode_000044,clean,,,,final_action,gaussian_noise_std,0.03,,,,204078420560127207,9801349385923051928,action_relative_l2/last_75pct,0.016044465824961662
gpu_0,base,clean/adjust_bottle/episode_000044/0_139,adjust_bottle,episode_000044,clean,,,,final_action,gaussian_noise_std,0.03,,,,204078420560127207,9801349385923051928,endpoint_l2/left_position,0.014325232245028019
gpu_0,base,clean/adjust_bottle/episode_000044/0_139,adjust_bottle,episode_000044,clean,,,,final_action,gaussian_noise_std,0.03,,,,204078420560127207,9801349385923051928,endpoint_l2/right_position,0.009588622488081455
gpu_0,base,clean/adjust_bottle/episode_000044/0_139,adjust_bottle,episode_000044,clean,,,,final_action,gaussian_noise_std,0.03,,,,204078420560127207,9801349385923051928,rotation_geodesic/left_rotation,0.014929749071598053
gpu_0,base,clean/adjust_bottle/episode_000044/0_139,adjust_bottle,episode_000044,clean,,,,final_action,gaussian_noise_std,0.03,,,,204078420560127207,9801349385923051928,rotation_geodesic/right_rotation,0.018365807831287384
gpu_0,base,clean/adjust_bottle/episode_000044/0_139,adjust_bottle,episode_000044,clean,,,,final_action,gaussian_noise_std,0.03,,,,204078420560127207,9801349385923051928,gripper_flip_rate,0.0
gpu_0,base,clean/adjust_bottle/episode_000044/0_139,adjust_bottle,episode_000044,clean,,,,final_action,gaussian_noise_std,0.03,,,,204078420560127207,9801349385923051928,temporal_jerk_difference,0.002402672078460455
gpu_0,base,clean/adjust_bottle/episode_000044/0_139,adjust_bottle,episode_000044,clean,,,,final_action,identity,0.0,,,,204078420560127207,,action_relative_l2,0.0
gpu_0,base,clean/adjust_bottle/episode_000044/0_139,adjust_bottle,episode_000044,clean,,,,final_action,identity,0.0,,,,204078420560127207,,action_mean_abs,0.0
gpu_0,base,clean/adjust_bottle/episode_000044/0_139,adjust_bottle,episode_000044,clean,,,,final_action,identity,0.0,,,,204078420560127207,,action_relative_l2/first_25pct,0.0
gpu_0,base,clean/adjust_bottle/episode_000044/0_139,adjust_bottle,episode_000044,clean,,,,final_action,identity,0.0,,,,204078420560127207,,action_relative_l2/last_75pct,0.0
gpu_0,base,clean/adjust_bottle/episode_000044/0_139,adjust_bottle,episode_000044,clean,,,,final_action,identity,0.0,,,,204078420560127207,,endpoint_l2/left_position,0.0
gpu_0,base,clean/adjust_bottle/episode_000044/0_139,adjust_bottle,episode_000044,clean,,,,final_action,identity,0.0,,,,204078420560127207,,endpoint_l2/right_position,0.0
gpu_0,base,clean/adjust_bottle/episode_000044/0_139,adjust_bottle,episode_000044,clean,,,,final_action,identity,0.0,,,,204078420560127207,,rotation_geodesic/left_rotation,0.0003599717456381768
gpu_0,base,clean/adjust_bottle/episode_000044/0_139,adjust_bottle,episode_000044,clean,,,,final_action,identity,0.0,,,,204078420560127207,,rotation_geodesic/right_rotation,0.00044366263318806887
gpu_0,base,clean/adjust_bottle/episode_000044/0_139,adjust_bottle,episode_000044,clean,,,,final_action,identity,0.0,,,,204078420560127207,,gripper_flip_rate,0.0
gpu_0,base,clean/adjust_bottle/episode_000044/0_139,adjust_bottle,episode_000044,clean,,,,final_action,identity,0.0,,,,204078420560127207,,temporal_jerk_difference,0.0
gpu_0,base,clean/lift_pot/episode_000036/0_122,lift_pot,episode_000036,clean,,,,final_action,brightness,0.8,,,,17577961833213462126,13315783227415234401,action_relative_l2,0.1888686716556549
gpu_0,base,clean/lift_pot/episode_000036/0_122,lift_pot,episode_000036,clean,,,,final_action,brightness,0.8,,,,17577961833213462126,13315783227415234401,action_mean_abs,0.025722036138176918
gpu_0,base,clean/lift_pot/episode_000036/0_122,lift_pot,episode_000036,clean,,,,final_action,brightness,0.8,,,,17577961833213462126,13315783227415234401,action_relative_l2/first_25pct,0.0
gpu_0,base,clean/lift_pot/episode_000036/0_122,lift_pot,episode_000036,clean,,,,final_action,brightness,0.8,,,,17577961833213462126,13315783227415234401,action_relative_l2/last_75pct,0.1999717354774475
gpu_0,base,clean/lift_pot/episode_000036/0_122,lift_pot,episode_000036,clean,,,,final_action,brightness,0.8,,,,17577961833213462126,13315783227415234401,endpoint_l2/left_position,0.12568318843841553
gpu_0,base,clean/lift_pot/episode_000036/0_122,lift_pot,episode_000036,clean,,,,final_action,brightness,0.8,,,,17577961833213462126,13315783227415234401,endpoint_l2/right_position,0.09779088199138641
gpu_0,base,clean/lift_pot/episode_000036/0_122,lift_pot,episode_000036,clean,,,,final_action,brightness,0.8,,,,17577961833213462126,13315783227415234401,rotation_geodesic/left_rotation,0.04982863739132881
gpu_0,base,clean/lift_pot/episode_000036/0_122,lift_pot,episode_000036,clean,,,,final_action,brightness,0.8,,,,17577961833213462126,13315783227415234401,rotation_geodesic/right_rotation,0.057989515364170074
gpu_0,base,clean/lift_pot/episode_000036/0_122,lift_pot,episode_000036,clean,,,,final_action,brightness,0.8,,,,17577961833213462126,13315783227415234401,gripper_flip_rate,0.0
gpu_0,base,clean/lift_pot/episode_000036/0_122,lift_pot,episode_000036,clean,,,,final_action,brightness,0.8,,,,17577961833213462126,13315783227415234401,temporal_jerk_difference,0.0060714310966432095
gpu_0,base,clean/lift_pot/episode_000036/0_122,lift_pot,episode_000036,clean,,,,final_action,brightness,1.2,,,,17577961833213462126,15651286266305293779,action_relative_l2,0.018690723925828934
gpu_0,base,clean/lift_pot/episode_000036/0_122,lift_pot,episode_000036,clean,,,,final_action,brightness,1.2,,,,17577961833213462126,15651286266305293779,action_mean_abs,0.0030082326848059893
gpu_0,base,clean/lift_pot/episode_000036/0_122,lift_pot,episode_000036,clean,,,,final_action,brightness,1.2,,,,17577961833213462126,15651286266305293779,action_relative_l2/first_25pct,0.0
gpu_0,base,clean/lift_pot/episode_000036/0_122,lift_pot,episode_000036,clean,,,,final_action,brightness,1.2,,,,17577961833213462126,15651286266305293779,action_relative_l2/last_75pct,0.019789498299360275
gpu_0,base,clean/lift_pot/episode_000036/0_122,lift_pot,episode_000036,clean,,,,final_action,brightness,1.2,,,,17577961833213462126,15651286266305293779,endpoint_l2/left_position,0.021031325682997704
gpu_0,base,clean/lift_pot/episode_000036/0_122,lift_pot,episode_000036,clean,,,,final_action,brightness,1.2,,,,17577961833213462126,15651286266305293779,endpoint_l2/right_position,0.007408191915601492
gpu_0,base,clean/lift_pot/episode_000036/0_122,lift_pot,episode_000036,clean,,,,final_action,brightness,1.2,,,,17577961833213462126,15651286266305293779,rotation_geodesic/left_rotation,0.008397277444601059
gpu_0,base,clean/lift_pot/episode_000036/0_122,lift_pot,episode_000036,clean,,,,final_action,brightness,1.2,,,,17577961833213462126,15651286266305293779,rotation_geodesic/right_rotation,0.019747918471693993
gpu_0,base,clean/lift_pot/episode_000036/0_122,lift_pot,episode_000036,clean,,,,final_action,brightness,1.2,,,,17577961833213462126,15651286266305293779,gripper_flip_rate,0.0
gpu_0,base,clean/lift_pot/episode_000036/0_122,lift_pot,episode_000036,clean,,,,final_action,brightness,1.2,,,,17577961833213462126,15651286266305293779,temporal_jerk_difference,0.0015403402503579855
gpu_0,base,clean/lift_pot/episode_000036/0_122,lift_pot,episode_000036,clean,,,,final_action,color_temperature,-0.1,,,,17577961833213462126,1999528552783382123,action_relative_l2,0.03691715747117996
gpu_0,base,clean/lift_pot/episode_000036/0_122,lift_pot,episode_000036,clean,,,,final_action,color_temperature,-0.1,,,,17577961833213462126,1999528552783382123,action_mean_abs,0.004696739371865988
gpu_0,base,clean/lift_pot/episode_000036/0_122,lift_pot,episode_000036,clean,,,,final_action,color_temperature,-0.1,,,,17577961833213462126,1999528552783382123,action_relative_l2/first_25pct,0.0
gpu_0,base,clean/lift_pot/episode_000036/0_122,lift_pot,episode_000036,clean,,,,final_action,color_temperature,-0.1,,,,17577961833213462126,1999528552783382123,action_relative_l2/last_75pct,0.03908741474151611
gpu_0,base,clean/lift_pot/episode_000036/0_122,lift_pot,episode_000036,clean,,,,final_action,color_temperature,-0.1,,,,17577961833213462126,1999528552783382123,endpoint_l2/left_position,0.013915888965129852
gpu_0,base,clean/lift_pot/episode_000036/0_122,lift_pot,episode_000036,clean,,,,final_action,color_temperature,-0.1,,,,17577961833213462126,1999528552783382123,endpoint_l2/right_position,0.009819591417908669
gpu_0,base,clean/lift_pot/episode_000036/0_122,lift_pot,episode_000036,clean,,,,final_action,color_temperature,-0.1,,,,17577961833213462126,1999528552783382123,rotation_geodesic/left_rotation,0.007724165916442871
gpu_0,base,clean/lift_pot/episode_000036/0_122,lift_pot,episode_000036,clean,,,,final_action,color_temperature,-0.1,,,,17577961833213462126,1999528552783382123,rotation_geodesic/right_rotation,0.023237690329551697
gpu_0,base,clean/lift_pot/episode_000036/0_122,lift_pot,episode_000036,clean,,,,final_action,color_temperature,-0.1,,,,17577961833213462126,1999528552783382123,gripper_flip_rate,0.0
gpu_0,base,clean/lift_pot/episode_000036/0_122,lift_pot,episode_000036,clean,,,,final_action,color_temperature,-0.1,,,,17577961833213462126,1999528552783382123,temporal_jerk_difference,0.002423654543235898
gpu_0,base,clean/lift_pot/episode_000036/0_122,lift_pot,episode_000036,clean,,,,final_action,color_temperature,0.1,,,,17577961833213462126,10177751091444056485,action_relative_l2,0.08002235740423203
gpu_0,base,clean/lift_pot/episode_000036/0_122,lift_pot,episode_000036,clean,,,,final_action,color_temperature,0.1,,,,17577961833213462126,10177751091444056485,action_mean_abs,0.011876890435814857
gpu_0,base,clean/lift_pot/episode_000036/0_122,lift_pot,episode_000036,clean,,,,final_action,color_temperature,0.1,,,,17577961833213462126,10177751091444056485,action_relative_l2/first_25pct,0.0
gpu_0,base,clean/lift_pot/episode_000036/0_122,lift_pot,episode_000036,clean,,,,final_action,color_temperature,0.1,,,,17577961833213462126,10177751091444056485,action_relative_l2/last_75pct,0.08472664654254913
gpu_0,base,clean/lift_pot/episode_000036/0_122,lift_pot,episode_000036,clean,,,,final_action,color_temperature,0.1,,,,17577961833213462126,10177751091444056485,endpoint_l2/left_position,0.05571882054209709
gpu_0,base,clean/lift_pot/episode_000036/0_122,lift_pot,episode_000036,clean,,,,final_action,color_temperature,0.1,,,,17577961833213462126,10177751091444056485,endpoint_l2/right_position,0.0443483404815197
gpu_0,base,clean/lift_pot/episode_000036/0_122,lift_pot,episode_000036,clean,,,,final_action,color_temperature,0.1,,,,17577961833213462126,10177751091444056485,rotation_geodesic/left_rotation,0.0166008323431015
gpu_0,base,clean/lift_pot/episode_000036/0_122,lift_pot,episode_000036,clean,,,,final_action,color_temperature,0.1,,,,17577961833213462126,10177751091444056485,rotation_geodesic/right_rotation,0.03897373750805855
gpu_0,base,clean/lift_pot/episode_000036/0_122,lift_pot,episode_000036,clean,,,,final_action,color_temperature,0.1,,,,17577961833213462126,10177751091444056485,gripper_flip_rate,0.0
gpu_0,base,clean/lift_pot/episode_000036/0_122,lift_pot,episode_000036,clean,,,,final_action,color_temperature,0.1,,,,17577961833213462126,10177751091444056485,temporal_jerk_difference,0.0036270825657993555
gpu_0,base,clean/lift_pot/episode_000036/0_122,lift_pot,episode_000036,clean,,,,final_action,gamma,0.8,,,,17577961833213462126,6353452328526041640,action_relative_l2,0.019849039614200592
gpu_0,base,clean/lift_pot/episode_000036/0_122,lift_pot,episode_000036,clean,,,,final_action,gamma,0.8,,,,17577961833213462126,6353452328526041640,action_mean_abs,0.0025985753163695335
gpu_0,base,clean/lift_pot/episode_000036/0_122,lift_pot,episode_000036,clean,,,,final_action,gamma,0.8,,,,17577961833213462126,6353452328526041640,action_relative_l2/first_25pct,0.0
gpu_0,base,clean/lift_pot/episode_000036/0_122,lift_pot,episode_000036,clean,,,,final_action,gamma,0.8,,,,17577961833213462126,6353452328526041640,action_relative_l2/last_75pct,0.02101590856909752
gpu_0,base,clean/lift_pot/episode_000036/0_122,lift_pot,episode_000036,clean,,,,final_action,gamma,0.8,,,,17577961833213462126,6353452328526041640,endpoint_l2/left_position,0.011066026985645294
gpu_0,base,clean/lift_pot/episode_000036/0_122,lift_pot,episode_000036,clean,,,,final_action,gamma,0.8,,,,17577961833213462126,6353452328526041640,endpoint_l2/right_position,0.00534466840326786
gpu_0,base,clean/lift_pot/episode_000036/0_122,lift_pot,episode_000036,clean,,,,final_action,gamma,0.8,,,,17577961833213462126,6353452328526041640,rotation_geodesic/left_rotation,0.0026268973015248775
gpu_0,base,clean/lift_pot/episode_000036/0_122,lift_pot,episode_000036,clean,,,,final_action,gamma,0.8,,,,17577961833213462126,6353452328526041640,rotation_geodesic/right_rotation,0.01307668536901474
gpu_0,base,clean/lift_pot/episode_000036/0_122,lift_pot,episode_000036,clean,,,,final_action,gamma,0.8,,,,17577961833213462126,6353452328526041640,gripper_flip_rate,0.0
gpu_0,base,clean/lift_pot/episode_000036/0_122,lift_pot,episode_000036,clean,,,,final_action,gamma,0.8,,,,17577961833213462126,6353452328526041640,temporal_jerk_difference,0.0018469480564817786
gpu_0,base,clean/lift_pot/episode_000036/0_122,lift_pot,episode_000036,clean,,,,final_action,gamma,1.2,,,,17577961833213462126,6842099030399889944,action_relative_l2,0.009993141517043114
gpu_0,base,clean/lift_pot/episode_000036/0_122,lift_pot,episode_000036,clean,,,,final_action,gamma,1.2,,,,17577961833213462126,6842099030399889944,action_mean_abs,0.0013406332582235336
gpu_0,base,clean/lift_pot/episode_000036/0_122,lift_pot,episode_000036,clean,,,,final_action,gamma,1.2,,,,17577961833213462126,6842099030399889944,action_relative_l2/first_25pct,0.0
gpu_0,base,clean/lift_pot/episode_000036/0_122,lift_pot,episode_000036,clean,,,,final_action,gamma,1.2,,,,17577961833213462126,6842099030399889944,action_relative_l2/last_75pct,0.010580609552562237
gpu_0,base,clean/lift_pot/episode_000036/0_122,lift_pot,episode_000036,clean,,,,final_action,gamma,1.2,,,,17577961833213462126,6842099030399889944,endpoint_l2/left_position,0.008032477460801601
gpu_0,base,clean/lift_pot/episode_000036/0_122,lift_pot,episode_000036,clean,,,,final_action,gamma,1.2,,,,17577961833213462126,6842099030399889944,endpoint_l2/right_position,0.0025606362614780664
gpu_0,base,clean/lift_pot/episode_000036/0_122,lift_pot,episode_000036,clean,,,,final_action,gamma,1.2,,,,17577961833213462126,6842099030399889944,rotation_geodesic/left_rotation,0.002485430333763361
gpu_0,base,clean/lift_pot/episode_000036/0_122,lift_pot,episode_000036,clean,,,,final_action,gamma,1.2,,,,17577961833213462126,6842099030399889944,rotation_geodesic/right_rotation,0.0065122200176119804
gpu_0,base,clean/lift_pot/episode_000036/0_122,lift_pot,episode_000036,clean,,,,final_action,gamma,1.2,,,,17577961833213462126,6842099030399889944,gripper_flip_rate,0.0
gpu_0,base,clean/lift_pot/episode_000036/0_122,lift_pot,episode_000036,clean,,,,final_action,gamma,1.2,,,,17577961833213462126,6842099030399889944,temporal_jerk_difference,0.0014029861195012927
gpu_0,base,clean/lift_pot/episode_000036/0_122,lift_pot,episode_000036,clean,,,,final_action,gaussian_blur_sigma,0.5,,,,17577961833213462126,2411143882443501827,action_relative_l2,0.007199862971901894
gpu_0,base,clean/lift_pot/episode_000036/0_122,lift_pot,episode_000036,clean,,,,final_action,gaussian_blur_sigma,0.5,,,,17577961833213462126,2411143882443501827,action_mean_abs,0.0007607031730003655
gpu_0,base,clean/lift_pot/episode_000036/0_122,lift_pot,episode_000036,clean,,,,final_action,gaussian_blur_sigma,0.5,,,,17577961833213462126,2411143882443501827,action_relative_l2/first_25pct,0.0
gpu_0,base,clean/lift_pot/episode_000036/0_122,lift_pot,episode_000036,clean,,,,final_action,gaussian_blur_sigma,0.5,,,,17577961833213462126,2411143882443501827,action_relative_l2/last_75pct,0.007623122539371252
gpu_0,base,clean/lift_pot/episode_000036/0_122,lift_pot,episode_000036,clean,,,,final_action,gaussian_blur_sigma,0.5,,,,17577961833213462126,2411143882443501827,endpoint_l2/left_position,0.002561153843998909
gpu_0,base,clean/lift_pot/episode_000036/0_122,lift_pot,episode_000036,clean,,,,final_action,gaussian_blur_sigma,0.5,,,,17577961833213462126,2411143882443501827,endpoint_l2/right_position,0.001916222390718758
gpu_0,base,clean/lift_pot/episode_000036/0_122,lift_pot,episode_000036,clean,,,,final_action,gaussian_blur_sigma,0.5,,,,17577961833213462126,2411143882443501827,rotation_geodesic/left_rotation,0.0005425469717010856
gpu_0,base,clean/lift_pot/episode_000036/0_122,lift_pot,episode_000036,clean,,,,final_action,gaussian_blur_sigma,0.5,,,,17577961833213462126,2411143882443501827,rotation_geodesic/right_rotation,0.0048960535787045956
gpu_0,base,clean/lift_pot/episode_000036/0_122,lift_pot,episode_000036,clean,,,,final_action,gaussian_blur_sigma,0.5,,,,17577961833213462126,2411143882443501827,gripper_flip_rate,0.0
gpu_0,base,clean/lift_pot/episode_000036/0_122,lift_pot,episode_000036,clean,,,,final_action,gaussian_blur_sigma,0.5,,,,17577961833213462126,2411143882443501827,temporal_jerk_difference,0.0010517498012632132
gpu_0,base,clean/lift_pot/episode_000036/0_122,lift_pot,episode_000036,clean,,,,final_action,gaussian_blur_sigma,1.0,,,,17577961833213462126,3972136155124481923,action_relative_l2,0.04036983475089073
gpu_0,base,clean/lift_pot/episode_000036/0_122,lift_pot,episode_000036,clean,,,,final_action,gaussian_blur_sigma,1.0,,,,17577961833213462126,3972136155124481923,action_mean_abs,0.005194967612624168
gpu_0,base,clean/lift_pot/episode_000036/0_122,lift_pot,episode_000036,clean,,,,final_action,gaussian_blur_sigma,1.0,,,,17577961833213462126,3972136155124481923,action_relative_l2/first_25pct,0.0
gpu_0,base,clean/lift_pot/episode_000036/0_122,lift_pot,episode_000036,clean,,,,final_action,gaussian_blur_sigma,1.0,,,,17577961833213462126,3972136155124481923,action_relative_l2/last_75pct,0.04274306073784828
gpu_0,base,clean/lift_pot/episode_000036/0_122,lift_pot,episode_000036,clean,,,,final_action,gaussian_blur_sigma,1.0,,,,17577961833213462126,3972136155124481923,endpoint_l2/left_position,0.017064809799194336
gpu_0,base,clean/lift_pot/episode_000036/0_122,lift_pot,episode_000036,clean,,,,final_action,gaussian_blur_sigma,1.0,,,,17577961833213462126,3972136155124481923,endpoint_l2/right_position,0.012697497382760048
gpu_0,base,clean/lift_pot/episode_000036/0_122,lift_pot,episode_000036,clean,,,,final_action,gaussian_blur_sigma,1.0,,,,17577961833213462126,3972136155124481923,rotation_geodesic/left_rotation,0.004563665017485619
gpu_0,base,clean/lift_pot/episode_000036/0_122,lift_pot,episode_000036,clean,,,,final_action,gaussian_blur_sigma,1.0,,,,17577961833213462126,3972136155124481923,rotation_geodesic/right_rotation,0.013105427846312523
gpu_0,base,clean/lift_pot/episode_000036/0_122,lift_pot,episode_000036,clean,,,,final_action,gaussian_blur_sigma,1.0,,,,17577961833213462126,3972136155124481923,gripper_flip_rate,0.0
gpu_0,base,clean/lift_pot/episode_000036/0_122,lift_pot,episode_000036,clean,,,,final_action,gaussian_blur_sigma,1.0,,,,17577961833213462126,3972136155124481923,temporal_jerk_difference,0.0022944658994674683
gpu_0,base,clean/lift_pot/episode_000036/0_122,lift_pot,episode_000036,clean,,,,final_action,gaussian_noise_std,0.01,,,,17577961833213462126,16131106979869811596,action_relative_l2,0.07161187380552292
gpu_0,base,clean/lift_pot/episode_000036/0_122,lift_pot,episode_000036,clean,,,,final_action,gaussian_noise_std,0.01,,,,17577961833213462126,16131106979869811596,action_mean_abs,0.008151615969836712
gpu_0,base,clean/lift_pot/episode_000036/0_122,lift_pot,episode_000036,clean,,,,final_action,gaussian_noise_std,0.01,,,,17577961833213462126,16131106979869811596,action_relative_l2/first_25pct,0.0
gpu_0,base,clean/lift_pot/episode_000036/0_122,lift_pot,episode_000036,clean,,,,final_action,gaussian_noise_std,0.01,,,,17577961833213462126,16131106979869811596,action_relative_l2/last_75pct,0.07582173496484756
gpu_0,base,clean/lift_pot/episode_000036/0_122,lift_pot,episode_000036,clean,,,,final_action,gaussian_noise_std,0.01,,,,17577961833213462126,16131106979869811596,endpoint_l2/left_position,0.03173406422138214
gpu_0,base,clean/lift_pot/episode_000036/0_122,lift_pot,episode_000036,clean,,,,final_action,gaussian_noise_std,0.01,,,,17577961833213462126,16131106979869811596,endpoint_l2/right_position,0.021514128893613815
gpu_0,base,clean/lift_pot/episode_000036/0_122,lift_pot,episode_000036,clean,,,,final_action,gaussian_noise_std,0.01,,,,17577961833213462126,16131106979869811596,rotation_geodesic/left_rotation,0.01688479259610176
gpu_0,base,clean/lift_pot/episode_000036/0_122,lift_pot,episode_000036,clean,,,,final_action,gaussian_noise_std,0.01,,,,17577961833213462126,16131106979869811596,rotation_geodesic/right_rotation,0.020315930247306824
gpu_0,base,clean/lift_pot/episode_000036/0_122,lift_pot,episode_000036,clean,,,,final_action,gaussian_noise_std,0.01,,,,17577961833213462126,16131106979869811596,gripper_flip_rate,0.0
gpu_0,base,clean/lift_pot/episode_000036/0_122,lift_pot,episode_000036,clean,,,,final_action,gaussian_noise_std,0.01,,,,17577961833213462126,16131106979869811596,temporal_jerk_difference,0.0026984750293195248
gpu_0,base,clean/lift_pot/episode_000036/0_122,lift_pot,episode_000036,clean,,,,final_action,gaussian_noise_std,0.03,,,,17577961833213462126,7993565358138601669,action_relative_l2,0.03722212463617325
gpu_0,base,clean/lift_pot/episode_000036/0_122,lift_pot,episode_000036,clean,,,,final_action,gaussian_noise_std,0.03,,,,17577961833213462126,7993565358138601669,action_mean_abs,0.005449765361845493
gpu_0,base,clean/lift_pot/episode_000036/0_122,lift_pot,episode_000036,clean,,,,final_action,gaussian_noise_std,0.03,,,,17577961833213462126,7993565358138601669,action_relative_l2/first_25pct,0.0
gpu_0,base,clean/lift_pot/episode_000036/0_122,lift_pot,episode_000036,clean,,,,final_action,gaussian_noise_std,0.03,,,,17577961833213462126,7993565358138601669,action_relative_l2/last_75pct,0.0394103080034256
gpu_0,base,clean/lift_pot/episode_000036/0_122,lift_pot,episode_000036,clean,,,,final_action,gaussian_noise_std,0.03,,,,17577961833213462126,7993565358138601669,endpoint_l2/left_position,0.025423279032111168
gpu_0,base,clean/lift_pot/episode_000036/0_122,lift_pot,episode_000036,clean,,,,final_action,gaussian_noise_std,0.03,,,,17577961833213462126,7993565358138601669,endpoint_l2/right_position,0.01077741477638483
gpu_0,base,clean/lift_pot/episode_000036/0_122,lift_pot,episode_000036,clean,,,,final_action,gaussian_noise_std,0.03,,,,17577961833213462126,7993565358138601669,rotation_geodesic/left_rotation,0.013098210096359253
gpu_0,base,clean/lift_pot/episode_000036/0_122,lift_pot,episode_000036,clean,,,,final_action,gaussian_noise_std,0.03,,,,17577961833213462126,7993565358138601669,rotation_geodesic/right_rotation,0.0260159932076931
gpu_0,base,clean/lift_pot/episode_000036/0_122,lift_pot,episode_000036,clean,,,,final_action,gaussian_noise_std,0.03,,,,17577961833213462126,7993565358138601669,gripper_flip_rate,0.0
gpu_0,base,clean/lift_pot/episode_000036/0_122,lift_pot,episode_000036,clean,,,,final_action,gaussian_noise_std,0.03,,,,17577961833213462126,7993565358138601669,temporal_jerk_difference,0.0026109712198376656
gpu_0,base,clean/lift_pot/episode_000036/0_122,lift_pot,episode_000036,clean,,,,final_action,identity,0.0,,,,17577961833213462126,,action_relative_l2,0.0
gpu_0,base,clean/lift_pot/episode_000036/0_122,lift_pot,episode_000036,clean,,,,final_action,identity,0.0,,,,17577961833213462126,,action_mean_abs,0.0
gpu_0,base,clean/lift_pot/episode_000036/0_122,lift_pot,episode_000036,clean,,,,final_action,identity,0.0,,,,17577961833213462126,,action_relative_l2/first_25pct,0.0
gpu_0,base,clean/lift_pot/episode_000036/0_122,lift_pot,episode_000036,clean,,,,final_action,identity,0.0,,,,17577961833213462126,,action_relative_l2/last_75pct,0.0
gpu_0,base,clean/lift_pot/episode_000036/0_122,lift_pot,episode_000036,clean,,,,final_action,identity,0.0,,,,17577961833213462126,,endpoint_l2/left_position,0.0
gpu_0,base,clean/lift_pot/episode_000036/0_122,lift_pot,episode_000036,clean,,,,final_action,identity,0.0,,,,17577961833213462126,,endpoint_l2/right_position,0.0
gpu_0,base,clean/lift_pot/episode_000036/0_122,lift_pot,episode_000036,clean,,,,final_action,identity,0.0,,,,17577961833213462126,,rotation_geodesic/left_rotation,0.000335693359375
gpu_0,base,clean/lift_pot/episode_000036/0_122,lift_pot,episode_000036,clean,,,,final_action,identity,0.0,,,,17577961833213462126,,rotation_geodesic/right_rotation,0.0001847281528171152
gpu_0,base,clean/lift_pot/episode_000036/0_122,lift_pot,episode_000036,clean,,,,final_action,identity,0.0,,,,17577961833213462126,,gripper_flip_rate,0.0
gpu_0,base,clean/lift_pot/episode_000036/0_122,lift_pot,episode_000036,clean,,,,final_action,identity,0.0,,,,17577961833213462126,,temporal_jerk_difference,0.0
gpu_0,base,clean/place_bread_basket/episode_000044/0_226,place_bread_basket,episode_000044,clean,,,,final_action,brightness,0.8,,,,5786497539863217079,16637397944084601428,action_relative_l2,0.35160619020462036
gpu_0,base,clean/place_bread_basket/episode_000044/0_226,place_bread_basket,episode_000044,clean,,,,final_action,brightness,0.8,,,,5786497539863217079,16637397944084601428,action_mean_abs,0.02449682354927063
gpu_0,base,clean/place_bread_basket/episode_000044/0_226,place_bread_basket,episode_000044,clean,,,,final_action,brightness,0.8,,,,5786497539863217079,16637397944084601428,action_relative_l2/first_25pct,0.0
gpu_0,base,clean/place_bread_basket/episode_000044/0_226,place_bread_basket,episode_000044,clean,,,,final_action,brightness,0.8,,,,5786497539863217079,16637397944084601428,action_relative_l2/last_75pct,0.37882599234580994
gpu_0,base,clean/place_bread_basket/episode_000044/0_226,place_bread_basket,episode_000044,clean,,,,final_action,brightness,0.8,,,,5786497539863217079,16637397944084601428,endpoint_l2/left_position,0.0344783291220665
gpu_0,base,clean/place_bread_basket/episode_000044/0_226,place_bread_basket,episode_000044,clean,,,,final_action,brightness,0.8,,,,5786497539863217079,16637397944084601428,endpoint_l2/right_position,0.020629286766052246
gpu_0,base,clean/place_bread_basket/episode_000044/0_226,place_bread_basket,episode_000044,clean,,,,final_action,brightness,0.8,,,,5786497539863217079,16637397944084601428,rotation_geodesic/left_rotation,0.005809868685901165
gpu_0,base,clean/place_bread_basket/episode_000044/0_226,place_bread_basket,episode_000044,clean,,,,final_action,brightness,0.8,,,,5786497539863217079,16637397944084601428,rotation_geodesic/right_rotation,0.032470617443323135
gpu_0,base,clean/place_bread_basket/episode_000044/0_226,place_bread_basket,episode_000044,clean,,,,final_action,brightness,0.8,,,,5786497539863217079,16637397944084601428,gripper_flip_rate,0.25
gpu_0,base,clean/place_bread_basket/episode_000044/0_226,place_bread_basket,episode_000044,clean,,,,final_action,brightness,0.8,,,,5786497539863217079,16637397944084601428,temporal_jerk_difference,0.004926817957311869
gpu_0,base,clean/place_bread_basket/episode_000044/0_226,place_bread_basket,episode_000044,clean,,,,final_action,brightness,1.2,,,,5786497539863217079,6069960733776850870,action_relative_l2,0.11531811207532883
gpu_0,base,clean/place_bread_basket/episode_000044/0_226,place_bread_basket,episode_000044,clean,,,,final_action,brightness,1.2,,,,5786497539863217079,6069960733776850870,action_mean_abs,0.007970581762492657
gpu_0,base,clean/place_bread_basket/episode_000044/0_226,place_bread_basket,episode_000044,clean,,,,final_action,brightness,1.2,,,,5786497539863217079,6069960733776850870,action_relative_l2/first_25pct,0.0
gpu_0,base,clean/place_bread_basket/episode_000044/0_226,place_bread_basket,episode_000044,clean,,,,final_action,brightness,1.2,,,,5786497539863217079,6069960733776850870,action_relative_l2/last_75pct,0.1242455244064331
gpu_0,base,clean/place_bread_basket/episode_000044/0_226,place_bread_basket,episode_000044,clean,,,,final_action,brightness,1.2,,,,5786497539863217079,6069960733776850870,endpoint_l2/left_position,0.007400260306894779
gpu_0,base,clean/place_bread_basket/episode_000044/0_226,place_bread_basket,episode_000044,clean,,,,final_action,brightness,1.2,,,,5786497539863217079,6069960733776850870,endpoint_l2/right_position,0.003351628314703703
gpu_0,base,clean/place_bread_basket/episode_000044/0_226,place_bread_basket,episode_000044,clean,,,,final_action,brightness,1.2,,,,5786497539863217079,6069960733776850870,rotation_geodesic/left_rotation,0.004160201642662287
gpu_0,base,clean/place_bread_basket/episode_000044/0_226,place_bread_basket,episode_000044,clean,,,,final_action,brightness,1.2,,,,5786497539863217079,6069960733776850870,rotation_geodesic/right_rotation,0.013546638190746307
gpu_0,base,clean/place_bread_basket/episode_000044/0_226,place_bread_basket,episode_000044,clean,,,,final_action,brightness,1.2,,,,5786497539863217079,6069960733776850870,gripper_flip_rate,0.0
gpu_0,base,clean/place_bread_basket/episode_000044/0_226,place_bread_basket,episode_000044,clean,,,,final_action,brightness,1.2,,,,5786497539863217079,6069960733776850870,temporal_jerk_difference,0.002554759383201599
gpu_0,base,clean/place_bread_basket/episode_000044/0_226,place_bread_basket,episode_000044,clean,,,,final_action,color_temperature,-0.1,,,,5786497539863217079,211013147244849259,action_relative_l2,0.032405126839876175
gpu_0,base,clean/place_bread_basket/episode_000044/0_226,place_bread_basket,episode_000044,clean,,,,final_action,color_temperature,-0.1,,,,5786497539863217079,211013147244849259,action_mean_abs,0.0026473531033843756
gpu_0,base,clean/place_bread_basket/episode_000044/0_226,place_bread_basket,episode_000044,clean,,,,final_action,color_temperature,-0.1,,,,5786497539863217079,211013147244849259,action_relative_l2/first_25pct,0.0
gpu_0,base,clean/place_bread_basket/episode_000044/0_226,place_bread_basket,episode_000044,clean,,,,final_action,color_temperature,-0.1,,,,5786497539863217079,211013147244849259,action_relative_l2/last_75pct,0.03491378575563431
gpu_0,base,clean/place_bread_basket/episode_000044/0_226,place_bread_basket,episode_000044,clean,,,,final_action,color_temperature,-0.1,,,,5786497539863217079,211013147244849259,endpoint_l2/left_position,0.0019971311558037996
gpu_0,base,clean/place_bread_basket/episode_000044/0_226,place_bread_basket,episode_000044,clean,,,,final_action,color_temperature,-0.1,,,,5786497539863217079,211013147244849259,endpoint_l2/right_position,0.002889358438551426
gpu_0,base,clean/place_bread_basket/episode_000044/0_226,place_bread_basket,episode_000044,clean,,,,final_action,color_temperature,-0.1,,,,5786497539863217079,211013147244849259,rotation_geodesic/left_rotation,0.006156450137495995
gpu_0,base,clean/place_bread_basket/episode_000044/0_226,place_bread_basket,episode_000044,clean,,,,final_action,color_temperature,-0.1,,,,5786497539863217079,211013147244849259,rotation_geodesic/right_rotation,0.011416980996727943
gpu_0,base,clean/place_bread_basket/episode_000044/0_226,place_bread_basket,episode_000044,clean,,,,final_action,color_temperature,-0.1,,,,5786497539863217079,211013147244849259,gripper_flip_rate,0.0
gpu_0,base,clean/place_bread_basket/episode_000044/0_226,place_bread_basket,episode_000044,clean,,,,final_action,color_temperature,-0.1,,,,5786497539863217079,211013147244849259,temporal_jerk_difference,0.0015680126380175352
gpu_0,base,clean/place_bread_basket/episode_000044/0_226,place_bread_basket,episode_000044,clean,,,,final_action,color_temperature,0.1,,,,5786497539863217079,1436178128472113803,action_relative_l2,0.01059130858629942
gpu_0,base,clean/place_bread_basket/episode_000044/0_226,place_bread_basket,episode_000044,clean,,,,final_action,color_temperature,0.1,,,,5786497539863217079,1436178128472113803,action_mean_abs,0.001443836372345686
gpu_0,base,clean/place_bread_basket/episode_000044/0_226,place_bread_basket,episode_000044,clean,,,,final_action,color_temperature,0.1,,,,5786497539863217079,1436178128472113803,action_relative_l2/first_25pct,0.0
gpu_0,base,clean/place_bread_basket/episode_000044/0_226,place_bread_basket,episode_000044,clean,,,,final_action,color_temperature,0.1,,,,5786497539863217079,1436178128472113803,action_relative_l2/last_75pct,0.011411240324378014
gpu_0,base,clean/place_bread_basket/episode_000044/0_226,place_bread_basket,episode_000044,clean,,,,final_action,color_temperature,0.1,,,,5786497539863217079,1436178128472113803,endpoint_l2/left_position,0.006980209145694971
gpu_0,base,clean/place_bread_basket/episode_000044/0_226,place_bread_basket,episode_000044,clean,,,,final_action,color_temperature,0.1,,,,5786497539863217079,1436178128472113803,endpoint_l2/right_position,0.004794317297637463
gpu_0,base,clean/place_bread_basket/episode_000044/0_226,place_bread_basket,episode_000044,clean,,,,final_action,color_temperature,0.1,,,,5786497539863217079,1436178128472113803,rotation_geodesic/left_rotation,0.0055493502877652645
gpu_0,base,clean/place_bread_basket/episode_000044/0_226,place_bread_basket,episode_000044,clean,,,,final_action,color_temperature,0.1,,,,5786497539863217079,1436178128472113803,rotation_geodesic/right_rotation,0.014527957886457443
gpu_0,base,clean/place_bread_basket/episode_000044/0_226,place_bread_basket,episode_000044,clean,,,,final_action,color_temperature,0.1,,,,5786497539863217079,1436178128472113803,gripper_flip_rate,0.0
gpu_0,base,clean/place_bread_basket/episode_000044/0_226,place_bread_basket,episode_000044,clean,,,,final_action,color_temperature,0.1,,,,5786497539863217079,1436178128472113803,temporal_jerk_difference,0.0012870676582679152
gpu_0,base,clean/place_bread_basket/episode_000044/0_226,place_bread_basket,episode_000044,clean,,,,final_action,gamma,0.8,,,,5786497539863217079,8532596611837617652,action_relative_l2,0.041065555065870285
gpu_0,base,clean/place_bread_basket/episode_000044/0_226,place_bread_basket,episode_000044,clean,,,,final_action,gamma,0.8,,,,5786497539863217079,8532596611837617652,action_mean_abs,0.0030217731837183237
gpu_0,base,clean/place_bread_basket/episode_000044/0_226,place_bread_basket,episode_000044,clean,,,,final_action,gamma,0.8,,,,5786497539863217079,8532596611837617652,action_relative_l2/first_25pct,0.0
gpu_0,base,clean/place_bread_basket/episode_000044/0_226,place_bread_basket,episode_000044,clean,,,,final_action,gamma,0.8,,,,5786497539863217079,8532596611837617652,action_relative_l2/last_75pct,0.044244665652513504
gpu_0,base,clean/place_bread_basket/episode_000044/0_226,place_bread_basket,episode_000044,clean,,,,final_action,gamma,0.8,,,,5786497539863217079,8532596611837617652,endpoint_l2/left_position,0.004456768743693829
gpu_0,base,clean/place_bread_basket/episode_000044/0_226,place_bread_basket,episode_000044,clean,,,,final_action,gamma,0.8,,,,5786497539863217079,8532596611837617652,endpoint_l2/right_position,0.0023358166217803955
gpu_0,base,clean/place_bread_basket/episode_000044/0_226,place_bread_basket,episode_000044,clean,,,,final_action,gamma,0.8,,,,5786497539863217079,8532596611837617652,rotation_geodesic/left_rotation,0.0022410142701119184
gpu_0,base,clean/place_bread_basket/episode_000044/0_226,place_bread_basket,episode_000044,clean,,,,final_action,gamma,0.8,,,,5786497539863217079,8532596611837617652,rotation_geodesic/right_rotation,0.013005838729441166
gpu_0,base,clean/place_bread_basket/episode_000044/0_226,place_bread_basket,episode_000044,clean,,,,final_action,gamma,0.8,,,,5786497539863217079,8532596611837617652,gripper_flip_rate,0.0
gpu_0,base,clean/place_bread_basket/episode_000044/0_226,place_bread_basket,episode_000044,clean,,,,final_action,gamma,0.8,,,,5786497539863217079,8532596611837617652,temporal_jerk_difference,0.0014556361129507422
gpu_0,base,clean/place_bread_basket/episode_000044/0_226,place_bread_basket,episode_000044,clean,,,,final_action,gamma,1.2,,,,5786497539863217079,5885103556919493703,action_relative_l2,0.03330877423286438
gpu_0,base,clean/place_bread_basket/episode_000044/0_226,place_bread_basket,episode_000044,clean,,,,final_action,gamma,1.2,,,,5786497539863217079,5885103556919493703,action_mean_abs,0.002055584453046322
gpu_0,base,clean/place_bread_basket/episode_000044/0_226,place_bread_basket,episode_000044,clean,,,,final_action,gamma,1.2,,,,5786497539863217079,5885103556919493703,action_relative_l2/first_25pct,0.0
gpu_0,base,clean/place_bread_basket/episode_000044/0_226,place_bread_basket,episode_000044,clean,,,,final_action,gamma,1.2,,,,5786497539863217079,5885103556919493703,action_relative_l2/last_75pct,0.03588739037513733
gpu_0,base,clean/place_bread_basket/episode_000044/0_226,place_bread_basket,episode_000044,clean,,,,final_action,gamma,1.2,,,,5786497539863217079,5885103556919493703,endpoint_l2/left_position,0.0015937015414237976
gpu_0,base,clean/place_bread_basket/episode_000044/0_226,place_bread_basket,episode_000044,clean,,,,final_action,gamma,1.2,,,,5786497539863217079,5885103556919493703,endpoint_l2/right_position,0.0
gpu_0,base,clean/place_bread_basket/episode_000044/0_226,place_bread_basket,episode_000044,clean,,,,final_action,gamma,1.2,,,,5786497539863217079,5885103556919493703,rotation_geodesic/left_rotation,0.002655700081959367
gpu_0,base,clean/place_bread_basket/episode_000044/0_226,place_bread_basket,episode_000044,clean,,,,final_action,gamma,1.2,,,,5786497539863217079,5885103556919493703,rotation_geodesic/right_rotation,0.0017427753191441298
gpu_0,base,clean/place_bread_basket/episode_000044/0_226,place_bread_basket,episode_000044,clean,,,,final_action,gamma,1.2,,,,5786497539863217079,5885103556919493703,gripper_flip_rate,0.0
gpu_0,base,clean/place_bread_basket/episode_000044/0_226,place_bread_basket,episode_000044,clean,,,,final_action,gamma,1.2,,,,5786497539863217079,5885103556919493703,temporal_jerk_difference,0.0010871090926229954
gpu_0,base,clean/place_bread_basket/episode_000044/0_226,place_bread_basket,episode_000044,clean,,,,final_action,gaussian_blur_sigma,0.5,,,,5786497539863217079,18322585329891979128,action_relative_l2,0.006715108640491962
gpu_0,base,clean/place_bread_basket/episode_000044/0_226,place_bread_basket,episode_000044,clean,,,,final_action,gaussian_blur_sigma,0.5,,,,5786497539863217079,18322585329891979128,action_mean_abs,0.0004973785253241658
gpu_0,base,clean/place_bread_basket/episode_000044/0_226,place_bread_basket,episode_000044,clean,,,,final_action,gaussian_blur_sigma,0.5,,,,5786497539863217079,18322585329891979128,action_relative_l2/first_25pct,0.0
gpu_0,base,clean/place_bread_basket/episode_000044/0_226,place_bread_basket,episode_000044,clean,,,,final_action,gaussian_blur_sigma,0.5,,,,5786497539863217079,18322585329891979128,action_relative_l2/last_75pct,0.007234962657094002
gpu_0,base,clean/place_bread_basket/episode_000044/0_226,place_bread_basket,episode_000044,clean,,,,final_action,gaussian_blur_sigma,0.5,,,,5786497539863217079,18322585329891979128,endpoint_l2/left_position,0.0007806718349456787
gpu_0,base,clean/place_bread_basket/episode_000044/0_226,place_bread_basket,episode_000044,clean,,,,final_action,gaussian_blur_sigma,0.5,,,,5786497539863217079,18322585329891979128,endpoint_l2/right_position,0.0
gpu_0,base,clean/place_bread_basket/episode_000044/0_226,place_bread_basket,episode_000044,clean,,,,final_action,gaussian_blur_sigma,0.5,,,,5786497539863217079,18322585329891979128,rotation_geodesic/left_rotation,0.00203318172134459
gpu_0,base,clean/place_bread_basket/episode_000044/0_226,place_bread_basket,episode_000044,clean,,,,final_action,gaussian_blur_sigma,0.5,,,,5786497539863217079,18322585329891979128,rotation_geodesic/right_rotation,0.002176037523895502
gpu_0,base,clean/place_bread_basket/episode_000044/0_226,place_bread_basket,episode_000044,clean,,,,final_action,gaussian_blur_sigma,0.5,,,,5786497539863217079,18322585329891979128,gripper_flip_rate,0.0
gpu_0,base,clean/place_bread_basket/episode_000044/0_226,place_bread_basket,episode_000044,clean,,,,final_action,gaussian_blur_sigma,0.5,,,,5786497539863217079,18322585329891979128,temporal_jerk_difference,0.000800540903583169
gpu_0,base,clean/place_bread_basket/episode_000044/0_226,place_bread_basket,episode_000044,clean,,,,final_action,gaussian_blur_sigma,1.0,,,,5786497539863217079,1464129816195477027,action_relative_l2,0.07245442271232605
gpu_0,base,clean/place_bread_basket/episode_000044/0_226,place_bread_basket,episode_000044,clean,,,,final_action,gaussian_blur_sigma,1.0,,,,5786497539863217079,1464129816195477027,action_mean_abs,0.004992647096514702
gpu_0,base,clean/place_bread_basket/episode_000044/0_226,place_bread_basket,episode_000044,clean,,,,final_action,gaussian_blur_sigma,1.0,,,,5786497539863217079,1464129816195477027,action_relative_l2/first_25pct,0.0
gpu_0,base,clean/place_bread_basket/episode_000044/0_226,place_bread_basket,episode_000044,clean,,,,final_action,gaussian_blur_sigma,1.0,,,,5786497539863217079,1464129816195477027,action_relative_l2/last_75pct,0.07806352525949478
gpu_0,base,clean/place_bread_basket/episode_000044/0_226,place_bread_basket,episode_000044,clean,,,,final_action,gaussian_blur_sigma,1.0,,,,5786497539863217079,1464129816195477027,endpoint_l2/left_position,0.004082336090505123
gpu_0,base,clean/place_bread_basket/episode_000044/0_226,place_bread_basket,episode_000044,clean,,,,final_action,gaussian_blur_sigma,1.0,,,,5786497539863217079,1464129816195477027,endpoint_l2/right_position,0.0028893782291561365
gpu_0,base,clean/place_bread_basket/episode_000044/0_226,place_bread_basket,episode_000044,clean,,,,final_action,gaussian_blur_sigma,1.0,,,,5786497539863217079,1464129816195477027,rotation_geodesic/left_rotation,0.003156953724101186
gpu_0,base,clean/place_bread_basket/episode_000044/0_226,place_bread_basket,episode_000044,clean,,,,final_action,gaussian_blur_sigma,1.0,,,,5786497539863217079,1464129816195477027,rotation_geodesic/right_rotation,0.011628421023488045
gpu_0,base,clean/place_bread_basket/episode_000044/0_226,place_bread_basket,episode_000044,clean,,,,final_action,gaussian_blur_sigma,1.0,,,,5786497539863217079,1464129816195477027,gripper_flip_rate,0.0
gpu_0,base,clean/place_bread_basket/episode_000044/0_226,place_bread_basket,episode_000044,clean,,,,final_action,gaussian_blur_sigma,1.0,,,,5786497539863217079,1464129816195477027,temporal_jerk_difference,0.0018495453987270594
gpu_0,base,clean/place_bread_basket/episode_000044/0_226,place_bread_basket,episode_000044,clean,,,,final_action,gaussian_noise_std,0.01,,,,5786497539863217079,3952513492836151882,action_relative_l2,0.11544644087553024
gpu_0,base,clean/place_bread_basket/episode_000044/0_226,place_bread_basket,episode_000044,clean,,,,final_action,gaussian_noise_std,0.01,,,,5786497539863217079,3952513492836151882,action_mean_abs,0.009471219033002853
gpu_0,base,clean/place_bread_basket/episode_000044/0_226,place_bread_basket,episode_000044,clean,,,,final_action,gaussian_noise_std,0.01,,,,5786497539863217079,3952513492836151882,action_relative_l2/first_25pct,0.0
gpu_0,base,clean/place_bread_basket/episode_000044/0_226,place_bread_basket,episode_000044,clean,,,,final_action,gaussian_noise_std,0.01,,,,5786497539863217079,3952513492836151882,action_relative_l2/last_75pct,0.12438379228115082
gpu_0,base,clean/place_bread_basket/episode_000044/0_226,place_bread_basket,episode_000044,clean,,,,final_action,gaussian_noise_std,0.01,,,,5786497539863217079,3952513492836151882,endpoint_l2/left_position,0.017755180597305298
gpu_0,base,clean/place_bread_basket/episode_000044/0_226,place_bread_basket,episode_000044,clean,,,,final_action,gaussian_noise_std,0.01,,,,5786497539863217079,3952513492836151882,endpoint_l2/right_position,0.011997113935649395
gpu_0,base,clean/place_bread_basket/episode_000044/0_226,place_bread_basket,episode_000044,clean,,,,final_action,gaussian_noise_std,0.01,,,,5786497539863217079,3952513492836151882,rotation_geodesic/left_rotation,0.008640714921057224
gpu_0,base,clean/place_bread_basket/episode_000044/0_226,place_bread_basket,episode_000044,clean,,,,final_action,gaussian_noise_std,0.01,,,,5786497539863217079,3952513492836151882,rotation_geodesic/right_rotation,0.02242320217192173
gpu_0,base,clean/place_bread_basket/episode_000044/0_226,place_bread_basket,episode_000044,clean,,,,final_action,gaussian_noise_std,0.01,,,,5786497539863217079,3952513492836151882,gripper_flip_rate,0.0
gpu_0,base,clean/place_bread_basket/episode_000044/0_226,place_bread_basket,episode_000044,clean,,,,final_action,gaussian_noise_std,0.01,,,,5786497539863217079,3952513492836151882,temporal_jerk_difference,0.0026960561517626047
gpu_0,base,clean/place_bread_basket/episode_000044/0_226,place_bread_basket,episode_000044,clean,,,,final_action,gaussian_noise_std,0.03,,,,5786497539863217079,15908044863109304790,action_relative_l2,0.14044766128063202
gpu_0,base,clean/place_bread_basket/episode_000044/0_226,place_bread_basket,episode_000044,clean,,,,final_action,gaussian_noise_std,0.03,,,,5786497539863217079,15908044863109304790,action_mean_abs,0.010240007191896439
gpu_0,base,clean/place_bread_basket/episode_000044/0_226,place_bread_basket,episode_000044,clean,,,,final_action,gaussian_noise_std,0.03,,,,5786497539863217079,15908044863109304790,action_relative_l2/first_25pct,0.0
gpu_0,base,clean/place_bread_basket/episode_000044/0_226,place_bread_basket,episode_000044,clean,,,,final_action,gaussian_noise_std,0.03,,,,5786497539863217079,15908044863109304790,action_relative_l2/last_75pct,0.15132050216197968
gpu_0,base,clean/place_bread_basket/episode_000044/0_226,place_bread_basket,episode_000044,clean,,,,final_action,gaussian_noise_std,0.03,,,,5786497539863217079,15908044863109304790,endpoint_l2/left_position,0.015117832459509373
gpu_0,base,clean/place_bread_basket/episode_000044/0_226,place_bread_basket,episode_000044,clean,,,,final_action,gaussian_noise_std,0.03,,,,5786497539863217079,15908044863109304790,endpoint_l2/right_position,0.006224625278264284
gpu_0,base,clean/place_bread_basket/episode_000044/0_226,place_bread_basket,episode_000044,clean,,,,final_action,gaussian_noise_std,0.03,,,,5786497539863217079,15908044863109304790,rotation_geodesic/left_rotation,0.008174596354365349
gpu_0,base,clean/place_bread_basket/episode_000044/0_226,place_bread_basket,episode_000044,clean,,,,final_action,gaussian_noise_std,0.03,,,,5786497539863217079,15908044863109304790,rotation_geodesic/right_rotation,0.013790798373520374
gpu_0,base,clean/place_bread_basket/episode_000044/0_226,place_bread_basket,episode_000044,clean,,,,final_action,gaussian_noise_std,0.03,,,,5786497539863217079,15908044863109304790,gripper_flip_rate,0.0
gpu_0,base,clean/place_bread_basket/episode_000044/0_226,place_bread_basket,episode_000044,clean,,,,final_action,gaussian_noise_std,0.03,,,,5786497539863217079,15908044863109304790,temporal_jerk_difference,0.0027372941840440035
gpu_0,base,clean/place_bread_basket/episode_000044/0_226,place_bread_basket,episode_000044,clean,,,,final_action,identity,0.0,,,,5786497539863217079,,action_relative_l2,0.0
gpu_0,base,clean/place_bread_basket/episode_000044/0_226,place_bread_basket,episode_000044,clean,,,,final_action,identity,0.0,,,,5786497539863217079,,action_mean_abs,0.0
gpu_0,base,clean/place_bread_basket/episode_000044/0_226,place_bread_basket,episode_000044,clean,,,,final_action,identity,0.0,,,,5786497539863217079,,action_relative_l2/first_25pct,0.0
gpu_0,base,clean/place_bread_basket/episode_000044/0_226,place_bread_basket,episode_000044,clean,,,,final_action,identity,0.0,,,,5786497539863217079,,action_relative_l2/last_75pct,0.0
gpu_0,base,clean/place_bread_basket/episode_000044/0_226,place_bread_basket,episode_000044,clean,,,,final_action,identity,0.0,,,,5786497539863217079,,endpoint_l2/left_position,0.0
gpu_0,base,clean/place_bread_basket/episode_000044/0_226,place_bread_basket,episode_000044,clean,,,,final_action,identity,0.0,,,,5786497539863217079,,endpoint_l2/right_position,0.0
gpu_0,base,clean/place_bread_basket/episode_000044/0_226,place_bread_basket,episode_000044,clean,,,,final_action,identity,0.0,,,,5786497539863217079,,rotation_geodesic/left_rotation,0.00047726312186568975
gpu_0,base,clean/place_bread_basket/episode_000044/0_226,place_bread_basket,episode_000044,clean,,,,final_action,identity,0.0,,,,5786497539863217079,,rotation_geodesic/right_rotation,0.0001741670712362975
gpu_0,base,clean/place_bread_basket/episode_000044/0_226,place_bread_basket,episode_000044,clean,,,,final_action,identity,0.0,,,,5786497539863217079,,gripper_flip_rate,0.0
gpu_0,base,clean/place_bread_basket/episode_000044/0_226,place_bread_basket,episode_000044,clean,,,,final_action,identity,0.0,,,,5786497539863217079,,temporal_jerk_difference,0.0
gpu_0,base,clean/place_object_scale/episode_000016/0_141,place_object_scale,episode_000016,clean,,,,final_action,brightness,0.8,,,,15052661172066250013,8128353529252831070,action_relative_l2,0.09277034550905228
gpu_0,base,clean/place_object_scale/episode_000016/0_141,place_object_scale,episode_000016,clean,,,,final_action,brightness,0.8,,,,15052661172066250013,8128353529252831070,action_mean_abs,0.018233681097626686
gpu_0,base,clean/place_object_scale/episode_000016/0_141,place_object_scale,episode_000016,clean,,,,final_action,brightness,0.8,,,,15052661172066250013,8128353529252831070,action_relative_l2/first_25pct,0.0
gpu_0,base,clean/place_object_scale/episode_000016/0_141,place_object_scale,episode_000016,clean,,,,final_action,brightness,0.8,,,,15052661172066250013,8128353529252831070,action_relative_l2/last_75pct,0.09623350203037262
gpu_0,base,clean/place_object_scale/episode_000016/0_141,place_object_scale,episode_000016,clean,,,,final_action,brightness,0.8,,,,15052661172066250013,8128353529252831070,endpoint_l2/left_position,0.11053086072206497
gpu_0,base,clean/place_object_scale/episode_000016/0_141,place_object_scale,episode_000016,clean,,,,final_action,brightness,0.8,,,,15052661172066250013,8128353529252831070,endpoint_l2/right_position,0.07742269337177277
gpu_0,base,clean/place_object_scale/episode_000016/0_141,place_object_scale,episode_000016,clean,,,,final_action,brightness,0.8,,,,15052661172066250013,8128353529252831070,rotation_geodesic/left_rotation,0.029653247445821762
gpu_0,base,clean/place_object_scale/episode_000016/0_141,place_object_scale,episode_000016,clean,,,,final_action,brightness,0.8,,,,15052661172066250013,8128353529252831070,rotation_geodesic/right_rotation,0.0906020998954773
gpu_0,base,clean/place_object_scale/episode_000016/0_141,place_object_scale,episode_000016,clean,,,,final_action,brightness,0.8,,,,15052661172066250013,8128353529252831070,gripper_flip_rate,0.0
gpu_0,base,clean/place_object_scale/episode_000016/0_141,place_object_scale,episode_000016,clean,,,,final_action,brightness,0.8,,,,15052661172066250013,8128353529252831070,temporal_jerk_difference,0.004352429416030645
gpu_0,base,clean/place_object_scale/episode_000016/0_141,place_object_scale,episode_000016,clean,,,,final_action,brightness,1.2,,,,15052661172066250013,5451139221587725941,action_relative_l2,0.026342079043388367
gpu_0,base,clean/place_object_scale/episode_000016/0_141,place_object_scale,episode_000016,clean,,,,final_action,brightness,1.2,,,,15052661172066250013,5451139221587725941,action_mean_abs,0.0034638894721865654
gpu_0,base,clean/place_object_scale/episode_000016/0_141,place_object_scale,episode_000016,clean,,,,final_action,brightness,1.2,,,,15052661172066250013,5451139221587725941,action_relative_l2/first_25pct,0.0
gpu_0,base,clean/place_object_scale/episode_000016/0_141,place_object_scale,episode_000016,clean,,,,final_action,brightness,1.2,,,,15052661172066250013,5451139221587725941,action_relative_l2/last_75pct,0.02732544019818306
gpu_0,base,clean/place_object_scale/episode_000016/0_141,place_object_scale,episode_000016,clean,,,,final_action,brightness,1.2,,,,15052661172066250013,5451139221587725941,endpoint_l2/left_position,0.013059484772384167
gpu_0,base,clean/place_object_scale/episode_000016/0_141,place_object_scale,episode_000016,clean,,,,final_action,brightness,1.2,,,,15052661172066250013,5451139221587725941,endpoint_l2/right_position,0.007988428696990013
gpu_0,base,clean/place_object_scale/episode_000016/0_141,place_object_scale,episode_000016,clean,,,,final_action,brightness,1.2,,,,15052661172066250013,5451139221587725941,rotation_geodesic/left_rotation,0.0034814621321856976
gpu_0,base,clean/place_object_scale/episode_000016/0_141,place_object_scale,episode_000016,clean,,,,final_action,brightness,1.2,,,,15052661172066250013,5451139221587725941,rotation_geodesic/right_rotation,0.014124022796750069
gpu_0,base,clean/place_object_scale/episode_000016/0_141,place_object_scale,episode_000016,clean,,,,final_action,brightness,1.2,,,,15052661172066250013,5451139221587725941,gripper_flip_rate,0.0
gpu_0,base,clean/place_object_scale/episode_000016/0_141,place_object_scale,episode_000016,clean,,,,final_action,brightness,1.2,,,,15052661172066250013,5451139221587725941,temporal_jerk_difference,0.0018971265526488423
gpu_0,base,clean/place_object_scale/episode_000016/0_141,place_object_scale,episode_000016,clean,,,,final_action,color_temperature,-0.1,,,,15052661172066250013,11771800898474785723,action_relative_l2,0.012004070915281773
gpu_0,base,clean/place_object_scale/episode_000016/0_141,place_object_scale,episode_000016,clean,,,,final_action,color_temperature,-0.1,,,,15052661172066250013,11771800898474785723,action_mean_abs,0.0021543302573263645
gpu_0,base,clean/place_object_scale/episode_000016/0_141,place_object_scale,episode_000016,clean,,,,final_action,color_temperature,-0.1,,,,15052661172066250013,11771800898474785723,action_relative_l2/first_25pct,0.0
gpu_0,base,clean/place_object_scale/episode_000016/0_141,place_object_scale,episode_000016,clean,,,,final_action,color_temperature,-0.1,,,,15052661172066250013,11771800898474785723,action_relative_l2/last_75pct,0.012452187947928905
gpu_0,base,clean/place_object_scale/episode_000016/0_141,place_object_scale,episode_000016,clean,,,,final_action,color_temperature,-0.1,,,,15052661172066250013,11771800898474785723,endpoint_l2/left_position,0.010778429917991161
gpu_0,base,clean/place_object_scale/episode_000016/0_141,place_object_scale,episode_000016,clean,,,,final_action,color_temperature,-0.1,,,,15052661172066250013,11771800898474785723,endpoint_l2/right_position,0.0026835184544324875
gpu_0,base,clean/place_object_scale/episode_000016/0_141,place_object_scale,episode_000016,clean,,,,final_action,color_temperature,-0.1,,,,15052661172066250013,11771800898474785723,rotation_geodesic/left_rotation,0.009115845896303654
gpu_0,base,clean/place_object_scale/episode_000016/0_141,place_object_scale,episode_000016,clean,,,,final_action,color_temperature,-0.1,,,,15052661172066250013,11771800898474785723,rotation_geodesic/right_rotation,0.009419453330338001
gpu_0,base,clean/place_object_scale/episode_000016/0_141,place_object_scale,episode_000016,clean,,,,final_action,color_temperature,-0.1,,,,15052661172066250013,11771800898474785723,gripper_flip_rate,0.0
gpu_0,base,clean/place_object_scale/episode_000016/0_141,place_object_scale,episode_000016,clean,,,,final_action,color_temperature,-0.1,,,,15052661172066250013,11771800898474785723,temporal_jerk_difference,0.002506022807210684
gpu_0,base,clean/place_object_scale/episode_000016/0_141,place_object_scale,episode_000016,clean,,,,final_action,color_temperature,0.1,,,,15052661172066250013,7887944890558736340,action_relative_l2,0.02083367295563221
gpu_0,base,clean/place_object_scale/episode_000016/0_141,place_object_scale,episode_000016,clean,,,,final_action,color_temperature,0.1,,,,15052661172066250013,7887944890558736340,action_mean_abs,0.0036160771269351244
gpu_0,base,clean/place_object_scale/episode_000016/0_141,place_object_scale,episode_000016,clean,,,,final_action,color_temperature,0.1,,,,15052661172066250013,7887944890558736340,action_relative_l2/first_25pct,0.0
gpu_0,base,clean/place_object_scale/episode_000016/0_141,place_object_scale,episode_000016,clean,,,,final_action,color_temperature,0.1,,,,15052661172066250013,7887944890558736340,action_relative_l2/last_75pct,0.021611401811242104
gpu_0,base,clean/place_object_scale/episode_000016/0_141,place_object_scale,episode_000016,clean,,,,final_action,color_temperature,0.1,,,,15052661172066250013,7887944890558736340,endpoint_l2/left_position,0.01444467157125473
gpu_0,base,clean/place_object_scale/episode_000016/0_141,place_object_scale,episode_000016,clean,,,,final_action,color_temperature,0.1,,,,15052661172066250013,7887944890558736340,endpoint_l2/right_position,0.007408191915601492
gpu_0,base,clean/place_object_scale/episode_000016/0_141,place_object_scale,episode_000016,clean,,,,final_action,color_temperature,0.1,,,,15052661172066250013,7887944890558736340,rotation_geodesic/left_rotation,0.0060609676875174046
gpu_0,base,clean/place_object_scale/episode_000016/0_141,place_object_scale,episode_000016,clean,,,,final_action,color_temperature,0.1,,,,15052661172066250013,7887944890558736340,rotation_geodesic/right_rotation,0.017473170533776283
gpu_0,base,clean/place_object_scale/episode_000016/0_141,place_object_scale,episode_000016,clean,,,,final_action,color_temperature,0.1,,,,15052661172066250013,7887944890558736340,gripper_flip_rate,0.0
gpu_0,base,clean/place_object_scale/episode_000016/0_141,place_object_scale,episode_000016,clean,,,,final_action,color_temperature,0.1,,,,15052661172066250013,7887944890558736340,temporal_jerk_difference,0.001935647800564766
gpu_0,base,clean/place_object_scale/episode_000016/0_141,place_object_scale,episode_000016,clean,,,,final_action,gamma,0.8,,,,15052661172066250013,3987445913070418313,action_relative_l2,0.013923523016273975
gpu_0,base,clean/place_object_scale/episode_000016/0_141,place_object_scale,episode_000016,clean,,,,final_action,gamma,0.8,,,,15052661172066250013,3987445913070418313,action_mean_abs,0.001837610499933362
gpu_0,base,clean/place_object_scale/episode_000016/0_141,place_object_scale,episode_000016,clean,,,,final_action,gamma,0.8,,,,15052661172066250013,3987445913070418313,action_relative_l2/first_25pct,0.0
gpu_0,base,clean/place_object_scale/episode_000016/0_141,place_object_scale,episode_000016,clean,,,,final_action,gamma,0.8,,,,15052661172066250013,3987445913070418313,action_relative_l2/last_75pct,0.014443294145166874
gpu_0,base,clean/place_object_scale/episode_000016/0_141,place_object_scale,episode_000016,clean,,,,final_action,gamma,0.8,,,,15052661172066250013,3987445913070418313,endpoint_l2/left_position,0.00641718041151762
gpu_0,base,clean/place_object_scale/episode_000016/0_141,place_object_scale,episode_000016,clean,,,,final_action,gamma,0.8,,,,15052661172066250013,3987445913070418313,endpoint_l2/right_position,0.0024562093894928694
gpu_0,base,clean/place_object_scale/episode_000016/0_141,place_object_scale,episode_000016,clean,,,,final_action,gamma,0.8,,,,15052661172066250013,3987445913070418313,rotation_geodesic/left_rotation,0.003036088775843382
gpu_0,base,clean/place_object_scale/episode_000016/0_141,place_object_scale,episode_000016,clean,,,,final_action,gamma,0.8,,,,15052661172066250013,3987445913070418313,rotation_geodesic/right_rotation,0.008001784794032574
gpu_0,base,clean/place_object_scale/episode_000016/0_141,place_object_scale,episode_000016,clean,,,,final_action,gamma,0.8,,,,15052661172066250013,3987445913070418313,gripper_flip_rate,0.0
gpu_0,base,clean/place_object_scale/episode_000016/0_141,place_object_scale,episode_000016,clean,,,,final_action,gamma,0.8,,,,15052661172066250013,3987445913070418313,temporal_jerk_difference,0.0019913106225430965
gpu_0,base,clean/place_object_scale/episode_000016/0_141,place_object_scale,episode_000016,clean,,,,final_action,gamma,1.2,,,,15052661172066250013,18267793042838073310,action_relative_l2,0.00433936296030879
gpu_0,base,clean/place_object_scale/episode_000016/0_141,place_object_scale,episode_000016,clean,,,,final_action,gamma,1.2,,,,15052661172066250013,18267793042838073310,action_mean_abs,0.00046934629790484905
gpu_0,base,clean/place_object_scale/episode_000016/0_141,place_object_scale,episode_000016,clean,,,,final_action,gamma,1.2,,,,15052661172066250013,18267793042838073310,action_relative_l2/first_25pct,0.0
gpu_0,base,clean/place_object_scale/episode_000016/0_141,place_object_scale,episode_000016,clean,,,,final_action,gamma,1.2,,,,15052661172066250013,18267793042838073310,action_relative_l2/last_75pct,0.004501353017985821
gpu_0,base,clean/place_object_scale/episode_000016/0_141,place_object_scale,episode_000016,clean,,,,final_action,gamma,1.2,,,,15052661172066250013,18267793042838073310,endpoint_l2/left_position,0.0014454065822064877
gpu_0,base,clean/place_object_scale/episode_000016/0_141,place_object_scale,episode_000016,clean,,,,final_action,gamma,1.2,,,,15052661172066250013,18267793042838073310,endpoint_l2/right_position,0.0007596015930175781
gpu_0,base,clean/place_object_scale/episode_000016/0_141,place_object_scale,episode_000016,clean,,,,final_action,gamma,1.2,,,,15052661172066250013,18267793042838073310,rotation_geodesic/left_rotation,0.0032182466238737106
gpu_0,base,clean/place_object_scale/episode_000016/0_141,place_object_scale,episode_000016,clean,,,,final_action,gamma,1.2,,,,15052661172066250013,18267793042838073310,rotation_geodesic/right_rotation,0.0042879581451416016
gpu_0,base,clean/place_object_scale/episode_000016/0_141,place_object_scale,episode_000016,clean,,,,final_action,gamma,1.2,,,,15052661172066250013,18267793042838073310,gripper_flip_rate,0.0
gpu_0,base,clean/place_object_scale/episode_000016/0_141,place_object_scale,episode_000016,clean,,,,final_action,gamma,1.2,,,,15052661172066250013,18267793042838073310,temporal_jerk_difference,0.0015852772630751133
gpu_0,base,clean/place_object_scale/episode_000016/0_141,place_object_scale,episode_000016,clean,,,,final_action,gaussian_blur_sigma,0.5,,,,15052661172066250013,13820347193606331437,action_relative_l2,0.004665561951696873
gpu_0,base,clean/place_object_scale/episode_000016/0_141,place_object_scale,episode_000016,clean,,,,final_action,gaussian_blur_sigma,0.5,,,,15052661172066250013,13820347193606331437,action_mean_abs,0.00045282678911462426
gpu_0,base,clean/place_object_scale/episode_000016/0_141,place_object_scale,episode_000016,clean,,,,final_action,gaussian_blur_sigma,0.5,,,,15052661172066250013,13820347193606331437,action_relative_l2/first_25pct,0.0
gpu_0,base,clean/place_object_scale/episode_000016/0_141,place_object_scale,episode_000016,clean,,,,final_action,gaussian_blur_sigma,0.5,,,,15052661172066250013,13820347193606331437,action_relative_l2/last_75pct,0.004839729517698288
gpu_0,base,clean/place_object_scale/episode_000016/0_141,place_object_scale,episode_000016,clean,,,,final_action,gaussian_blur_sigma,0.5,,,,15052661172066250013,13820347193606331437,endpoint_l2/left_position,0.0011155433021485806
gpu_0,base,clean/place_object_scale/episode_000016/0_141,place_object_scale,episode_000016,clean,,,,final_action,gaussian_blur_sigma,0.5,,,,15052661172066250013,13820347193606331437,endpoint_l2/right_position,0.0
gpu_0,base,clean/place_object_scale/episode_000016/0_141,place_object_scale,episode_000016,clean,,,,final_action,gaussian_blur_sigma,0.5,,,,15052661172066250013,13820347193606331437,rotation_geodesic/left_rotation,0.0022555191535502672
gpu_0,base,clean/place_object_scale/episode_000016/0_141,place_object_scale,episode_000016,clean,,,,final_action,gaussian_blur_sigma,0.5,,,,15052661172066250013,13820347193606331437,rotation_geodesic/right_rotation,0.003792179748415947
gpu_0,base,clean/place_object_scale/episode_000016/0_141,place_object_scale,episode_000016,clean,,,,final_action,gaussian_blur_sigma,0.5,,,,15052661172066250013,13820347193606331437,gripper_flip_rate,0.0
gpu_0,base,clean/place_object_scale/episode_000016/0_141,place_object_scale,episode_000016,clean,,,,final_action,gaussian_blur_sigma,0.5,,,,15052661172066250013,13820347193606331437,temporal_jerk_difference,0.0014785282546654344
gpu_0,base,clean/place_object_scale/episode_000016/0_141,place_object_scale,episode_000016,clean,,,,final_action,gaussian_blur_sigma,1.0,,,,15052661172066250013,6730551116110810124,action_relative_l2,0.025383565574884415
gpu_0,base,clean/place_object_scale/episode_000016/0_141,place_object_scale,episode_000016,clean,,,,final_action,gaussian_blur_sigma,1.0,,,,15052661172066250013,6730551116110810124,action_mean_abs,0.0034567133989185095
gpu_0,base,clean/place_object_scale/episode_000016/0_141,place_object_scale,episode_000016,clean,,,,final_action,gaussian_blur_sigma,1.0,,,,15052661172066250013,6730551116110810124,action_relative_l2/first_25pct,0.0
gpu_0,base,clean/place_object_scale/episode_000016/0_141,place_object_scale,episode_000016,clean,,,,final_action,gaussian_blur_sigma,1.0,,,,15052661172066250013,6730551116110810124,action_relative_l2/last_75pct,0.02633114531636238
gpu_0,base,clean/place_object_scale/episode_000016/0_141,place_object_scale,episode_000016,clean,,,,final_action,gaussian_blur_sigma,1.0,,,,15052661172066250013,6730551116110810124,endpoint_l2/left_position,0.016287438571453094
gpu_0,base,clean/place_object_scale/episode_000016/0_141,place_object_scale,episode_000016,clean,,,,final_action,gaussian_blur_sigma,1.0,,,,15052661172066250013,6730551116110810124,endpoint_l2/right_position,0.0034014179836958647
gpu_0,base,clean/place_object_scale/episode_000016/0_141,place_object_scale,episode_000016,clean,,,,final_action,gaussian_blur_sigma,1.0,,,,15052661172066250013,6730551116110810124,rotation_geodesic/left_rotation,0.004670178517699242
gpu_0,base,clean/place_object_scale/episode_000016/0_141,place_object_scale,episode_000016,clean,,,,final_action,gaussian_blur_sigma,1.0,,,,15052661172066250013,6730551116110810124,rotation_geodesic/right_rotation,0.00885732937604189
gpu_0,base,clean/place_object_scale/episode_000016/0_141,place_object_scale,episode_000016,clean,,,,final_action,gaussian_blur_sigma,1.0,,,,15052661172066250013,6730551116110810124,gripper_flip_rate,0.0
gpu_0,base,clean/place_object_scale/episode_000016/0_141,place_object_scale,episode_000016,clean,,,,final_action,gaussian_blur_sigma,1.0,,,,15052661172066250013,6730551116110810124,temporal_jerk_difference,0.0022106142714619637
gpu_0,base,clean/place_object_scale/episode_000016/0_141,place_object_scale,episode_000016,clean,,,,final_action,gaussian_noise_std,0.01,,,,15052661172066250013,13857880200663423716,action_relative_l2,0.011490335687994957
gpu_0,base,clean/place_object_scale/episode_000016/0_141,place_object_scale,episode_000016,clean,,,,final_action,gaussian_noise_std,0.01,,,,15052661172066250013,13857880200663423716,action_mean_abs,0.0022143905516713858
gpu_0,base,clean/place_object_scale/episode_000016/0_141,place_object_scale,episode_000016,clean,,,,final_action,gaussian_noise_std,0.01,,,,15052661172066250013,13857880200663423716,action_relative_l2/first_25pct,0.0
gpu_0,base,clean/place_object_scale/episode_000016/0_141,place_object_scale,episode_000016,clean,,,,final_action,gaussian_noise_std,0.01,,,,15052661172066250013,13857880200663423716,action_relative_l2/last_75pct,0.011919274926185608
gpu_0,base,clean/place_object_scale/episode_000016/0_141,place_object_scale,episode_000016,clean,,,,final_action,gaussian_noise_std,0.01,,,,15052661172066250013,13857880200663423716,endpoint_l2/left_position,0.007988473400473595
gpu_0,base,clean/place_object_scale/episode_000016/0_141,place_object_scale,episode_000016,clean,,,,final_action,gaussian_noise_std,0.01,,,,15052661172066250013,13857880200663423716,endpoint_l2/right_position,0.005204243119806051
gpu_0,base,clean/place_object_scale/episode_000016/0_141,place_object_scale,episode_000016,clean,,,,final_action,gaussian_noise_std,0.01,,,,15052661172066250013,13857880200663423716,rotation_geodesic/left_rotation,0.012533037923276424
gpu_0,base,clean/place_object_scale/episode_000016/0_141,place_object_scale,episode_000016,clean,,,,final_action,gaussian_noise_std,0.01,,,,15052661172066250013,13857880200663423716,rotation_geodesic/right_rotation,0.013380125164985657
gpu_0,base,clean/place_object_scale/episode_000016/0_141,place_object_scale,episode_000016,clean,,,,final_action,gaussian_noise_std,0.01,,,,15052661172066250013,13857880200663423716,gripper_flip_rate,0.0
gpu_0,base,clean/place_object_scale/episode_000016/0_141,place_object_scale,episode_000016,clean,,,,final_action,gaussian_noise_std,0.01,,,,15052661172066250013,13857880200663423716,temporal_jerk_difference,0.0019064677180722356
gpu_0,base,clean/place_object_scale/episode_000016/0_141,place_object_scale,episode_000016,clean,,,,final_action,gaussian_noise_std,0.03,,,,15052661172066250013,14331452601550878469,action_relative_l2,0.02658514305949211
gpu_0,base,clean/place_object_scale/episode_000016/0_141,place_object_scale,episode_000016,clean,,,,final_action,gaussian_noise_std,0.03,,,,15052661172066250013,14331452601550878469,action_mean_abs,0.005049441009759903
gpu_0,base,clean/place_object_scale/episode_000016/0_141,place_object_scale,episode_000016,clean,,,,final_action,gaussian_noise_std,0.03,,,,15052661172066250013,14331452601550878469,action_relative_l2/first_25pct,0.0
gpu_0,base,clean/place_object_scale/episode_000016/0_141,place_object_scale,episode_000016,clean,,,,final_action,gaussian_noise_std,0.03,,,,15052661172066250013,14331452601550878469,action_relative_l2/last_75pct,0.027577579021453857
gpu_0,base,clean/place_object_scale/episode_000016/0_141,place_object_scale,episode_000016,clean,,,,final_action,gaussian_noise_std,0.03,,,,15052661172066250013,14331452601550878469,endpoint_l2/left_position,0.020621830597519875
gpu_0,base,clean/place_object_scale/episode_000016/0_141,place_object_scale,episode_000016,clean,,,,final_action,gaussian_noise_std,0.03,,,,15052661172066250013,14331452601550878469,endpoint_l2/right_position,0.011287325993180275
gpu_0,base,clean/place_object_scale/episode_000016/0_141,place_object_scale,episode_000016,clean,,,,final_action,gaussian_noise_std,0.03,,,,15052661172066250013,14331452601550878469,rotation_geodesic/left_rotation,0.016876554116606712
gpu_0,base,clean/place_object_scale/episode_000016/0_141,place_object_scale,episode_000016,clean,,,,final_action,gaussian_noise_std,0.03,,,,15052661172066250013,14331452601550878469,rotation_geodesic/right_rotation,0.018883440643548965
gpu_0,base,clean/place_object_scale/episode_000016/0_141,place_object_scale,episode_000016,clean,,,,final_action,gaussian_noise_std,0.03,,,,15052661172066250013,14331452601550878469,gripper_flip_rate,0.0
gpu_0,base,clean/place_object_scale/episode_000016/0_141,place_object_scale,episode_000016,clean,,,,final_action,gaussian_noise_std,0.03,,,,15052661172066250013,14331452601550878469,temporal_jerk_difference,0.0028319586999714375
gpu_0,base,clean/place_object_scale/episode_000016/0_141,place_object_scale,episode_000016,clean,,,,final_action,identity,0.0,,,,15052661172066250013,,action_relative_l2,0.0
gpu_0,base,clean/place_object_scale/episode_000016/0_141,place_object_scale,episode_000016,clean,,,,final_action,identity,0.0,,,,15052661172066250013,,action_mean_abs,0.0
gpu_0,base,clean/place_object_scale/episode_000016/0_141,place_object_scale,episode_000016,clean,,,,final_action,identity,0.0,,,,15052661172066250013,,action_relative_l2/first_25pct,0.0
gpu_0,base,clean/place_object_scale/episode_000016/0_141,place_object_scale,episode_000016,clean,,,,final_action,identity,0.0,,,,15052661172066250013,,action_relative_l2/last_75pct,0.0
gpu_0,base,clean/place_object_scale/episode_000016/0_141,place_object_scale,episode_000016,clean,,,,final_action,identity,0.0,,,,15052661172066250013,,endpoint_l2/left_position,0.0
gpu_0,base,clean/place_object_scale/episode_000016/0_141,place_object_scale,episode_000016,clean,,,,final_action,identity,0.0,,,,15052661172066250013,,endpoint_l2/right_position,0.0
gpu_0,base,clean/place_object_scale/episode_000016/0_141,place_object_scale,episode_000016,clean,,,,final_action,identity,0.0,,,,15052661172066250013,,rotation_geodesic/left_rotation,0.0001131319222622551
gpu_0,base,clean/place_object_scale/episode_000016/0_141,place_object_scale,episode_000016,clean,,,,final_action,identity,0.0,,,,15052661172066250013,,rotation_geodesic/right_rotation,0.00017578974075149745
gpu_0,base,clean/place_object_scale/episode_000016/0_141,place_object_scale,episode_000016,clean,,,,final_action,identity,0.0,,,,15052661172066250013,,gripper_flip_rate,0.0
gpu_0,base,clean/place_object_scale/episode_000016/0_141,place_object_scale,episode_000016,clean,,,,final_action,identity,0.0,,,,15052661172066250013,,temporal_jerk_difference,0.0
gpu_0,base,clean/stack_blocks_three/episode_000030/0_447,stack_blocks_three,episode_000030,clean,,,,final_action,brightness,0.8,,,,12280813841299030061,14740558125330130023,action_relative_l2,0.743111252784729
gpu_0,base,clean/stack_blocks_three/episode_000030/0_447,stack_blocks_three,episode_000030,clean,,,,final_action,brightness,0.8,,,,12280813841299030061,14740558125330130023,action_mean_abs,0.0730963796377182
gpu_0,base,clean/stack_blocks_three/episode_000030/0_447,stack_blocks_three,episode_000030,clean,,,,final_action,brightness,0.8,,,,12280813841299030061,14740558125330130023,action_relative_l2/first_25pct,0.0
gpu_0,base,clean/stack_blocks_three/episode_000030/0_447,stack_blocks_three,episode_000030,clean,,,,final_action,brightness,0.8,,,,12280813841299030061,14740558125330130023,action_relative_l2/last_75pct,0.7990187406539917
gpu_0,base,clean/stack_blocks_three/episode_000030/0_447,stack_blocks_three,episode_000030,clean,,,,final_action,brightness,0.8,,,,12280813841299030061,14740558125330130023,endpoint_l2/left_position,0.14800065755844116
gpu_0,base,clean/stack_blocks_three/episode_000030/0_447,stack_blocks_three,episode_000030,clean,,,,final_action,brightness,0.8,,,,12280813841299030061,14740558125330130023,endpoint_l2/right_position,0.10070345550775528
gpu_0,base,clean/stack_blocks_three/episode_000030/0_447,stack_blocks_three,episode_000030,clean,,,,final_action,brightness,0.8,,,,12280813841299030061,14740558125330130023,rotation_geodesic/left_rotation,0.03973811864852905
gpu_0,base,clean/stack_blocks_three/episode_000030/0_447,stack_blocks_three,episode_000030,clean,,,,final_action,brightness,0.8,,,,12280813841299030061,14740558125330130023,rotation_geodesic/right_rotation,0.056397534906864166
gpu_0,base,clean/stack_blocks_three/episode_000030/0_447,stack_blocks_three,episode_000030,clean,,,,final_action,brightness,0.8,,,,12280813841299030061,14740558125330130023,gripper_flip_rate,0.5
gpu_0,base,clean/stack_blocks_three/episode_000030/0_447,stack_blocks_three,episode_000030,clean,,,,final_action,brightness,0.8,,,,12280813841299030061,14740558125330130023,temporal_jerk_difference,0.012217369861900806
gpu_0,base,clean/stack_blocks_three/episode_000030/0_447,stack_blocks_three,episode_000030,clean,,,,final_action,brightness,1.2,,,,12280813841299030061,9830554915469431070,action_relative_l2,0.1318720579147339
gpu_0,base,clean/stack_blocks_three/episode_000030/0_447,stack_blocks_three,episode_000030,clean,,,,final_action,brightness,1.2,,,,12280813841299030061,9830554915469431070,action_mean_abs,0.008396986871957779
gpu_0,base,clean/stack_blocks_three/episode_000030/0_447,stack_blocks_three,episode_000030,clean,,,,final_action,brightness,1.2,,,,12280813841299030061,9830554915469431070,action_relative_l2/first_25pct,0.0
gpu_0,base,clean/stack_blocks_three/episode_000030/0_447,stack_blocks_three,episode_000030,clean,,,,final_action,brightness,1.2,,,,12280813841299030061,9830554915469431070,action_relative_l2/last_75pct,0.141793355345726
gpu_0,base,clean/stack_blocks_three/episode_000030/0_447,stack_blocks_three,episode_000030,clean,,,,final_action,brightness,1.2,,,,12280813841299030061,9830554915469431070,endpoint_l2/left_position,0.006440059281885624
gpu_0,base,clean/stack_blocks_three/episode_000030/0_447,stack_blocks_three,episode_000030,clean,,,,final_action,brightness,1.2,,,,12280813841299030061,9830554915469431070,endpoint_l2/right_position,0.003263268619775772
gpu_0,base,clean/stack_blocks_three/episode_000030/0_447,stack_blocks_three,episode_000030,clean,,,,final_action,brightness,1.2,,,,12280813841299030061,9830554915469431070,rotation_geodesic/left_rotation,0.005906100384891033
gpu_0,base,clean/stack_blocks_three/episode_000030/0_447,stack_blocks_three,episode_000030,clean,,,,final_action,brightness,1.2,,,,12280813841299030061,9830554915469431070,rotation_geodesic/right_rotation,0.012906916439533234
gpu_0,base,clean/stack_blocks_three/episode_000030/0_447,stack_blocks_three,episode_000030,clean,,,,final_action,brightness,1.2,,,,12280813841299030061,9830554915469431070,gripper_flip_rate,0.25
gpu_0,base,clean/stack_blocks_three/episode_000030/0_447,stack_blocks_three,episode_000030,clean,,,,final_action,brightness,1.2,,,,12280813841299030061,9830554915469431070,temporal_jerk_difference,0.0022282616700977087
gpu_0,base,clean/stack_blocks_three/episode_000030/0_447,stack_blocks_three,episode_000030,clean,,,,final_action,color_temperature,-0.1,,,,12280813841299030061,15666566753435024262,action_relative_l2,0.02978598326444626
gpu_0,base,clean/stack_blocks_three/episode_000030/0_447,stack_blocks_three,episode_000030,clean,,,,final_action,color_temperature,-0.1,,,,12280813841299030061,15666566753435024262,action_mean_abs,0.002823593094944954
gpu_0,base,clean/stack_blocks_three/episode_000030/0_447,stack_blocks_three,episode_000030,clean,,,,final_action,color_temperature,-0.1,,,,12280813841299030061,15666566753435024262,action_relative_l2/first_25pct,0.0
gpu_0,base,clean/stack_blocks_three/episode_000030/0_447,stack_blocks_three,episode_000030,clean,,,,final_action,color_temperature,-0.1,,,,12280813841299030061,15666566753435024262,action_relative_l2/last_75pct,0.03202691301703453
gpu_0,base,clean/stack_blocks_three/episode_000030/0_447,stack_blocks_three,episode_000030,clean,,,,final_action,color_temperature,-0.1,,,,12280813841299030061,15666566753435024262,endpoint_l2/left_position,0.008595370687544346
gpu_0,base,clean/stack_blocks_three/episode_000030/0_447,stack_blocks_three,episode_000030,clean,,,,final_action,color_temperature,-0.1,,,,12280813841299030061,15666566753435024262,endpoint_l2/right_position,0.0034376096446067095
gpu_0,base,clean/stack_blocks_three/episode_000030/0_447,stack_blocks_three,episode_000030,clean,,,,final_action,color_temperature,-0.1,,,,12280813841299030061,15666566753435024262,rotation_geodesic/left_rotation,0.006676364690065384
gpu_0,base,clean/stack_blocks_three/episode_000030/0_447,stack_blocks_three,episode_000030,clean,,,,final_action,color_temperature,-0.1,,,,12280813841299030061,15666566753435024262,rotation_geodesic/right_rotation,0.005418291315436363
gpu_0,base,clean/stack_blocks_three/episode_000030/0_447,stack_blocks_three,episode_000030,clean,,,,final_action,color_temperature,-0.1,,,,12280813841299030061,15666566753435024262,gripper_flip_rate,0.203125
gpu_0,base,clean/stack_blocks_three/episode_000030/0_447,stack_blocks_three,episode_000030,clean,,,,final_action,color_temperature,-0.1,,,,12280813841299030061,15666566753435024262,temporal_jerk_difference,0.0017512929625809193
gpu_0,base,clean/stack_blocks_three/episode_000030/0_447,stack_blocks_three,episode_000030,clean,,,,final_action,color_temperature,0.1,,,,12280813841299030061,4205121641594680140,action_relative_l2,0.11576385796070099
gpu_0,base,clean/stack_blocks_three/episode_000030/0_447,stack_blocks_three,episode_000030,clean,,,,final_action,color_temperature,0.1,,,,12280813841299030061,4205121641594680140,action_mean_abs,0.007807278539985418
gpu_0,base,clean/stack_blocks_three/episode_000030/0_447,stack_blocks_three,episode_000030,clean,,,,final_action,color_temperature,0.1,,,,12280813841299030061,4205121641594680140,action_relative_l2/first_25pct,0.0
gpu_0,base,clean/stack_blocks_three/episode_000030/0_447,stack_blocks_three,episode_000030,clean,,,,final_action,color_temperature,0.1,,,,12280813841299030061,4205121641594680140,action_relative_l2/last_75pct,0.12447327375411987
gpu_0,base,clean/stack_blocks_three/episode_000030/0_447,stack_blocks_three,episode_000030,clean,,,,final_action,color_temperature,0.1,,,,12280813841299030061,4205121641594680140,endpoint_l2/left_position,0.012775338254868984
gpu_0,base,clean/stack_blocks_three/episode_000030/0_447,stack_blocks_three,episode_000030,clean,,,,final_action,color_temperature,0.1,,,,12280813841299030061,4205121641594680140,endpoint_l2/right_position,0.007702951319515705
gpu_0,base,clean/stack_blocks_three/episode_000030/0_447,stack_blocks_three,episode_000030,clean,,,,final_action,color_temperature,0.1,,,,12280813841299030061,4205121641594680140,rotation_geodesic/left_rotation,0.0090121328830719
gpu_0,base,clean/stack_blocks_three/episode_000030/0_447,stack_blocks_three,episode_000030,clean,,,,final_action,color_temperature,0.1,,,,12280813841299030061,4205121641594680140,rotation_geodesic/right_rotation,0.019222643226385117
gpu_0,base,clean/stack_blocks_three/episode_000030/0_447,stack_blocks_three,episode_000030,clean,,,,final_action,color_temperature,0.1,,,,12280813841299030061,4205121641594680140,gripper_flip_rate,0.25
gpu_0,base,clean/stack_blocks_three/episode_000030/0_447,stack_blocks_three,episode_000030,clean,,,,final_action,color_temperature,0.1,,,,12280813841299030061,4205121641594680140,temporal_jerk_difference,0.0024915561079978943
gpu_0,base,clean/stack_blocks_three/episode_000030/0_447,stack_blocks_three,episode_000030,clean,,,,final_action,gamma,0.8,,,,12280813841299030061,12381315702077997941,action_relative_l2,0.0565849132835865
gpu_0,base,clean/stack_blocks_three/episode_000030/0_447,stack_blocks_three,episode_000030,clean,,,,final_action,gamma,0.8,,,,12280813841299030061,12381315702077997941,action_mean_abs,0.003787977620959282
gpu_0,base,clean/stack_blocks_three/episode_000030/0_447,stack_blocks_three,episode_000030,clean,,,,final_action,gamma,0.8,,,,12280813841299030061,12381315702077997941,action_relative_l2/first_25pct,0.0
gpu_0,base,clean/stack_blocks_three/episode_000030/0_447,stack_blocks_three,episode_000030,clean,,,,final_action,gamma,0.8,,,,12280813841299030061,12381315702077997941,action_relative_l2/last_75pct,0.060842037200927734
gpu_0,base,clean/stack_blocks_three/episode_000030/0_447,stack_blocks_three,episode_000030,clean,,,,final_action,gamma,0.8,,,,12280813841299030061,12381315702077997941,endpoint_l2/left_position,0.006322789471596479
gpu_0,base,clean/stack_blocks_three/episode_000030/0_447,stack_blocks_three,episode_000030,clean,,,,final_action,gamma,0.8,,,,12280813841299030061,12381315702077997941,endpoint_l2/right_position,0.003596346592530608
gpu_0,base,clean/stack_blocks_three/episode_000030/0_447,stack_blocks_three,episode_000030,clean,,,,final_action,gamma,0.8,,,,12280813841299030061,12381315702077997941,rotation_geodesic/left_rotation,0.0014461632817983627
gpu_0,base,clean/stack_blocks_three/episode_000030/0_447,stack_blocks_three,episode_000030,clean,,,,final_action,gamma,0.8,,,,12280813841299030061,12381315702077997941,rotation_geodesic/right_rotation,0.00959121435880661
gpu_0,base,clean/stack_blocks_three/episode_000030/0_447,stack_blocks_three,episode_000030,clean,,,,final_action,gamma,0.8,,,,12280813841299030061,12381315702077997941,gripper_flip_rate,0.0
gpu_0,base,clean/stack_blocks_three/episode_000030/0_447,stack_blocks_three,episode_000030,clean,,,,final_action,gamma,0.8,,,,12280813841299030061,12381315702077997941,temporal_jerk_difference,0.0017896152567118406
gpu_0,base,clean/stack_blocks_three/episode_000030/0_447,stack_blocks_three,episode_000030,clean,,,,final_action,gamma,1.2,,,,12280813841299030061,1479468069143235415,action_relative_l2,0.03974969685077667
gpu_0,base,clean/stack_blocks_three/episode_000030/0_447,stack_blocks_three,episode_000030,clean,,,,final_action,gamma,1.2,,,,12280813841299030061,1479468069143235415,action_mean_abs,0.0024654045701026917
gpu_0,base,clean/stack_blocks_three/episode_000030/0_447,stack_blocks_three,episode_000030,clean,,,,final_action,gamma,1.2,,,,12280813841299030061,1479468069143235415,action_relative_l2/first_25pct,0.0
gpu_0,base,clean/stack_blocks_three/episode_000030/0_447,stack_blocks_three,episode_000030,clean,,,,final_action,gamma,1.2,,,,12280813841299030061,1479468069143235415,action_relative_l2/last_75pct,0.04274023696780205
gpu_0,base,clean/stack_blocks_three/episode_000030/0_447,stack_blocks_three,episode_000030,clean,,,,final_action,gamma,1.2,,,,12280813841299030061,1479468069143235415,endpoint_l2/left_position,0.0025400416925549507
gpu_0,base,clean/stack_blocks_three/episode_000030/0_447,stack_blocks_three,episode_000030,clean,,,,final_action,gamma,1.2,,,,12280813841299030061,1479468069143235415,endpoint_l2/right_position,0.0013958658091723919
gpu_0,base,clean/stack_blocks_three/episode_000030/0_447,stack_blocks_three,episode_000030,clean,,,,final_action,gamma,1.2,,,,12280813841299030061,1479468069143235415,rotation_geodesic/left_rotation,0.0021259405184537172
gpu_0,base,clean/stack_blocks_three/episode_000030/0_447,stack_blocks_three,episode_000030,clean,,,,final_action,gamma,1.2,,,,12280813841299030061,1479468069143235415,rotation_geodesic/right_rotation,0.008202037774026394
gpu_0,base,clean/stack_blocks_three/episode_000030/0_447,stack_blocks_three,episode_000030,clean,,,,final_action,gamma,1.2,,,,12280813841299030061,1479468069143235415,gripper_flip_rate,0.0
gpu_0,base,clean/stack_blocks_three/episode_000030/0_447,stack_blocks_three,episode_000030,clean,,,,final_action,gamma,1.2,,,,12280813841299030061,1479468069143235415,temporal_jerk_difference,0.001672800979577005
gpu_0,base,clean/stack_blocks_three/episode_000030/0_447,stack_blocks_three,episode_000030,clean,,,,final_action,gaussian_blur_sigma,0.5,,,,12280813841299030061,11617124187135812490,action_relative_l2,0.009840981103479862
gpu_0,base,clean/stack_blocks_three/episode_000030/0_447,stack_blocks_three,episode_000030,clean,,,,final_action,gaussian_blur_sigma,0.5,,,,12280813841299030061,11617124187135812490,action_mean_abs,0.0006728693260811269
gpu_0,base,clean/stack_blocks_three/episode_000030/0_447,stack_blocks_three,episode_000030,clean,,,,final_action,gaussian_blur_sigma,0.5,,,,12280813841299030061,11617124187135812490,action_relative_l2/first_25pct,0.0
gpu_0,base,clean/stack_blocks_three/episode_000030/0_447,stack_blocks_three,episode_000030,clean,,,,final_action,gaussian_blur_sigma,0.5,,,,12280813841299030061,11617124187135812490,action_relative_l2/last_75pct,0.010581360198557377
gpu_0,base,clean/stack_blocks_three/episode_000030/0_447,stack_blocks_three,episode_000030,clean,,,,final_action,gaussian_blur_sigma,0.5,,,,12280813841299030061,11617124187135812490,endpoint_l2/left_position,0.002390556037425995
gpu_0,base,clean/stack_blocks_three/episode_000030/0_447,stack_blocks_three,episode_000030,clean,,,,final_action,gaussian_blur_sigma,0.5,,,,12280813841299030061,11617124187135812490,endpoint_l2/right_position,0.001167893409729004
gpu_0,base,clean/stack_blocks_three/episode_000030/0_447,stack_blocks_three,episode_000030,clean,,,,final_action,gaussian_blur_sigma,0.5,,,,12280813841299030061,11617124187135812490,rotation_geodesic/left_rotation,0.0004986636922694743
gpu_0,base,clean/stack_blocks_three/episode_000030/0_447,stack_blocks_three,episode_000030,clean,,,,final_action,gaussian_blur_sigma,0.5,,,,12280813841299030061,11617124187135812490,rotation_geodesic/right_rotation,0.0038433668669313192
gpu_0,base,clean/stack_blocks_three/episode_000030/0_447,stack_blocks_three,episode_000030,clean,,,,final_action,gaussian_blur_sigma,0.5,,,,12280813841299030061,11617124187135812490,gripper_flip_rate,0.0
gpu_0,base,clean/stack_blocks_three/episode_000030/0_447,stack_blocks_three,episode_000030,clean,,,,final_action,gaussian_blur_sigma,0.5,,,,12280813841299030061,11617124187135812490,temporal_jerk_difference,0.000750536157283932
gpu_0,base,clean/stack_blocks_three/episode_000030/0_447,stack_blocks_three,episode_000030,clean,,,,final_action,gaussian_blur_sigma,1.0,,,,12280813841299030061,18440392788514194603,action_relative_l2,0.03640136867761612
gpu_0,base,clean/stack_blocks_three/episode_000030/0_447,stack_blocks_three,episode_000030,clean,,,,final_action,gaussian_blur_sigma,1.0,,,,12280813841299030061,18440392788514194603,action_mean_abs,0.0024507474154233932
gpu_0,base,clean/stack_blocks_three/episode_000030/0_447,stack_blocks_three,episode_000030,clean,,,,final_action,gaussian_blur_sigma,1.0,,,,12280813841299030061,18440392788514194603,action_relative_l2/first_25pct,0.0
gpu_0,base,clean/stack_blocks_three/episode_000030/0_447,stack_blocks_three,episode_000030,clean,,,,final_action,gaussian_blur_sigma,1.0,,,,12280813841299030061,18440392788514194603,action_relative_l2/last_75pct,0.0391400009393692
gpu_0,base,clean/stack_blocks_three/episode_000030/0_447,stack_blocks_three,episode_000030,clean,,,,final_action,gaussian_blur_sigma,1.0,,,,12280813841299030061,18440392788514194603,endpoint_l2/left_position,0.001774636097252369
gpu_0,base,clean/stack_blocks_three/episode_000030/0_447,stack_blocks_three,episode_000030,clean,,,,final_action,gaussian_blur_sigma,1.0,,,,12280813841299030061,18440392788514194603,endpoint_l2/right_position,0.0017007056158035994
gpu_0,base,clean/stack_blocks_three/episode_000030/0_447,stack_blocks_three,episode_000030,clean,,,,final_action,gaussian_blur_sigma,1.0,,,,12280813841299030061,18440392788514194603,rotation_geodesic/left_rotation,0.000906405271962285
gpu_0,base,clean/stack_blocks_three/episode_000030/0_447,stack_blocks_three,episode_000030,clean,,,,final_action,gaussian_blur_sigma,1.0,,,,12280813841299030061,18440392788514194603,rotation_geodesic/right_rotation,0.008364618755877018
gpu_0,base,clean/stack_blocks_three/episode_000030/0_447,stack_blocks_three,episode_000030,clean,,,,final_action,gaussian_blur_sigma,1.0,,,,12280813841299030061,18440392788514194603,gripper_flip_rate,0.0
gpu_0,base,clean/stack_blocks_three/episode_000030/0_447,stack_blocks_three,episode_000030,clean,,,,final_action,gaussian_blur_sigma,1.0,,,,12280813841299030061,18440392788514194603,temporal_jerk_difference,0.0014933233615010977
gpu_0,base,clean/stack_blocks_three/episode_000030/0_447,stack_blocks_three,episode_000030,clean,,,,final_action,gaussian_noise_std,0.01,,,,12280813841299030061,318962294272706403,action_relative_l2,0.13784582912921906
gpu_0,base,clean/stack_blocks_three/episode_000030/0_447,stack_blocks_three,episode_000030,clean,,,,final_action,gaussian_noise_std,0.01,,,,12280813841299030061,318962294272706403,action_mean_abs,0.008756020106375217
gpu_0,base,clean/stack_blocks_three/episode_000030/0_447,stack_blocks_three,episode_000030,clean,,,,final_action,gaussian_noise_std,0.01,,,,12280813841299030061,318962294272706403,action_relative_l2/first_25pct,0.0
gpu_0,base,clean/stack_blocks_three/episode_000030/0_447,stack_blocks_three,episode_000030,clean,,,,final_action,gaussian_noise_std,0.01,,,,12280813841299030061,318962294272706403,action_relative_l2/last_75pct,0.14821656048297882
gpu_0,base,clean/stack_blocks_three/episode_000030/0_447,stack_blocks_three,episode_000030,clean,,,,final_action,gaussian_noise_std,0.01,,,,12280813841299030061,318962294272706403,endpoint_l2/left_position,0.011634442955255508
gpu_0,base,clean/stack_blocks_three/episode_000030/0_447,stack_blocks_three,episode_000030,clean,,,,final_action,gaussian_noise_std,0.01,,,,12280813841299030061,318962294272706403,endpoint_l2/right_position,0.007212408818304539
gpu_0,base,clean/stack_blocks_three/episode_000030/0_447,stack_blocks_three,episode_000030,clean,,,,final_action,gaussian_noise_std,0.01,,,,12280813841299030061,318962294272706403,rotation_geodesic/left_rotation,0.011852706782519817
gpu_0,base,clean/stack_blocks_three/episode_000030/0_447,stack_blocks_three,episode_000030,clean,,,,final_action,gaussian_noise_std,0.01,,,,12280813841299030061,318962294272706403,rotation_geodesic/right_rotation,0.015088934451341629
gpu_0,base,clean/stack_blocks_three/episode_000030/0_447,stack_blocks_three,episode_000030,clean,,,,final_action,gaussian_noise_std,0.01,,,,12280813841299030061,318962294272706403,gripper_flip_rate,0.0
gpu_0,base,clean/stack_blocks_three/episode_000030/0_447,stack_blocks_three,episode_000030,clean,,,,final_action,gaussian_noise_std,0.01,,,,12280813841299030061,318962294272706403,temporal_jerk_difference,0.002602300839498639
gpu_0,base,clean/stack_blocks_three/episode_000030/0_447,stack_blocks_three,episode_000030,clean,,,,final_action,gaussian_noise_std,0.03,,,,12280813841299030061,10916310403062362012,action_relative_l2,0.19690117239952087
gpu_0,base,clean/stack_blocks_three/episode_000030/0_447,stack_blocks_three,episode_000030,clean,,,,final_action,gaussian_noise_std,0.03,,,,12280813841299030061,10916310403062362012,action_mean_abs,0.014348382130265236
gpu_0,base,clean/stack_blocks_three/episode_000030/0_447,stack_blocks_three,episode_000030,clean,,,,final_action,gaussian_noise_std,0.03,,,,12280813841299030061,10916310403062362012,action_relative_l2/first_25pct,0.0
gpu_0,base,clean/stack_blocks_three/episode_000030/0_447,stack_blocks_three,episode_000030,clean,,,,final_action,gaussian_noise_std,0.03,,,,12280813841299030061,10916310403062362012,action_relative_l2/last_75pct,0.21171489357948303
gpu_0,base,clean/stack_blocks_three/episode_000030/0_447,stack_blocks_three,episode_000030,clean,,,,final_action,gaussian_noise_std,0.03,,,,12280813841299030061,10916310403062362012,endpoint_l2/left_position,0.028104141354560852
gpu_0,base,clean/stack_blocks_three/episode_000030/0_447,stack_blocks_three,episode_000030,clean,,,,final_action,gaussian_noise_std,0.03,,,,12280813841299030061,10916310403062362012,endpoint_l2/right_position,0.011587068438529968
gpu_0,base,clean/stack_blocks_three/episode_000030/0_447,stack_blocks_three,episode_000030,clean,,,,final_action,gaussian_noise_std,0.03,,,,12280813841299030061,10916310403062362012,rotation_geodesic/left_rotation,0.014287974685430527
gpu_0,base,clean/stack_blocks_three/episode_000030/0_447,stack_blocks_three,episode_000030,clean,,,,final_action,gaussian_noise_std,0.03,,,,12280813841299030061,10916310403062362012,rotation_geodesic/right_rotation,0.02423645183444023
gpu_0,base,clean/stack_blocks_three/episode_000030/0_447,stack_blocks_three,episode_000030,clean,,,,final_action,gaussian_noise_std,0.03,,,,12280813841299030061,10916310403062362012,gripper_flip_rate,0.0
gpu_0,base,clean/stack_blocks_three/episode_000030/0_447,stack_blocks_three,episode_000030,clean,,,,final_action,gaussian_noise_std,0.03,,,,12280813841299030061,10916310403062362012,temporal_jerk_difference,0.0032807914540171623
gpu_0,base,clean/stack_blocks_three/episode_000030/0_447,stack_blocks_three,episode_000030,clean,,,,final_action,identity,0.0,,,,12280813841299030061,,action_relative_l2,0.0
gpu_0,base,clean/stack_blocks_three/episode_000030/0_447,stack_blocks_three,episode_000030,clean,,,,final_action,identity,0.0,,,,12280813841299030061,,action_mean_abs,0.0
gpu_0,base,clean/stack_blocks_three/episode_000030/0_447,stack_blocks_three,episode_000030,clean,,,,final_action,identity,0.0,,,,12280813841299030061,,action_relative_l2/first_25pct,0.0
gpu_0,base,clean/stack_blocks_three/episode_000030/0_447,stack_blocks_three,episode_000030,clean,,,,final_action,identity,0.0,,,,12280813841299030061,,action_relative_l2/last_75pct,0.0
gpu_0,base,clean/stack_blocks_three/episode_000030/0_447,stack_blocks_three,episode_000030,clean,,,,final_action,identity,0.0,,,,12280813841299030061,,endpoint_l2/left_position,0.0
gpu_0,base,clean/stack_blocks_three/episode_000030/0_447,stack_blocks_three,episode_000030,clean,,,,final_action,identity,0.0,,,,12280813841299030061,,endpoint_l2/right_position,0.0
gpu_0,base,clean/stack_blocks_three/episode_000030/0_447,stack_blocks_three,episode_000030,clean,,,,final_action,identity,0.0,,,,12280813841299030061,,rotation_geodesic/left_rotation,0.000257400912232697
gpu_0,base,clean/stack_blocks_three/episode_000030/0_447,stack_blocks_three,episode_000030,clean,,,,final_action,identity,0.0,,,,12280813841299030061,,rotation_geodesic/right_rotation,0.0001473519077990204
gpu_0,base,clean/stack_blocks_three/episode_000030/0_447,stack_blocks_three,episode_000030,clean,,,,final_action,identity,0.0,,,,12280813841299030061,,gripper_flip_rate,0.0
gpu_0,base,clean/stack_blocks_three/episode_000030/0_447,stack_blocks_three,episode_000030,clean,,,,final_action,identity,0.0,,,,12280813841299030061,,temporal_jerk_difference,0.0
gpu_0,clean,clean/adjust_bottle/episode_000044/0_139,adjust_bottle,episode_000044,clean,,,,final_action,brightness,0.8,,,,204078420560127207,13345697289178260558,action_relative_l2,0.014098955318331718
gpu_0,clean,clean/adjust_bottle/episode_000044/0_139,adjust_bottle,episode_000044,clean,,,,final_action,brightness,0.8,,,,204078420560127207,13345697289178260558,action_mean_abs,0.0025996696203947067
gpu_0,clean,clean/adjust_bottle/episode_000044/0_139,adjust_bottle,episode_000044,clean,,,,final_action,brightness,0.8,,,,204078420560127207,13345697289178260558,action_relative_l2/first_25pct,0.0
gpu_0,clean,clean/adjust_bottle/episode_000044/0_139,adjust_bottle,episode_000044,clean,,,,final_action,brightness,0.8,,,,204078420560127207,13345697289178260558,action_relative_l2/last_75pct,0.01458811853080988
gpu_0,clean,clean/adjust_bottle/episode_000044/0_139,adjust_bottle,episode_000044,clean,,,,final_action,brightness,0.8,,,,204078420560127207,13345697289178260558,endpoint_l2/left_position,0.00854807160794735
gpu_0,clean,clean/adjust_bottle/episode_000044/0_139,adjust_bottle,episode_000044,clean,,,,final_action,brightness,0.8,,,,204078420560127207,13345697289178260558,endpoint_l2/right_position,0.01512162759900093
gpu_0,clean,clean/adjust_bottle/episode_000044/0_139,adjust_bottle,episode_000044,clean,,,,final_action,brightness,0.8,,,,204078420560127207,13345697289178260558,rotation_geodesic/left_rotation,0.005318503361195326
gpu_0,clean,clean/adjust_bottle/episode_000044/0_139,adjust_bottle,episode_000044,clean,,,,final_action,brightness,0.8,,,,204078420560127207,13345697289178260558,rotation_geodesic/right_rotation,0.016847960650920868
gpu_0,clean,clean/adjust_bottle/episode_000044/0_139,adjust_bottle,episode_000044,clean,,,,final_action,brightness,0.8,,,,204078420560127207,13345697289178260558,gripper_flip_rate,0.0
gpu_0,clean,clean/adjust_bottle/episode_000044/0_139,adjust_bottle,episode_000044,clean,,,,final_action,brightness,0.8,,,,204078420560127207,13345697289178260558,temporal_jerk_difference,0.002189802238717675
gpu_0,clean,clean/adjust_bottle/episode_000044/0_139,adjust_bottle,episode_000044,clean,,,,final_action,brightness,1.2,,,,204078420560127207,739887505226363588,action_relative_l2,0.01653454825282097
gpu_0,clean,clean/adjust_bottle/episode_000044/0_139,adjust_bottle,episode_000044,clean,,,,final_action,brightness,1.2,,,,204078420560127207,739887505226363588,action_mean_abs,0.0025460021570324898
gpu_0,clean,clean/adjust_bottle/episode_000044/0_139,adjust_bottle,episode_000044,clean,,,,final_action,brightness,1.2,,,,204078420560127207,739887505226363588,action_relative_l2/first_25pct,0.0
gpu_0,clean,clean/adjust_bottle/episode_000044/0_139,adjust_bottle,episode_000044,clean,,,,final_action,brightness,1.2,,,,204078420560127207,739887505226363588,action_relative_l2/last_75pct,0.017108215019106865
gpu_0,clean,clean/adjust_bottle/episode_000044/0_139,adjust_bottle,episode_000044,clean,,,,final_action,brightness,1.2,,,,204078420560127207,739887505226363588,endpoint_l2/left_position,0.0018117844592779875
gpu_0,clean,clean/adjust_bottle/episode_000044/0_139,adjust_bottle,episode_000044,clean,,,,final_action,brightness,1.2,,,,204078420560127207,739887505226363588,endpoint_l2/right_position,0.010950608178973198
gpu_0,clean,clean/adjust_bottle/episode_000044/0_139,adjust_bottle,episode_000044,clean,,,,final_action,brightness,1.2,,,,204078420560127207,739887505226363588,rotation_geodesic/left_rotation,0.0031857159920036793
gpu_0,clean,clean/adjust_bottle/episode_000044/0_139,adjust_bottle,episode_000044,clean,,,,final_action,brightness,1.2,,,,204078420560127207,739887505226363588,rotation_geodesic/right_rotation,0.02941335178911686
gpu_0,clean,clean/adjust_bottle/episode_000044/0_139,adjust_bottle,episode_000044,clean,,,,final_action,brightness,1.2,,,,204078420560127207,739887505226363588,gripper_flip_rate,0.0
gpu_0,clean,clean/adjust_bottle/episode_000044/0_139,adjust_bottle,episode_000044,clean,,,,final_action,brightness,1.2,,,,204078420560127207,739887505226363588,temporal_jerk_difference,0.001881287549622357
gpu_0,clean,clean/adjust_bottle/episode_000044/0_139,adjust_bottle,episode_000044,clean,,,,final_action,color_temperature,-0.1,,,,204078420560127207,765584118789078213,action_relative_l2,0.026073839515447617
gpu_0,clean,clean/adjust_bottle/episode_000044/0_139,adjust_bottle,episode_000044,clean,,,,final_action,color_temperature,-0.1,,,,204078420560127207,765584118789078213,action_mean_abs,0.0035821860656142235
gpu_0,clean,clean/adjust_bottle/episode_000044/0_139,adjust_bottle,episode_000044,clean,,,,final_action,color_temperature,-0.1,,,,204078420560127207,765584118789078213,action_relative_l2/first_25pct,0.0
gpu_0,clean,clean/adjust_bottle/episode_000044/0_139,adjust_bottle,episode_000044,clean,,,,final_action,color_temperature,-0.1,,,,204078420560127207,765584118789078213,action_relative_l2/last_75pct,0.026978472247719765
gpu_0,clean,clean/adjust_bottle/episode_000044/0_139,adjust_bottle,episode_000044,clean,,,,final_action,color_temperature,-0.1,,,,204078420560127207,765584118789078213,endpoint_l2/left_position,0.0047121294774115086
gpu_0,clean,clean/adjust_bottle/episode_000044/0_139,adjust_bottle,episode_000044,clean,,,,final_action,color_temperature,-0.1,,,,204078420560127207,765584118789078213,endpoint_l2/right_position,0.036206360906362534
gpu_0,clean,clean/adjust_bottle/episode_000044/0_139,adjust_bottle,episode_000044,clean,,,,final_action,color_temperature,-0.1,,,,204078420560127207,765584118789078213,rotation_geodesic/left_rotation,0.006611988414078951
gpu_0,clean,clean/adjust_bottle/episode_000044/0_139,adjust_bottle,episode_000044,clean,,,,final_action,color_temperature,-0.1,,,,204078420560127207,765584118789078213,rotation_geodesic/right_rotation,0.04026276245713234
gpu_0,clean,clean/adjust_bottle/episode_000044/0_139,adjust_bottle,episode_000044,clean,,,,final_action,color_temperature,-0.1,,,,204078420560127207,765584118789078213,gripper_flip_rate,0.0
gpu_0,clean,clean/adjust_bottle/episode_000044/0_139,adjust_bottle,episode_000044,clean,,,,final_action,color_temperature,-0.1,,,,204078420560127207,765584118789078213,temporal_jerk_difference,0.0015275690238922834
gpu_0,clean,clean/adjust_bottle/episode_000044/0_139,adjust_bottle,episode_000044,clean,,,,final_action,color_temperature,0.1,,,,204078420560127207,9775476510567872708,action_relative_l2,0.006661145016551018
gpu_0,clean,clean/adjust_bottle/episode_000044/0_139,adjust_bottle,episode_000044,clean,,,,final_action,color_temperature,0.1,,,,204078420560127207,9775476510567872708,action_mean_abs,0.000998149742372334
gpu_0,clean,clean/adjust_bottle/episode_000044/0_139,adjust_bottle,episode_000044,clean,,,,final_action,color_temperature,0.1,,,,204078420560127207,9775476510567872708,action_relative_l2/first_25pct,0.0
gpu_0,clean,clean/adjust_bottle/episode_000044/0_139,adjust_bottle,episode_000044,clean,,,,final_action,color_temperature,0.1,,,,204078420560127207,9775476510567872708,action_relative_l2/last_75pct,0.006892253644764423
gpu_0,clean,clean/adjust_bottle/episode_000044/0_139,adjust_bottle,episode_000044,clean,,,,final_action,color_temperature,0.1,,,,204078420560127207,9775476510567872708,endpoint_l2/left_position,0.001584343728609383
gpu_0,clean,clean/adjust_bottle/episode_000044/0_139,adjust_bottle,episode_000044,clean,,,,final_action,color_temperature,0.1,,,,204078420560127207,9775476510567872708,endpoint_l2/right_position,0.010003700852394104
gpu_0,clean,clean/adjust_bottle/episode_000044/0_139,adjust_bottle,episode_000044,clean,,,,final_action,color_temperature,0.1,,,,204078420560127207,9775476510567872708,rotation_geodesic/left_rotation,0.004137852229177952
gpu_0,clean,clean/adjust_bottle/episode_000044/0_139,adjust_bottle,episode_000044,clean,,,,final_action,color_temperature,0.1,,,,204078420560127207,9775476510567872708,rotation_geodesic/right_rotation,0.007535033859312534
gpu_0,clean,clean/adjust_bottle/episode_000044/0_139,adjust_bottle,episode_000044,clean,,,,final_action,color_temperature,0.1,,,,204078420560127207,9775476510567872708,gripper_flip_rate,0.0
gpu_0,clean,clean/adjust_bottle/episode_000044/0_139,adjust_bottle,episode_000044,clean,,,,final_action,color_temperature,0.1,,,,204078420560127207,9775476510567872708,temporal_jerk_difference,0.0013955157482996583
gpu_0,clean,clean/adjust_bottle/episode_000044/0_139,adjust_bottle,episode_000044,clean,,,,final_action,gamma,0.8,,,,204078420560127207,18087504126169967844,action_relative_l2,0.005890802945941687
gpu_0,clean,clean/adjust_bottle/episode_000044/0_139,adjust_bottle,episode_000044,clean,,,,final_action,gamma,0.8,,,,204078420560127207,18087504126169967844,action_mean_abs,0.0007172910263761878
gpu_0,clean,clean/adjust_bottle/episode_000044/0_139,adjust_bottle,episode_000044,clean,,,,final_action,gamma,0.8,,,,204078420560127207,18087504126169967844,action_relative_l2/first_25pct,0.0
gpu_0,clean,clean/adjust_bottle/episode_000044/0_139,adjust_bottle,episode_000044,clean,,,,final_action,gamma,0.8,,,,204078420560127207,18087504126169967844,action_relative_l2/last_75pct,0.006095184478908777
gpu_0,clean,clean/adjust_bottle/episode_000044/0_139,adjust_bottle,episode_000044,clean,,,,final_action,gamma,0.8,,,,204078420560127207,18087504126169967844,endpoint_l2/left_position,0.0009058968280442059
gpu_0,clean,clean/adjust_bottle/episode_000044/0_139,adjust_bottle,episode_000044,clean,,,,final_action,gamma,0.8,,,,204078420560127207,18087504126169967844,endpoint_l2/right_position,0.0007645189762115479
gpu_0,clean,clean/adjust_bottle/episode_000044/0_139,adjust_bottle,episode_000044,clean,,,,final_action,gamma,0.8,,,,204078420560127207,18087504126169967844,rotation_geodesic/left_rotation,0.0016129828291013837
gpu_0,clean,clean/adjust_bottle/episode_000044/0_139,adjust_bottle,episode_000044,clean,,,,final_action,gamma,0.8,,,,204078420560127207,18087504126169967844,rotation_geodesic/right_rotation,0.007550060749053955
gpu_0,clean,clean/adjust_bottle/episode_000044/0_139,adjust_bottle,episode_000044,clean,,,,final_action,gamma,0.8,,,,204078420560127207,18087504126169967844,gripper_flip_rate,0.0
gpu_0,clean,clean/adjust_bottle/episode_000044/0_139,adjust_bottle,episode_000044,clean,,,,final_action,gamma,0.8,,,,204078420560127207,18087504126169967844,temporal_jerk_difference,0.0015451429644599557
gpu_0,clean,clean/adjust_bottle/episode_000044/0_139,adjust_bottle,episode_000044,clean,,,,final_action,gamma,1.2,,,,204078420560127207,6964187763139144458,action_relative_l2,0.004294863436371088
gpu_0,clean,clean/adjust_bottle/episode_000044/0_139,adjust_bottle,episode_000044,clean,,,,final_action,gamma,1.2,,,,204078420560127207,6964187763139144458,action_mean_abs,0.0003955322317779064
gpu_0,clean,clean/adjust_bottle/episode_000044/0_139,adjust_bottle,episode_000044,clean,,,,final_action,gamma,1.2,,,,204078420560127207,6964187763139144458,action_relative_l2/first_25pct,0.0
gpu_0,clean,clean/adjust_bottle/episode_000044/0_139,adjust_bottle,episode_000044,clean,,,,final_action,gamma,1.2,,,,204078420560127207,6964187763139144458,action_relative_l2/last_75pct,0.00444387411698699
gpu_0,clean,clean/adjust_bottle/episode_000044/0_139,adjust_bottle,episode_000044,clean,,,,final_action,gamma,1.2,,,,204078420560127207,6964187763139144458,endpoint_l2/left_position,0.0
gpu_0,clean,clean/adjust_bottle/episode_000044/0_139,adjust_bottle,episode_000044,clean,,,,final_action,gamma,1.2,,,,204078420560127207,6964187763139144458,endpoint_l2/right_position,0.0024562093894928694
gpu_0,clean,clean/adjust_bottle/episode_000044/0_139,adjust_bottle,episode_000044,clean,,,,final_action,gamma,1.2,,,,204078420560127207,6964187763139144458,rotation_geodesic/left_rotation,0.0015657111071050167
gpu_0,clean,clean/adjust_bottle/episode_000044/0_139,adjust_bottle,episode_000044,clean,,,,final_action,gamma,1.2,,,,204078420560127207,6964187763139144458,rotation_geodesic/right_rotation,0.004258329980075359
gpu_0,clean,clean/adjust_bottle/episode_000044/0_139,adjust_bottle,episode_000044,clean,,,,final_action,gamma,1.2,,,,204078420560127207,6964187763139144458,gripper_flip_rate,0.0
gpu_0,clean,clean/adjust_bottle/episode_000044/0_139,adjust_bottle,episode_000044,clean,,,,final_action,gamma,1.2,,,,204078420560127207,6964187763139144458,temporal_jerk_difference,0.001261178869754076
gpu_0,clean,clean/adjust_bottle/episode_000044/0_139,adjust_bottle,episode_000044,clean,,,,final_action,gaussian_blur_sigma,0.5,,,,204078420560127207,7670735354293000251,action_relative_l2,0.004661907441914082
gpu_0,clean,clean/adjust_bottle/episode_000044/0_139,adjust_bottle,episode_000044,clean,,,,final_action,gaussian_blur_sigma,0.5,,,,204078420560127207,7670735354293000251,action_mean_abs,0.00040667440043762326
gpu_0,clean,clean/adjust_bottle/episode_000044/0_139,adjust_bottle,episode_000044,clean,,,,final_action,gaussian_blur_sigma,0.5,,,,204078420560127207,7670735354293000251,action_relative_l2/first_25pct,0.0
gpu_0,clean,clean/adjust_bottle/episode_000044/0_139,adjust_bottle,episode_000044,clean,,,,final_action,gaussian_blur_sigma,0.5,,,,204078420560127207,7670735354293000251,action_relative_l2/last_75pct,0.004823652561753988
gpu_0,clean,clean/adjust_bottle/episode_000044/0_139,adjust_bottle,episode_000044,clean,,,,final_action,gaussian_blur_sigma,0.5,,,,204078420560127207,7670735354293000251,endpoint_l2/left_position,0.0
gpu_0,clean,clean/adjust_bottle/episode_000044/0_139,adjust_bottle,episode_000044,clean,,,,final_action,gaussian_blur_sigma,0.5,,,,204078420560127207,7670735354293000251,endpoint_l2/right_position,0.000764504075050354
gpu_0,clean,clean/adjust_bottle/episode_000044/0_139,adjust_bottle,episode_000044,clean,,,,final_action,gaussian_blur_sigma,0.5,,,,204078420560127207,7670735354293000251,rotation_geodesic/left_rotation,0.0011392214801162481
gpu_0,clean,clean/adjust_bottle/episode_000044/0_139,adjust_bottle,episode_000044,clean,,,,final_action,gaussian_blur_sigma,0.5,,,,204078420560127207,7670735354293000251,rotation_geodesic/right_rotation,0.004296816419810057
gpu_0,clean,clean/adjust_bottle/episode_000044/0_139,adjust_bottle,episode_000044,clean,,,,final_action,gaussian_blur_sigma,0.5,,,,204078420560127207,7670735354293000251,gripper_flip_rate,0.0
gpu_0,clean,clean/adjust_bottle/episode_000044/0_139,adjust_bottle,episode_000044,clean,,,,final_action,gaussian_blur_sigma,0.5,,,,204078420560127207,7670735354293000251,temporal_jerk_difference,0.0011152818333357573
gpu_0,clean,clean/adjust_bottle/episode_000044/0_139,adjust_bottle,episode_000044,clean,,,,final_action,gaussian_blur_sigma,1.0,,,,204078420560127207,10294368508449037784,action_relative_l2,0.0056695532985031605
gpu_0,clean,clean/adjust_bottle/episode_000044/0_139,adjust_bottle,episode_000044,clean,,,,final_action,gaussian_blur_sigma,1.0,,,,204078420560127207,10294368508449037784,action_mean_abs,0.0006495798006653786
gpu_0,clean,clean/adjust_bottle/episode_000044/0_139,adjust_bottle,episode_000044,clean,,,,final_action,gaussian_blur_sigma,1.0,,,,204078420560127207,10294368508449037784,action_relative_l2/first_25pct,0.0
gpu_0,clean,clean/adjust_bottle/episode_000044/0_139,adjust_bottle,episode_000044,clean,,,,final_action,gaussian_blur_sigma,1.0,,,,204078420560127207,10294368508449037784,action_relative_l2/last_75pct,0.005866258405148983
gpu_0,clean,clean/adjust_bottle/episode_000044/0_139,adjust_bottle,episode_000044,clean,,,,final_action,gaussian_blur_sigma,1.0,,,,204078420560127207,10294368508449037784,endpoint_l2/left_position,0.0009058930445462465
gpu_0,clean,clean/adjust_bottle/episode_000044/0_139,adjust_bottle,episode_000044,clean,,,,final_action,gaussian_blur_sigma,1.0,,,,204078420560127207,10294368508449037784,endpoint_l2/right_position,0.003608816070482135
gpu_0,clean,clean/adjust_bottle/episode_000044/0_139,adjust_bottle,episode_000044,clean,,,,final_action,gaussian_blur_sigma,1.0,,,,204078420560127207,10294368508449037784,rotation_geodesic/left_rotation,0.0020656571723520756
gpu_0,clean,clean/adjust_bottle/episode_000044/0_139,adjust_bottle,episode_000044,clean,,,,final_action,gaussian_blur_sigma,1.0,,,,204078420560127207,10294368508449037784,rotation_geodesic/right_rotation,0.0071848235093057156
gpu_0,clean,clean/adjust_bottle/episode_000044/0_139,adjust_bottle,episode_000044,clean,,,,final_action,gaussian_blur_sigma,1.0,,,,204078420560127207,10294368508449037784,gripper_flip_rate,0.0
gpu_0,clean,clean/adjust_bottle/episode_000044/0_139,adjust_bottle,episode_000044,clean,,,,final_action,gaussian_blur_sigma,1.0,,,,204078420560127207,10294368508449037784,temporal_jerk_difference,0.0013089230051264167
gpu_0,clean,clean/adjust_bottle/episode_000044/0_139,adjust_bottle,episode_000044,clean,,,,final_action,gaussian_noise_std,0.01,,,,204078420560127207,11085467170365831463,action_relative_l2,0.03908844292163849
gpu_0,clean,clean/adjust_bottle/episode_000044/0_139,adjust_bottle,episode_000044,clean,,,,final_action,gaussian_noise_std,0.01,,,,204078420560127207,11085467170365831463,action_mean_abs,0.0048790848813951015
gpu_0,clean,clean/adjust_bottle/episode_000044/0_139,adjust_bottle,episode_000044,clean,,,,final_action,gaussian_noise_std,0.01,,,,204078420560127207,11085467170365831463,action_relative_l2/first_25pct,0.0
gpu_0,clean,clean/adjust_bottle/episode_000044/0_139,adjust_bottle,episode_000044,clean,,,,final_action,gaussian_noise_std,0.01,,,,204078420560127207,11085467170365831463,action_relative_l2/last_75pct,0.040444619953632355
gpu_0,clean,clean/adjust_bottle/episode_000044/0_139,adjust_bottle,episode_000044,clean,,,,final_action,gaussian_noise_std,0.01,,,,204078420560127207,11085467170365831463,endpoint_l2/left_position,0.0025550678838044405
gpu_0,clean,clean/adjust_bottle/episode_000044/0_139,adjust_bottle,episode_000044,clean,,,,final_action,gaussian_noise_std,0.01,,,,204078420560127207,11085467170365831463,endpoint_l2/right_position,0.03549417480826378
gpu_0,clean,clean/adjust_bottle/episode_000044/0_139,adjust_bottle,episode_000044,clean,,,,final_action,gaussian_noise_std,0.01,,,,204078420560127207,11085467170365831463,rotation_geodesic/left_rotation,0.005203388165682554
gpu_0,clean,clean/adjust_bottle/episode_000044/0_139,adjust_bottle,episode_000044,clean,,,,final_action,gaussian_noise_std,0.01,,,,204078420560127207,11085467170365831463,rotation_geodesic/right_rotation,0.06514721363782883
gpu_0,clean,clean/adjust_bottle/episode_000044/0_139,adjust_bottle,episode_000044,clean,,,,final_action,gaussian_noise_std,0.01,,,,204078420560127207,11085467170365831463,gripper_flip_rate,0.0
gpu_0,clean,clean/adjust_bottle/episode_000044/0_139,adjust_bottle,episode_000044,clean,,,,final_action,gaussian_noise_std,0.01,,,,204078420560127207,11085467170365831463,temporal_jerk_difference,0.002082300605252385
gpu_0,clean,clean/adjust_bottle/episode_000044/0_139,adjust_bottle,episode_000044,clean,,,,final_action,gaussian_noise_std,0.03,,,,204078420560127207,9801349385923051928,action_relative_l2,0.045577000826597214
gpu_0,clean,clean/adjust_bottle/episode_000044/0_139,adjust_bottle,episode_000044,clean,,,,final_action,gaussian_noise_std,0.03,,,,204078420560127207,9801349385923051928,action_mean_abs,0.006490948144346476
gpu_0,clean,clean/adjust_bottle/episode_000044/0_139,adjust_bottle,episode_000044,clean,,,,final_action,gaussian_noise_std,0.03,,,,204078420560127207,9801349385923051928,action_relative_l2/first_25pct,0.0
gpu_0,clean,clean/adjust_bottle/episode_000044/0_139,adjust_bottle,episode_000044,clean,,,,final_action,gaussian_noise_std,0.03,,,,204078420560127207,9801349385923051928,action_relative_l2/last_75pct,0.047158293426036835
gpu_0,clean,clean/adjust_bottle/episode_000044/0_139,adjust_bottle,episode_000044,clean,,,,final_action,gaussian_noise_std,0.03,,,,204078420560127207,9801349385923051928,endpoint_l2/left_position,0.003997047431766987
gpu_0,clean,clean/adjust_bottle/episode_000044/0_139,adjust_bottle,episode_000044,clean,,,,final_action,gaussian_noise_std,0.03,,,,204078420560127207,9801349385923051928,endpoint_l2/right_position,0.05310129374265671
gpu_0,clean,clean/adjust_bottle/episode_000044/0_139,adjust_bottle,episode_000044,clean,,,,final_action,gaussian_noise_std,0.03,,,,204078420560127207,9801349385923051928,rotation_geodesic/left_rotation,0.006937716156244278
gpu_0,clean,clean/adjust_bottle/episode_000044/0_139,adjust_bottle,episode_000044,clean,,,,final_action,gaussian_noise_std,0.03,,,,204078420560127207,9801349385923051928,rotation_geodesic/right_rotation,0.07455987483263016
gpu_0,clean,clean/adjust_bottle/episode_000044/0_139,adjust_bottle,episode_000044,clean,,,,final_action,gaussian_noise_std,0.03,,,,204078420560127207,9801349385923051928,gripper_flip_rate,0.0
gpu_0,clean,clean/adjust_bottle/episode_000044/0_139,adjust_bottle,episode_000044,clean,,,,final_action,gaussian_noise_std,0.03,,,,204078420560127207,9801349385923051928,temporal_jerk_difference,0.002531621139496565
gpu_0,clean,clean/adjust_bottle/episode_000044/0_139,adjust_bottle,episode_000044,clean,,,,final_action,identity,0.0,,,,204078420560127207,,action_relative_l2,0.0
gpu_0,clean,clean/adjust_bottle/episode_000044/0_139,adjust_bottle,episode_000044,clean,,,,final_action,identity,0.0,,,,204078420560127207,,action_mean_abs,0.0
gpu_0,clean,clean/adjust_bottle/episode_000044/0_139,adjust_bottle,episode_000044,clean,,,,final_action,identity,0.0,,,,204078420560127207,,action_relative_l2/first_25pct,0.0
gpu_0,clean,clean/adjust_bottle/episode_000044/0_139,adjust_bottle,episode_000044,clean,,,,final_action,identity,0.0,,,,204078420560127207,,action_relative_l2/last_75pct,0.0
gpu_0,clean,clean/adjust_bottle/episode_000044/0_139,adjust_bottle,episode_000044,clean,,,,final_action,identity,0.0,,,,204078420560127207,,endpoint_l2/left_position,0.0
gpu_0,clean,clean/adjust_bottle/episode_000044/0_139,adjust_bottle,episode_000044,clean,,,,final_action,identity,0.0,,,,204078420560127207,,endpoint_l2/right_position,0.0
gpu_0,clean,clean/adjust_bottle/episode_000044/0_139,adjust_bottle,episode_000044,clean,,,,final_action,identity,0.0,,,,204078420560127207,,rotation_geodesic/left_rotation,0.00015629030531272292
gpu_0,clean,clean/adjust_bottle/episode_000044/0_139,adjust_bottle,episode_000044,clean,,,,final_action,identity,0.0,,,,204078420560127207,,rotation_geodesic/right_rotation,0.00022102784714661539
gpu_0,clean,clean/adjust_bottle/episode_000044/0_139,adjust_bottle,episode_000044,clean,,,,final_action,identity,0.0,,,,204078420560127207,,gripper_flip_rate,0.0
gpu_0,clean,clean/adjust_bottle/episode_000044/0_139,adjust_bottle,episode_000044,clean,,,,final_action,identity,0.0,,,,204078420560127207,,temporal_jerk_difference,0.0
gpu_0,clean,clean/lift_pot/episode_000036/0_122,lift_pot,episode_000036,clean,,,,final_action,brightness,0.8,,,,17577961833213462126,13315783227415234401,action_relative_l2,0.013800297863781452
gpu_0,clean,clean/lift_pot/episode_000036/0_122,lift_pot,episode_000036,clean,,,,final_action,brightness,0.8,,,,17577961833213462126,13315783227415234401,action_mean_abs,0.0022474767174571753
gpu_0,clean,clean/lift_pot/episode_000036/0_122,lift_pot,episode_000036,clean,,,,final_action,brightness,0.8,,,,17577961833213462126,13315783227415234401,action_relative_l2/first_25pct,0.0
gpu_0,clean,clean/lift_pot/episode_000036/0_122,lift_pot,episode_000036,clean,,,,final_action,brightness,0.8,,,,17577961833213462126,13315783227415234401,action_relative_l2/last_75pct,0.014421297237277031
gpu_0,clean,clean/lift_pot/episode_000036/0_122,lift_pot,episode_000036,clean,,,,final_action,brightness,0.8,,,,17577961833213462126,13315783227415234401,endpoint_l2/left_position,0.008764680474996567
gpu_0,clean,clean/lift_pot/episode_000036/0_122,lift_pot,episode_000036,clean,,,,final_action,brightness,0.8,,,,17577961833213462126,13315783227415234401,endpoint_l2/right_position,0.007544240914285183
gpu_0,clean,clean/lift_pot/episode_000036/0_122,lift_pot,episode_000036,clean,,,,final_action,brightness,0.8,,,,17577961833213462126,13315783227415234401,rotation_geodesic/left_rotation,0.0076998090371489525
gpu_0,clean,clean/lift_pot/episode_000036/0_122,lift_pot,episode_000036,clean,,,,final_action,brightness,0.8,,,,17577961833213462126,13315783227415234401,rotation_geodesic/right_rotation,0.008528427220880985
gpu_0,clean,clean/lift_pot/episode_000036/0_122,lift_pot,episode_000036,clean,,,,final_action,brightness,0.8,,,,17577961833213462126,13315783227415234401,gripper_flip_rate,0.015625
gpu_0,clean,clean/lift_pot/episode_000036/0_122,lift_pot,episode_000036,clean,,,,final_action,brightness,0.8,,,,17577961833213462126,13315783227415234401,temporal_jerk_difference,0.0015205411473289132
gpu_0,clean,clean/lift_pot/episode_000036/0_122,lift_pot,episode_000036,clean,,,,final_action,brightness,1.2,,,,17577961833213462126,15651286266305293779,action_relative_l2,0.016384214162826538
gpu_0,clean,clean/lift_pot/episode_000036/0_122,lift_pot,episode_000036,clean,,,,final_action,brightness,1.2,,,,17577961833213462126,15651286266305293779,action_mean_abs,0.0017868507420644164
gpu_0,clean,clean/lift_pot/episode_000036/0_122,lift_pot,episode_000036,clean,,,,final_action,brightness,1.2,,,,17577961833213462126,15651286266305293779,action_relative_l2/first_25pct,0.0
gpu_0,clean,clean/lift_pot/episode_000036/0_122,lift_pot,episode_000036,clean,,,,final_action,brightness,1.2,,,,17577961833213462126,15651286266305293779,action_relative_l2/last_75pct,0.017121488228440285
gpu_0,clean,clean/lift_pot/episode_000036/0_122,lift_pot,episode_000036,clean,,,,final_action,brightness,1.2,,,,17577961833213462126,15651286266305293779,endpoint_l2/left_position,0.0016586357960477471
gpu_0,clean,clean/lift_pot/episode_000036/0_122,lift_pot,episode_000036,clean,,,,final_action,brightness,1.2,,,,17577961833213462126,15651286266305293779,endpoint_l2/right_position,0.004658005200326443
gpu_0,clean,clean/lift_pot/episode_000036/0_122,lift_pot,episode_000036,clean,,,,final_action,brightness,1.2,,,,17577961833213462126,15651286266305293779,rotation_geodesic/left_rotation,0.0009671335574239492
gpu_0,clean,clean/lift_pot/episode_000036/0_122,lift_pot,episode_000036,clean,,,,final_action,brightness,1.2,,,,17577961833213462126,15651286266305293779,rotation_geodesic/right_rotation,0.010624220594763756
gpu_0,clean,clean/lift_pot/episode_000036/0_122,lift_pot,episode_000036,clean,,,,final_action,brightness,1.2,,,,17577961833213462126,15651286266305293779,gripper_flip_rate,0.03125
gpu_0,clean,clean/lift_pot/episode_000036/0_122,lift_pot,episode_000036,clean,,,,final_action,brightness,1.2,,,,17577961833213462126,15651286266305293779,temporal_jerk_difference,0.0014832646120339632
gpu_0,clean,clean/lift_pot/episode_000036/0_122,lift_pot,episode_000036,clean,,,,final_action,color_temperature,-0.1,,,,17577961833213462126,1999528552783382123,action_relative_l2,0.012397059239447117
gpu_0,clean,clean/lift_pot/episode_000036/0_122,lift_pot,episode_000036,clean,,,,final_action,color_temperature,-0.1,,,,17577961833213462126,1999528552783382123,action_mean_abs,0.001734849181957543
gpu_0,clean,clean/lift_pot/episode_000036/0_122,lift_pot,episode_000036,clean,,,,final_action,color_temperature,-0.1,,,,17577961833213462126,1999528552783382123,action_relative_l2/first_25pct,0.0
gpu_0,clean,clean/lift_pot/episode_000036/0_122,lift_pot,episode_000036,clean,,,,final_action,color_temperature,-0.1,,,,17577961833213462126,1999528552783382123,action_relative_l2/last_75pct,0.012954914011061192
gpu_0,clean,clean/lift_pot/episode_000036/0_122,lift_pot,episode_000036,clean,,,,final_action,color_temperature,-0.1,,,,17577961833213462126,1999528552783382123,endpoint_l2/left_position,0.005831005051732063
gpu_0,clean,clean/lift_pot/episode_000036/0_122,lift_pot,episode_000036,clean,,,,final_action,color_temperature,-0.1,,,,17577961833213462126,1999528552783382123,endpoint_l2/right_position,0.00346419052220881
gpu_0,clean,clean/lift_pot/episode_000036/0_122,lift_pot,episode_000036,clean,,,,final_action,color_temperature,-0.1,,,,17577961833213462126,1999528552783382123,rotation_geodesic/left_rotation,0.0028339270502328873
gpu_0,clean,clean/lift_pot/episode_000036/0_122,lift_pot,episode_000036,clean,,,,final_action,color_temperature,-0.1,,,,17577961833213462126,1999528552783382123,rotation_geodesic/right_rotation,0.009003985673189163
gpu_0,clean,clean/lift_pot/episode_000036/0_122,lift_pot,episode_000036,clean,,,,final_action,color_temperature,-0.1,,,,17577961833213462126,1999528552783382123,gripper_flip_rate,0.03125
gpu_0,clean,clean/lift_pot/episode_000036/0_122,lift_pot,episode_000036,clean,,,,final_action,color_temperature,-0.1,,,,17577961833213462126,1999528552783382123,temporal_jerk_difference,0.00143082020804286
gpu_0,clean,clean/lift_pot/episode_000036/0_122,lift_pot,episode_000036,clean,,,,final_action,color_temperature,0.1,,,,17577961833213462126,10177751091444056485,action_relative_l2,0.008342624641954899
gpu_0,clean,clean/lift_pot/episode_000036/0_122,lift_pot,episode_000036,clean,,,,final_action,color_temperature,0.1,,,,17577961833213462126,10177751091444056485,action_mean_abs,0.0010529968421906233
gpu_0,clean,clean/lift_pot/episode_000036/0_122,lift_pot,episode_000036,clean,,,,final_action,color_temperature,0.1,,,,17577961833213462126,10177751091444056485,action_relative_l2/first_25pct,0.0
gpu_0,clean,clean/lift_pot/episode_000036/0_122,lift_pot,episode_000036,clean,,,,final_action,color_temperature,0.1,,,,17577961833213462126,10177751091444056485,action_relative_l2/last_75pct,0.008718034252524376
gpu_0,clean,clean/lift_pot/episode_000036/0_122,lift_pot,episode_000036,clean,,,,final_action,color_temperature,0.1,,,,17577961833213462126,10177751091444056485,endpoint_l2/left_position,0.0022472317796200514
gpu_0,clean,clean/lift_pot/episode_000036/0_122,lift_pot,episode_000036,clean,,,,final_action,color_temperature,0.1,,,,17577961833213462126,10177751091444056485,endpoint_l2/right_position,0.0011679008603096008
gpu_0,clean,clean/lift_pot/episode_000036/0_122,lift_pot,episode_000036,clean,,,,final_action,color_temperature,0.1,,,,17577961833213462126,10177751091444056485,rotation_geodesic/left_rotation,0.0027796514332294464
gpu_0,clean,clean/lift_pot/episode_000036/0_122,lift_pot,episode_000036,clean,,,,final_action,color_temperature,0.1,,,,17577961833213462126,10177751091444056485,rotation_geodesic/right_rotation,0.00529123330488801
gpu_0,clean,clean/lift_pot/episode_000036/0_122,lift_pot,episode_000036,clean,,,,final_action,color_temperature,0.1,,,,17577961833213462126,10177751091444056485,gripper_flip_rate,0.0
gpu_0,clean,clean/lift_pot/episode_000036/0_122,lift_pot,episode_000036,clean,,,,final_action,color_temperature,0.1,,,,17577961833213462126,10177751091444056485,temporal_jerk_difference,0.0012799950782209635
gpu_0,clean,clean/lift_pot/episode_000036/0_122,lift_pot,episode_000036,clean,,,,final_action,gamma,0.8,,,,17577961833213462126,6353452328526041640,action_relative_l2,0.0032517267391085625
gpu_0,clean,clean/lift_pot/episode_000036/0_122,lift_pot,episode_000036,clean,,,,final_action,gamma,0.8,,,,17577961833213462126,6353452328526041640,action_mean_abs,0.00023133837385103106
gpu_0,clean,clean/lift_pot/episode_000036/0_122,lift_pot,episode_000036,clean,,,,final_action,gamma,0.8,,,,17577961833213462126,6353452328526041640,action_relative_l2/first_25pct,0.0
gpu_0,clean,clean/lift_pot/episode_000036/0_122,lift_pot,episode_000036,clean,,,,final_action,gamma,0.8,,,,17577961833213462126,6353452328526041640,action_relative_l2/last_75pct,0.0033980507869273424
gpu_0,clean,clean/lift_pot/episode_000036/0_122,lift_pot,episode_000036,clean,,,,final_action,gamma,0.8,,,,17577961833213462126,6353452328526041640,endpoint_l2/left_position,0.0
gpu_0,clean,clean/lift_pot/episode_000036/0_122,lift_pot,episode_000036,clean,,,,final_action,gamma,0.8,,,,17577961833213462126,6353452328526041640,endpoint_l2/right_position,0.0
gpu_0,clean,clean/lift_pot/episode_000036/0_122,lift_pot,episode_000036,clean,,,,final_action,gamma,0.8,,,,17577961833213462126,6353452328526041640,rotation_geodesic/left_rotation,0.0005154430982656777
gpu_0,clean,clean/lift_pot/episode_000036/0_122,lift_pot,episode_000036,clean,,,,final_action,gamma,0.8,,,,17577961833213462126,6353452328526041640,rotation_geodesic/right_rotation,0.001901631010696292
gpu_0,clean,clean/lift_pot/episode_000036/0_122,lift_pot,episode_000036,clean,,,,final_action,gamma,0.8,,,,17577961833213462126,6353452328526041640,gripper_flip_rate,0.0
gpu_0,clean,clean/lift_pot/episode_000036/0_122,lift_pot,episode_000036,clean,,,,final_action,gamma,0.8,,,,17577961833213462126,6353452328526041640,temporal_jerk_difference,0.0006231570732779801
gpu_0,clean,clean/lift_pot/episode_000036/0_122,lift_pot,episode_000036,clean,,,,final_action,gamma,1.2,,,,17577961833213462126,6842099030399889944,action_relative_l2,0.0045212977565824986
gpu_0,clean,clean/lift_pot/episode_000036/0_122,lift_pot,episode_000036,clean,,,,final_action,gamma,1.2,,,,17577961833213462126,6842099030399889944,action_mean_abs,0.0003745508729480207
gpu_0,clean,clean/lift_pot/episode_000036/0_122,lift_pot,episode_000036,clean,,,,final_action,gamma,1.2,,,,17577961833213462126,6842099030399889944,action_relative_l2/first_25pct,0.0
gpu_0,clean,clean/lift_pot/episode_000036/0_122,lift_pot,episode_000036,clean,,,,final_action,gamma,1.2,,,,17577961833213462126,6842099030399889944,action_relative_l2/last_75pct,0.004724751226603985
gpu_0,clean,clean/lift_pot/episode_000036/0_122,lift_pot,episode_000036,clean,,,,final_action,gamma,1.2,,,,17577961833213462126,6842099030399889944,endpoint_l2/left_position,0.0
gpu_0,clean,clean/lift_pot/episode_000036/0_122,lift_pot,episode_000036,clean,,,,final_action,gamma,1.2,,,,17577961833213462126,6842099030399889944,endpoint_l2/right_position,0.0005839541554450989
gpu_0,clean,clean/lift_pot/episode_000036/0_122,lift_pot,episode_000036,clean,,,,final_action,gamma,1.2,,,,17577961833213462126,6842099030399889944,rotation_geodesic/left_rotation,0.0009681184310466051
gpu_0,clean,clean/lift_pot/episode_000036/0_122,lift_pot,episode_000036,clean,,,,final_action,gamma,1.2,,,,17577961833213462126,6842099030399889944,rotation_geodesic/right_rotation,0.002977400552481413
gpu_0,clean,clean/lift_pot/episode_000036/0_122,lift_pot,episode_000036,clean,,,,final_action,gamma,1.2,,,,17577961833213462126,6842099030399889944,gripper_flip_rate,0.015625
gpu_0,clean,clean/lift_pot/episode_000036/0_122,lift_pot,episode_000036,clean,,,,final_action,gamma,1.2,,,,17577961833213462126,6842099030399889944,temporal_jerk_difference,0.0007809735834598541
gpu_0,clean,clean/lift_pot/episode_000036/0_122,lift_pot,episode_000036,clean,,,,final_action,gaussian_blur_sigma,0.5,,,,17577961833213462126,2411143882443501827,action_relative_l2,0.0024398816749453545
gpu_0,clean,clean/lift_pot/episode_000036/0_122,lift_pot,episode_000036,clean,,,,final_action,gaussian_blur_sigma,0.5,,,,17577961833213462126,2411143882443501827,action_mean_abs,0.00014689618546981364
gpu_0,clean,clean/lift_pot/episode_000036/0_122,lift_pot,episode_000036,clean,,,,final_action,gaussian_blur_sigma,0.5,,,,17577961833213462126,2411143882443501827,action_relative_l2/first_25pct,0.0
gpu_0,clean,clean/lift_pot/episode_000036/0_122,lift_pot,episode_000036,clean,,,,final_action,gaussian_blur_sigma,0.5,,,,17577961833213462126,2411143882443501827,action_relative_l2/last_75pct,0.0025496738962829113
gpu_0,clean,clean/lift_pot/episode_000036/0_122,lift_pot,episode_000036,clean,,,,final_action,gaussian_blur_sigma,0.5,,,,17577961833213462126,2411143882443501827,endpoint_l2/left_position,0.0
gpu_0,clean,clean/lift_pot/episode_000036/0_122,lift_pot,episode_000036,clean,,,,final_action,gaussian_blur_sigma,0.5,,,,17577961833213462126,2411143882443501827,endpoint_l2/right_position,0.0
gpu_0,clean,clean/lift_pot/episode_000036/0_122,lift_pot,episode_000036,clean,,,,final_action,gaussian_blur_sigma,0.5,,,,17577961833213462126,2411143882443501827,rotation_geodesic/left_rotation,4.31583721365314e-05
gpu_0,clean,clean/lift_pot/episode_000036/0_122,lift_pot,episode_000036,clean,,,,final_action,gaussian_blur_sigma,0.5,,,,17577961833213462126,2411143882443501827,rotation_geodesic/right_rotation,0.0014595717657357454
gpu_0,clean,clean/lift_pot/episode_000036/0_122,lift_pot,episode_000036,clean,,,,final_action,gaussian_blur_sigma,0.5,,,,17577961833213462126,2411143882443501827,gripper_flip_rate,0.0
gpu_0,clean,clean/lift_pot/episode_000036/0_122,lift_pot,episode_000036,clean,,,,final_action,gaussian_blur_sigma,0.5,,,,17577961833213462126,2411143882443501827,temporal_jerk_difference,0.0005509434267878532
gpu_0,clean,clean/lift_pot/episode_000036/0_122,lift_pot,episode_000036,clean,,,,final_action,gaussian_blur_sigma,1.0,,,,17577961833213462126,3972136155124481923,action_relative_l2,0.0032694379333406687
gpu_0,clean,clean/lift_pot/episode_000036/0_122,lift_pot,episode_000036,clean,,,,final_action,gaussian_blur_sigma,1.0,,,,17577961833213462126,3972136155124481923,action_mean_abs,0.00026484811678528786
gpu_0,clean,clean/lift_pot/episode_000036/0_122,lift_pot,episode_000036,clean,,,,final_action,gaussian_blur_sigma,1.0,,,,17577961833213462126,3972136155124481923,action_relative_l2/first_25pct,0.0
gpu_0,clean,clean/lift_pot/episode_000036/0_122,lift_pot,episode_000036,clean,,,,final_action,gaussian_blur_sigma,1.0,,,,17577961833213462126,3972136155124481923,action_relative_l2/last_75pct,0.0034165591932833195
gpu_0,clean,clean/lift_pot/episode_000036/0_122,lift_pot,episode_000036,clean,,,,final_action,gaussian_blur_sigma,1.0,,,,17577961833213462126,3972136155124481923,endpoint_l2/left_position,0.0004595518112182617
gpu_0,clean,clean/lift_pot/episode_000036/0_122,lift_pot,episode_000036,clean,,,,final_action,gaussian_blur_sigma,1.0,,,,17577961833213462126,3972136155124481923,endpoint_l2/right_position,0.0
gpu_0,clean,clean/lift_pot/episode_000036/0_122,lift_pot,episode_000036,clean,,,,final_action,gaussian_blur_sigma,1.0,,,,17577961833213462126,3972136155124481923,rotation_geodesic/left_rotation,0.0005154430982656777
gpu_0,clean,clean/lift_pot/episode_000036/0_122,lift_pot,episode_000036,clean,,,,final_action,gaussian_blur_sigma,1.0,,,,17577961833213462126,3972136155124481923,rotation_geodesic/right_rotation,0.0017147671896964312
gpu_0,clean,clean/lift_pot/episode_000036/0_122,lift_pot,episode_000036,clean,,,,final_action,gaussian_blur_sigma,1.0,,,,17577961833213462126,3972136155124481923,gripper_flip_rate,0.0
gpu_0,clean,clean/lift_pot/episode_000036/0_122,lift_pot,episode_000036,clean,,,,final_action,gaussian_blur_sigma,1.0,,,,17577961833213462126,3972136155124481923,temporal_jerk_difference,0.0007695964886806905
gpu_0,clean,clean/lift_pot/episode_000036/0_122,lift_pot,episode_000036,clean,,,,final_action,gaussian_noise_std,0.01,,,,17577961833213462126,16131106979869811596,action_relative_l2,0.010288272053003311
gpu_0,clean,clean/lift_pot/episode_000036/0_122,lift_pot,episode_000036,clean,,,,final_action,gaussian_noise_std,0.01,,,,17577961833213462126,16131106979869811596,action_mean_abs,0.00134383758995682
gpu_0,clean,clean/lift_pot/episode_000036/0_122,lift_pot,episode_000036,clean,,,,final_action,gaussian_noise_std,0.01,,,,17577961833213462126,16131106979869811596,action_relative_l2/first_25pct,0.0
gpu_0,clean,clean/lift_pot/episode_000036/0_122,lift_pot,episode_000036,clean,,,,final_action,gaussian_noise_std,0.01,,,,17577961833213462126,16131106979869811596,action_relative_l2/last_75pct,0.01075123343616724
gpu_0,clean,clean/lift_pot/episode_000036/0_122,lift_pot,episode_000036,clean,,,,final_action,gaussian_noise_std,0.01,,,,17577961833213462126,16131106979869811596,endpoint_l2/left_position,0.004435868002474308
gpu_0,clean,clean/lift_pot/episode_000036/0_122,lift_pot,episode_000036,clean,,,,final_action,gaussian_noise_std,0.01,,,,17577961833213462126,16131106979869811596,endpoint_l2/right_position,0.002886052243411541
gpu_0,clean,clean/lift_pot/episode_000036/0_122,lift_pot,episode_000036,clean,,,,final_action,gaussian_noise_std,0.01,,,,17577961833213462126,16131106979869811596,rotation_geodesic/left_rotation,0.005809240508824587
gpu_0,clean,clean/lift_pot/episode_000036/0_122,lift_pot,episode_000036,clean,,,,final_action,gaussian_noise_std,0.01,,,,17577961833213462126,16131106979869811596,rotation_geodesic/right_rotation,0.00705703254789114
gpu_0,clean,clean/lift_pot/episode_000036/0_122,lift_pot,episode_000036,clean,,,,final_action,gaussian_noise_std,0.01,,,,17577961833213462126,16131106979869811596,gripper_flip_rate,0.015625
gpu_0,clean,clean/lift_pot/episode_000036/0_122,lift_pot,episode_000036,clean,,,,final_action,gaussian_noise_std,0.01,,,,17577961833213462126,16131106979869811596,temporal_jerk_difference,0.0013656638329848647
gpu_0,clean,clean/lift_pot/episode_000036/0_122,lift_pot,episode_000036,clean,,,,final_action,gaussian_noise_std,0.03,,,,17577961833213462126,7993565358138601669,action_relative_l2,0.11187310516834259
gpu_0,clean,clean/lift_pot/episode_000036/0_122,lift_pot,episode_000036,clean,,,,final_action,gaussian_noise_std,0.03,,,,17577961833213462126,7993565358138601669,action_mean_abs,0.008375787176191807
gpu_0,clean,clean/lift_pot/episode_000036/0_122,lift_pot,episode_000036,clean,,,,final_action,gaussian_noise_std,0.03,,,,17577961833213462126,7993565358138601669,action_relative_l2/first_25pct,0.0
gpu_0,clean,clean/lift_pot/episode_000036/0_122,lift_pot,episode_000036,clean,,,,final_action,gaussian_noise_std,0.03,,,,17577961833213462126,7993565358138601669,action_relative_l2/last_75pct,0.1169072762131691
gpu_0,clean,clean/lift_pot/episode_000036/0_122,lift_pot,episode_000036,clean,,,,final_action,gaussian_noise_std,0.03,,,,17577961833213462126,7993565358138601669,endpoint_l2/left_position,0.013882131315767765
gpu_0,clean,clean/lift_pot/episode_000036/0_122,lift_pot,episode_000036,clean,,,,final_action,gaussian_noise_std,0.03,,,,17577961833213462126,7993565358138601669,endpoint_l2/right_position,0.008247463032603264
gpu_0,clean,clean/lift_pot/episode_000036/0_122,lift_pot,episode_000036,clean,,,,final_action,gaussian_noise_std,0.03,,,,17577961833213462126,7993565358138601669,rotation_geodesic/left_rotation,0.007718621753156185
gpu_0,clean,clean/lift_pot/episode_000036/0_122,lift_pot,episode_000036,clean,,,,final_action,gaussian_noise_std,0.03,,,,17577961833213462126,7993565358138601669,rotation_geodesic/right_rotation,0.008038786239922047
gpu_0,clean,clean/lift_pot/episode_000036/0_122,lift_pot,episode_000036,clean,,,,final_action,gaussian_noise_std,0.03,,,,17577961833213462126,7993565358138601669,gripper_flip_rate,0.0625
gpu_0,clean,clean/lift_pot/episode_000036/0_122,lift_pot,episode_000036,clean,,,,final_action,gaussian_noise_std,0.03,,,,17577961833213462126,7993565358138601669,temporal_jerk_difference,0.0018286999547854066
gpu_0,clean,clean/lift_pot/episode_000036/0_122,lift_pot,episode_000036,clean,,,,final_action,identity,0.0,,,,17577961833213462126,,action_relative_l2,0.0
gpu_0,clean,clean/lift_pot/episode_000036/0_122,lift_pot,episode_000036,clean,,,,final_action,identity,0.0,,,,17577961833213462126,,action_mean_abs,0.0
gpu_0,clean,clean/lift_pot/episode_000036/0_122,lift_pot,episode_000036,clean,,,,final_action,identity,0.0,,,,17577961833213462126,,action_relative_l2/first_25pct,0.0
gpu_0,clean,clean/lift_pot/episode_000036/0_122,lift_pot,episode_000036,clean,,,,final_action,identity,0.0,,,,17577961833213462126,,action_relative_l2/last_75pct,0.0
gpu_0,clean,clean/lift_pot/episode_000036/0_122,lift_pot,episode_000036,clean,,,,final_action,identity,0.0,,,,17577961833213462126,,endpoint_l2/left_position,0.0
gpu_0,clean,clean/lift_pot/episode_000036/0_122,lift_pot,episode_000036,clean,,,,final_action,identity,0.0,,,,17577961833213462126,,endpoint_l2/right_position,0.0
gpu_0,clean,clean/lift_pot/episode_000036/0_122,lift_pot,episode_000036,clean,,,,final_action,identity,0.0,,,,17577961833213462126,,rotation_geodesic/left_rotation,4.31583721365314e-05
gpu_0,clean,clean/lift_pot/episode_000036/0_122,lift_pot,episode_000036,clean,,,,final_action,identity,0.0,,,,17577961833213462126,,rotation_geodesic/right_rotation,0.0001994486665353179
gpu_0,clean,clean/lift_pot/episode_000036/0_122,lift_pot,episode_000036,clean,,,,final_action,identity,0.0,,,,17577961833213462126,,gripper_flip_rate,0.0
gpu_0,clean,clean/lift_pot/episode_000036/0_122,lift_pot,episode_000036,clean,,,,final_action,identity,0.0,,,,17577961833213462126,,temporal_jerk_difference,0.0
gpu_0,clean,clean/place_bread_basket/episode_000044/0_226,place_bread_basket,episode_000044,clean,,,,final_action,brightness,0.8,,,,5786497539863217079,16637397944084601428,action_relative_l2,0.022327015176415443
gpu_0,clean,clean/place_bread_basket/episode_000044/0_226,place_bread_basket,episode_000044,clean,,,,final_action,brightness,0.8,,,,5786497539863217079,16637397944084601428,action_mean_abs,0.00450873002409935
gpu_0,clean,clean/place_bread_basket/episode_000044/0_226,place_bread_basket,episode_000044,clean,,,,final_action,brightness,0.8,,,,5786497539863217079,16637397944084601428,action_relative_l2/first_25pct,0.0
gpu_0,clean,clean/place_bread_basket/episode_000044/0_226,place_bread_basket,episode_000044,clean,,,,final_action,brightness,0.8,,,,5786497539863217079,16637397944084601428,action_relative_l2/last_75pct,0.023100629448890686
gpu_0,clean,clean/place_bread_basket/episode_000044/0_226,place_bread_basket,episode_000044,clean,,,,final_action,brightness,0.8,,,,5786497539863217079,16637397944084601428,endpoint_l2/left_position,0.02211342379450798
gpu_0,clean,clean/place_bread_basket/episode_000044/0_226,place_bread_basket,episode_000044,clean,,,,final_action,brightness,0.8,,,,5786497539863217079,16637397944084601428,endpoint_l2/right_position,0.03070712462067604
gpu_0,clean,clean/place_bread_basket/episode_000044/0_226,place_bread_basket,episode_000044,clean,,,,final_action,brightness,0.8,,,,5786497539863217079,16637397944084601428,rotation_geodesic/left_rotation,0.021259641274809837
gpu_0,clean,clean/place_bread_basket/episode_000044/0_226,place_bread_basket,episode_000044,clean,,,,final_action,brightness,0.8,,,,5786497539863217079,16637397944084601428,rotation_geodesic/right_rotation,0.022321775555610657
gpu_0,clean,clean/place_bread_basket/episode_000044/0_226,place_bread_basket,episode_000044,clean,,,,final_action,brightness,0.8,,,,5786497539863217079,16637397944084601428,gripper_flip_rate,0.0
gpu_0,clean,clean/place_bread_basket/episode_000044/0_226,place_bread_basket,episode_000044,clean,,,,final_action,brightness,0.8,,,,5786497539863217079,16637397944084601428,temporal_jerk_difference,0.002148079453036189
gpu_0,clean,clean/place_bread_basket/episode_000044/0_226,place_bread_basket,episode_000044,clean,,,,final_action,brightness,1.2,,,,5786497539863217079,6069960733776850870,action_relative_l2,0.01435398031026125
gpu_0,clean,clean/place_bread_basket/episode_000044/0_226,place_bread_basket,episode_000044,clean,,,,final_action,brightness,1.2,,,,5786497539863217079,6069960733776850870,action_mean_abs,0.0022528718691319227
gpu_0,clean,clean/place_bread_basket/episode_000044/0_226,place_bread_basket,episode_000044,clean,,,,final_action,brightness,1.2,,,,5786497539863217079,6069960733776850870,action_relative_l2/first_25pct,0.0
gpu_0,clean,clean/place_bread_basket/episode_000044/0_226,place_bread_basket,episode_000044,clean,,,,final_action,brightness,1.2,,,,5786497539863217079,6069960733776850870,action_relative_l2/last_75pct,0.014851335436105728
gpu_0,clean,clean/place_bread_basket/episode_000044/0_226,place_bread_basket,episode_000044,clean,,,,final_action,brightness,1.2,,,,5786497539863217079,6069960733776850870,endpoint_l2/left_position,0.005593958310782909
gpu_0,clean,clean/place_bread_basket/episode_000044/0_226,place_bread_basket,episode_000044,clean,,,,final_action,brightness,1.2,,,,5786497539863217079,6069960733776850870,endpoint_l2/right_position,0.019971024245023727
gpu_0,clean,clean/place_bread_basket/episode_000044/0_226,place_bread_basket,episode_000044,clean,,,,final_action,brightness,1.2,,,,5786497539863217079,6069960733776850870,rotation_geodesic/left_rotation,0.009121319279074669
gpu_0,clean,clean/place_bread_basket/episode_000044/0_226,place_bread_basket,episode_000044,clean,,,,final_action,brightness,1.2,,,,5786497539863217079,6069960733776850870,rotation_geodesic/right_rotation,0.022869514301419258
gpu_0,clean,clean/place_bread_basket/episode_000044/0_226,place_bread_basket,episode_000044,clean,,,,final_action,brightness,1.2,,,,5786497539863217079,6069960733776850870,gripper_flip_rate,0.0
gpu_0,clean,clean/place_bread_basket/episode_000044/0_226,place_bread_basket,episode_000044,clean,,,,final_action,brightness,1.2,,,,5786497539863217079,6069960733776850870,temporal_jerk_difference,0.001891550375148654
gpu_0,clean,clean/place_bread_basket/episode_000044/0_226,place_bread_basket,episode_000044,clean,,,,final_action,color_temperature,-0.1,,,,5786497539863217079,211013147244849259,action_relative_l2,0.013340210542082787
gpu_0,clean,clean/place_bread_basket/episode_000044/0_226,place_bread_basket,episode_000044,clean,,,,final_action,color_temperature,-0.1,,,,5786497539863217079,211013147244849259,action_mean_abs,0.0026989139150828123
gpu_0,clean,clean/place_bread_basket/episode_000044/0_226,place_bread_basket,episode_000044,clean,,,,final_action,color_temperature,-0.1,,,,5786497539863217079,211013147244849259,action_relative_l2/first_25pct,0.0
gpu_0,clean,clean/place_bread_basket/episode_000044/0_226,place_bread_basket,episode_000044,clean,,,,final_action,color_temperature,-0.1,,,,5786497539863217079,211013147244849259,action_relative_l2/last_75pct,0.013802438974380493
gpu_0,clean,clean/place_bread_basket/episode_000044/0_226,place_bread_basket,episode_000044,clean,,,,final_action,color_temperature,-0.1,,,,5786497539863217079,211013147244849259,endpoint_l2/left_position,0.007865358144044876
gpu_0,clean,clean/place_bread_basket/episode_000044/0_226,place_bread_basket,episode_000044,clean,,,,final_action,color_temperature,-0.1,,,,5786497539863217079,211013147244849259,endpoint_l2/right_position,0.020986756309866905
gpu_0,clean,clean/place_bread_basket/episode_000044/0_226,place_bread_basket,episode_000044,clean,,,,final_action,color_temperature,-0.1,,,,5786497539863217079,211013147244849259,rotation_geodesic/left_rotation,0.00811862200498581
gpu_0,clean,clean/place_bread_basket/episode_000044/0_226,place_bread_basket,episode_000044,clean,,,,final_action,color_temperature,-0.1,,,,5786497539863217079,211013147244849259,rotation_geodesic/right_rotation,0.016838498413562775
gpu_0,clean,clean/place_bread_basket/episode_000044/0_226,place_bread_basket,episode_000044,clean,,,,final_action,color_temperature,-0.1,,,,5786497539863217079,211013147244849259,gripper_flip_rate,0.0
gpu_0,clean,clean/place_bread_basket/episode_000044/0_226,place_bread_basket,episode_000044,clean,,,,final_action,color_temperature,-0.1,,,,5786497539863217079,211013147244849259,temporal_jerk_difference,0.0022802352905273438
gpu_0,clean,clean/place_bread_basket/episode_000044/0_226,place_bread_basket,episode_000044,clean,,,,final_action,color_temperature,0.1,,,,5786497539863217079,1436178128472113803,action_relative_l2,0.009066592901945114
gpu_0,clean,clean/place_bread_basket/episode_000044/0_226,place_bread_basket,episode_000044,clean,,,,final_action,color_temperature,0.1,,,,5786497539863217079,1436178128472113803,action_mean_abs,0.00136527547147125
gpu_0,clean,clean/place_bread_basket/episode_000044/0_226,place_bread_basket,episode_000044,clean,,,,final_action,color_temperature,0.1,,,,5786497539863217079,1436178128472113803,action_relative_l2/first_25pct,0.0
gpu_0,clean,clean/place_bread_basket/episode_000044/0_226,place_bread_basket,episode_000044,clean,,,,final_action,color_temperature,0.1,,,,5786497539863217079,1436178128472113803,action_relative_l2/last_75pct,0.009380743838846684
gpu_0,clean,clean/place_bread_basket/episode_000044/0_226,place_bread_basket,episode_000044,clean,,,,final_action,color_temperature,0.1,,,,5786497539863217079,1436178128472113803,endpoint_l2/left_position,0.004460261203348637
gpu_0,clean,clean/place_bread_basket/episode_000044/0_226,place_bread_basket,episode_000044,clean,,,,final_action,color_temperature,0.1,,,,5786497539863217079,1436178128472113803,endpoint_l2/right_position,0.005968682002276182
gpu_0,clean,clean/place_bread_basket/episode_000044/0_226,place_bread_basket,episode_000044,clean,,,,final_action,color_temperature,0.1,,,,5786497539863217079,1436178128472113803,rotation_geodesic/left_rotation,0.007834333926439285
gpu_0,clean,clean/place_bread_basket/episode_000044/0_226,place_bread_basket,episode_000044,clean,,,,final_action,color_temperature,0.1,,,,5786497539863217079,1436178128472113803,rotation_geodesic/right_rotation,0.010295563377439976
gpu_0,clean,clean/place_bread_basket/episode_000044/0_226,place_bread_basket,episode_000044,clean,,,,final_action,color_temperature,0.1,,,,5786497539863217079,1436178128472113803,gripper_flip_rate,0.0
gpu_0,clean,clean/place_bread_basket/episode_000044/0_226,place_bread_basket,episode_000044,clean,,,,final_action,color_temperature,0.1,,,,5786497539863217079,1436178128472113803,temporal_jerk_difference,0.001934729516506195
gpu_0,clean,clean/place_bread_basket/episode_000044/0_226,place_bread_basket,episode_000044,clean,,,,final_action,gamma,0.8,,,,5786497539863217079,8532596611837617652,action_relative_l2,0.005005388520658016
gpu_0,clean,clean/place_bread_basket/episode_000044/0_226,place_bread_basket,episode_000044,clean,,,,final_action,gamma,0.8,,,,5786497539863217079,8532596611837617652,action_mean_abs,0.0005414659390226007
gpu_0,clean,clean/place_bread_basket/episode_000044/0_226,place_bread_basket,episode_000044,clean,,,,final_action,gamma,0.8,,,,5786497539863217079,8532596611837617652,action_relative_l2/first_25pct,0.0
gpu_0,clean,clean/place_bread_basket/episode_000044/0_226,place_bread_basket,episode_000044,clean,,,,final_action,gamma,0.8,,,,5786497539863217079,8532596611837617652,action_relative_l2/last_75pct,0.00517882127314806
gpu_0,clean,clean/place_bread_basket/episode_000044/0_226,place_bread_basket,episode_000044,clean,,,,final_action,gamma,0.8,,,,5786497539863217079,8532596611837617652,endpoint_l2/left_position,0.0012059117434546351
gpu_0,clean,clean/place_bread_basket/episode_000044/0_226,place_bread_basket,episode_000044,clean,,,,final_action,gamma,0.8,,,,5786497539863217079,8532596611837617652,endpoint_l2/right_position,0.002451509702950716
gpu_0,clean,clean/place_bread_basket/episode_000044/0_226,place_bread_basket,episode_000044,clean,,,,final_action,gamma,0.8,,,,5786497539863217079,8532596611837617652,rotation_geodesic/left_rotation,0.0028866578359156847
gpu_0,clean,clean/place_bread_basket/episode_000044/0_226,place_bread_basket,episode_000044,clean,,,,final_action,gamma,0.8,,,,5786497539863217079,8532596611837617652,rotation_geodesic/right_rotation,0.004115737974643707
gpu_0,clean,clean/place_bread_basket/episode_000044/0_226,place_bread_basket,episode_000044,clean,,,,final_action,gamma,0.8,,,,5786497539863217079,8532596611837617652,gripper_flip_rate,0.0
gpu_0,clean,clean/place_bread_basket/episode_000044/0_226,place_bread_basket,episode_000044,clean,,,,final_action,gamma,0.8,,,,5786497539863217079,8532596611837617652,temporal_jerk_difference,0.0014566106256097555
gpu_0,clean,clean/place_bread_basket/episode_000044/0_226,place_bread_basket,episode_000044,clean,,,,final_action,gamma,1.2,,,,5786497539863217079,5885103556919493703,action_relative_l2,0.00631726486608386
gpu_0,clean,clean/place_bread_basket/episode_000044/0_226,place_bread_basket,episode_000044,clean,,,,final_action,gamma,1.2,,,,5786497539863217079,5885103556919493703,action_mean_abs,0.0009104253258556128
gpu_0,clean,clean/place_bread_basket/episode_000044/0_226,place_bread_basket,episode_000044,clean,,,,final_action,gamma,1.2,,,,5786497539863217079,5885103556919493703,action_relative_l2/first_25pct,0.0
gpu_0,clean,clean/place_bread_basket/episode_000044/0_226,place_bread_basket,episode_000044,clean,,,,final_action,gamma,1.2,,,,5786497539863217079,5885103556919493703,action_relative_l2/last_75pct,0.006536153610795736
gpu_0,clean,clean/place_bread_basket/episode_000044/0_226,place_bread_basket,episode_000044,clean,,,,final_action,gamma,1.2,,,,5786497539863217079,5885103556919493703,endpoint_l2/left_position,0.0012059117434546351
gpu_0,clean,clean/place_bread_basket/episode_000044/0_226,place_bread_basket,episode_000044,clean,,,,final_action,gamma,1.2,,,,5786497539863217079,5885103556919493703,endpoint_l2/right_position,0.013364056125283241
gpu_0,clean,clean/place_bread_basket/episode_000044/0_226,place_bread_basket,episode_000044,clean,,,,final_action,gamma,1.2,,,,5786497539863217079,5885103556919493703,rotation_geodesic/left_rotation,0.004407892934978008
gpu_0,clean,clean/place_bread_basket/episode_000044/0_226,place_bread_basket,episode_000044,clean,,,,final_action,gamma,1.2,,,,5786497539863217079,5885103556919493703,rotation_geodesic/right_rotation,0.00462973490357399
gpu_0,clean,clean/place_bread_basket/episode_000044/0_226,place_bread_basket,episode_000044,clean,,,,final_action,gamma,1.2,,,,5786497539863217079,5885103556919493703,gripper_flip_rate,0.0
gpu_0,clean,clean/place_bread_basket/episode_000044/0_226,place_bread_basket,episode_000044,clean,,,,final_action,gamma,1.2,,,,5786497539863217079,5885103556919493703,temporal_jerk_difference,0.0013504103990271688
gpu_0,clean,clean/place_bread_basket/episode_000044/0_226,place_bread_basket,episode_000044,clean,,,,final_action,gaussian_blur_sigma,0.5,,,,5786497539863217079,18322585329891979128,action_relative_l2,0.0032249854411929846
gpu_0,clean,clean/place_bread_basket/episode_000044/0_226,place_bread_basket,episode_000044,clean,,,,final_action,gaussian_blur_sigma,0.5,,,,5786497539863217079,18322585329891979128,action_mean_abs,0.0002849668962880969
gpu_0,clean,clean/place_bread_basket/episode_000044/0_226,place_bread_basket,episode_000044,clean,,,,final_action,gaussian_blur_sigma,0.5,,,,5786497539863217079,18322585329891979128,action_relative_l2/first_25pct,0.0
gpu_0,clean,clean/place_bread_basket/episode_000044/0_226,place_bread_basket,episode_000044,clean,,,,final_action,gaussian_blur_sigma,0.5,,,,5786497539863217079,18322585329891979128,action_relative_l2/last_75pct,0.0033367290161550045
gpu_0,clean,clean/place_bread_basket/episode_000044/0_226,place_bread_basket,episode_000044,clean,,,,final_action,gaussian_blur_sigma,0.5,,,,5786497539863217079,18322585329891979128,endpoint_l2/left_position,0.0009191036224365234
gpu_0,clean,clean/place_bread_basket/episode_000044/0_226,place_bread_basket,episode_000044,clean,,,,final_action,gaussian_blur_sigma,0.5,,,,5786497539863217079,18322585329891979128,endpoint_l2/right_position,0.0031783280428498983
gpu_0,clean,clean/place_bread_basket/episode_000044/0_226,place_bread_basket,episode_000044,clean,,,,final_action,gaussian_blur_sigma,0.5,,,,5786497539863217079,18322585329891979128,rotation_geodesic/left_rotation,0.0011692490661516786
gpu_0,clean,clean/place_bread_basket/episode_000044/0_226,place_bread_basket,episode_000044,clean,,,,final_action,gaussian_blur_sigma,0.5,,,,5786497539863217079,18322585329891979128,rotation_geodesic/right_rotation,0.0028950839769095182
gpu_0,clean,clean/place_bread_basket/episode_000044/0_226,place_bread_basket,episode_000044,clean,,,,final_action,gaussian_blur_sigma,0.5,,,,5786497539863217079,18322585329891979128,gripper_flip_rate,0.0
gpu_0,clean,clean/place_bread_basket/episode_000044/0_226,place_bread_basket,episode_000044,clean,,,,final_action,gaussian_blur_sigma,0.5,,,,5786497539863217079,18322585329891979128,temporal_jerk_difference,0.000599218881689012
gpu_0,clean,clean/place_bread_basket/episode_000044/0_226,place_bread_basket,episode_000044,clean,,,,final_action,gaussian_blur_sigma,1.0,,,,5786497539863217079,1464129816195477027,action_relative_l2,0.005637559108436108
gpu_0,clean,clean/place_bread_basket/episode_000044/0_226,place_bread_basket,episode_000044,clean,,,,final_action,gaussian_blur_sigma,1.0,,,,5786497539863217079,1464129816195477027,action_mean_abs,0.0007102962117642164
gpu_0,clean,clean/place_bread_basket/episode_000044/0_226,place_bread_basket,episode_000044,clean,,,,final_action,gaussian_blur_sigma,1.0,,,,5786497539863217079,1464129816195477027,action_relative_l2/first_25pct,0.0
gpu_0,clean,clean/place_bread_basket/episode_000044/0_226,place_bread_basket,episode_000044,clean,,,,final_action,gaussian_blur_sigma,1.0,,,,5786497539863217079,1464129816195477027,action_relative_l2/last_75pct,0.005832896567881107
gpu_0,clean,clean/place_bread_basket/episode_000044/0_226,place_bread_basket,episode_000044,clean,,,,final_action,gaussian_blur_sigma,1.0,,,,5786497539863217079,1464129816195477027,endpoint_l2/left_position,0.0
gpu_0,clean,clean/place_bread_basket/episode_000044/0_226,place_bread_basket,episode_000044,clean,,,,final_action,gaussian_blur_sigma,1.0,,,,5786497539863217079,1464129816195477027,endpoint_l2/right_position,0.006224604323506355
gpu_0,clean,clean/place_bread_basket/episode_000044/0_226,place_bread_basket,episode_000044,clean,,,,final_action,gaussian_blur_sigma,1.0,,,,5786497539863217079,1464129816195477027,rotation_geodesic/left_rotation,0.0036856932565569878
gpu_0,clean,clean/place_bread_basket/episode_000044/0_226,place_bread_basket,episode_000044,clean,,,,final_action,gaussian_blur_sigma,1.0,,,,5786497539863217079,1464129816195477027,rotation_geodesic/right_rotation,0.005479283630847931
gpu_0,clean,clean/place_bread_basket/episode_000044/0_226,place_bread_basket,episode_000044,clean,,,,final_action,gaussian_blur_sigma,1.0,,,,5786497539863217079,1464129816195477027,gripper_flip_rate,0.0
gpu_0,clean,clean/place_bread_basket/episode_000044/0_226,place_bread_basket,episode_000044,clean,,,,final_action,gaussian_blur_sigma,1.0,,,,5786497539863217079,1464129816195477027,temporal_jerk_difference,0.0013812301913276315
gpu_0,clean,clean/place_bread_basket/episode_000044/0_226,place_bread_basket,episode_000044,clean,,,,final_action,gaussian_noise_std,0.01,,,,5786497539863217079,3952513492836151882,action_relative_l2,0.010207180865108967
gpu_0,clean,clean/place_bread_basket/episode_000044/0_226,place_bread_basket,episode_000044,clean,,,,final_action,gaussian_noise_std,0.01,,,,5786497539863217079,3952513492836151882,action_mean_abs,0.001700911670923233
gpu_0,clean,clean/place_bread_basket/episode_000044/0_226,place_bread_basket,episode_000044,clean,,,,final_action,gaussian_noise_std,0.01,,,,5786497539863217079,3952513492836151882,action_relative_l2/first_25pct,0.0
gpu_0,clean,clean/place_bread_basket/episode_000044/0_226,place_bread_basket,episode_000044,clean,,,,final_action,gaussian_noise_std,0.01,,,,5786497539863217079,3952513492836151882,action_relative_l2/last_75pct,0.010560852475464344
gpu_0,clean,clean/place_bread_basket/episode_000044/0_226,place_bread_basket,episode_000044,clean,,,,final_action,gaussian_noise_std,0.01,,,,5786497539863217079,3952513492836151882,endpoint_l2/left_position,0.0009191036224365234
gpu_0,clean,clean/place_bread_basket/episode_000044/0_226,place_bread_basket,episode_000044,clean,,,,final_action,gaussian_noise_std,0.01,,,,5786497539863217079,3952513492836151882,endpoint_l2/right_position,0.0097392862662673
gpu_0,clean,clean/place_bread_basket/episode_000044/0_226,place_bread_basket,episode_000044,clean,,,,final_action,gaussian_noise_std,0.01,,,,5786497539863217079,3952513492836151882,rotation_geodesic/left_rotation,0.006763378158211708
gpu_0,clean,clean/place_bread_basket/episode_000044/0_226,place_bread_basket,episode_000044,clean,,,,final_action,gaussian_noise_std,0.01,,,,5786497539863217079,3952513492836151882,rotation_geodesic/right_rotation,0.013510962948203087
gpu_0,clean,clean/place_bread_basket/episode_000044/0_226,place_bread_basket,episode_000044,clean,,,,final_action,gaussian_noise_std,0.01,,,,5786497539863217079,3952513492836151882,gripper_flip_rate,0.0
gpu_0,clean,clean/place_bread_basket/episode_000044/0_226,place_bread_basket,episode_000044,clean,,,,final_action,gaussian_noise_std,0.01,,,,5786497539863217079,3952513492836151882,temporal_jerk_difference,0.0024118036963045597
gpu_0,clean,clean/place_bread_basket/episode_000044/0_226,place_bread_basket,episode_000044,clean,,,,final_action,gaussian_noise_std,0.03,,,,5786497539863217079,15908044863109304790,action_relative_l2,0.019610224291682243
gpu_0,clean,clean/place_bread_basket/episode_000044/0_226,place_bread_basket,episode_000044,clean,,,,final_action,gaussian_noise_std,0.03,,,,5786497539863217079,15908044863109304790,action_mean_abs,0.003686067648231983
gpu_0,clean,clean/place_bread_basket/episode_000044/0_226,place_bread_basket,episode_000044,clean,,,,final_action,gaussian_noise_std,0.03,,,,5786497539863217079,15908044863109304790,action_relative_l2/first_25pct,0.0
gpu_0,clean,clean/place_bread_basket/episode_000044/0_226,place_bread_basket,episode_000044,clean,,,,final_action,gaussian_noise_std,0.03,,,,5786497539863217079,15908044863109304790,action_relative_l2/last_75pct,0.020289704203605652
gpu_0,clean,clean/place_bread_basket/episode_000044/0_226,place_bread_basket,episode_000044,clean,,,,final_action,gaussian_noise_std,0.03,,,,5786497539863217079,15908044863109304790,endpoint_l2/left_position,0.013142415322363377
gpu_0,clean,clean/place_bread_basket/episode_000044/0_226,place_bread_basket,episode_000044,clean,,,,final_action,gaussian_noise_std,0.03,,,,5786497539863217079,15908044863109304790,endpoint_l2/right_position,0.019127076491713524
gpu_0,clean,clean/place_bread_basket/episode_000044/0_226,place_bread_basket,episode_000044,clean,,,,final_action,gaussian_noise_std,0.03,,,,5786497539863217079,15908044863109304790,rotation_geodesic/left_rotation,0.024277320131659508
gpu_0,clean,clean/place_bread_basket/episode_000044/0_226,place_bread_basket,episode_000044,clean,,,,final_action,gaussian_noise_std,0.03,,,,5786497539863217079,15908044863109304790,rotation_geodesic/right_rotation,0.017697174102067947
gpu_0,clean,clean/place_bread_basket/episode_000044/0_226,place_bread_basket,episode_000044,clean,,,,final_action,gaussian_noise_std,0.03,,,,5786497539863217079,15908044863109304790,gripper_flip_rate,0.0
gpu_0,clean,clean/place_bread_basket/episode_000044/0_226,place_bread_basket,episode_000044,clean,,,,final_action,gaussian_noise_std,0.03,,,,5786497539863217079,15908044863109304790,temporal_jerk_difference,0.0025542541407048702
gpu_0,clean,clean/place_bread_basket/episode_000044/0_226,place_bread_basket,episode_000044,clean,,,,final_action,identity,0.0,,,,5786497539863217079,,action_relative_l2,0.0
gpu_0,clean,clean/place_bread_basket/episode_000044/0_226,place_bread_basket,episode_000044,clean,,,,final_action,identity,0.0,,,,5786497539863217079,,action_mean_abs,0.0
gpu_0,clean,clean/place_bread_basket/episode_000044/0_226,place_bread_basket,episode_000044,clean,,,,final_action,identity,0.0,,,,5786497539863217079,,action_relative_l2/first_25pct,0.0
gpu_0,clean,clean/place_bread_basket/episode_000044/0_226,place_bread_basket,episode_000044,clean,,,,final_action,identity,0.0,,,,5786497539863217079,,action_relative_l2/last_75pct,0.0
gpu_0,clean,clean/place_bread_basket/episode_000044/0_226,place_bread_basket,episode_000044,clean,,,,final_action,identity,0.0,,,,5786497539863217079,,endpoint_l2/left_position,0.0
gpu_0,clean,clean/place_bread_basket/episode_000044/0_226,place_bread_basket,episode_000044,clean,,,,final_action,identity,0.0,,,,5786497539863217079,,endpoint_l2/right_position,0.0
gpu_0,clean,clean/place_bread_basket/episode_000044/0_226,place_bread_basket,episode_000044,clean,,,,final_action,identity,0.0,,,,5786497539863217079,,rotation_geodesic/left_rotation,0.0002046846493612975
gpu_0,clean,clean/place_bread_basket/episode_000044/0_226,place_bread_basket,episode_000044,clean,,,,final_action,identity,0.0,,,,5786497539863217079,,rotation_geodesic/right_rotation,0.00017208735516760498
gpu_0,clean,clean/place_bread_basket/episode_000044/0_226,place_bread_basket,episode_000044,clean,,,,final_action,identity,0.0,,,,5786497539863217079,,gripper_flip_rate,0.0
gpu_0,clean,clean/place_bread_basket/episode_000044/0_226,place_bread_basket,episode_000044,clean,,,,final_action,identity,0.0,,,,5786497539863217079,,temporal_jerk_difference,0.0
gpu_0,clean,clean/place_object_scale/episode_000016/0_141,place_object_scale,episode_000016,clean,,,,final_action,brightness,0.8,,,,15052661172066250013,8128353529252831070,action_relative_l2,0.011046938598155975
gpu_0,clean,clean/place_object_scale/episode_000016/0_141,place_object_scale,episode_000016,clean,,,,final_action,brightness,0.8,,,,15052661172066250013,8128353529252831070,action_mean_abs,0.0019816455896943808
gpu_0,clean,clean/place_object_scale/episode_000016/0_141,place_object_scale,episode_000016,clean,,,,final_action,brightness,0.8,,,,15052661172066250013,8128353529252831070,action_relative_l2/first_25pct,0.0
gpu_0,clean,clean/place_object_scale/episode_000016/0_141,place_object_scale,episode_000016,clean,,,,final_action,brightness,0.8,,,,15052661172066250013,8128353529252831070,action_relative_l2/last_75pct,0.011434581130743027
gpu_0,clean,clean/place_object_scale/episode_000016/0_141,place_object_scale,episode_000016,clean,,,,final_action,brightness,0.8,,,,15052661172066250013,8128353529252831070,endpoint_l2/left_position,0.007715262938290834
gpu_0,clean,clean/place_object_scale/episode_000016/0_141,place_object_scale,episode_000016,clean,,,,final_action,brightness,0.8,,,,15052661172066250013,8128353529252831070,endpoint_l2/right_position,0.013804898597300053
gpu_0,clean,clean/place_object_scale/episode_000016/0_141,place_object_scale,episode_000016,clean,,,,final_action,brightness,0.8,,,,15052661172066250013,8128353529252831070,rotation_geodesic/left_rotation,0.003244096180424094
gpu_0,clean,clean/place_object_scale/episode_000016/0_141,place_object_scale,episode_000016,clean,,,,final_action,brightness,0.8,,,,15052661172066250013,8128353529252831070,rotation_geodesic/right_rotation,0.010057796724140644
gpu_0,clean,clean/place_object_scale/episode_000016/0_141,place_object_scale,episode_000016,clean,,,,final_action,brightness,0.8,,,,15052661172066250013,8128353529252831070,gripper_flip_rate,0.0
gpu_0,clean,clean/place_object_scale/episode_000016/0_141,place_object_scale,episode_000016,clean,,,,final_action,brightness,0.8,,,,15052661172066250013,8128353529252831070,temporal_jerk_difference,0.001669472549110651
gpu_0,clean,clean/place_object_scale/episode_000016/0_141,place_object_scale,episode_000016,clean,,,,final_action,brightness,1.2,,,,15052661172066250013,5451139221587725941,action_relative_l2,0.030314026400446892
gpu_0,clean,clean/place_object_scale/episode_000016/0_141,place_object_scale,episode_000016,clean,,,,final_action,brightness,1.2,,,,15052661172066250013,5451139221587725941,action_mean_abs,0.003983879461884499
gpu_0,clean,clean/place_object_scale/episode_000016/0_141,place_object_scale,episode_000016,clean,,,,final_action,brightness,1.2,,,,15052661172066250013,5451139221587725941,action_relative_l2/first_25pct,0.0
gpu_0,clean,clean/place_object_scale/episode_000016/0_141,place_object_scale,episode_000016,clean,,,,final_action,brightness,1.2,,,,15052661172066250013,5451139221587725941,action_relative_l2/last_75pct,0.03137775883078575
gpu_0,clean,clean/place_object_scale/episode_000016/0_141,place_object_scale,episode_000016,clean,,,,final_action,brightness,1.2,,,,15052661172066250013,5451139221587725941,endpoint_l2/left_position,0.0018117844592779875
gpu_0,clean,clean/place_object_scale/episode_000016/0_141,place_object_scale,episode_000016,clean,,,,final_action,brightness,1.2,,,,15052661172066250013,5451139221587725941,endpoint_l2/right_position,0.007192698307335377
gpu_0,clean,clean/place_object_scale/episode_000016/0_141,place_object_scale,episode_000016,clean,,,,final_action,brightness,1.2,,,,15052661172066250013,5451139221587725941,rotation_geodesic/left_rotation,0.0034112597350031137
gpu_0,clean,clean/place_object_scale/episode_000016/0_141,place_object_scale,episode_000016,clean,,,,final_action,brightness,1.2,,,,15052661172066250013,5451139221587725941,rotation_geodesic/right_rotation,0.05843614786863327
gpu_0,clean,clean/place_object_scale/episode_000016/0_141,place_object_scale,episode_000016,clean,,,,final_action,brightness,1.2,,,,15052661172066250013,5451139221587725941,gripper_flip_rate,0.0
gpu_0,clean,clean/place_object_scale/episode_000016/0_141,place_object_scale,episode_000016,clean,,,,final_action,brightness,1.2,,,,15052661172066250013,5451139221587725941,temporal_jerk_difference,0.0014434750191867352
gpu_0,clean,clean/place_object_scale/episode_000016/0_141,place_object_scale,episode_000016,clean,,,,final_action,color_temperature,-0.1,,,,15052661172066250013,11771800898474785723,action_relative_l2,0.022547267377376556
gpu_0,clean,clean/place_object_scale/episode_000016/0_141,place_object_scale,episode_000016,clean,,,,final_action,color_temperature,-0.1,,,,15052661172066250013,11771800898474785723,action_mean_abs,0.0033855955116450787
gpu_0,clean,clean/place_object_scale/episode_000016/0_141,place_object_scale,episode_000016,clean,,,,final_action,color_temperature,-0.1,,,,15052661172066250013,11771800898474785723,action_relative_l2/first_25pct,0.0
gpu_0,clean,clean/place_object_scale/episode_000016/0_141,place_object_scale,episode_000016,clean,,,,final_action,color_temperature,-0.1,,,,15052661172066250013,11771800898474785723,action_relative_l2/last_75pct,0.02333846315741539
gpu_0,clean,clean/place_object_scale/episode_000016/0_141,place_object_scale,episode_000016,clean,,,,final_action,color_temperature,-0.1,,,,15052661172066250013,11771800898474785723,endpoint_l2/left_position,0.007464857771992683
gpu_0,clean,clean/place_object_scale/episode_000016/0_141,place_object_scale,episode_000016,clean,,,,final_action,color_temperature,-0.1,,,,15052661172066250013,11771800898474785723,endpoint_l2/right_position,0.015437287278473377
gpu_0,clean,clean/place_object_scale/episode_000016/0_141,place_object_scale,episode_000016,clean,,,,final_action,color_temperature,-0.1,,,,15052661172066250013,11771800898474785723,rotation_geodesic/left_rotation,0.004337131045758724
gpu_0,clean,clean/place_object_scale/episode_000016/0_141,place_object_scale,episode_000016,clean,,,,final_action,color_temperature,-0.1,,,,15052661172066250013,11771800898474785723,rotation_geodesic/right_rotation,0.04015537351369858
gpu_0,clean,clean/place_object_scale/episode_000016/0_141,place_object_scale,episode_000016,clean,,,,final_action,color_temperature,-0.1,,,,15052661172066250013,11771800898474785723,gripper_flip_rate,0.0
gpu_0,clean,clean/place_object_scale/episode_000016/0_141,place_object_scale,episode_000016,clean,,,,final_action,color_temperature,-0.1,,,,15052661172066250013,11771800898474785723,temporal_jerk_difference,0.0017182573210448027
gpu_0,clean,clean/place_object_scale/episode_000016/0_141,place_object_scale,episode_000016,clean,,,,final_action,color_temperature,0.1,,,,15052661172066250013,7887944890558736340,action_relative_l2,0.005937189795076847
gpu_0,clean,clean/place_object_scale/episode_000016/0_141,place_object_scale,episode_000016,clean,,,,final_action,color_temperature,0.1,,,,15052661172066250013,7887944890558736340,action_mean_abs,0.0007583156693726778
gpu_0,clean,clean/place_object_scale/episode_000016/0_141,place_object_scale,episode_000016,clean,,,,final_action,color_temperature,0.1,,,,15052661172066250013,7887944890558736340,action_relative_l2/first_25pct,0.0
gpu_0,clean,clean/place_object_scale/episode_000016/0_141,place_object_scale,episode_000016,clean,,,,final_action,color_temperature,0.1,,,,15052661172066250013,7887944890558736340,action_relative_l2/last_75pct,0.006145528517663479
gpu_0,clean,clean/place_object_scale/episode_000016/0_141,place_object_scale,episode_000016,clean,,,,final_action,color_temperature,0.1,,,,15052661172066250013,7887944890558736340,endpoint_l2/left_position,0.001979277702048421
gpu_0,clean,clean/place_object_scale/episode_000016/0_141,place_object_scale,episode_000016,clean,,,,final_action,color_temperature,0.1,,,,15052661172066250013,7887944890558736340,endpoint_l2/right_position,0.0034146192483603954
gpu_0,clean,clean/place_object_scale/episode_000016/0_141,place_object_scale,episode_000016,clean,,,,final_action,color_temperature,0.1,,,,15052661172066250013,7887944890558736340,rotation_geodesic/left_rotation,0.003459871280938387
gpu_0,clean,clean/place_object_scale/episode_000016/0_141,place_object_scale,episode_000016,clean,,,,final_action,color_temperature,0.1,,,,15052661172066250013,7887944890558736340,rotation_geodesic/right_rotation,0.008541584014892578
gpu_0,clean,clean/place_object_scale/episode_000016/0_141,place_object_scale,episode_000016,clean,,,,final_action,color_temperature,0.1,,,,15052661172066250013,7887944890558736340,gripper_flip_rate,0.0
gpu_0,clean,clean/place_object_scale/episode_000016/0_141,place_object_scale,episode_000016,clean,,,,final_action,color_temperature,0.1,,,,15052661172066250013,7887944890558736340,temporal_jerk_difference,0.001199678867124021
gpu_0,clean,clean/place_object_scale/episode_000016/0_141,place_object_scale,episode_000016,clean,,,,final_action,gamma,0.8,,,,15052661172066250013,3987445913070418313,action_relative_l2,0.0035618520341813564
gpu_0,clean,clean/place_object_scale/episode_000016/0_141,place_object_scale,episode_000016,clean,,,,final_action,gamma,0.8,,,,15052661172066250013,3987445913070418313,action_mean_abs,0.00027233012951910496
gpu_0,clean,clean/place_object_scale/episode_000016/0_141,place_object_scale,episode_000016,clean,,,,final_action,gamma,0.8,,,,15052661172066250013,3987445913070418313,action_relative_l2/first_25pct,0.0
gpu_0,clean,clean/place_object_scale/episode_000016/0_141,place_object_scale,episode_000016,clean,,,,final_action,gamma,0.8,,,,15052661172066250013,3987445913070418313,action_relative_l2/last_75pct,0.003686839248985052
gpu_0,clean,clean/place_object_scale/episode_000016/0_141,place_object_scale,episode_000016,clean,,,,final_action,gamma,0.8,,,,15052661172066250013,3987445913070418313,endpoint_l2/left_position,0.0
gpu_0,clean,clean/place_object_scale/episode_000016/0_141,place_object_scale,episode_000016,clean,,,,final_action,gamma,0.8,,,,15052661172066250013,3987445913070418313,endpoint_l2/right_position,0.0035963389091193676
gpu_0,clean,clean/place_object_scale/episode_000016/0_141,place_object_scale,episode_000016,clean,,,,final_action,gamma,0.8,,,,15052661172066250013,3987445913070418313,rotation_geodesic/left_rotation,0.0011491980403661728
gpu_0,clean,clean/place_object_scale/episode_000016/0_141,place_object_scale,episode_000016,clean,,,,final_action,gamma,0.8,,,,15052661172066250013,3987445913070418313,rotation_geodesic/right_rotation,0.0018874569796025753
gpu_0,clean,clean/place_object_scale/episode_000016/0_141,place_object_scale,episode_000016,clean,,,,final_action,gamma,0.8,,,,15052661172066250013,3987445913070418313,gripper_flip_rate,0.0
gpu_0,clean,clean/place_object_scale/episode_000016/0_141,place_object_scale,episode_000016,clean,,,,final_action,gamma,0.8,,,,15052661172066250013,3987445913070418313,temporal_jerk_difference,0.000794420309830457
gpu_0,clean,clean/place_object_scale/episode_000016/0_141,place_object_scale,episode_000016,clean,,,,final_action,gamma,1.2,,,,15052661172066250013,18267793042838073310,action_relative_l2,0.0038526987191289663
gpu_0,clean,clean/place_object_scale/episode_000016/0_141,place_object_scale,episode_000016,clean,,,,final_action,gamma,1.2,,,,15052661172066250013,18267793042838073310,action_mean_abs,0.00035078980727121234
gpu_0,clean,clean/place_object_scale/episode_000016/0_141,place_object_scale,episode_000016,clean,,,,final_action,gamma,1.2,,,,15052661172066250013,18267793042838073310,action_relative_l2/first_25pct,0.0
gpu_0,clean,clean/place_object_scale/episode_000016/0_141,place_object_scale,episode_000016,clean,,,,final_action,gamma,1.2,,,,15052661172066250013,18267793042838073310,action_relative_l2/last_75pct,0.003987892065197229
gpu_0,clean,clean/place_object_scale/episode_000016/0_141,place_object_scale,episode_000016,clean,,,,final_action,gamma,1.2,,,,15052661172066250013,18267793042838073310,endpoint_l2/left_position,0.0007806736975908279
gpu_0,clean,clean/place_object_scale/episode_000016/0_141,place_object_scale,episode_000016,clean,,,,final_action,gamma,1.2,,,,15052661172066250013,18267793042838073310,endpoint_l2/right_position,0.0019240377005189657
gpu_0,clean,clean/place_object_scale/episode_000016/0_141,place_object_scale,episode_000016,clean,,,,final_action,gamma,1.2,,,,15052661172066250013,18267793042838073310,rotation_geodesic/left_rotation,0.0017813665326684713
gpu_0,clean,clean/place_object_scale/episode_000016/0_141,place_object_scale,episode_000016,clean,,,,final_action,gamma,1.2,,,,15052661172066250013,18267793042838073310,rotation_geodesic/right_rotation,0.004535275045782328
gpu_0,clean,clean/place_object_scale/episode_000016/0_141,place_object_scale,episode_000016,clean,,,,final_action,gamma,1.2,,,,15052661172066250013,18267793042838073310,gripper_flip_rate,0.0
gpu_0,clean,clean/place_object_scale/episode_000016/0_141,place_object_scale,episode_000016,clean,,,,final_action,gamma,1.2,,,,15052661172066250013,18267793042838073310,temporal_jerk_difference,0.0008700726320967078
gpu_0,clean,clean/place_object_scale/episode_000016/0_141,place_object_scale,episode_000016,clean,,,,final_action,gaussian_blur_sigma,0.5,,,,15052661172066250013,13820347193606331437,action_relative_l2,0.003284774487838149
gpu_0,clean,clean/place_object_scale/episode_000016/0_141,place_object_scale,episode_000016,clean,,,,final_action,gaussian_blur_sigma,0.5,,,,15052661172066250013,13820347193606331437,action_mean_abs,0.0002310762065462768
gpu_0,clean,clean/place_object_scale/episode_000016/0_141,place_object_scale,episode_000016,clean,,,,final_action,gaussian_blur_sigma,0.5,,,,15052661172066250013,13820347193606331437,action_relative_l2/first_25pct,0.0
gpu_0,clean,clean/place_object_scale/episode_000016/0_141,place_object_scale,episode_000016,clean,,,,final_action,gaussian_blur_sigma,0.5,,,,15052661172066250013,13820347193606331437,action_relative_l2/last_75pct,0.003400038927793503
gpu_0,clean,clean/place_object_scale/episode_000016/0_141,place_object_scale,episode_000016,clean,,,,final_action,gaussian_blur_sigma,0.5,,,,15052661172066250013,13820347193606331437,endpoint_l2/left_position,0.0007806736975908279
gpu_0,clean,clean/place_object_scale/episode_000016/0_141,place_object_scale,episode_000016,clean,,,,final_action,gaussian_blur_sigma,0.5,,,,15052661172066250013,13820347193606331437,endpoint_l2/right_position,0.0013958823401480913
gpu_0,clean,clean/place_object_scale/episode_000016/0_141,place_object_scale,episode_000016,clean,,,,final_action,gaussian_blur_sigma,0.5,,,,15052661172066250013,13820347193606331437,rotation_geodesic/left_rotation,0.0006613925797864795
gpu_0,clean,clean/place_object_scale/episode_000016/0_141,place_object_scale,episode_000016,clean,,,,final_action,gaussian_blur_sigma,0.5,,,,15052661172066250013,13820347193606331437,rotation_geodesic/right_rotation,0.0027729554567486048
gpu_0,clean,clean/place_object_scale/episode_000016/0_141,place_object_scale,episode_000016,clean,,,,final_action,gaussian_blur_sigma,0.5,,,,15052661172066250013,13820347193606331437,gripper_flip_rate,0.0
gpu_0,clean,clean/place_object_scale/episode_000016/0_141,place_object_scale,episode_000016,clean,,,,final_action,gaussian_blur_sigma,0.5,,,,15052661172066250013,13820347193606331437,temporal_jerk_difference,0.0007525593391619623
gpu_0,clean,clean/place_object_scale/episode_000016/0_141,place_object_scale,episode_000016,clean,,,,final_action,gaussian_blur_sigma,1.0,,,,15052661172066250013,6730551116110810124,action_relative_l2,0.006381763610988855
gpu_0,clean,clean/place_object_scale/episode_000016/0_141,place_object_scale,episode_000016,clean,,,,final_action,gaussian_blur_sigma,1.0,,,,15052661172066250013,6730551116110810124,action_mean_abs,0.0006078004953451455
gpu_0,clean,clean/place_object_scale/episode_000016/0_141,place_object_scale,episode_000016,clean,,,,final_action,gaussian_blur_sigma,1.0,,,,15052661172066250013,6730551116110810124,action_relative_l2/first_25pct,0.0
gpu_0,clean,clean/place_object_scale/episode_000016/0_141,place_object_scale,episode_000016,clean,,,,final_action,gaussian_blur_sigma,1.0,,,,15052661172066250013,6730551116110810124,action_relative_l2/last_75pct,0.006605702918022871
gpu_0,clean,clean/place_object_scale/episode_000016/0_141,place_object_scale,episode_000016,clean,,,,final_action,gaussian_blur_sigma,1.0,,,,15052661172066250013,6730551116110810124,endpoint_l2/left_position,0.0
gpu_0,clean,clean/place_object_scale/episode_000016/0_141,place_object_scale,episode_000016,clean,,,,final_action,gaussian_blur_sigma,1.0,,,,15052661172066250013,6730551116110810124,endpoint_l2/right_position,0.0
gpu_0,clean,clean/place_object_scale/episode_000016/0_141,place_object_scale,episode_000016,clean,,,,final_action,gaussian_blur_sigma,1.0,,,,15052661172066250013,6730551116110810124,rotation_geodesic/left_rotation,0.00019421266915742308
gpu_0,clean,clean/place_object_scale/episode_000016/0_141,place_object_scale,episode_000016,clean,,,,final_action,gaussian_blur_sigma,1.0,,,,15052661172066250013,6730551116110810124,rotation_geodesic/right_rotation,0.010351350530982018
gpu_0,clean,clean/place_object_scale/episode_000016/0_141,place_object_scale,episode_000016,clean,,,,final_action,gaussian_blur_sigma,1.0,,,,15052661172066250013,6730551116110810124,gripper_flip_rate,0.0
gpu_0,clean,clean/place_object_scale/episode_000016/0_141,place_object_scale,episode_000016,clean,,,,final_action,gaussian_blur_sigma,1.0,,,,15052661172066250013,6730551116110810124,temporal_jerk_difference,0.000876025587785989
gpu_0,clean,clean/place_object_scale/episode_000016/0_141,place_object_scale,episode_000016,clean,,,,final_action,gaussian_noise_std,0.01,,,,15052661172066250013,13857880200663423716,action_relative_l2,0.0066390796564519405
gpu_0,clean,clean/place_object_scale/episode_000016/0_141,place_object_scale,episode_000016,clean,,,,final_action,gaussian_noise_std,0.01,,,,15052661172066250013,13857880200663423716,action_mean_abs,0.0009752155165188015
gpu_0,clean,clean/place_object_scale/episode_000016/0_141,place_object_scale,episode_000016,clean,,,,final_action,gaussian_noise_std,0.01,,,,15052661172066250013,13857880200663423716,action_relative_l2/first_25pct,0.0
gpu_0,clean,clean/place_object_scale/episode_000016/0_141,place_object_scale,episode_000016,clean,,,,final_action,gaussian_noise_std,0.01,,,,15052661172066250013,13857880200663423716,action_relative_l2/last_75pct,0.0068720486015081406
gpu_0,clean,clean/place_object_scale/episode_000016/0_141,place_object_scale,episode_000016,clean,,,,final_action,gaussian_noise_std,0.01,,,,15052661172066250013,13857880200663423716,endpoint_l2/left_position,0.004460266325622797
gpu_0,clean,clean/place_object_scale/episode_000016/0_141,place_object_scale,episode_000016,clean,,,,final_action,gaussian_noise_std,0.01,,,,15052661172066250013,13857880200663423716,endpoint_l2/right_position,0.005502084735780954
gpu_0,clean,clean/place_object_scale/episode_000016/0_141,place_object_scale,episode_000016,clean,,,,final_action,gaussian_noise_std,0.01,,,,15052661172066250013,13857880200663423716,rotation_geodesic/left_rotation,0.005539935547858477
gpu_0,clean,clean/place_object_scale/episode_000016/0_141,place_object_scale,episode_000016,clean,,,,final_action,gaussian_noise_std,0.01,,,,15052661172066250013,13857880200663423716,rotation_geodesic/right_rotation,0.006219856441020966
gpu_0,clean,clean/place_object_scale/episode_000016/0_141,place_object_scale,episode_000016,clean,,,,final_action,gaussian_noise_std,0.01,,,,15052661172066250013,13857880200663423716,gripper_flip_rate,0.0
gpu_0,clean,clean/place_object_scale/episode_000016/0_141,place_object_scale,episode_000016,clean,,,,final_action,gaussian_noise_std,0.01,,,,15052661172066250013,13857880200663423716,temporal_jerk_difference,0.0014673944097012281
gpu_0,clean,clean/place_object_scale/episode_000016/0_141,place_object_scale,episode_000016,clean,,,,final_action,gaussian_noise_std,0.03,,,,15052661172066250013,14331452601550878469,action_relative_l2,0.022808266803622246
gpu_0,clean,clean/place_object_scale/episode_000016/0_141,place_object_scale,episode_000016,clean,,,,final_action,gaussian_noise_std,0.03,,,,15052661172066250013,14331452601550878469,action_mean_abs,0.0028970062267035246
gpu_0,clean,clean/place_object_scale/episode_000016/0_141,place_object_scale,episode_000016,clean,,,,final_action,gaussian_noise_std,0.03,,,,15052661172066250013,14331452601550878469,action_relative_l2/first_25pct,0.0
gpu_0,clean,clean/place_object_scale/episode_000016/0_141,place_object_scale,episode_000016,clean,,,,final_action,gaussian_noise_std,0.03,,,,15052661172066250013,14331452601550878469,action_relative_l2/last_75pct,0.023608621209859848
gpu_0,clean,clean/place_object_scale/episode_000016/0_141,place_object_scale,episode_000016,clean,,,,final_action,gaussian_noise_std,0.03,,,,15052661172066250013,14331452601550878469,endpoint_l2/left_position,0.007164549082517624
gpu_0,clean,clean/place_object_scale/episode_000016/0_141,place_object_scale,episode_000016,clean,,,,final_action,gaussian_noise_std,0.03,,,,15052661172066250013,14331452601550878469,endpoint_l2/right_position,0.019671181216835976
gpu_0,clean,clean/place_object_scale/episode_000016/0_141,place_object_scale,episode_000016,clean,,,,final_action,gaussian_noise_std,0.03,,,,15052661172066250013,14331452601550878469,rotation_geodesic/left_rotation,0.008219132199883461
gpu_0,clean,clean/place_object_scale/episode_000016/0_141,place_object_scale,episode_000016,clean,,,,final_action,gaussian_noise_std,0.03,,,,15052661172066250013,14331452601550878469,rotation_geodesic/right_rotation,0.033781662583351135
gpu_0,clean,clean/place_object_scale/episode_000016/0_141,place_object_scale,episode_000016,clean,,,,final_action,gaussian_noise_std,0.03,,,,15052661172066250013,14331452601550878469,gripper_flip_rate,0.0
gpu_0,clean,clean/place_object_scale/episode_000016/0_141,place_object_scale,episode_000016,clean,,,,final_action,gaussian_noise_std,0.03,,,,15052661172066250013,14331452601550878469,temporal_jerk_difference,0.0015734309563413262
gpu_0,clean,clean/place_object_scale/episode_000016/0_141,place_object_scale,episode_000016,clean,,,,final_action,identity,0.0,,,,15052661172066250013,,action_relative_l2,0.0
gpu_0,clean,clean/place_object_scale/episode_000016/0_141,place_object_scale,episode_000016,clean,,,,final_action,identity,0.0,,,,15052661172066250013,,action_mean_abs,0.0
gpu_0,clean,clean/place_object_scale/episode_000016/0_141,place_object_scale,episode_000016,clean,,,,final_action,identity,0.0,,,,15052661172066250013,,action_relative_l2/first_25pct,0.0
gpu_0,clean,clean/place_object_scale/episode_000016/0_141,place_object_scale,episode_000016,clean,,,,final_action,identity,0.0,,,,15052661172066250013,,action_relative_l2/last_75pct,0.0
gpu_0,clean,clean/place_object_scale/episode_000016/0_141,place_object_scale,episode_000016,clean,,,,final_action,identity,0.0,,,,15052661172066250013,,endpoint_l2/left_position,0.0
gpu_0,clean,clean/place_object_scale/episode_000016/0_141,place_object_scale,episode_000016,clean,,,,final_action,identity,0.0,,,,15052661172066250013,,endpoint_l2/right_position,0.0
gpu_0,clean,clean/place_object_scale/episode_000016/0_141,place_object_scale,episode_000016,clean,,,,final_action,identity,0.0,,,,15052661172066250013,,rotation_geodesic/left_rotation,0.00019421266915742308
gpu_0,clean,clean/place_object_scale/episode_000016/0_141,place_object_scale,episode_000016,clean,,,,final_action,identity,0.0,,,,15052661172066250013,,rotation_geodesic/right_rotation,0.0001868078688858077
gpu_0,clean,clean/place_object_scale/episode_000016/0_141,place_object_scale,episode_000016,clean,,,,final_action,identity,0.0,,,,15052661172066250013,,gripper_flip_rate,0.0
gpu_0,clean,clean/place_object_scale/episode_000016/0_141,place_object_scale,episode_000016,clean,,,,final_action,identity,0.0,,,,15052661172066250013,,temporal_jerk_difference,0.0
gpu_0,clean,clean/stack_blocks_three/episode_000030/0_447,stack_blocks_three,episode_000030,clean,,,,final_action,brightness,0.8,,,,12280813841299030061,14740558125330130023,action_relative_l2,0.1021275520324707
gpu_0,clean,clean/stack_blocks_three/episode_000030/0_447,stack_blocks_three,episode_000030,clean,,,,final_action,brightness,0.8,,,,12280813841299030061,14740558125330130023,action_mean_abs,0.011997779831290245
gpu_0,clean,clean/stack_blocks_three/episode_000030/0_447,stack_blocks_three,episode_000030,clean,,,,final_action,brightness,0.8,,,,12280813841299030061,14740558125330130023,action_relative_l2/first_25pct,0.0
gpu_0,clean,clean/stack_blocks_three/episode_000030/0_447,stack_blocks_three,episode_000030,clean,,,,final_action,brightness,0.8,,,,12280813841299030061,14740558125330130023,action_relative_l2/last_75pct,0.10572867095470428
gpu_0,clean,clean/stack_blocks_three/episode_000030/0_447,stack_blocks_three,episode_000030,clean,,,,final_action,brightness,0.8,,,,12280813841299030061,14740558125330130023,endpoint_l2/left_position,0.03239826485514641
gpu_0,clean,clean/stack_blocks_three/episode_000030/0_447,stack_blocks_three,episode_000030,clean,,,,final_action,brightness,0.8,,,,12280813841299030061,14740558125330130023,endpoint_l2/right_position,0.17725606262683868
gpu_0,clean,clean/stack_blocks_three/episode_000030/0_447,stack_blocks_three,episode_000030,clean,,,,final_action,brightness,0.8,,,,12280813841299030061,14740558125330130023,rotation_geodesic/left_rotation,0.04809701442718506
gpu_0,clean,clean/stack_blocks_three/episode_000030/0_447,stack_blocks_three,episode_000030,clean,,,,final_action,brightness,0.8,,,,12280813841299030061,14740558125330130023,rotation_geodesic/right_rotation,0.14184734225273132
gpu_0,clean,clean/stack_blocks_three/episode_000030/0_447,stack_blocks_three,episode_000030,clean,,,,final_action,brightness,0.8,,,,12280813841299030061,14740558125330130023,gripper_flip_rate,0.0
gpu_0,clean,clean/stack_blocks_three/episode_000030/0_447,stack_blocks_three,episode_000030,clean,,,,final_action,brightness,0.8,,,,12280813841299030061,14740558125330130023,temporal_jerk_difference,0.0017427620477974415
gpu_0,clean,clean/stack_blocks_three/episode_000030/0_447,stack_blocks_three,episode_000030,clean,,,,final_action,brightness,1.2,,,,12280813841299030061,9830554915469431070,action_relative_l2,0.029466165229678154
gpu_0,clean,clean/stack_blocks_three/episode_000030/0_447,stack_blocks_three,episode_000030,clean,,,,final_action,brightness,1.2,,,,12280813841299030061,9830554915469431070,action_mean_abs,0.004150426480919123
gpu_0,clean,clean/stack_blocks_three/episode_000030/0_447,stack_blocks_three,episode_000030,clean,,,,final_action,brightness,1.2,,,,12280813841299030061,9830554915469431070,action_relative_l2/first_25pct,0.0
gpu_0,clean,clean/stack_blocks_three/episode_000030/0_447,stack_blocks_three,episode_000030,clean,,,,final_action,brightness,1.2,,,,12280813841299030061,9830554915469431070,action_relative_l2/last_75pct,0.030505171045660973
gpu_0,clean,clean/stack_blocks_three/episode_000030/0_447,stack_blocks_three,episode_000030,clean,,,,final_action,brightness,1.2,,,,12280813841299030061,9830554915469431070,endpoint_l2/left_position,0.013044962659478188
gpu_0,clean,clean/stack_blocks_three/episode_000030/0_447,stack_blocks_three,episode_000030,clean,,,,final_action,brightness,1.2,,,,12280813841299030061,9830554915469431070,endpoint_l2/right_position,0.03573862090706825
gpu_0,clean,clean/stack_blocks_three/episode_000030/0_447,stack_blocks_three,episode_000030,clean,,,,final_action,brightness,1.2,,,,12280813841299030061,9830554915469431070,rotation_geodesic/left_rotation,0.026076514273881912
gpu_0,clean,clean/stack_blocks_three/episode_000030/0_447,stack_blocks_three,episode_000030,clean,,,,final_action,brightness,1.2,,,,12280813841299030061,9830554915469431070,rotation_geodesic/right_rotation,0.044407423585653305
gpu_0,clean,clean/stack_blocks_three/episode_000030/0_447,stack_blocks_three,episode_000030,clean,,,,final_action,brightness,1.2,,,,12280813841299030061,9830554915469431070,gripper_flip_rate,0.0
gpu_0,clean,clean/stack_blocks_three/episode_000030/0_447,stack_blocks_three,episode_000030,clean,,,,final_action,brightness,1.2,,,,12280813841299030061,9830554915469431070,temporal_jerk_difference,0.0025960642378777266
gpu_0,clean,clean/stack_blocks_three/episode_000030/0_447,stack_blocks_three,episode_000030,clean,,,,final_action,color_temperature,-0.1,,,,12280813841299030061,15666566753435024262,action_relative_l2,0.09970501810312271
gpu_0,clean,clean/stack_blocks_three/episode_000030/0_447,stack_blocks_three,episode_000030,clean,,,,final_action,color_temperature,-0.1,,,,12280813841299030061,15666566753435024262,action_mean_abs,0.01180978026241064
gpu_0,clean,clean/stack_blocks_three/episode_000030/0_447,stack_blocks_three,episode_000030,clean,,,,final_action,color_temperature,-0.1,,,,12280813841299030061,15666566753435024262,action_relative_l2/first_25pct,0.0
gpu_0,clean,clean/stack_blocks_three/episode_000030/0_447,stack_blocks_three,episode_000030,clean,,,,final_action,color_temperature,-0.1,,,,12280813841299030061,15666566753435024262,action_relative_l2/last_75pct,0.10322071611881256
gpu_0,clean,clean/stack_blocks_three/episode_000030/0_447,stack_blocks_three,episode_000030,clean,,,,final_action,color_temperature,-0.1,,,,12280813841299030061,15666566753435024262,endpoint_l2/left_position,0.031195513904094696
gpu_0,clean,clean/stack_blocks_three/episode_000030/0_447,stack_blocks_three,episode_000030,clean,,,,final_action,color_temperature,-0.1,,,,12280813841299030061,15666566753435024262,endpoint_l2/right_position,0.17865990102291107
gpu_0,clean,clean/stack_blocks_three/episode_000030/0_447,stack_blocks_three,episode_000030,clean,,,,final_action,color_temperature,-0.1,,,,12280813841299030061,15666566753435024262,rotation_geodesic/left_rotation,0.04778160899877548
gpu_0,clean,clean/stack_blocks_three/episode_000030/0_447,stack_blocks_three,episode_000030,clean,,,,final_action,color_temperature,-0.1,,,,12280813841299030061,15666566753435024262,rotation_geodesic/right_rotation,0.13429439067840576
gpu_0,clean,clean/stack_blocks_three/episode_000030/0_447,stack_blocks_three,episode_000030,clean,,,,final_action,color_temperature,-0.1,,,,12280813841299030061,15666566753435024262,gripper_flip_rate,0.0
gpu_0,clean,clean/stack_blocks_three/episode_000030/0_447,stack_blocks_three,episode_000030,clean,,,,final_action,color_temperature,-0.1,,,,12280813841299030061,15666566753435024262,temporal_jerk_difference,0.0021836429368704557
gpu_0,clean,clean/stack_blocks_three/episode_000030/0_447,stack_blocks_three,episode_000030,clean,,,,final_action,color_temperature,0.1,,,,12280813841299030061,4205121641594680140,action_relative_l2,0.020155007019639015
gpu_0,clean,clean/stack_blocks_three/episode_000030/0_447,stack_blocks_three,episode_000030,clean,,,,final_action,color_temperature,0.1,,,,12280813841299030061,4205121641594680140,action_mean_abs,0.0022805347107350826
gpu_0,clean,clean/stack_blocks_three/episode_000030/0_447,stack_blocks_three,episode_000030,clean,,,,final_action,color_temperature,0.1,,,,12280813841299030061,4205121641594680140,action_relative_l2/first_25pct,0.0
gpu_0,clean,clean/stack_blocks_three/episode_000030/0_447,stack_blocks_three,episode_000030,clean,,,,final_action,color_temperature,0.1,,,,12280813841299030061,4205121641594680140,action_relative_l2/last_75pct,0.02086569182574749
gpu_0,clean,clean/stack_blocks_three/episode_000030/0_447,stack_blocks_three,episode_000030,clean,,,,final_action,color_temperature,0.1,,,,12280813841299030061,4205121641594680140,endpoint_l2/left_position,0.008177057839930058
gpu_0,clean,clean/stack_blocks_three/episode_000030/0_447,stack_blocks_three,episode_000030,clean,,,,final_action,color_temperature,0.1,,,,12280813841299030061,4205121641594680140,endpoint_l2/right_position,0.006721090525388718
gpu_0,clean,clean/stack_blocks_three/episode_000030/0_447,stack_blocks_three,episode_000030,clean,,,,final_action,color_temperature,0.1,,,,12280813841299030061,4205121641594680140,rotation_geodesic/left_rotation,0.007187504321336746
gpu_0,clean,clean/stack_blocks_three/episode_000030/0_447,stack_blocks_three,episode_000030,clean,,,,final_action,color_temperature,0.1,,,,12280813841299030061,4205121641594680140,rotation_geodesic/right_rotation,0.031756527721881866
gpu_0,clean,clean/stack_blocks_three/episode_000030/0_447,stack_blocks_three,episode_000030,clean,,,,final_action,color_temperature,0.1,,,,12280813841299030061,4205121641594680140,gripper_flip_rate,0.0
gpu_0,clean,clean/stack_blocks_three/episode_000030/0_447,stack_blocks_three,episode_000030,clean,,,,final_action,color_temperature,0.1,,,,12280813841299030061,4205121641594680140,temporal_jerk_difference,0.001634671469219029
gpu_0,clean,clean/stack_blocks_three/episode_000030/0_447,stack_blocks_three,episode_000030,clean,,,,final_action,gamma,0.8,,,,12280813841299030061,12381315702077997941,action_relative_l2,0.018896812573075294
gpu_0,clean,clean/stack_blocks_three/episode_000030/0_447,stack_blocks_three,episode_000030,clean,,,,final_action,gamma,0.8,,,,12280813841299030061,12381315702077997941,action_mean_abs,0.001937944209203124
gpu_0,clean,clean/stack_blocks_three/episode_000030/0_447,stack_blocks_three,episode_000030,clean,,,,final_action,gamma,0.8,,,,12280813841299030061,12381315702077997941,action_relative_l2/first_25pct,0.0
gpu_0,clean,clean/stack_blocks_three/episode_000030/0_447,stack_blocks_three,episode_000030,clean,,,,final_action,gamma,0.8,,,,12280813841299030061,12381315702077997941,action_relative_l2/last_75pct,0.019563132897019386
gpu_0,clean,clean/stack_blocks_three/episode_000030/0_447,stack_blocks_three,episode_000030,clean,,,,final_action,gamma,0.8,,,,12280813841299030061,12381315702077997941,endpoint_l2/left_position,0.003710162593051791
gpu_0,clean,clean/stack_blocks_three/episode_000030/0_447,stack_blocks_three,episode_000030,clean,,,,final_action,gamma,0.8,,,,12280813841299030061,12381315702077997941,endpoint_l2/right_position,0.005772104486823082
gpu_0,clean,clean/stack_blocks_three/episode_000030/0_447,stack_blocks_three,episode_000030,clean,,,,final_action,gamma,0.8,,,,12280813841299030061,12381315702077997941,rotation_geodesic/left_rotation,0.005784687586128712
gpu_0,clean,clean/stack_blocks_three/episode_000030/0_447,stack_blocks_three,episode_000030,clean,,,,final_action,gamma,0.8,,,,12280813841299030061,12381315702077997941,rotation_geodesic/right_rotation,0.029813822358846664
gpu_0,clean,clean/stack_blocks_three/episode_000030/0_447,stack_blocks_three,episode_000030,clean,,,,final_action,gamma,0.8,,,,12280813841299030061,12381315702077997941,gripper_flip_rate,0.0
gpu_0,clean,clean/stack_blocks_three/episode_000030/0_447,stack_blocks_three,episode_000030,clean,,,,final_action,gamma,0.8,,,,12280813841299030061,12381315702077997941,temporal_jerk_difference,0.0015061405720189214
gpu_0,clean,clean/stack_blocks_three/episode_000030/0_447,stack_blocks_three,episode_000030,clean,,,,final_action,gamma,1.2,,,,12280813841299030061,1479468069143235415,action_relative_l2,0.007747984491288662
gpu_0,clean,clean/stack_blocks_three/episode_000030/0_447,stack_blocks_three,episode_000030,clean,,,,final_action,gamma,1.2,,,,12280813841299030061,1479468069143235415,action_mean_abs,0.0008434305782429874
gpu_0,clean,clean/stack_blocks_three/episode_000030/0_447,stack_blocks_three,episode_000030,clean,,,,final_action,gamma,1.2,,,,12280813841299030061,1479468069143235415,action_relative_l2/first_25pct,0.0
gpu_0,clean,clean/stack_blocks_three/episode_000030/0_447,stack_blocks_three,episode_000030,clean,,,,final_action,gamma,1.2,,,,12280813841299030061,1479468069143235415,action_relative_l2/last_75pct,0.008021186105906963
gpu_0,clean,clean/stack_blocks_three/episode_000030/0_447,stack_blocks_three,episode_000030,clean,,,,final_action,gamma,1.2,,,,12280813841299030061,1479468069143235415,endpoint_l2/left_position,0.0015613511204719543
gpu_0,clean,clean/stack_blocks_three/episode_000030/0_447,stack_blocks_three,episode_000030,clean,,,,final_action,gamma,1.2,,,,12280813841299030061,1479468069143235415,endpoint_l2/right_position,0.0027917646802961826
gpu_0,clean,clean/stack_blocks_three/episode_000030/0_447,stack_blocks_three,episode_000030,clean,,,,final_action,gamma,1.2,,,,12280813841299030061,1479468069143235415,rotation_geodesic/left_rotation,0.0032204065937548876
gpu_0,clean,clean/stack_blocks_three/episode_000030/0_447,stack_blocks_three,episode_000030,clean,,,,final_action,gamma,1.2,,,,12280813841299030061,1479468069143235415,rotation_geodesic/right_rotation,0.012590453028678894
gpu_0,clean,clean/stack_blocks_three/episode_000030/0_447,stack_blocks_three,episode_000030,clean,,,,final_action,gamma,1.2,,,,12280813841299030061,1479468069143235415,gripper_flip_rate,0.0
gpu_0,clean,clean/stack_blocks_three/episode_000030/0_447,stack_blocks_three,episode_000030,clean,,,,final_action,gamma,1.2,,,,12280813841299030061,1479468069143235415,temporal_jerk_difference,0.0008306251256726682
gpu_0,clean,clean/stack_blocks_three/episode_000030/0_447,stack_blocks_three,episode_000030,clean,,,,final_action,gaussian_blur_sigma,0.5,,,,12280813841299030061,11617124187135812490,action_relative_l2,0.019482513889670372
gpu_0,clean,clean/stack_blocks_three/episode_000030/0_447,stack_blocks_three,episode_000030,clean,,,,final_action,gaussian_blur_sigma,0.5,,,,12280813841299030061,11617124187135812490,action_mean_abs,0.0018342919647693634
gpu_0,clean,clean/stack_blocks_three/episode_000030/0_447,stack_blocks_three,episode_000030,clean,,,,final_action,gaussian_blur_sigma,0.5,,,,12280813841299030061,11617124187135812490,action_relative_l2/first_25pct,0.0
gpu_0,clean,clean/stack_blocks_three/episode_000030/0_447,stack_blocks_three,episode_000030,clean,,,,final_action,gaussian_blur_sigma,0.5,,,,12280813841299030061,11617124187135812490,action_relative_l2/last_75pct,0.020169487223029137
gpu_0,clean,clean/stack_blocks_three/episode_000030/0_447,stack_blocks_three,episode_000030,clean,,,,final_action,gaussian_blur_sigma,0.5,,,,12280813841299030061,11617124187135812490,endpoint_l2/left_position,0.0029782101046293974
gpu_0,clean,clean/stack_blocks_three/episode_000030/0_447,stack_blocks_three,episode_000030,clean,,,,final_action,gaussian_blur_sigma,0.5,,,,12280813841299030061,11617124187135812490,endpoint_l2/right_position,0.005367049481719732
gpu_0,clean,clean/stack_blocks_three/episode_000030/0_447,stack_blocks_three,episode_000030,clean,,,,final_action,gaussian_blur_sigma,0.5,,,,12280813841299030061,11617124187135812490,rotation_geodesic/left_rotation,0.004979556892067194
gpu_0,clean,clean/stack_blocks_three/episode_000030/0_447,stack_blocks_three,episode_000030,clean,,,,final_action,gaussian_blur_sigma,0.5,,,,12280813841299030061,11617124187135812490,rotation_geodesic/right_rotation,0.030675195157527924
gpu_0,clean,clean/stack_blocks_three/episode_000030/0_447,stack_blocks_three,episode_000030,clean,,,,final_action,gaussian_blur_sigma,0.5,,,,12280813841299030061,11617124187135812490,gripper_flip_rate,0.0
gpu_0,clean,clean/stack_blocks_three/episode_000030/0_447,stack_blocks_three,episode_000030,clean,,,,final_action,gaussian_blur_sigma,0.5,,,,12280813841299030061,11617124187135812490,temporal_jerk_difference,0.0013525326503440738
gpu_0,clean,clean/stack_blocks_three/episode_000030/0_447,stack_blocks_three,episode_000030,clean,,,,final_action,gaussian_blur_sigma,1.0,,,,12280813841299030061,18440392788514194603,action_relative_l2,0.01826762594282627
gpu_0,clean,clean/stack_blocks_three/episode_000030/0_447,stack_blocks_three,episode_000030,clean,,,,final_action,gaussian_blur_sigma,1.0,,,,12280813841299030061,18440392788514194603,action_mean_abs,0.0018974404083564878
gpu_0,clean,clean/stack_blocks_three/episode_000030/0_447,stack_blocks_three,episode_000030,clean,,,,final_action,gaussian_blur_sigma,1.0,,,,12280813841299030061,18440392788514194603,action_relative_l2/first_25pct,0.0
gpu_0,clean,clean/stack_blocks_three/episode_000030/0_447,stack_blocks_three,episode_000030,clean,,,,final_action,gaussian_blur_sigma,1.0,,,,12280813841299030061,18440392788514194603,action_relative_l2/last_75pct,0.018911760300397873
gpu_0,clean,clean/stack_blocks_three/episode_000030/0_447,stack_blocks_three,episode_000030,clean,,,,final_action,gaussian_blur_sigma,1.0,,,,12280813841299030061,18440392788514194603,endpoint_l2/left_position,0.003351272316649556
gpu_0,clean,clean/stack_blocks_three/episode_000030/0_447,stack_blocks_three,episode_000030,clean,,,,final_action,gaussian_blur_sigma,1.0,,,,12280813841299030061,18440392788514194603,endpoint_l2/right_position,0.005772104486823082
gpu_0,clean,clean/stack_blocks_three/episode_000030/0_447,stack_blocks_three,episode_000030,clean,,,,final_action,gaussian_blur_sigma,1.0,,,,12280813841299030061,18440392788514194603,rotation_geodesic/left_rotation,0.005200817249715328
gpu_0,clean,clean/stack_blocks_three/episode_000030/0_447,stack_blocks_three,episode_000030,clean,,,,final_action,gaussian_blur_sigma,1.0,,,,12280813841299030061,18440392788514194603,rotation_geodesic/right_rotation,0.029382867738604546
gpu_0,clean,clean/stack_blocks_three/episode_000030/0_447,stack_blocks_three,episode_000030,clean,,,,final_action,gaussian_blur_sigma,1.0,,,,12280813841299030061,18440392788514194603,gripper_flip_rate,0.0
gpu_0,clean,clean/stack_blocks_three/episode_000030/0_447,stack_blocks_three,episode_000030,clean,,,,final_action,gaussian_blur_sigma,1.0,,,,12280813841299030061,18440392788514194603,temporal_jerk_difference,0.001176260644569993
gpu_0,clean,clean/stack_blocks_three/episode_000030/0_447,stack_blocks_three,episode_000030,clean,,,,final_action,gaussian_noise_std,0.01,,,,12280813841299030061,318962294272706403,action_relative_l2,0.007273954804986715
gpu_0,clean,clean/stack_blocks_three/episode_000030/0_447,stack_blocks_three,episode_000030,clean,,,,final_action,gaussian_noise_std,0.01,,,,12280813841299030061,318962294272706403,action_mean_abs,0.001175537472590804
gpu_0,clean,clean/stack_blocks_three/episode_000030/0_447,stack_blocks_three,episode_000030,clean,,,,final_action,gaussian_noise_std,0.01,,,,12280813841299030061,318962294272706403,action_relative_l2/first_25pct,0.0
gpu_0,clean,clean/stack_blocks_three/episode_000030/0_447,stack_blocks_three,episode_000030,clean,,,,final_action,gaussian_noise_std,0.01,,,,12280813841299030061,318962294272706403,action_relative_l2/last_75pct,0.007530441973358393
gpu_0,clean,clean/stack_blocks_three/episode_000030/0_447,stack_blocks_three,episode_000030,clean,,,,final_action,gaussian_noise_std,0.01,,,,12280813841299030061,318962294272706403,endpoint_l2/left_position,0.005031840410083532
gpu_0,clean,clean/stack_blocks_three/episode_000030/0_447,stack_blocks_three,episode_000030,clean,,,,final_action,gaussian_noise_std,0.01,,,,12280813841299030061,318962294272706403,endpoint_l2/right_position,0.0028893742710351944
gpu_0,clean,clean/stack_blocks_three/episode_000030/0_447,stack_blocks_three,episode_000030,clean,,,,final_action,gaussian_noise_std,0.01,,,,12280813841299030061,318962294272706403,rotation_geodesic/left_rotation,0.007861665450036526
gpu_0,clean,clean/stack_blocks_three/episode_000030/0_447,stack_blocks_three,episode_000030,clean,,,,final_action,gaussian_noise_std,0.01,,,,12280813841299030061,318962294272706403,rotation_geodesic/right_rotation,0.006301515735685825
gpu_0,clean,clean/stack_blocks_three/episode_000030/0_447,stack_blocks_three,episode_000030,clean,,,,final_action,gaussian_noise_std,0.01,,,,12280813841299030061,318962294272706403,gripper_flip_rate,0.0
gpu_0,clean,clean/stack_blocks_three/episode_000030/0_447,stack_blocks_three,episode_000030,clean,,,,final_action,gaussian_noise_std,0.01,,,,12280813841299030061,318962294272706403,temporal_jerk_difference,0.0017377074109390378
gpu_0,clean,clean/stack_blocks_three/episode_000030/0_447,stack_blocks_three,episode_000030,clean,,,,final_action,gaussian_noise_std,0.03,,,,12280813841299030061,10916310403062362012,action_relative_l2,0.00986060593277216
gpu_0,clean,clean/stack_blocks_three/episode_000030/0_447,stack_blocks_three,episode_000030,clean,,,,final_action,gaussian_noise_std,0.03,,,,12280813841299030061,10916310403062362012,action_mean_abs,0.0018938449211418629
gpu_0,clean,clean/stack_blocks_three/episode_000030/0_447,stack_blocks_three,episode_000030,clean,,,,final_action,gaussian_noise_std,0.03,,,,12280813841299030061,10916310403062362012,action_relative_l2/first_25pct,0.0
gpu_0,clean,clean/stack_blocks_three/episode_000030/0_447,stack_blocks_three,episode_000030,clean,,,,final_action,gaussian_noise_std,0.03,,,,12280813841299030061,10916310403062362012,action_relative_l2/last_75pct,0.01020830124616623
gpu_0,clean,clean/stack_blocks_three/episode_000030/0_447,stack_blocks_three,episode_000030,clean,,,,final_action,gaussian_noise_std,0.03,,,,12280813841299030061,10916310403062362012,endpoint_l2/left_position,0.00792555883526802
gpu_0,clean,clean/stack_blocks_three/episode_000030/0_447,stack_blocks_three,episode_000030,clean,,,,final_action,gaussian_noise_std,0.03,,,,12280813841299030061,10916310403062362012,endpoint_l2/right_position,0.006189333740621805
gpu_0,clean,clean/stack_blocks_three/episode_000030/0_447,stack_blocks_three,episode_000030,clean,,,,final_action,gaussian_noise_std,0.03,,,,12280813841299030061,10916310403062362012,rotation_geodesic/left_rotation,0.010794298723340034
gpu_0,clean,clean/stack_blocks_three/episode_000030/0_447,stack_blocks_three,episode_000030,clean,,,,final_action,gaussian_noise_std,0.03,,,,12280813841299030061,10916310403062362012,rotation_geodesic/right_rotation,0.005817849654704332
gpu_0,clean,clean/stack_blocks_three/episode_000030/0_447,stack_blocks_three,episode_000030,clean,,,,final_action,gaussian_noise_std,0.03,,,,12280813841299030061,10916310403062362012,gripper_flip_rate,0.0
gpu_0,clean,clean/stack_blocks_three/episode_000030/0_447,stack_blocks_three,episode_000030,clean,,,,final_action,gaussian_noise_std,0.03,,,,12280813841299030061,10916310403062362012,temporal_jerk_difference,0.002005747752264142
gpu_0,clean,clean/stack_blocks_three/episode_000030/0_447,stack_blocks_three,episode_000030,clean,,,,final_action,identity,0.0,,,,12280813841299030061,,action_relative_l2,0.0
gpu_0,clean,clean/stack_blocks_three/episode_000030/0_447,stack_blocks_three,episode_000030,clean,,,,final_action,identity,0.0,,,,12280813841299030061,,action_mean_abs,0.0
gpu_0,clean,clean/stack_blocks_three/episode_000030/0_447,stack_blocks_three,episode_000030,clean,,,,final_action,identity,0.0,,,,12280813841299030061,,action_relative_l2/first_25pct,0.0
gpu_0,clean,clean/stack_blocks_three/episode_000030/0_447,stack_blocks_three,episode_000030,clean,,,,final_action,identity,0.0,,,,12280813841299030061,,action_relative_l2/last_75pct,0.0
gpu_0,clean,clean/stack_blocks_three/episode_000030/0_447,stack_blocks_three,episode_000030,clean,,,,final_action,identity,0.0,,,,12280813841299030061,,endpoint_l2/left_position,0.0
gpu_0,clean,clean/stack_blocks_three/episode_000030/0_447,stack_blocks_three,episode_000030,clean,,,,final_action,identity,0.0,,,,12280813841299030061,,endpoint_l2/right_position,0.0
gpu_0,clean,clean/stack_blocks_three/episode_000030/0_447,stack_blocks_three,episode_000030,clean,,,,final_action,identity,0.0,,,,12280813841299030061,,rotation_geodesic/left_rotation,0.0003084211202803999
gpu_0,clean,clean/stack_blocks_three/episode_000030/0_447,stack_blocks_three,episode_000030,clean,,,,final_action,identity,0.0,,,,12280813841299030061,,rotation_geodesic/right_rotation,0.00015736682689748704
gpu_0,clean,clean/stack_blocks_three/episode_000030/0_447,stack_blocks_three,episode_000030,clean,,,,final_action,identity,0.0,,,,12280813841299030061,,gripper_flip_rate,0.0
gpu_0,clean,clean/stack_blocks_three/episode_000030/0_447,stack_blocks_three,episode_000030,clean,,,,final_action,identity,0.0,,,,12280813841299030061,,temporal_jerk_difference,0.0
gpu_0,contrastive,clean/adjust_bottle/episode_000044/0_139,adjust_bottle,episode_000044,clean,,,,final_action,brightness,0.8,,,,204078420560127207,13345697289178260558,action_relative_l2,0.04385850206017494
gpu_0,contrastive,clean/adjust_bottle/episode_000044/0_139,adjust_bottle,episode_000044,clean,,,,final_action,brightness,0.8,,,,204078420560127207,13345697289178260558,action_mean_abs,0.006932683754712343
gpu_0,contrastive,clean/adjust_bottle/episode_000044/0_139,adjust_bottle,episode_000044,clean,,,,final_action,brightness,0.8,,,,204078420560127207,13345697289178260558,action_relative_l2/first_25pct,0.0
gpu_0,contrastive,clean/adjust_bottle/episode_000044/0_139,adjust_bottle,episode_000044,clean,,,,final_action,brightness,0.8,,,,204078420560127207,13345697289178260558,action_relative_l2/last_75pct,0.04541488736867905
gpu_0,contrastive,clean/adjust_bottle/episode_000044/0_139,adjust_bottle,episode_000044,clean,,,,final_action,brightness,0.8,,,,204078420560127207,13345697289178260558,endpoint_l2/left_position,0.003559456206858158
gpu_0,contrastive,clean/adjust_bottle/episode_000044/0_139,adjust_bottle,episode_000044,clean,,,,final_action,brightness,0.8,,,,204078420560127207,13345697289178260558,endpoint_l2/right_position,0.05168689787387848
gpu_0,contrastive,clean/adjust_bottle/episode_000044/0_139,adjust_bottle,episode_000044,clean,,,,final_action,brightness,0.8,,,,204078420560127207,13345697289178260558,rotation_geodesic/left_rotation,0.0083830701187253
gpu_0,contrastive,clean/adjust_bottle/episode_000044/0_139,adjust_bottle,episode_000044,clean,,,,final_action,brightness,0.8,,,,204078420560127207,13345697289178260558,rotation_geodesic/right_rotation,0.07741905003786087
gpu_0,contrastive,clean/adjust_bottle/episode_000044/0_139,adjust_bottle,episode_000044,clean,,,,final_action,brightness,0.8,,,,204078420560127207,13345697289178260558,gripper_flip_rate,0.0
gpu_0,contrastive,clean/adjust_bottle/episode_000044/0_139,adjust_bottle,episode_000044,clean,,,,final_action,brightness,0.8,,,,204078420560127207,13345697289178260558,temporal_jerk_difference,0.0018959230510517955
gpu_0,contrastive,clean/adjust_bottle/episode_000044/0_139,adjust_bottle,episode_000044,clean,,,,final_action,brightness,1.2,,,,204078420560127207,739887505226363588,action_relative_l2,0.10054650902748108
gpu_0,contrastive,clean/adjust_bottle/episode_000044/0_139,adjust_bottle,episode_000044,clean,,,,final_action,brightness,1.2,,,,204078420560127207,739887505226363588,action_mean_abs,0.015281487256288528
gpu_0,contrastive,clean/adjust_bottle/episode_000044/0_139,adjust_bottle,episode_000044,clean,,,,final_action,brightness,1.2,,,,204078420560127207,739887505226363588,action_relative_l2/first_25pct,0.0
gpu_0,contrastive,clean/adjust_bottle/episode_000044/0_139,adjust_bottle,episode_000044,clean,,,,final_action,brightness,1.2,,,,204078420560127207,739887505226363588,action_relative_l2/last_75pct,0.10411455482244492
gpu_0,contrastive,clean/adjust_bottle/episode_000044/0_139,adjust_bottle,episode_000044,clean,,,,final_action,brightness,1.2,,,,204078420560127207,739887505226363588,endpoint_l2/left_position,0.006703057326376438
gpu_0,contrastive,clean/adjust_bottle/episode_000044/0_139,adjust_bottle,episode_000044,clean,,,,final_action,brightness,1.2,,,,204078420560127207,739887505226363588,endpoint_l2/right_position,0.13295578956604004
gpu_0,contrastive,clean/adjust_bottle/episode_000044/0_139,adjust_bottle,episode_000044,clean,,,,final_action,brightness,1.2,,,,204078420560127207,739887505226363588,rotation_geodesic/left_rotation,0.008155828341841698
gpu_0,contrastive,clean/adjust_bottle/episode_000044/0_139,adjust_bottle,episode_000044,clean,,,,final_action,brightness,1.2,,,,204078420560127207,739887505226363588,rotation_geodesic/right_rotation,0.18410933017730713
gpu_0,contrastive,clean/adjust_bottle/episode_000044/0_139,adjust_bottle,episode_000044,clean,,,,final_action,brightness,1.2,,,,204078420560127207,739887505226363588,gripper_flip_rate,0.0
gpu_0,contrastive,clean/adjust_bottle/episode_000044/0_139,adjust_bottle,episode_000044,clean,,,,final_action,brightness,1.2,,,,204078420560127207,739887505226363588,temporal_jerk_difference,0.002323906635865569
gpu_0,contrastive,clean/adjust_bottle/episode_000044/0_139,adjust_bottle,episode_000044,clean,,,,final_action,color_temperature,-0.1,,,,204078420560127207,765584118789078213,action_relative_l2,0.01178505178540945
gpu_0,contrastive,clean/adjust_bottle/episode_000044/0_139,adjust_bottle,episode_000044,clean,,,,final_action,color_temperature,-0.1,,,,204078420560127207,765584118789078213,action_mean_abs,0.002034566830843687
gpu_0,contrastive,clean/adjust_bottle/episode_000044/0_139,adjust_bottle,episode_000044,clean,,,,final_action,color_temperature,-0.1,,,,204078420560127207,765584118789078213,action_relative_l2/first_25pct,0.0
gpu_0,contrastive,clean/adjust_bottle/episode_000044/0_139,adjust_bottle,episode_000044,clean,,,,final_action,color_temperature,-0.1,,,,204078420560127207,765584118789078213,action_relative_l2/last_75pct,0.012203262187540531
gpu_0,contrastive,clean/adjust_bottle/episode_000044/0_139,adjust_bottle,episode_000044,clean,,,,final_action,color_temperature,-0.1,,,,204078420560127207,765584118789078213,endpoint_l2/left_position,0.0025564422830939293
gpu_0,contrastive,clean/adjust_bottle/episode_000044/0_139,adjust_bottle,episode_000044,clean,,,,final_action,color_temperature,-0.1,,,,204078420560127207,765584118789078213,endpoint_l2/right_position,0.01912515051662922
gpu_0,contrastive,clean/adjust_bottle/episode_000044/0_139,adjust_bottle,episode_000044,clean,,,,final_action,color_temperature,-0.1,,,,204078420560127207,765584118789078213,rotation_geodesic/left_rotation,0.0040581016801297665
gpu_0,contrastive,clean/adjust_bottle/episode_000044/0_139,adjust_bottle,episode_000044,clean,,,,final_action,color_temperature,-0.1,,,,204078420560127207,765584118789078213,rotation_geodesic/right_rotation,0.016576381400227547
gpu_0,contrastive,clean/adjust_bottle/episode_000044/0_139,adjust_bottle,episode_000044,clean,,,,final_action,color_temperature,-0.1,,,,204078420560127207,765584118789078213,gripper_flip_rate,0.0
gpu_0,contrastive,clean/adjust_bottle/episode_000044/0_139,adjust_bottle,episode_000044,clean,,,,final_action,color_temperature,-0.1,,,,204078420560127207,765584118789078213,temporal_jerk_difference,0.0014673483092337847
gpu_0,contrastive,clean/adjust_bottle/episode_000044/0_139,adjust_bottle,episode_000044,clean,,,,final_action,color_temperature,0.1,,,,204078420560127207,9775476510567872708,action_relative_l2,0.03269030153751373
gpu_0,contrastive,clean/adjust_bottle/episode_000044/0_139,adjust_bottle,episode_000044,clean,,,,final_action,color_temperature,0.1,,,,204078420560127207,9775476510567872708,action_mean_abs,0.00481098098680377
gpu_0,contrastive,clean/adjust_bottle/episode_000044/0_139,adjust_bottle,episode_000044,clean,,,,final_action,color_temperature,0.1,,,,204078420560127207,9775476510567872708,action_relative_l2/first_25pct,0.0
gpu_0,contrastive,clean/adjust_bottle/episode_000044/0_139,adjust_bottle,episode_000044,clean,,,,final_action,color_temperature,0.1,,,,204078420560127207,9775476510567872708,action_relative_l2/last_75pct,0.03385036438703537
gpu_0,contrastive,clean/adjust_bottle/episode_000044/0_139,adjust_bottle,episode_000044,clean,,,,final_action,color_temperature,0.1,,,,204078420560127207,9775476510567872708,endpoint_l2/left_position,0.003704437054693699
gpu_0,contrastive,clean/adjust_bottle/episode_000044/0_139,adjust_bottle,episode_000044,clean,,,,final_action,color_temperature,0.1,,,,204078420560127207,9775476510567872708,endpoint_l2/right_position,0.04220081493258476
gpu_0,contrastive,clean/adjust_bottle/episode_000044/0_139,adjust_bottle,episode_000044,clean,,,,final_action,color_temperature,0.1,,,,204078420560127207,9775476510567872708,rotation_geodesic/left_rotation,0.008879991248250008
gpu_0,contrastive,clean/adjust_bottle/episode_000044/0_139,adjust_bottle,episode_000044,clean,,,,final_action,color_temperature,0.1,,,,204078420560127207,9775476510567872708,rotation_geodesic/right_rotation,0.05703761428594589
gpu_0,contrastive,clean/adjust_bottle/episode_000044/0_139,adjust_bottle,episode_000044,clean,,,,final_action,color_temperature,0.1,,,,204078420560127207,9775476510567872708,gripper_flip_rate,0.0
gpu_0,contrastive,clean/adjust_bottle/episode_000044/0_139,adjust_bottle,episode_000044,clean,,,,final_action,color_temperature,0.1,,,,204078420560127207,9775476510567872708,temporal_jerk_difference,0.0019535997416824102
gpu_0,contrastive,clean/adjust_bottle/episode_000044/0_139,adjust_bottle,episode_000044,clean,,,,final_action,gamma,0.8,,,,204078420560127207,18087504126169967844,action_relative_l2,0.0038891981821507215
gpu_0,contrastive,clean/adjust_bottle/episode_000044/0_139,adjust_bottle,episode_000044,clean,,,,final_action,gamma,0.8,,,,204078420560127207,18087504126169967844,action_mean_abs,0.0003649775462690741
gpu_0,contrastive,clean/adjust_bottle/episode_000044/0_139,adjust_bottle,episode_000044,clean,,,,final_action,gamma,0.8,,,,204078420560127207,18087504126169967844,action_relative_l2/first_25pct,0.0
gpu_0,contrastive,clean/adjust_bottle/episode_000044/0_139,adjust_bottle,episode_000044,clean,,,,final_action,gamma,0.8,,,,204078420560127207,18087504126169967844,action_relative_l2/last_75pct,0.004027212038636208
gpu_0,contrastive,clean/adjust_bottle/episode_000044/0_139,adjust_bottle,episode_000044,clean,,,,final_action,gamma,0.8,,,,204078420560127207,18087504126169967844,endpoint_l2/left_position,0.0011155408574268222
gpu_0,contrastive,clean/adjust_bottle/episode_000044/0_139,adjust_bottle,episode_000044,clean,,,,final_action,gamma,0.8,,,,204078420560127207,18087504126169967844,endpoint_l2/right_position,0.0030580461025238037
gpu_0,contrastive,clean/adjust_bottle/episode_000044/0_139,adjust_bottle,episode_000044,clean,,,,final_action,gamma,0.8,,,,204078420560127207,18087504126169967844,rotation_geodesic/left_rotation,0.0006793194334022701
gpu_0,contrastive,clean/adjust_bottle/episode_000044/0_139,adjust_bottle,episode_000044,clean,,,,final_action,gamma,0.8,,,,204078420560127207,18087504126169967844,rotation_geodesic/right_rotation,0.0032432402949780226
gpu_0,contrastive,clean/adjust_bottle/episode_000044/0_139,adjust_bottle,episode_000044,clean,,,,final_action,gamma,0.8,,,,204078420560127207,18087504126169967844,gripper_flip_rate,0.0
gpu_0,contrastive,clean/adjust_bottle/episode_000044/0_139,adjust_bottle,episode_000044,clean,,,,final_action,gamma,0.8,,,,204078420560127207,18087504126169967844,temporal_jerk_difference,0.0009465265902690589
gpu_0,contrastive,clean/adjust_bottle/episode_000044/0_139,adjust_bottle,episode_000044,clean,,,,final_action,gamma,1.2,,,,204078420560127207,6964187763139144458,action_relative_l2,0.08724915981292725
gpu_0,contrastive,clean/adjust_bottle/episode_000044/0_139,adjust_bottle,episode_000044,clean,,,,final_action,gamma,1.2,,,,204078420560127207,6964187763139144458,action_mean_abs,0.009128415025770664
gpu_0,contrastive,clean/adjust_bottle/episode_000044/0_139,adjust_bottle,episode_000044,clean,,,,final_action,gamma,1.2,,,,204078420560127207,6964187763139144458,action_relative_l2/first_25pct,0.0
gpu_0,contrastive,clean/adjust_bottle/episode_000044/0_139,adjust_bottle,episode_000044,clean,,,,final_action,gamma,1.2,,,,204078420560127207,6964187763139144458,action_relative_l2/last_75pct,0.09034533053636551
gpu_0,contrastive,clean/adjust_bottle/episode_000044/0_139,adjust_bottle,episode_000044,clean,,,,final_action,gamma,1.2,,,,204078420560127207,6964187763139144458,endpoint_l2/left_position,0.006343027576804161
gpu_0,contrastive,clean/adjust_bottle/episode_000044/0_139,adjust_bottle,episode_000044,clean,,,,final_action,gamma,1.2,,,,204078420560127207,6964187763139144458,endpoint_l2/right_position,0.05597137659788132
gpu_0,contrastive,clean/adjust_bottle/episode_000044/0_139,adjust_bottle,episode_000044,clean,,,,final_action,gamma,1.2,,,,204078420560127207,6964187763139144458,rotation_geodesic/left_rotation,0.004876948427408934
gpu_0,contrastive,clean/adjust_bottle/episode_000044/0_139,adjust_bottle,episode_000044,clean,,,,final_action,gamma,1.2,,,,204078420560127207,6964187763139144458,rotation_geodesic/right_rotation,0.1412147432565689
gpu_0,contrastive,clean/adjust_bottle/episode_000044/0_139,adjust_bottle,episode_000044,clean,,,,final_action,gamma,1.2,,,,204078420560127207,6964187763139144458,gripper_flip_rate,0.0
gpu_0,contrastive,clean/adjust_bottle/episode_000044/0_139,adjust_bottle,episode_000044,clean,,,,final_action,gamma,1.2,,,,204078420560127207,6964187763139144458,temporal_jerk_difference,0.0018119472078979015
gpu_0,contrastive,clean/adjust_bottle/episode_000044/0_139,adjust_bottle,episode_000044,clean,,,,final_action,gaussian_blur_sigma,0.5,,,,204078420560127207,7670735354293000251,action_relative_l2,0.004017724189907312
gpu_0,contrastive,clean/adjust_bottle/episode_000044/0_139,adjust_bottle,episode_000044,clean,,,,final_action,gaussian_blur_sigma,0.5,,,,204078420560127207,7670735354293000251,action_mean_abs,0.00026262394385412335
gpu_0,contrastive,clean/adjust_bottle/episode_000044/0_139,adjust_bottle,episode_000044,clean,,,,final_action,gaussian_blur_sigma,0.5,,,,204078420560127207,7670735354293000251,action_relative_l2/first_25pct,0.0
gpu_0,contrastive,clean/adjust_bottle/episode_000044/0_139,adjust_bottle,episode_000044,clean,,,,final_action,gaussian_blur_sigma,0.5,,,,204078420560127207,7670735354293000251,action_relative_l2/last_75pct,0.004160299431532621
gpu_0,contrastive,clean/adjust_bottle/episode_000044/0_139,adjust_bottle,episode_000044,clean,,,,final_action,gaussian_blur_sigma,0.5,,,,204078420560127207,7670735354293000251,endpoint_l2/left_position,0.0
gpu_0,contrastive,clean/adjust_bottle/episode_000044/0_139,adjust_bottle,episode_000044,clean,,,,final_action,gaussian_blur_sigma,0.5,,,,204078420560127207,7670735354293000251,endpoint_l2/right_position,0.0015290230512619019
gpu_0,contrastive,clean/adjust_bottle/episode_000044/0_139,adjust_bottle,episode_000044,clean,,,,final_action,gaussian_blur_sigma,0.5,,,,204078420560127207,7670735354293000251,rotation_geodesic/left_rotation,6.473755638580769e-05
gpu_0,contrastive,clean/adjust_bottle/episode_000044/0_139,adjust_bottle,episode_000044,clean,,,,final_action,gaussian_blur_sigma,0.5,,,,204078420560127207,7670735354293000251,rotation_geodesic/right_rotation,0.0016298197442665696
gpu_0,contrastive,clean/adjust_bottle/episode_000044/0_139,adjust_bottle,episode_000044,clean,,,,final_action,gaussian_blur_sigma,0.5,,,,204078420560127207,7670735354293000251,gripper_flip_rate,0.0
gpu_0,contrastive,clean/adjust_bottle/episode_000044/0_139,adjust_bottle,episode_000044,clean,,,,final_action,gaussian_blur_sigma,0.5,,,,204078420560127207,7670735354293000251,temporal_jerk_difference,0.0008023218833841383
gpu_0,contrastive,clean/adjust_bottle/episode_000044/0_139,adjust_bottle,episode_000044,clean,,,,final_action,gaussian_blur_sigma,1.0,,,,204078420560127207,10294368508449037784,action_relative_l2,0.005833437666296959
gpu_0,contrastive,clean/adjust_bottle/episode_000044/0_139,adjust_bottle,episode_000044,clean,,,,final_action,gaussian_blur_sigma,1.0,,,,204078420560127207,10294368508449037784,action_mean_abs,0.0007056767353788018
gpu_0,contrastive,clean/adjust_bottle/episode_000044/0_139,adjust_bottle,episode_000044,clean,,,,final_action,gaussian_blur_sigma,1.0,,,,204078420560127207,10294368508449037784,action_relative_l2/first_25pct,0.0
gpu_0,contrastive,clean/adjust_bottle/episode_000044/0_139,adjust_bottle,episode_000044,clean,,,,final_action,gaussian_blur_sigma,1.0,,,,204078420560127207,10294368508449037784,action_relative_l2/last_75pct,0.0060404459945857525
gpu_0,contrastive,clean/adjust_bottle/episode_000044/0_139,adjust_bottle,episode_000044,clean,,,,final_action,gaussian_blur_sigma,1.0,,,,204078420560127207,10294368508449037784,endpoint_l2/left_position,0.0009198722545988858
gpu_0,contrastive,clean/adjust_bottle/episode_000044/0_139,adjust_bottle,episode_000044,clean,,,,final_action,gaussian_blur_sigma,1.0,,,,204078420560127207,10294368508449037784,endpoint_l2/right_position,0.0062637911178171635
gpu_0,contrastive,clean/adjust_bottle/episode_000044/0_139,adjust_bottle,episode_000044,clean,,,,final_action,gaussian_blur_sigma,1.0,,,,204078420560127207,10294368508449037784,rotation_geodesic/left_rotation,0.0014416598714888096
gpu_0,contrastive,clean/adjust_bottle/episode_000044/0_139,adjust_bottle,episode_000044,clean,,,,final_action,gaussian_blur_sigma,1.0,,,,204078420560127207,10294368508449037784,rotation_geodesic/right_rotation,0.007930477149784565
gpu_0,contrastive,clean/adjust_bottle/episode_000044/0_139,adjust_bottle,episode_000044,clean,,,,final_action,gaussian_blur_sigma,1.0,,,,204078420560127207,10294368508449037784,gripper_flip_rate,0.0
gpu_0,contrastive,clean/adjust_bottle/episode_000044/0_139,adjust_bottle,episode_000044,clean,,,,final_action,gaussian_blur_sigma,1.0,,,,204078420560127207,10294368508449037784,temporal_jerk_difference,0.0010054134763777256
gpu_0,contrastive,clean/adjust_bottle/episode_000044/0_139,adjust_bottle,episode_000044,clean,,,,final_action,gaussian_noise_std,0.01,,,,204078420560127207,11085467170365831463,action_relative_l2,0.09037405997514725
gpu_0,contrastive,clean/adjust_bottle/episode_000044/0_139,adjust_bottle,episode_000044,clean,,,,final_action,gaussian_noise_std,0.01,,,,204078420560127207,11085467170365831463,action_mean_abs,0.010195285081863403
gpu_0,contrastive,clean/adjust_bottle/episode_000044/0_139,adjust_bottle,episode_000044,clean,,,,final_action,gaussian_noise_std,0.01,,,,204078420560127207,11085467170365831463,action_relative_l2/first_25pct,0.0
gpu_0,contrastive,clean/adjust_bottle/episode_000044/0_139,adjust_bottle,episode_000044,clean,,,,final_action,gaussian_noise_std,0.01,,,,204078420560127207,11085467170365831463,action_relative_l2/last_75pct,0.09358111768960953
gpu_0,contrastive,clean/adjust_bottle/episode_000044/0_139,adjust_bottle,episode_000044,clean,,,,final_action,gaussian_noise_std,0.01,,,,204078420560127207,11085467170365831463,endpoint_l2/left_position,0.005964728072285652
gpu_0,contrastive,clean/adjust_bottle/episode_000044/0_139,adjust_bottle,episode_000044,clean,,,,final_action,gaussian_noise_std,0.01,,,,204078420560127207,11085467170365831463,endpoint_l2/right_position,0.06921996921300888
gpu_0,contrastive,clean/adjust_bottle/episode_000044/0_139,adjust_bottle,episode_000044,clean,,,,final_action,gaussian_noise_std,0.01,,,,204078420560127207,11085467170365831463,rotation_geodesic/left_rotation,0.004469003528356552
gpu_0,contrastive,clean/adjust_bottle/episode_000044/0_139,adjust_bottle,episode_000044,clean,,,,final_action,gaussian_noise_std,0.01,,,,204078420560127207,11085467170365831463,rotation_geodesic/right_rotation,0.1457948535680771
gpu_0,contrastive,clean/adjust_bottle/episode_000044/0_139,adjust_bottle,episode_000044,clean,,,,final_action,gaussian_noise_std,0.01,,,,204078420560127207,11085467170365831463,gripper_flip_rate,0.0
gpu_0,contrastive,clean/adjust_bottle/episode_000044/0_139,adjust_bottle,episode_000044,clean,,,,final_action,gaussian_noise_std,0.01,,,,204078420560127207,11085467170365831463,temporal_jerk_difference,0.0019988405983895063
gpu_0,contrastive,clean/adjust_bottle/episode_000044/0_139,adjust_bottle,episode_000044,clean,,,,final_action,gaussian_noise_std,0.03,,,,204078420560127207,9801349385923051928,action_relative_l2,0.09160829335451126
gpu_0,contrastive,clean/adjust_bottle/episode_000044/0_139,adjust_bottle,episode_000044,clean,,,,final_action,gaussian_noise_std,0.03,,,,204078420560127207,9801349385923051928,action_mean_abs,0.010508831590414047
gpu_0,contrastive,clean/adjust_bottle/episode_000044/0_139,adjust_bottle,episode_000044,clean,,,,final_action,gaussian_noise_std,0.03,,,,204078420560127207,9801349385923051928,action_relative_l2/first_25pct,0.0
gpu_0,contrastive,clean/adjust_bottle/episode_000044/0_139,adjust_bottle,episode_000044,clean,,,,final_action,gaussian_noise_std,0.03,,,,204078420560127207,9801349385923051928,action_relative_l2/last_75pct,0.09485915303230286
gpu_0,contrastive,clean/adjust_bottle/episode_000044/0_139,adjust_bottle,episode_000044,clean,,,,final_action,gaussian_noise_std,0.03,,,,204078420560127207,9801349385923051928,endpoint_l2/left_position,0.005338524468243122
gpu_0,contrastive,clean/adjust_bottle/episode_000044/0_139,adjust_bottle,episode_000044,clean,,,,final_action,gaussian_noise_std,0.03,,,,204078420560127207,9801349385923051928,endpoint_l2/right_position,0.06803987920284271
gpu_0,contrastive,clean/adjust_bottle/episode_000044/0_139,adjust_bottle,episode_000044,clean,,,,final_action,gaussian_noise_std,0.03,,,,204078420560127207,9801349385923051928,rotation_geodesic/left_rotation,0.005439615808427334
gpu_0,contrastive,clean/adjust_bottle/episode_000044/0_139,adjust_bottle,episode_000044,clean,,,,final_action,gaussian_noise_std,0.03,,,,204078420560127207,9801349385923051928,rotation_geodesic/right_rotation,0.14807318150997162
gpu_0,contrastive,clean/adjust_bottle/episode_000044/0_139,adjust_bottle,episode_000044,clean,,,,final_action,gaussian_noise_std,0.03,,,,204078420560127207,9801349385923051928,gripper_flip_rate,0.0
gpu_0,contrastive,clean/adjust_bottle/episode_000044/0_139,adjust_bottle,episode_000044,clean,,,,final_action,gaussian_noise_std,0.03,,,,204078420560127207,9801349385923051928,temporal_jerk_difference,0.0022435076534748077
gpu_0,contrastive,clean/adjust_bottle/episode_000044/0_139,adjust_bottle,episode_000044,clean,,,,final_action,identity,0.0,,,,204078420560127207,,action_relative_l2,0.0
gpu_0,contrastive,clean/adjust_bottle/episode_000044/0_139,adjust_bottle,episode_000044,clean,,,,final_action,identity,0.0,,,,204078420560127207,,action_mean_abs,0.0
gpu_0,contrastive,clean/adjust_bottle/episode_000044/0_139,adjust_bottle,episode_000044,clean,,,,final_action,identity,0.0,,,,204078420560127207,,action_relative_l2/first_25pct,0.0
gpu_0,contrastive,clean/adjust_bottle/episode_000044/0_139,adjust_bottle,episode_000044,clean,,,,final_action,identity,0.0,,,,204078420560127207,,action_relative_l2/last_75pct,0.0
gpu_0,contrastive,clean/adjust_bottle/episode_000044/0_139,adjust_bottle,episode_000044,clean,,,,final_action,identity,0.0,,,,204078420560127207,,endpoint_l2/left_position,0.0
gpu_0,contrastive,clean/adjust_bottle/episode_000044/0_139,adjust_bottle,episode_000044,clean,,,,final_action,identity,0.0,,,,204078420560127207,,endpoint_l2/right_position,0.0
gpu_0,contrastive,clean/adjust_bottle/episode_000044/0_139,adjust_bottle,episode_000044,clean,,,,final_action,identity,0.0,,,,204078420560127207,,rotation_geodesic/left_rotation,0.0
gpu_0,contrastive,clean/adjust_bottle/episode_000044/0_139,adjust_bottle,episode_000044,clean,,,,final_action,identity,0.0,,,,204078420560127207,,rotation_geodesic/right_rotation,0.0001473519077990204
gpu_0,contrastive,clean/adjust_bottle/episode_000044/0_139,adjust_bottle,episode_000044,clean,,,,final_action,identity,0.0,,,,204078420560127207,,gripper_flip_rate,0.0
gpu_0,contrastive,clean/adjust_bottle/episode_000044/0_139,adjust_bottle,episode_000044,clean,,,,final_action,identity,0.0,,,,204078420560127207,,temporal_jerk_difference,0.0
gpu_0,contrastive,clean/lift_pot/episode_000036/0_122,lift_pot,episode_000036,clean,,,,final_action,brightness,0.8,,,,17577961833213462126,13315783227415234401,action_relative_l2,0.00889342837035656
gpu_0,contrastive,clean/lift_pot/episode_000036/0_122,lift_pot,episode_000036,clean,,,,final_action,brightness,0.8,,,,17577961833213462126,13315783227415234401,action_mean_abs,0.001323013217188418
gpu_0,contrastive,clean/lift_pot/episode_000036/0_122,lift_pot,episode_000036,clean,,,,final_action,brightness,0.8,,,,17577961833213462126,13315783227415234401,action_relative_l2/first_25pct,0.0
gpu_0,contrastive,clean/lift_pot/episode_000036/0_122,lift_pot,episode_000036,clean,,,,final_action,brightness,0.8,,,,17577961833213462126,13315783227415234401,action_relative_l2/last_75pct,0.009299504570662975
gpu_0,contrastive,clean/lift_pot/episode_000036/0_122,lift_pot,episode_000036,clean,,,,final_action,brightness,0.8,,,,17577961833213462126,13315783227415234401,endpoint_l2/left_position,0.0014454053016379476
gpu_0,contrastive,clean/lift_pot/episode_000036/0_122,lift_pot,episode_000036,clean,,,,final_action,brightness,0.8,,,,17577961833213462126,13315783227415234401,endpoint_l2/right_position,0.004917790647596121
gpu_0,contrastive,clean/lift_pot/episode_000036/0_122,lift_pot,episode_000036,clean,,,,final_action,brightness,0.8,,,,17577961833213462126,13315783227415234401,rotation_geodesic/left_rotation,0.008743313141167164
gpu_0,contrastive,clean/lift_pot/episode_000036/0_122,lift_pot,episode_000036,clean,,,,final_action,brightness,0.8,,,,17577961833213462126,13315783227415234401,rotation_geodesic/right_rotation,0.005420458037406206
gpu_0,contrastive,clean/lift_pot/episode_000036/0_122,lift_pot,episode_000036,clean,,,,final_action,brightness,0.8,,,,17577961833213462126,13315783227415234401,gripper_flip_rate,0.015625
gpu_0,contrastive,clean/lift_pot/episode_000036/0_122,lift_pot,episode_000036,clean,,,,final_action,brightness,0.8,,,,17577961833213462126,13315783227415234401,temporal_jerk_difference,0.0015514742117375135
gpu_0,contrastive,clean/lift_pot/episode_000036/0_122,lift_pot,episode_000036,clean,,,,final_action,brightness,1.2,,,,17577961833213462126,15651286266305293779,action_relative_l2,0.05530615523457527
gpu_0,contrastive,clean/lift_pot/episode_000036/0_122,lift_pot,episode_000036,clean,,,,final_action,brightness,1.2,,,,17577961833213462126,15651286266305293779,action_mean_abs,0.006791348569095135
gpu_0,contrastive,clean/lift_pot/episode_000036/0_122,lift_pot,episode_000036,clean,,,,final_action,brightness,1.2,,,,17577961833213462126,15651286266305293779,action_relative_l2/first_25pct,0.0
gpu_0,contrastive,clean/lift_pot/episode_000036/0_122,lift_pot,episode_000036,clean,,,,final_action,brightness,1.2,,,,17577961833213462126,15651286266305293779,action_relative_l2/last_75pct,0.05783144384622574
gpu_0,contrastive,clean/lift_pot/episode_000036/0_122,lift_pot,episode_000036,clean,,,,final_action,brightness,1.2,,,,17577961833213462126,15651286266305293779,endpoint_l2/left_position,0.0031847588252276182
gpu_0,contrastive,clean/lift_pot/episode_000036/0_122,lift_pot,episode_000036,clean,,,,final_action,brightness,1.2,,,,17577961833213462126,15651286266305293779,endpoint_l2/right_position,0.05627372860908508
gpu_0,contrastive,clean/lift_pot/episode_000036/0_122,lift_pot,episode_000036,clean,,,,final_action,brightness,1.2,,,,17577961833213462126,15651286266305293779,rotation_geodesic/left_rotation,0.007353154011070728
gpu_0,contrastive,clean/lift_pot/episode_000036/0_122,lift_pot,episode_000036,clean,,,,final_action,brightness,1.2,,,,17577961833213462126,15651286266305293779,rotation_geodesic/right_rotation,0.042538437992334366
gpu_0,contrastive,clean/lift_pot/episode_000036/0_122,lift_pot,episode_000036,clean,,,,final_action,brightness,1.2,,,,17577961833213462126,15651286266305293779,gripper_flip_rate,0.078125
gpu_0,contrastive,clean/lift_pot/episode_000036/0_122,lift_pot,episode_000036,clean,,,,final_action,brightness,1.2,,,,17577961833213462126,15651286266305293779,temporal_jerk_difference,0.0022174993064254522
gpu_0,contrastive,clean/lift_pot/episode_000036/0_122,lift_pot,episode_000036,clean,,,,final_action,color_temperature,-0.1,,,,17577961833213462126,1999528552783382123,action_relative_l2,0.006882356479763985
gpu_0,contrastive,clean/lift_pot/episode_000036/0_122,lift_pot,episode_000036,clean,,,,final_action,color_temperature,-0.1,,,,17577961833213462126,1999528552783382123,action_mean_abs,0.0008772676228545606
gpu_0,contrastive,clean/lift_pot/episode_000036/0_122,lift_pot,episode_000036,clean,,,,final_action,color_temperature,-0.1,,,,17577961833213462126,1999528552783382123,action_relative_l2/first_25pct,0.0
gpu_0,contrastive,clean/lift_pot/episode_000036/0_122,lift_pot,episode_000036,clean,,,,final_action,color_temperature,-0.1,,,,17577961833213462126,1999528552783382123,action_relative_l2/last_75pct,0.007196606136858463
gpu_0,contrastive,clean/lift_pot/episode_000036/0_122,lift_pot,episode_000036,clean,,,,final_action,color_temperature,-0.1,,,,17577961833213462126,1999528552783382123,endpoint_l2/left_position,0.0012064904440194368
gpu_0,contrastive,clean/lift_pot/episode_000036/0_122,lift_pot,episode_000036,clean,,,,final_action,color_temperature,-0.1,,,,17577961833213462126,1999528552783382123,endpoint_l2/right_position,0.0027510325890034437
gpu_0,contrastive,clean/lift_pot/episode_000036/0_122,lift_pot,episode_000036,clean,,,,final_action,color_temperature,-0.1,,,,17577961833213462126,1999528552783382123,rotation_geodesic/left_rotation,0.0034857161808758974
gpu_0,contrastive,clean/lift_pot/episode_000036/0_122,lift_pot,episode_000036,clean,,,,final_action,color_temperature,-0.1,,,,17577961833213462126,1999528552783382123,rotation_geodesic/right_rotation,0.0047176433727145195
gpu_0,contrastive,clean/lift_pot/episode_000036/0_122,lift_pot,episode_000036,clean,,,,final_action,color_temperature,-0.1,,,,17577961833213462126,1999528552783382123,gripper_flip_rate,0.0
gpu_0,contrastive,clean/lift_pot/episode_000036/0_122,lift_pot,episode_000036,clean,,,,final_action,color_temperature,-0.1,,,,17577961833213462126,1999528552783382123,temporal_jerk_difference,0.0014020625967532396
gpu_0,contrastive,clean/lift_pot/episode_000036/0_122,lift_pot,episode_000036,clean,,,,final_action,color_temperature,0.1,,,,17577961833213462126,10177751091444056485,action_relative_l2,0.007360071875154972
gpu_0,contrastive,clean/lift_pot/episode_000036/0_122,lift_pot,episode_000036,clean,,,,final_action,color_temperature,0.1,,,,17577961833213462126,10177751091444056485,action_mean_abs,0.0009026719490066171
gpu_0,contrastive,clean/lift_pot/episode_000036/0_122,lift_pot,episode_000036,clean,,,,final_action,color_temperature,0.1,,,,17577961833213462126,10177751091444056485,action_relative_l2/first_25pct,0.0
gpu_0,contrastive,clean/lift_pot/episode_000036/0_122,lift_pot,episode_000036,clean,,,,final_action,color_temperature,0.1,,,,17577961833213462126,10177751091444056485,action_relative_l2/last_75pct,0.00769613403826952
gpu_0,contrastive,clean/lift_pot/episode_000036/0_122,lift_pot,episode_000036,clean,,,,final_action,color_temperature,0.1,,,,17577961833213462126,10177751091444056485,endpoint_l2/left_position,0.004167340695858002
gpu_0,contrastive,clean/lift_pot/episode_000036/0_122,lift_pot,episode_000036,clean,,,,final_action,color_temperature,0.1,,,,17577961833213462126,10177751091444056485,endpoint_l2/right_position,0.0005839541554450989
gpu_0,contrastive,clean/lift_pot/episode_000036/0_122,lift_pot,episode_000036,clean,,,,final_action,color_temperature,0.1,,,,17577961833213462126,10177751091444056485,rotation_geodesic/left_rotation,0.0025474000722169876
gpu_0,contrastive,clean/lift_pot/episode_000036/0_122,lift_pot,episode_000036,clean,,,,final_action,color_temperature,0.1,,,,17577961833213462126,10177751091444056485,rotation_geodesic/right_rotation,0.003410023171454668
gpu_0,contrastive,clean/lift_pot/episode_000036/0_122,lift_pot,episode_000036,clean,,,,final_action,color_temperature,0.1,,,,17577961833213462126,10177751091444056485,gripper_flip_rate,0.015625
gpu_0,contrastive,clean/lift_pot/episode_000036/0_122,lift_pot,episode_000036,clean,,,,final_action,color_temperature,0.1,,,,17577961833213462126,10177751091444056485,temporal_jerk_difference,0.0008598252898082137
gpu_0,contrastive,clean/lift_pot/episode_000036/0_122,lift_pot,episode_000036,clean,,,,final_action,gamma,0.8,,,,17577961833213462126,6353452328526041640,action_relative_l2,0.003624333767220378
gpu_0,contrastive,clean/lift_pot/episode_000036/0_122,lift_pot,episode_000036,clean,,,,final_action,gamma,0.8,,,,17577961833213462126,6353452328526041640,action_mean_abs,0.0002519102126825601
gpu_0,contrastive,clean/lift_pot/episode_000036/0_122,lift_pot,episode_000036,clean,,,,final_action,gamma,0.8,,,,17577961833213462126,6353452328526041640,action_relative_l2/first_25pct,0.0
gpu_0,contrastive,clean/lift_pot/episode_000036/0_122,lift_pot,episode_000036,clean,,,,final_action,gamma,0.8,,,,17577961833213462126,6353452328526041640,action_relative_l2/last_75pct,0.003789821406826377
gpu_0,contrastive,clean/lift_pot/episode_000036/0_122,lift_pot,episode_000036,clean,,,,final_action,gamma,0.8,,,,17577961833213462126,6353452328526041640,endpoint_l2/left_position,0.0017529388424009085
gpu_0,contrastive,clean/lift_pot/episode_000036/0_122,lift_pot,episode_000036,clean,,,,final_action,gamma,0.8,,,,17577961833213462126,6353452328526041640,endpoint_l2/right_position,0.0
gpu_0,contrastive,clean/lift_pot/episode_000036/0_122,lift_pot,episode_000036,clean,,,,final_action,gamma,0.8,,,,17577961833213462126,6353452328526041640,rotation_geodesic/left_rotation,0.001140538603067398
gpu_0,contrastive,clean/lift_pot/episode_000036/0_122,lift_pot,episode_000036,clean,,,,final_action,gamma,0.8,,,,17577961833213462126,6353452328526041640,rotation_geodesic/right_rotation,0.00175560696516186
gpu_0,contrastive,clean/lift_pot/episode_000036/0_122,lift_pot,episode_000036,clean,,,,final_action,gamma,0.8,,,,17577961833213462126,6353452328526041640,gripper_flip_rate,0.015625
gpu_0,contrastive,clean/lift_pot/episode_000036/0_122,lift_pot,episode_000036,clean,,,,final_action,gamma,0.8,,,,17577961833213462126,6353452328526041640,temporal_jerk_difference,0.0007530537550337613
gpu_0,contrastive,clean/lift_pot/episode_000036/0_122,lift_pot,episode_000036,clean,,,,final_action,gamma,1.2,,,,17577961833213462126,6842099030399889944,action_relative_l2,0.002692806301638484
gpu_0,contrastive,clean/lift_pot/episode_000036/0_122,lift_pot,episode_000036,clean,,,,final_action,gamma,1.2,,,,17577961833213462126,6842099030399889944,action_mean_abs,0.00018092722166329622
gpu_0,contrastive,clean/lift_pot/episode_000036/0_122,lift_pot,episode_000036,clean,,,,final_action,gamma,1.2,,,,17577961833213462126,6842099030399889944,action_relative_l2/first_25pct,0.0
gpu_0,contrastive,clean/lift_pot/episode_000036/0_122,lift_pot,episode_000036,clean,,,,final_action,gamma,1.2,,,,17577961833213462126,6842099030399889944,action_relative_l2/last_75pct,0.002815760439261794
gpu_0,contrastive,clean/lift_pot/episode_000036/0_122,lift_pot,episode_000036,clean,,,,final_action,gamma,1.2,,,,17577961833213462126,6842099030399889944,endpoint_l2/left_position,0.0007806755602359772
gpu_0,contrastive,clean/lift_pot/episode_000036/0_122,lift_pot,episode_000036,clean,,,,final_action,gamma,1.2,,,,17577961833213462126,6842099030399889944,endpoint_l2/right_position,0.0017981568817049265
gpu_0,contrastive,clean/lift_pot/episode_000036/0_122,lift_pot,episode_000036,clean,,,,final_action,gamma,1.2,,,,17577961833213462126,6842099030399889944,rotation_geodesic/left_rotation,0.0011276192963123322
gpu_0,contrastive,clean/lift_pot/episode_000036/0_122,lift_pot,episode_000036,clean,,,,final_action,gamma,1.2,,,,17577961833213462126,6842099030399889944,rotation_geodesic/right_rotation,0.0013854502467438579
gpu_0,contrastive,clean/lift_pot/episode_000036/0_122,lift_pot,episode_000036,clean,,,,final_action,gamma,1.2,,,,17577961833213462126,6842099030399889944,gripper_flip_rate,0.0
gpu_0,contrastive,clean/lift_pot/episode_000036/0_122,lift_pot,episode_000036,clean,,,,final_action,gamma,1.2,,,,17577961833213462126,6842099030399889944,temporal_jerk_difference,0.0006522861076518893
gpu_0,contrastive,clean/lift_pot/episode_000036/0_122,lift_pot,episode_000036,clean,,,,final_action,gaussian_blur_sigma,0.5,,,,17577961833213462126,2411143882443501827,action_relative_l2,0.0030423554126173258
gpu_0,contrastive,clean/lift_pot/episode_000036/0_122,lift_pot,episode_000036,clean,,,,final_action,gaussian_blur_sigma,0.5,,,,17577961833213462126,2411143882443501827,action_mean_abs,0.00013186055002734065
gpu_0,contrastive,clean/lift_pot/episode_000036/0_122,lift_pot,episode_000036,clean,,,,final_action,gaussian_blur_sigma,0.5,,,,17577961833213462126,2411143882443501827,action_relative_l2/first_25pct,0.0
gpu_0,contrastive,clean/lift_pot/episode_000036/0_122,lift_pot,episode_000036,clean,,,,final_action,gaussian_blur_sigma,0.5,,,,17577961833213462126,2411143882443501827,action_relative_l2/last_75pct,0.003181269858032465
gpu_0,contrastive,clean/lift_pot/episode_000036/0_122,lift_pot,episode_000036,clean,,,,final_action,gaussian_blur_sigma,0.5,,,,17577961833213462126,2411143882443501827,endpoint_l2/left_position,0.0007806755602359772
gpu_0,contrastive,clean/lift_pot/episode_000036/0_122,lift_pot,episode_000036,clean,,,,final_action,gaussian_blur_sigma,0.5,,,,17577961833213462126,2411143882443501827,endpoint_l2/right_position,0.0
gpu_0,contrastive,clean/lift_pot/episode_000036/0_122,lift_pot,episode_000036,clean,,,,final_action,gaussian_blur_sigma,0.5,,,,17577961833213462126,2411143882443501827,rotation_geodesic/left_rotation,0.001140538603067398
gpu_0,contrastive,clean/lift_pot/episode_000036/0_122,lift_pot,episode_000036,clean,,,,final_action,gaussian_blur_sigma,0.5,,,,17577961833213462126,2411143882443501827,rotation_geodesic/right_rotation,0.001028908765874803
gpu_0,contrastive,clean/lift_pot/episode_000036/0_122,lift_pot,episode_000036,clean,,,,final_action,gaussian_blur_sigma,0.5,,,,17577961833213462126,2411143882443501827,gripper_flip_rate,0.0
gpu_0,contrastive,clean/lift_pot/episode_000036/0_122,lift_pot,episode_000036,clean,,,,final_action,gaussian_blur_sigma,0.5,,,,17577961833213462126,2411143882443501827,temporal_jerk_difference,0.0004564790870063007
gpu_0,contrastive,clean/lift_pot/episode_000036/0_122,lift_pot,episode_000036,clean,,,,final_action,gaussian_blur_sigma,1.0,,,,17577961833213462126,3972136155124481923,action_relative_l2,0.0038532125763595104
gpu_0,contrastive,clean/lift_pot/episode_000036/0_122,lift_pot,episode_000036,clean,,,,final_action,gaussian_blur_sigma,1.0,,,,17577961833213462126,3972136155124481923,action_mean_abs,0.00027261022478342056
gpu_0,contrastive,clean/lift_pot/episode_000036/0_122,lift_pot,episode_000036,clean,,,,final_action,gaussian_blur_sigma,1.0,,,,17577961833213462126,3972136155124481923,action_relative_l2/first_25pct,0.0
gpu_0,contrastive,clean/lift_pot/episode_000036/0_122,lift_pot,episode_000036,clean,,,,final_action,gaussian_blur_sigma,1.0,,,,17577961833213462126,3972136155124481923,action_relative_l2/last_75pct,0.004029151052236557
gpu_0,contrastive,clean/lift_pot/episode_000036/0_122,lift_pot,episode_000036,clean,,,,final_action,gaussian_blur_sigma,1.0,,,,17577961833213462126,3972136155124481923,endpoint_l2/left_position,0.0011155408574268222
gpu_0,contrastive,clean/lift_pot/episode_000036/0_122,lift_pot,episode_000036,clean,,,,final_action,gaussian_blur_sigma,1.0,,,,17577961833213462126,3972136155124481923,endpoint_l2/right_position,0.0015191733837127686
gpu_0,contrastive,clean/lift_pot/episode_000036/0_122,lift_pot,episode_000036,clean,,,,final_action,gaussian_blur_sigma,1.0,,,,17577961833213462126,3972136155124481923,rotation_geodesic/left_rotation,0.0001942126837093383
gpu_0,contrastive,clean/lift_pot/episode_000036/0_122,lift_pot,episode_000036,clean,,,,final_action,gaussian_blur_sigma,1.0,,,,17577961833213462126,3972136155124481923,rotation_geodesic/right_rotation,0.001711627934128046
gpu_0,contrastive,clean/lift_pot/episode_000036/0_122,lift_pot,episode_000036,clean,,,,final_action,gaussian_blur_sigma,1.0,,,,17577961833213462126,3972136155124481923,gripper_flip_rate,0.015625
gpu_0,contrastive,clean/lift_pot/episode_000036/0_122,lift_pot,episode_000036,clean,,,,final_action,gaussian_blur_sigma,1.0,,,,17577961833213462126,3972136155124481923,temporal_jerk_difference,0.0007250900962390006
gpu_0,contrastive,clean/lift_pot/episode_000036/0_122,lift_pot,episode_000036,clean,,,,final_action,gaussian_noise_std,0.01,,,,17577961833213462126,16131106979869811596,action_relative_l2,0.0066391960717737675
gpu_0,contrastive,clean/lift_pot/episode_000036/0_122,lift_pot,episode_000036,clean,,,,final_action,gaussian_noise_std,0.01,,,,17577961833213462126,16131106979869811596,action_mean_abs,0.0008508398896083236
gpu_0,contrastive,clean/lift_pot/episode_000036/0_122,lift_pot,episode_000036,clean,,,,final_action,gaussian_noise_std,0.01,,,,17577961833213462126,16131106979869811596,action_relative_l2/first_25pct,0.0
gpu_0,contrastive,clean/lift_pot/episode_000036/0_122,lift_pot,episode_000036,clean,,,,final_action,gaussian_noise_std,0.01,,,,17577961833213462126,16131106979869811596,action_relative_l2/last_75pct,0.006942342966794968
gpu_0,contrastive,clean/lift_pot/episode_000036/0_122,lift_pot,episode_000036,clean,,,,final_action,gaussian_noise_std,0.01,,,,17577961833213462126,16131106979869811596,endpoint_l2/left_position,0.001839738106355071
gpu_0,contrastive,clean/lift_pot/episode_000036/0_122,lift_pot,episode_000036,clean,,,,final_action,gaussian_noise_std,0.01,,,,17577961833213462126,16131106979869811596,endpoint_l2/right_position,0.0009620188502594829
gpu_0,contrastive,clean/lift_pot/episode_000036/0_122,lift_pot,episode_000036,clean,,,,final_action,gaussian_noise_std,0.01,,,,17577961833213462126,16131106979869811596,rotation_geodesic/left_rotation,0.0044411891140043736
gpu_0,contrastive,clean/lift_pot/episode_000036/0_122,lift_pot,episode_000036,clean,,,,final_action,gaussian_noise_std,0.01,,,,17577961833213462126,16131106979869811596,rotation_geodesic/right_rotation,0.0031871148385107517
gpu_0,contrastive,clean/lift_pot/episode_000036/0_122,lift_pot,episode_000036,clean,,,,final_action,gaussian_noise_std,0.01,,,,17577961833213462126,16131106979869811596,gripper_flip_rate,0.0
gpu_0,contrastive,clean/lift_pot/episode_000036/0_122,lift_pot,episode_000036,clean,,,,final_action,gaussian_noise_std,0.01,,,,17577961833213462126,16131106979869811596,temporal_jerk_difference,0.0012580943293869495
gpu_0,contrastive,clean/lift_pot/episode_000036/0_122,lift_pot,episode_000036,clean,,,,final_action,gaussian_noise_std,0.03,,,,17577961833213462126,7993565358138601669,action_relative_l2,0.008715334348380566
gpu_0,contrastive,clean/lift_pot/episode_000036/0_122,lift_pot,episode_000036,clean,,,,final_action,gaussian_noise_std,0.03,,,,17577961833213462126,7993565358138601669,action_mean_abs,0.0012346284929662943
gpu_0,contrastive,clean/lift_pot/episode_000036/0_122,lift_pot,episode_000036,clean,,,,final_action,gaussian_noise_std,0.03,,,,17577961833213462126,7993565358138601669,action_relative_l2/first_25pct,0.0
gpu_0,contrastive,clean/lift_pot/episode_000036/0_122,lift_pot,episode_000036,clean,,,,final_action,gaussian_noise_std,0.03,,,,17577961833213462126,7993565358138601669,action_relative_l2/last_75pct,0.009113278239965439
gpu_0,contrastive,clean/lift_pot/episode_000036/0_122,lift_pot,episode_000036,clean,,,,final_action,gaussian_noise_std,0.03,,,,17577961833213462126,7993565358138601669,endpoint_l2/left_position,0.00362434727139771
gpu_0,contrastive,clean/lift_pot/episode_000036/0_122,lift_pot,episode_000036,clean,,,,final_action,gaussian_noise_std,0.03,,,,17577961833213462126,7993565358138601669,endpoint_l2/right_position,0.0017981820274144411
gpu_0,contrastive,clean/lift_pot/episode_000036/0_122,lift_pot,episode_000036,clean,,,,final_action,gaussian_noise_std,0.03,,,,17577961833213462126,7993565358138601669,rotation_geodesic/left_rotation,0.005799985025078058
gpu_0,contrastive,clean/lift_pot/episode_000036/0_122,lift_pot,episode_000036,clean,,,,final_action,gaussian_noise_std,0.03,,,,17577961833213462126,7993565358138601669,rotation_geodesic/right_rotation,0.003972289152443409
gpu_0,contrastive,clean/lift_pot/episode_000036/0_122,lift_pot,episode_000036,clean,,,,final_action,gaussian_noise_std,0.03,,,,17577961833213462126,7993565358138601669,gripper_flip_rate,0.0
gpu_0,contrastive,clean/lift_pot/episode_000036/0_122,lift_pot,episode_000036,clean,,,,final_action,gaussian_noise_std,0.03,,,,17577961833213462126,7993565358138601669,temporal_jerk_difference,0.001806798274628818
gpu_0,contrastive,clean/lift_pot/episode_000036/0_122,lift_pot,episode_000036,clean,,,,final_action,identity,0.0,,,,17577961833213462126,,action_relative_l2,0.0
gpu_0,contrastive,clean/lift_pot/episode_000036/0_122,lift_pot,episode_000036,clean,,,,final_action,identity,0.0,,,,17577961833213462126,,action_mean_abs,0.0
gpu_0,contrastive,clean/lift_pot/episode_000036/0_122,lift_pot,episode_000036,clean,,,,final_action,identity,0.0,,,,17577961833213462126,,action_relative_l2/first_25pct,0.0
gpu_0,contrastive,clean/lift_pot/episode_000036/0_122,lift_pot,episode_000036,clean,,,,final_action,identity,0.0,,,,17577961833213462126,,action_relative_l2/last_75pct,0.0
gpu_0,contrastive,clean/lift_pot/episode_000036/0_122,lift_pot,episode_000036,clean,,,,final_action,identity,0.0,,,,17577961833213462126,,endpoint_l2/left_position,0.0
gpu_0,contrastive,clean/lift_pot/episode_000036/0_122,lift_pot,episode_000036,clean,,,,final_action,identity,0.0,,,,17577961833213462126,,endpoint_l2/right_position,0.0
gpu_0,contrastive,clean/lift_pot/episode_000036/0_122,lift_pot,episode_000036,clean,,,,final_action,identity,0.0,,,,17577961833213462126,,rotation_geodesic/left_rotation,0.0001942126837093383
gpu_0,contrastive,clean/lift_pot/episode_000036/0_122,lift_pot,episode_000036,clean,,,,final_action,identity,0.0,,,,17577961833213462126,,rotation_geodesic/right_rotation,0.00021579184976872057
gpu_0,contrastive,clean/lift_pot/episode_000036/0_122,lift_pot,episode_000036,clean,,,,final_action,identity,0.0,,,,17577961833213462126,,gripper_flip_rate,0.0
gpu_0,contrastive,clean/lift_pot/episode_000036/0_122,lift_pot,episode_000036,clean,,,,final_action,identity,0.0,,,,17577961833213462126,,temporal_jerk_difference,0.0
gpu_0,contrastive,clean/place_bread_basket/episode_000044/0_226,place_bread_basket,episode_000044,clean,,,,final_action,brightness,0.8,,,,5786497539863217079,16637397944084601428,action_relative_l2,0.02016451396048069
gpu_0,contrastive,clean/place_bread_basket/episode_000044/0_226,place_bread_basket,episode_000044,clean,,,,final_action,brightness,0.8,,,,5786497539863217079,16637397944084601428,action_mean_abs,0.003154961857944727
gpu_0,contrastive,clean/place_bread_basket/episode_000044/0_226,place_bread_basket,episode_000044,clean,,,,final_action,brightness,0.8,,,,5786497539863217079,16637397944084601428,action_relative_l2/first_25pct,0.0
gpu_0,contrastive,clean/place_bread_basket/episode_000044/0_226,place_bread_basket,episode_000044,clean,,,,final_action,brightness,0.8,,,,5786497539863217079,16637397944084601428,action_relative_l2/last_75pct,0.02088312804698944
gpu_0,contrastive,clean/place_bread_basket/episode_000044/0_226,place_bread_basket,episode_000044,clean,,,,final_action,brightness,0.8,,,,5786497539863217079,16637397944084601428,endpoint_l2/left_position,0.013173860497772694
gpu_0,contrastive,clean/place_bread_basket/episode_000044/0_226,place_bread_basket,episode_000044,clean,,,,final_action,brightness,0.8,,,,5786497539863217079,16637397944084601428,endpoint_l2/right_position,0.0363483652472496
gpu_0,contrastive,clean/place_bread_basket/episode_000044/0_226,place_bread_basket,episode_000044,clean,,,,final_action,brightness,0.8,,,,5786497539863217079,16637397944084601428,rotation_geodesic/left_rotation,0.009442211128771305
gpu_0,contrastive,clean/place_bread_basket/episode_000044/0_226,place_bread_basket,episode_000044,clean,,,,final_action,brightness,0.8,,,,5786497539863217079,16637397944084601428,rotation_geodesic/right_rotation,0.029127022251486778
gpu_0,contrastive,clean/place_bread_basket/episode_000044/0_226,place_bread_basket,episode_000044,clean,,,,final_action,brightness,0.8,,,,5786497539863217079,16637397944084601428,gripper_flip_rate,0.0
gpu_0,contrastive,clean/place_bread_basket/episode_000044/0_226,place_bread_basket,episode_000044,clean,,,,final_action,brightness,0.8,,,,5786497539863217079,16637397944084601428,temporal_jerk_difference,0.002144081052392721
gpu_0,contrastive,clean/place_bread_basket/episode_000044/0_226,place_bread_basket,episode_000044,clean,,,,final_action,brightness,1.2,,,,5786497539863217079,6069960733776850870,action_relative_l2,0.07661209255456924
gpu_0,contrastive,clean/place_bread_basket/episode_000044/0_226,place_bread_basket,episode_000044,clean,,,,final_action,brightness,1.2,,,,5786497539863217079,6069960733776850870,action_mean_abs,0.011983484029769897
gpu_0,contrastive,clean/place_bread_basket/episode_000044/0_226,place_bread_basket,episode_000044,clean,,,,final_action,brightness,1.2,,,,5786497539863217079,6069960733776850870,action_relative_l2/first_25pct,0.0
gpu_0,contrastive,clean/place_bread_basket/episode_000044/0_226,place_bread_basket,episode_000044,clean,,,,final_action,brightness,1.2,,,,5786497539863217079,6069960733776850870,action_relative_l2/last_75pct,0.07934236526489258
gpu_0,contrastive,clean/place_bread_basket/episode_000044/0_226,place_bread_basket,episode_000044,clean,,,,final_action,brightness,1.2,,,,5786497539863217079,6069960733776850870,endpoint_l2/left_position,0.02956937626004219
gpu_0,contrastive,clean/place_bread_basket/episode_000044/0_226,place_bread_basket,episode_000044,clean,,,,final_action,brightness,1.2,,,,5786497539863217079,6069960733776850870,endpoint_l2/right_position,0.09356124699115753
gpu_0,contrastive,clean/place_bread_basket/episode_000044/0_226,place_bread_basket,episode_000044,clean,,,,final_action,brightness,1.2,,,,5786497539863217079,6069960733776850870,rotation_geodesic/left_rotation,0.04097280651330948
gpu_0,contrastive,clean/place_bread_basket/episode_000044/0_226,place_bread_basket,episode_000044,clean,,,,final_action,brightness,1.2,,,,5786497539863217079,6069960733776850870,rotation_geodesic/right_rotation,0.13096469640731812
gpu_0,contrastive,clean/place_bread_basket/episode_000044/0_226,place_bread_basket,episode_000044,clean,,,,final_action,brightness,1.2,,,,5786497539863217079,6069960733776850870,gripper_flip_rate,0.0
gpu_0,contrastive,clean/place_bread_basket/episode_000044/0_226,place_bread_basket,episode_000044,clean,,,,final_action,brightness,1.2,,,,5786497539863217079,6069960733776850870,temporal_jerk_difference,0.0022436468861997128
gpu_0,contrastive,clean/place_bread_basket/episode_000044/0_226,place_bread_basket,episode_000044,clean,,,,final_action,color_temperature,-0.1,,,,5786497539863217079,211013147244849259,action_relative_l2,0.011756135150790215
gpu_0,contrastive,clean/place_bread_basket/episode_000044/0_226,place_bread_basket,episode_000044,clean,,,,final_action,color_temperature,-0.1,,,,5786497539863217079,211013147244849259,action_mean_abs,0.0020057749934494495
gpu_0,contrastive,clean/place_bread_basket/episode_000044/0_226,place_bread_basket,episode_000044,clean,,,,final_action,color_temperature,-0.1,,,,5786497539863217079,211013147244849259,action_relative_l2/first_25pct,0.0
gpu_0,contrastive,clean/place_bread_basket/episode_000044/0_226,place_bread_basket,episode_000044,clean,,,,final_action,color_temperature,-0.1,,,,5786497539863217079,211013147244849259,action_relative_l2/last_75pct,0.01217509526759386
gpu_0,contrastive,clean/place_bread_basket/episode_000044/0_226,place_bread_basket,episode_000044,clean,,,,final_action,color_temperature,-0.1,,,,5786497539863217079,211013147244849259,endpoint_l2/left_position,0.0032790531404316425
gpu_0,contrastive,clean/place_bread_basket/episode_000044/0_226,place_bread_basket,episode_000044,clean,,,,final_action,color_temperature,-0.1,,,,5786497539863217079,211013147244849259,endpoint_l2/right_position,0.019519517198204994
gpu_0,contrastive,clean/place_bread_basket/episode_000044/0_226,place_bread_basket,episode_000044,clean,,,,final_action,color_temperature,-0.1,,,,5786497539863217079,211013147244849259,rotation_geodesic/left_rotation,0.006931689102202654
gpu_0,contrastive,clean/place_bread_basket/episode_000044/0_226,place_bread_basket,episode_000044,clean,,,,final_action,color_temperature,-0.1,,,,5786497539863217079,211013147244849259,rotation_geodesic/right_rotation,0.01321110874414444
gpu_0,contrastive,clean/place_bread_basket/episode_000044/0_226,place_bread_basket,episode_000044,clean,,,,final_action,color_temperature,-0.1,,,,5786497539863217079,211013147244849259,gripper_flip_rate,0.0
gpu_0,contrastive,clean/place_bread_basket/episode_000044/0_226,place_bread_basket,episode_000044,clean,,,,final_action,color_temperature,-0.1,,,,5786497539863217079,211013147244849259,temporal_jerk_difference,0.001978926360607147
gpu_0,contrastive,clean/place_bread_basket/episode_000044/0_226,place_bread_basket,episode_000044,clean,,,,final_action,color_temperature,0.1,,,,5786497539863217079,1436178128472113803,action_relative_l2,0.011853278614580631
gpu_0,contrastive,clean/place_bread_basket/episode_000044/0_226,place_bread_basket,episode_000044,clean,,,,final_action,color_temperature,0.1,,,,5786497539863217079,1436178128472113803,action_mean_abs,0.0018912433879449964
gpu_0,contrastive,clean/place_bread_basket/episode_000044/0_226,place_bread_basket,episode_000044,clean,,,,final_action,color_temperature,0.1,,,,5786497539863217079,1436178128472113803,action_relative_l2/first_25pct,0.0
gpu_0,contrastive,clean/place_bread_basket/episode_000044/0_226,place_bread_basket,episode_000044,clean,,,,final_action,color_temperature,0.1,,,,5786497539863217079,1436178128472113803,action_relative_l2/last_75pct,0.012275700457394123
gpu_0,contrastive,clean/place_bread_basket/episode_000044/0_226,place_bread_basket,episode_000044,clean,,,,final_action,color_temperature,0.1,,,,5786497539863217079,1436178128472113803,endpoint_l2/left_position,0.010344789363443851
gpu_0,contrastive,clean/place_bread_basket/episode_000044/0_226,place_bread_basket,episode_000044,clean,,,,final_action,color_temperature,0.1,,,,5786497539863217079,1436178128472113803,endpoint_l2/right_position,0.01745903678238392
gpu_0,contrastive,clean/place_bread_basket/episode_000044/0_226,place_bread_basket,episode_000044,clean,,,,final_action,color_temperature,0.1,,,,5786497539863217079,1436178128472113803,rotation_geodesic/left_rotation,0.009782073087990284
gpu_0,contrastive,clean/place_bread_basket/episode_000044/0_226,place_bread_basket,episode_000044,clean,,,,final_action,color_temperature,0.1,,,,5786497539863217079,1436178128472113803,rotation_geodesic/right_rotation,0.014315921813249588
gpu_0,contrastive,clean/place_bread_basket/episode_000044/0_226,place_bread_basket,episode_000044,clean,,,,final_action,color_temperature,0.1,,,,5786497539863217079,1436178128472113803,gripper_flip_rate,0.0
gpu_0,contrastive,clean/place_bread_basket/episode_000044/0_226,place_bread_basket,episode_000044,clean,,,,final_action,color_temperature,0.1,,,,5786497539863217079,1436178128472113803,temporal_jerk_difference,0.0018882774747908115
gpu_0,contrastive,clean/place_bread_basket/episode_000044/0_226,place_bread_basket,episode_000044,clean,,,,final_action,gamma,0.8,,,,5786497539863217079,8532596611837617652,action_relative_l2,0.004434332717210054
gpu_0,contrastive,clean/place_bread_basket/episode_000044/0_226,place_bread_basket,episode_000044,clean,,,,final_action,gamma,0.8,,,,5786497539863217079,8532596611837617652,action_mean_abs,0.00039700057823210955
gpu_0,contrastive,clean/place_bread_basket/episode_000044/0_226,place_bread_basket,episode_000044,clean,,,,final_action,gamma,0.8,,,,5786497539863217079,8532596611837617652,action_relative_l2/first_25pct,0.0
gpu_0,contrastive,clean/place_bread_basket/episode_000044/0_226,place_bread_basket,episode_000044,clean,,,,final_action,gamma,0.8,,,,5786497539863217079,8532596611837617652,action_relative_l2/last_75pct,0.004592361859977245
gpu_0,contrastive,clean/place_bread_basket/episode_000044/0_226,place_bread_basket,episode_000044,clean,,,,final_action,gamma,0.8,,,,5786497539863217079,8532596611837617652,endpoint_l2/left_position,0.001115538296289742
gpu_0,contrastive,clean/place_bread_basket/episode_000044/0_226,place_bread_basket,episode_000044,clean,,,,final_action,gamma,0.8,,,,5786497539863217079,8532596611837617652,endpoint_l2/right_position,0.0011679083108901978
gpu_0,contrastive,clean/place_bread_basket/episode_000044/0_226,place_bread_basket,episode_000044,clean,,,,final_action,gamma,0.8,,,,5786497539863217079,8532596611837617652,rotation_geodesic/left_rotation,0.0010631985496729612
gpu_0,contrastive,clean/place_bread_basket/episode_000044/0_226,place_bread_basket,episode_000044,clean,,,,final_action,gamma,0.8,,,,5786497539863217079,8532596611837617652,rotation_geodesic/right_rotation,0.005545308813452721
gpu_0,contrastive,clean/place_bread_basket/episode_000044/0_226,place_bread_basket,episode_000044,clean,,,,final_action,gamma,0.8,,,,5786497539863217079,8532596611837617652,gripper_flip_rate,0.0
gpu_0,contrastive,clean/place_bread_basket/episode_000044/0_226,place_bread_basket,episode_000044,clean,,,,final_action,gamma,0.8,,,,5786497539863217079,8532596611837617652,temporal_jerk_difference,0.0010751805966719985
gpu_0,contrastive,clean/place_bread_basket/episode_000044/0_226,place_bread_basket,episode_000044,clean,,,,final_action,gamma,1.2,,,,5786497539863217079,5885103556919493703,action_relative_l2,0.004140669945627451
gpu_0,contrastive,clean/place_bread_basket/episode_000044/0_226,place_bread_basket,episode_000044,clean,,,,final_action,gamma,1.2,,,,5786497539863217079,5885103556919493703,action_mean_abs,0.0003701990353874862
gpu_0,contrastive,clean/place_bread_basket/episode_000044/0_226,place_bread_basket,episode_000044,clean,,,,final_action,gamma,1.2,,,,5786497539863217079,5885103556919493703,action_relative_l2/first_25pct,0.0
gpu_0,contrastive,clean/place_bread_basket/episode_000044/0_226,place_bread_basket,episode_000044,clean,,,,final_action,gamma,1.2,,,,5786497539863217079,5885103556919493703,action_relative_l2/last_75pct,0.0042882333509624004
gpu_0,contrastive,clean/place_bread_basket/episode_000044/0_226,place_bread_basket,episode_000044,clean,,,,final_action,gamma,1.2,,,,5786497539863217079,5885103556919493703,endpoint_l2/left_position,0.0034705353900790215
gpu_0,contrastive,clean/place_bread_basket/episode_000044/0_226,place_bread_basket,episode_000044,clean,,,,final_action,gamma,1.2,,,,5786497539863217079,5885103556919493703,endpoint_l2/right_position,0.0013958782656118274
gpu_0,contrastive,clean/place_bread_basket/episode_000044/0_226,place_bread_basket,episode_000044,clean,,,,final_action,gamma,1.2,,,,5786497539863217079,5885103556919493703,rotation_geodesic/left_rotation,0.0021592280827462673
gpu_0,contrastive,clean/place_bread_basket/episode_000044/0_226,place_bread_basket,episode_000044,clean,,,,final_action,gamma,1.2,,,,5786497539863217079,5885103556919493703,rotation_geodesic/right_rotation,0.0035500426311045885
gpu_0,contrastive,clean/place_bread_basket/episode_000044/0_226,place_bread_basket,episode_000044,clean,,,,final_action,gamma,1.2,,,,5786497539863217079,5885103556919493703,gripper_flip_rate,0.0
gpu_0,contrastive,clean/place_bread_basket/episode_000044/0_226,place_bread_basket,episode_000044,clean,,,,final_action,gamma,1.2,,,,5786497539863217079,5885103556919493703,temporal_jerk_difference,0.0010974874021485448
gpu_0,contrastive,clean/place_bread_basket/episode_000044/0_226,place_bread_basket,episode_000044,clean,,,,final_action,gaussian_blur_sigma,0.5,,,,5786497539863217079,18322585329891979128,action_relative_l2,0.0025841044262051582
gpu_0,contrastive,clean/place_bread_basket/episode_000044/0_226,place_bread_basket,episode_000044,clean,,,,final_action,gaussian_blur_sigma,0.5,,,,5786497539863217079,18322585329891979128,action_mean_abs,0.00017148748156614602
gpu_0,contrastive,clean/place_bread_basket/episode_000044/0_226,place_bread_basket,episode_000044,clean,,,,final_action,gaussian_blur_sigma,0.5,,,,5786497539863217079,18322585329891979128,action_relative_l2/first_25pct,0.0
gpu_0,contrastive,clean/place_bread_basket/episode_000044/0_226,place_bread_basket,episode_000044,clean,,,,final_action,gaussian_blur_sigma,0.5,,,,5786497539863217079,18322585329891979128,action_relative_l2/last_75pct,0.0026761956978589296
gpu_0,contrastive,clean/place_bread_basket/episode_000044/0_226,place_bread_basket,episode_000044,clean,,,,final_action,gaussian_blur_sigma,0.5,,,,5786497539863217079,18322585329891979128,endpoint_l2/left_position,0.0014454026240855455
gpu_0,contrastive,clean/place_bread_basket/episode_000044/0_226,place_bread_basket,episode_000044,clean,,,,final_action,gaussian_blur_sigma,0.5,,,,5786497539863217079,18322585329891979128,endpoint_l2/right_position,0.0
gpu_0,contrastive,clean/place_bread_basket/episode_000044/0_226,place_bread_basket,episode_000044,clean,,,,final_action,gaussian_blur_sigma,0.5,,,,5786497539863217079,18322585329891979128,rotation_geodesic/left_rotation,0.001227570348419249
gpu_0,contrastive,clean/place_bread_basket/episode_000044/0_226,place_bread_basket,episode_000044,clean,,,,final_action,gaussian_blur_sigma,0.5,,,,5786497539863217079,18322585329891979128,rotation_geodesic/right_rotation,0.0015352831687778234
gpu_0,contrastive,clean/place_bread_basket/episode_000044/0_226,place_bread_basket,episode_000044,clean,,,,final_action,gaussian_blur_sigma,0.5,,,,5786497539863217079,18322585329891979128,gripper_flip_rate,0.0
gpu_0,contrastive,clean/place_bread_basket/episode_000044/0_226,place_bread_basket,episode_000044,clean,,,,final_action,gaussian_blur_sigma,0.5,,,,5786497539863217079,18322585329891979128,temporal_jerk_difference,0.0006436755647882819
gpu_0,contrastive,clean/place_bread_basket/episode_000044/0_226,place_bread_basket,episode_000044,clean,,,,final_action,gaussian_blur_sigma,1.0,,,,5786497539863217079,1464129816195477027,action_relative_l2,0.007266586646437645
gpu_0,contrastive,clean/place_bread_basket/episode_000044/0_226,place_bread_basket,episode_000044,clean,,,,final_action,gaussian_blur_sigma,1.0,,,,5786497539863217079,1464129816195477027,action_mean_abs,0.0009346565930172801
gpu_0,contrastive,clean/place_bread_basket/episode_000044/0_226,place_bread_basket,episode_000044,clean,,,,final_action,gaussian_blur_sigma,1.0,,,,5786497539863217079,1464129816195477027,action_relative_l2/first_25pct,0.0
gpu_0,contrastive,clean/place_bread_basket/episode_000044/0_226,place_bread_basket,episode_000044,clean,,,,final_action,gaussian_blur_sigma,1.0,,,,5786497539863217079,1464129816195477027,action_relative_l2/last_75pct,0.007525550201535225
gpu_0,contrastive,clean/place_bread_basket/episode_000044/0_226,place_bread_basket,episode_000044,clean,,,,final_action,gaussian_blur_sigma,1.0,,,,5786497539863217079,1464129816195477027,endpoint_l2/left_position,0.007303447928279638
gpu_0,contrastive,clean/place_bread_basket/episode_000044/0_226,place_bread_basket,episode_000044,clean,,,,final_action,gaussian_blur_sigma,1.0,,,,5786497539863217079,1464129816195477027,endpoint_l2/right_position,0.0
gpu_0,contrastive,clean/place_bread_basket/episode_000044/0_226,place_bread_basket,episode_000044,clean,,,,final_action,gaussian_blur_sigma,1.0,,,,5786497539863217079,1464129816195477027,rotation_geodesic/left_rotation,0.006743333302438259
gpu_0,contrastive,clean/place_bread_basket/episode_000044/0_226,place_bread_basket,episode_000044,clean,,,,final_action,gaussian_blur_sigma,1.0,,,,5786497539863217079,1464129816195477027,rotation_geodesic/right_rotation,0.007273536175489426
gpu_0,contrastive,clean/place_bread_basket/episode_000044/0_226,place_bread_basket,episode_000044,clean,,,,final_action,gaussian_blur_sigma,1.0,,,,5786497539863217079,1464129816195477027,gripper_flip_rate,0.0
gpu_0,contrastive,clean/place_bread_basket/episode_000044/0_226,place_bread_basket,episode_000044,clean,,,,final_action,gaussian_blur_sigma,1.0,,,,5786497539863217079,1464129816195477027,temporal_jerk_difference,0.0013006710214540362
gpu_0,contrastive,clean/place_bread_basket/episode_000044/0_226,place_bread_basket,episode_000044,clean,,,,final_action,gaussian_noise_std,0.01,,,,5786497539863217079,3952513492836151882,action_relative_l2,0.0063695237040519714
gpu_0,contrastive,clean/place_bread_basket/episode_000044/0_226,place_bread_basket,episode_000044,clean,,,,final_action,gaussian_noise_std,0.01,,,,5786497539863217079,3952513492836151882,action_mean_abs,0.0009305489365942776
gpu_0,contrastive,clean/place_bread_basket/episode_000044/0_226,place_bread_basket,episode_000044,clean,,,,final_action,gaussian_noise_std,0.01,,,,5786497539863217079,3952513492836151882,action_relative_l2/first_25pct,0.0
gpu_0,contrastive,clean/place_bread_basket/episode_000044/0_226,place_bread_basket,episode_000044,clean,,,,final_action,gaussian_noise_std,0.01,,,,5786497539863217079,3952513492836151882,action_relative_l2/last_75pct,0.006596518214792013
gpu_0,contrastive,clean/place_bread_basket/episode_000044/0_226,place_bread_basket,episode_000044,clean,,,,final_action,gaussian_noise_std,0.01,,,,5786497539863217079,3952513492836151882,endpoint_l2/left_position,0.003958562389016151
gpu_0,contrastive,clean/place_bread_basket/episode_000044/0_226,place_bread_basket,episode_000044,clean,,,,final_action,gaussian_noise_std,0.01,,,,5786497539863217079,3952513492836151882,endpoint_l2/right_position,0.004650546703487635
gpu_0,contrastive,clean/place_bread_basket/episode_000044/0_226,place_bread_basket,episode_000044,clean,,,,final_action,gaussian_noise_std,0.01,,,,5786497539863217079,3952513492836151882,rotation_geodesic/left_rotation,0.0028217113576829433
gpu_0,contrastive,clean/place_bread_basket/episode_000044/0_226,place_bread_basket,episode_000044,clean,,,,final_action,gaussian_noise_std,0.01,,,,5786497539863217079,3952513492836151882,rotation_geodesic/right_rotation,0.008162291720509529
gpu_0,contrastive,clean/place_bread_basket/episode_000044/0_226,place_bread_basket,episode_000044,clean,,,,final_action,gaussian_noise_std,0.01,,,,5786497539863217079,3952513492836151882,gripper_flip_rate,0.0
gpu_0,contrastive,clean/place_bread_basket/episode_000044/0_226,place_bread_basket,episode_000044,clean,,,,final_action,gaussian_noise_std,0.01,,,,5786497539863217079,3952513492836151882,temporal_jerk_difference,0.0015648427652195096
gpu_0,contrastive,clean/place_bread_basket/episode_000044/0_226,place_bread_basket,episode_000044,clean,,,,final_action,gaussian_noise_std,0.03,,,,5786497539863217079,15908044863109304790,action_relative_l2,0.009935113601386547
gpu_0,contrastive,clean/place_bread_basket/episode_000044/0_226,place_bread_basket,episode_000044,clean,,,,final_action,gaussian_noise_std,0.03,,,,5786497539863217079,15908044863109304790,action_mean_abs,0.001546585583128035
gpu_0,contrastive,clean/place_bread_basket/episode_000044/0_226,place_bread_basket,episode_000044,clean,,,,final_action,gaussian_noise_std,0.03,,,,5786497539863217079,15908044863109304790,action_relative_l2/first_25pct,0.0
gpu_0,contrastive,clean/place_bread_basket/episode_000044/0_226,place_bread_basket,episode_000044,clean,,,,final_action,gaussian_noise_std,0.03,,,,5786497539863217079,15908044863109304790,action_relative_l2/last_75pct,0.010289177298545837
gpu_0,contrastive,clean/place_bread_basket/episode_000044/0_226,place_bread_basket,episode_000044,clean,,,,final_action,gaussian_noise_std,0.03,,,,5786497539863217079,15908044863109304790,endpoint_l2/left_position,0.004907811526209116
gpu_0,contrastive,clean/place_bread_basket/episode_000044/0_226,place_bread_basket,episode_000044,clean,,,,final_action,gaussian_noise_std,0.03,,,,5786497539863217079,15908044863109304790,endpoint_l2/right_position,0.008309236727654934
gpu_0,contrastive,clean/place_bread_basket/episode_000044/0_226,place_bread_basket,episode_000044,clean,,,,final_action,gaussian_noise_std,0.03,,,,5786497539863217079,15908044863109304790,rotation_geodesic/left_rotation,0.005709127988666296
gpu_0,contrastive,clean/place_bread_basket/episode_000044/0_226,place_bread_basket,episode_000044,clean,,,,final_action,gaussian_noise_std,0.03,,,,5786497539863217079,15908044863109304790,rotation_geodesic/right_rotation,0.015582461841404438
gpu_0,contrastive,clean/place_bread_basket/episode_000044/0_226,place_bread_basket,episode_000044,clean,,,,final_action,gaussian_noise_std,0.03,,,,5786497539863217079,15908044863109304790,gripper_flip_rate,0.0
gpu_0,contrastive,clean/place_bread_basket/episode_000044/0_226,place_bread_basket,episode_000044,clean,,,,final_action,gaussian_noise_std,0.03,,,,5786497539863217079,15908044863109304790,temporal_jerk_difference,0.001984430244192481
gpu_0,contrastive,clean/place_bread_basket/episode_000044/0_226,place_bread_basket,episode_000044,clean,,,,final_action,identity,0.0,,,,5786497539863217079,,action_relative_l2,0.0
gpu_0,contrastive,clean/place_bread_basket/episode_000044/0_226,place_bread_basket,episode_000044,clean,,,,final_action,identity,0.0,,,,5786497539863217079,,action_mean_abs,0.0
gpu_0,contrastive,clean/place_bread_basket/episode_000044/0_226,place_bread_basket,episode_000044,clean,,,,final_action,identity,0.0,,,,5786497539863217079,,action_relative_l2/first_25pct,0.0
gpu_0,contrastive,clean/place_bread_basket/episode_000044/0_226,place_bread_basket,episode_000044,clean,,,,final_action,identity,0.0,,,,5786497539863217079,,action_relative_l2/last_75pct,0.0
gpu_0,contrastive,clean/place_bread_basket/episode_000044/0_226,place_bread_basket,episode_000044,clean,,,,final_action,identity,0.0,,,,5786497539863217079,,endpoint_l2/left_position,0.0
gpu_0,contrastive,clean/place_bread_basket/episode_000044/0_226,place_bread_basket,episode_000044,clean,,,,final_action,identity,0.0,,,,5786497539863217079,,endpoint_l2/right_position,0.0
gpu_0,contrastive,clean/place_bread_basket/episode_000044/0_226,place_bread_basket,episode_000044,clean,,,,final_action,identity,0.0,,,,5786497539863217079,,rotation_geodesic/left_rotation,0.0001778694859240204
gpu_0,contrastive,clean/place_bread_basket/episode_000044/0_226,place_bread_basket,episode_000044,clean,,,,final_action,identity,0.0,,,,5786497539863217079,,rotation_geodesic/right_rotation,6.473755638580769e-05
gpu_0,contrastive,clean/place_bread_basket/episode_000044/0_226,place_bread_basket,episode_000044,clean,,,,final_action,identity,0.0,,,,5786497539863217079,,gripper_flip_rate,0.0
gpu_0,contrastive,clean/place_bread_basket/episode_000044/0_226,place_bread_basket,episode_000044,clean,,,,final_action,identity,0.0,,,,5786497539863217079,,temporal_jerk_difference,0.0
gpu_0,contrastive,clean/place_object_scale/episode_000016/0_141,place_object_scale,episode_000016,clean,,,,final_action,brightness,0.8,,,,15052661172066250013,8128353529252831070,action_relative_l2,0.028273042291402817
gpu_0,contrastive,clean/place_object_scale/episode_000016/0_141,place_object_scale,episode_000016,clean,,,,final_action,brightness,0.8,,,,15052661172066250013,8128353529252831070,action_mean_abs,0.0028566268738359213
gpu_0,contrastive,clean/place_object_scale/episode_000016/0_141,place_object_scale,episode_000016,clean,,,,final_action,brightness,0.8,,,,15052661172066250013,8128353529252831070,action_relative_l2/first_25pct,0.0
gpu_0,contrastive,clean/place_object_scale/episode_000016/0_141,place_object_scale,episode_000016,clean,,,,final_action,brightness,0.8,,,,15052661172066250013,8128353529252831070,action_relative_l2/last_75pct,0.02927834540605545
gpu_0,contrastive,clean/place_object_scale/episode_000016/0_141,place_object_scale,episode_000016,clean,,,,final_action,brightness,0.8,,,,15052661172066250013,8128353529252831070,endpoint_l2/left_position,0.0033512674272060394
gpu_0,contrastive,clean/place_object_scale/episode_000016/0_141,place_object_scale,episode_000016,clean,,,,final_action,brightness,0.8,,,,15052661172066250013,8128353529252831070,endpoint_l2/right_position,0.013823006302118301
gpu_0,contrastive,clean/place_object_scale/episode_000016/0_141,place_object_scale,episode_000016,clean,,,,final_action,brightness,0.8,,,,15052661172066250013,8128353529252831070,rotation_geodesic/left_rotation,0.0025017871521413326
gpu_0,contrastive,clean/place_object_scale/episode_000016/0_141,place_object_scale,episode_000016,clean,,,,final_action,brightness,0.8,,,,15052661172066250013,8128353529252831070,rotation_geodesic/right_rotation,0.04514828324317932
gpu_0,contrastive,clean/place_object_scale/episode_000016/0_141,place_object_scale,episode_000016,clean,,,,final_action,brightness,0.8,,,,15052661172066250013,8128353529252831070,gripper_flip_rate,0.0
gpu_0,contrastive,clean/place_object_scale/episode_000016/0_141,place_object_scale,episode_000016,clean,,,,final_action,brightness,0.8,,,,15052661172066250013,8128353529252831070,temporal_jerk_difference,0.0018051795195788145
gpu_0,contrastive,clean/place_object_scale/episode_000016/0_141,place_object_scale,episode_000016,clean,,,,final_action,brightness,1.2,,,,15052661172066250013,5451139221587725941,action_relative_l2,0.055970560759305954
gpu_0,contrastive,clean/place_object_scale/episode_000016/0_141,place_object_scale,episode_000016,clean,,,,final_action,brightness,1.2,,,,15052661172066250013,5451139221587725941,action_mean_abs,0.005292667541652918
gpu_0,contrastive,clean/place_object_scale/episode_000016/0_141,place_object_scale,episode_000016,clean,,,,final_action,brightness,1.2,,,,15052661172066250013,5451139221587725941,action_relative_l2/first_25pct,0.0
gpu_0,contrastive,clean/place_object_scale/episode_000016/0_141,place_object_scale,episode_000016,clean,,,,final_action,brightness,1.2,,,,15052661172066250013,5451139221587725941,action_relative_l2/last_75pct,0.05796070396900177
gpu_0,contrastive,clean/place_object_scale/episode_000016/0_141,place_object_scale,episode_000016,clean,,,,final_action,brightness,1.2,,,,15052661172066250013,5451139221587725941,endpoint_l2/left_position,0.001979278400540352
gpu_0,contrastive,clean/place_object_scale/episode_000016/0_141,place_object_scale,episode_000016,clean,,,,final_action,brightness,1.2,,,,15052661172066250013,5451139221587725941,endpoint_l2/right_position,0.02261645719408989
gpu_0,contrastive,clean/place_object_scale/episode_000016/0_141,place_object_scale,episode_000016,clean,,,,final_action,brightness,1.2,,,,15052661172066250013,5451139221587725941,rotation_geodesic/left_rotation,0.005073850508779287
gpu_0,contrastive,clean/place_object_scale/episode_000016/0_141,place_object_scale,episode_000016,clean,,,,final_action,brightness,1.2,,,,15052661172066250013,5451139221587725941,rotation_geodesic/right_rotation,0.08812910318374634
gpu_0,contrastive,clean/place_object_scale/episode_000016/0_141,place_object_scale,episode_000016,clean,,,,final_action,brightness,1.2,,,,15052661172066250013,5451139221587725941,gripper_flip_rate,0.0
gpu_0,contrastive,clean/place_object_scale/episode_000016/0_141,place_object_scale,episode_000016,clean,,,,final_action,brightness,1.2,,,,15052661172066250013,5451139221587725941,temporal_jerk_difference,0.0016402958426624537
gpu_0,contrastive,clean/place_object_scale/episode_000016/0_141,place_object_scale,episode_000016,clean,,,,final_action,color_temperature,-0.1,,,,15052661172066250013,11771800898474785723,action_relative_l2,0.017138492316007614
gpu_0,contrastive,clean/place_object_scale/episode_000016/0_141,place_object_scale,episode_000016,clean,,,,final_action,color_temperature,-0.1,,,,15052661172066250013,11771800898474785723,action_mean_abs,0.001993471058085561
gpu_0,contrastive,clean/place_object_scale/episode_000016/0_141,place_object_scale,episode_000016,clean,,,,final_action,color_temperature,-0.1,,,,15052661172066250013,11771800898474785723,action_relative_l2/first_25pct,0.0
gpu_0,contrastive,clean/place_object_scale/episode_000016/0_141,place_object_scale,episode_000016,clean,,,,final_action,color_temperature,-0.1,,,,15052661172066250013,11771800898474785723,action_relative_l2/last_75pct,0.01774788461625576
gpu_0,contrastive,clean/place_object_scale/episode_000016/0_141,place_object_scale,episode_000016,clean,,,,final_action,color_temperature,-0.1,,,,15052661172066250013,11771800898474785723,endpoint_l2/left_position,0.0028908008243888617
gpu_0,contrastive,clean/place_object_scale/episode_000016/0_141,place_object_scale,episode_000016,clean,,,,final_action,color_temperature,-0.1,,,,15052661172066250013,11771800898474785723,endpoint_l2/right_position,0.01320117712020874
gpu_0,contrastive,clean/place_object_scale/episode_000016/0_141,place_object_scale,episode_000016,clean,,,,final_action,color_temperature,-0.1,,,,15052661172066250013,11771800898474785723,rotation_geodesic/left_rotation,0.003910960163921118
gpu_0,contrastive,clean/place_object_scale/episode_000016/0_141,place_object_scale,episode_000016,clean,,,,final_action,color_temperature,-0.1,,,,15052661172066250013,11771800898474785723,rotation_geodesic/right_rotation,0.025122711434960365
gpu_0,contrastive,clean/place_object_scale/episode_000016/0_141,place_object_scale,episode_000016,clean,,,,final_action,color_temperature,-0.1,,,,15052661172066250013,11771800898474785723,gripper_flip_rate,0.0
gpu_0,contrastive,clean/place_object_scale/episode_000016/0_141,place_object_scale,episode_000016,clean,,,,final_action,color_temperature,-0.1,,,,15052661172066250013,11771800898474785723,temporal_jerk_difference,0.0015731469029560685
gpu_0,contrastive,clean/place_object_scale/episode_000016/0_141,place_object_scale,episode_000016,clean,,,,final_action,color_temperature,0.1,,,,15052661172066250013,7887944890558736340,action_relative_l2,0.013110179454088211
gpu_0,contrastive,clean/place_object_scale/episode_000016/0_141,place_object_scale,episode_000016,clean,,,,final_action,color_temperature,0.1,,,,15052661172066250013,7887944890558736340,action_mean_abs,0.001488865353167057
gpu_0,contrastive,clean/place_object_scale/episode_000016/0_141,place_object_scale,episode_000016,clean,,,,final_action,color_temperature,0.1,,,,15052661172066250013,7887944890558736340,action_relative_l2/first_25pct,0.0
gpu_0,contrastive,clean/place_object_scale/episode_000016/0_141,place_object_scale,episode_000016,clean,,,,final_action,color_temperature,0.1,,,,15052661172066250013,7887944890558736340,action_relative_l2/last_75pct,0.013576338067650795
gpu_0,contrastive,clean/place_object_scale/episode_000016/0_141,place_object_scale,episode_000016,clean,,,,final_action,color_temperature,0.1,,,,15052661172066250013,7887944890558736340,endpoint_l2/left_position,0.0020034927874803543
gpu_0,contrastive,clean/place_object_scale/episode_000016/0_141,place_object_scale,episode_000016,clean,,,,final_action,color_temperature,0.1,,,,15052661172066250013,7887944890558736340,endpoint_l2/right_position,0.011187803000211716
gpu_0,contrastive,clean/place_object_scale/episode_000016/0_141,place_object_scale,episode_000016,clean,,,,final_action,color_temperature,0.1,,,,15052661172066250013,7887944890558736340,rotation_geodesic/left_rotation,0.00410184683278203
gpu_0,contrastive,clean/place_object_scale/episode_000016/0_141,place_object_scale,episode_000016,clean,,,,final_action,color_temperature,0.1,,,,15052661172066250013,7887944890558736340,rotation_geodesic/right_rotation,0.01938931830227375
gpu_0,contrastive,clean/place_object_scale/episode_000016/0_141,place_object_scale,episode_000016,clean,,,,final_action,color_temperature,0.1,,,,15052661172066250013,7887944890558736340,gripper_flip_rate,0.0
gpu_0,contrastive,clean/place_object_scale/episode_000016/0_141,place_object_scale,episode_000016,clean,,,,final_action,color_temperature,0.1,,,,15052661172066250013,7887944890558736340,temporal_jerk_difference,0.0018366503063589334
gpu_0,contrastive,clean/place_object_scale/episode_000016/0_141,place_object_scale,episode_000016,clean,,,,final_action,gamma,0.8,,,,15052661172066250013,3987445913070418313,action_relative_l2,0.00419319374486804
gpu_0,contrastive,clean/place_object_scale/episode_000016/0_141,place_object_scale,episode_000016,clean,,,,final_action,gamma,0.8,,,,15052661172066250013,3987445913070418313,action_mean_abs,0.00032495270716026425
gpu_0,contrastive,clean/place_object_scale/episode_000016/0_141,place_object_scale,episode_000016,clean,,,,final_action,gamma,0.8,,,,15052661172066250013,3987445913070418313,action_relative_l2/first_25pct,0.0
gpu_0,contrastive,clean/place_object_scale/episode_000016/0_141,place_object_scale,episode_000016,clean,,,,final_action,gamma,0.8,,,,15052661172066250013,3987445913070418313,action_relative_l2/last_75pct,0.004342291038483381
gpu_0,contrastive,clean/place_object_scale/episode_000016/0_141,place_object_scale,episode_000016,clean,,,,final_action,gamma,0.8,,,,15052661172066250013,3987445913070418313,endpoint_l2/left_position,0.00045955926179885864
gpu_0,contrastive,clean/place_object_scale/episode_000016/0_141,place_object_scale,episode_000016,clean,,,,final_action,gamma,0.8,,,,15052661172066250013,3987445913070418313,endpoint_l2/right_position,0.0
gpu_0,contrastive,clean/place_object_scale/episode_000016/0_141,place_object_scale,episode_000016,clean,,,,final_action,gamma,0.8,,,,15052661172066250013,3987445913070418313,rotation_geodesic/left_rotation,0.0012940519955009222
gpu_0,contrastive,clean/place_object_scale/episode_000016/0_141,place_object_scale,episode_000016,clean,,,,final_action,gamma,0.8,,,,15052661172066250013,3987445913070418313,rotation_geodesic/right_rotation,0.0029252502135932446
gpu_0,contrastive,clean/place_object_scale/episode_000016/0_141,place_object_scale,episode_000016,clean,,,,final_action,gamma,0.8,,,,15052661172066250013,3987445913070418313,gripper_flip_rate,0.0
gpu_0,contrastive,clean/place_object_scale/episode_000016/0_141,place_object_scale,episode_000016,clean,,,,final_action,gamma,0.8,,,,15052661172066250013,3987445913070418313,temporal_jerk_difference,0.0010920885251834989
gpu_0,contrastive,clean/place_object_scale/episode_000016/0_141,place_object_scale,episode_000016,clean,,,,final_action,gamma,1.2,,,,15052661172066250013,18267793042838073310,action_relative_l2,0.0038328752852976322
gpu_0,contrastive,clean/place_object_scale/episode_000016/0_141,place_object_scale,episode_000016,clean,,,,final_action,gamma,1.2,,,,15052661172066250013,18267793042838073310,action_mean_abs,0.0003219371719751507
gpu_0,contrastive,clean/place_object_scale/episode_000016/0_141,place_object_scale,episode_000016,clean,,,,final_action,gamma,1.2,,,,15052661172066250013,18267793042838073310,action_relative_l2/first_25pct,0.0
gpu_0,contrastive,clean/place_object_scale/episode_000016/0_141,place_object_scale,episode_000016,clean,,,,final_action,gamma,1.2,,,,15052661172066250013,18267793042838073310,action_relative_l2/last_75pct,0.003969160839915276
gpu_0,contrastive,clean/place_object_scale/episode_000016/0_141,place_object_scale,episode_000016,clean,,,,final_action,gamma,1.2,,,,15052661172066250013,18267793042838073310,endpoint_l2/left_position,0.0
gpu_0,contrastive,clean/place_object_scale/episode_000016/0_141,place_object_scale,episode_000016,clean,,,,final_action,gamma,1.2,,,,15052661172066250013,18267793042838073310,endpoint_l2/right_position,0.0015290230512619019
gpu_0,contrastive,clean/place_object_scale/episode_000016/0_141,place_object_scale,episode_000016,clean,,,,final_action,gamma,1.2,,,,15052661172066250013,18267793042838073310,rotation_geodesic/left_rotation,0.0005304862861521542
gpu_0,contrastive,clean/place_object_scale/episode_000016/0_141,place_object_scale,episode_000016,clean,,,,final_action,gamma,1.2,,,,15052661172066250013,18267793042838073310,rotation_geodesic/right_rotation,0.003555517178028822
gpu_0,contrastive,clean/place_object_scale/episode_000016/0_141,place_object_scale,episode_000016,clean,,,,final_action,gamma,1.2,,,,15052661172066250013,18267793042838073310,gripper_flip_rate,0.0
gpu_0,contrastive,clean/place_object_scale/episode_000016/0_141,place_object_scale,episode_000016,clean,,,,final_action,gamma,1.2,,,,15052661172066250013,18267793042838073310,temporal_jerk_difference,0.0009931751992553473
gpu_0,contrastive,clean/place_object_scale/episode_000016/0_141,place_object_scale,episode_000016,clean,,,,final_action,gaussian_blur_sigma,0.5,,,,15052661172066250013,13820347193606331437,action_relative_l2,0.0024030227214097977
gpu_0,contrastive,clean/place_object_scale/episode_000016/0_141,place_object_scale,episode_000016,clean,,,,final_action,gaussian_blur_sigma,0.5,,,,15052661172066250013,13820347193606331437,action_mean_abs,0.0001463527587475255
gpu_0,contrastive,clean/place_object_scale/episode_000016/0_141,place_object_scale,episode_000016,clean,,,,final_action,gaussian_blur_sigma,0.5,,,,15052661172066250013,13820347193606331437,action_relative_l2/first_25pct,0.0
gpu_0,contrastive,clean/place_object_scale/episode_000016/0_141,place_object_scale,episode_000016,clean,,,,final_action,gaussian_blur_sigma,0.5,,,,15052661172066250013,13820347193606331437,action_relative_l2/last_75pct,0.0024884669110178947
gpu_0,contrastive,clean/place_object_scale/episode_000016/0_141,place_object_scale,episode_000016,clean,,,,final_action,gaussian_blur_sigma,0.5,,,,15052661172066250013,13820347193606331437,endpoint_l2/left_position,0.0
gpu_0,contrastive,clean/place_object_scale/episode_000016/0_141,place_object_scale,episode_000016,clean,,,,final_action,gaussian_blur_sigma,0.5,,,,15052661172066250013,13820347193606331437,endpoint_l2/right_position,0.001167893409729004
gpu_0,contrastive,clean/place_object_scale/episode_000016/0_141,place_object_scale,episode_000016,clean,,,,final_action,gaussian_blur_sigma,0.5,,,,15052661172066250013,13820347193606331437,rotation_geodesic/left_rotation,4.31583721365314e-05
gpu_0,contrastive,clean/place_object_scale/episode_000016/0_141,place_object_scale,episode_000016,clean,,,,final_action,gaussian_blur_sigma,0.5,,,,15052661172066250013,13820347193606331437,rotation_geodesic/right_rotation,0.0020217569544911385
gpu_0,contrastive,clean/place_object_scale/episode_000016/0_141,place_object_scale,episode_000016,clean,,,,final_action,gaussian_blur_sigma,0.5,,,,15052661172066250013,13820347193606331437,gripper_flip_rate,0.0
gpu_0,contrastive,clean/place_object_scale/episode_000016/0_141,place_object_scale,episode_000016,clean,,,,final_action,gaussian_blur_sigma,0.5,,,,15052661172066250013,13820347193606331437,temporal_jerk_difference,0.0003154180303681642
gpu_0,contrastive,clean/place_object_scale/episode_000016/0_141,place_object_scale,episode_000016,clean,,,,final_action,gaussian_blur_sigma,1.0,,,,15052661172066250013,6730551116110810124,action_relative_l2,0.023246238008141518
gpu_0,contrastive,clean/place_object_scale/episode_000016/0_141,place_object_scale,episode_000016,clean,,,,final_action,gaussian_blur_sigma,1.0,,,,15052661172066250013,6730551116110810124,action_mean_abs,0.002236556028947234
gpu_0,contrastive,clean/place_object_scale/episode_000016/0_141,place_object_scale,episode_000016,clean,,,,final_action,gaussian_blur_sigma,1.0,,,,15052661172066250013,6730551116110810124,action_relative_l2/first_25pct,0.0
gpu_0,contrastive,clean/place_object_scale/episode_000016/0_141,place_object_scale,episode_000016,clean,,,,final_action,gaussian_blur_sigma,1.0,,,,15052661172066250013,6730551116110810124,action_relative_l2/last_75pct,0.024072803556919098
gpu_0,contrastive,clean/place_object_scale/episode_000016/0_141,place_object_scale,episode_000016,clean,,,,final_action,gaussian_blur_sigma,1.0,,,,15052661172066250013,6730551116110810124,endpoint_l2/left_position,0.0012064898619428277
gpu_0,contrastive,clean/place_object_scale/episode_000016/0_141,place_object_scale,episode_000016,clean,,,,final_action,gaussian_blur_sigma,1.0,,,,15052661172066250013,6730551116110810124,endpoint_l2/right_position,0.017447752878069878
gpu_0,contrastive,clean/place_object_scale/episode_000016/0_141,place_object_scale,episode_000016,clean,,,,final_action,gaussian_blur_sigma,1.0,,,,15052661172066250013,6730551116110810124,rotation_geodesic/left_rotation,0.0031998332124203444
gpu_0,contrastive,clean/place_object_scale/episode_000016/0_141,place_object_scale,episode_000016,clean,,,,final_action,gaussian_blur_sigma,1.0,,,,15052661172066250013,6730551116110810124,rotation_geodesic/right_rotation,0.0362832248210907
gpu_0,contrastive,clean/place_object_scale/episode_000016/0_141,place_object_scale,episode_000016,clean,,,,final_action,gaussian_blur_sigma,1.0,,,,15052661172066250013,6730551116110810124,gripper_flip_rate,0.0
gpu_0,contrastive,clean/place_object_scale/episode_000016/0_141,place_object_scale,episode_000016,clean,,,,final_action,gaussian_blur_sigma,1.0,,,,15052661172066250013,6730551116110810124,temporal_jerk_difference,0.001683589187450707
gpu_0,contrastive,clean/place_object_scale/episode_000016/0_141,place_object_scale,episode_000016,clean,,,,final_action,gaussian_noise_std,0.01,,,,15052661172066250013,13857880200663423716,action_relative_l2,0.010419805534183979
gpu_0,contrastive,clean/place_object_scale/episode_000016/0_141,place_object_scale,episode_000016,clean,,,,final_action,gaussian_noise_std,0.01,,,,15052661172066250013,13857880200663423716,action_mean_abs,0.0014868626603856683
gpu_0,contrastive,clean/place_object_scale/episode_000016/0_141,place_object_scale,episode_000016,clean,,,,final_action,gaussian_noise_std,0.01,,,,15052661172066250013,13857880200663423716,action_relative_l2/first_25pct,0.0
gpu_0,contrastive,clean/place_object_scale/episode_000016/0_141,place_object_scale,episode_000016,clean,,,,final_action,gaussian_noise_std,0.01,,,,15052661172066250013,13857880200663423716,action_relative_l2/last_75pct,0.01079030241817236
gpu_0,contrastive,clean/place_object_scale/episode_000016/0_141,place_object_scale,episode_000016,clean,,,,final_action,gaussian_noise_std,0.01,,,,15052661172066250013,13857880200663423716,endpoint_l2/left_position,0.0014454048359766603
gpu_0,contrastive,clean/place_object_scale/episode_000016/0_141,place_object_scale,episode_000016,clean,,,,final_action,gaussian_noise_std,0.01,,,,15052661172066250013,13857880200663423716,endpoint_l2/right_position,0.002293534576892853
gpu_0,contrastive,clean/place_object_scale/episode_000016/0_141,place_object_scale,episode_000016,clean,,,,final_action,gaussian_noise_std,0.01,,,,15052661172066250013,13857880200663423716,rotation_geodesic/left_rotation,0.0038350746035575867
gpu_0,contrastive,clean/place_object_scale/episode_000016/0_141,place_object_scale,episode_000016,clean,,,,final_action,gaussian_noise_std,0.01,,,,15052661172066250013,13857880200663423716,rotation_geodesic/right_rotation,0.01540093682706356
gpu_0,contrastive,clean/place_object_scale/episode_000016/0_141,place_object_scale,episode_000016,clean,,,,final_action,gaussian_noise_std,0.01,,,,15052661172066250013,13857880200663423716,gripper_flip_rate,0.0
gpu_0,contrastive,clean/place_object_scale/episode_000016/0_141,place_object_scale,episode_000016,clean,,,,final_action,gaussian_noise_std,0.01,,,,15052661172066250013,13857880200663423716,temporal_jerk_difference,0.002099089091643691
gpu_0,contrastive,clean/place_object_scale/episode_000016/0_141,place_object_scale,episode_000016,clean,,,,final_action,gaussian_noise_std,0.03,,,,15052661172066250013,14331452601550878469,action_relative_l2,0.012158682569861412
gpu_0,contrastive,clean/place_object_scale/episode_000016/0_141,place_object_scale,episode_000016,clean,,,,final_action,gaussian_noise_std,0.03,,,,15052661172066250013,14331452601550878469,action_mean_abs,0.001733431126922369
gpu_0,contrastive,clean/place_object_scale/episode_000016/0_141,place_object_scale,episode_000016,clean,,,,final_action,gaussian_noise_std,0.03,,,,15052661172066250013,14331452601550878469,action_relative_l2/first_25pct,0.0
gpu_0,contrastive,clean/place_object_scale/episode_000016/0_141,place_object_scale,episode_000016,clean,,,,final_action,gaussian_noise_std,0.03,,,,15052661172066250013,14331452601550878469,action_relative_l2/last_75pct,0.012591008096933365
gpu_0,contrastive,clean/place_object_scale/episode_000016/0_141,place_object_scale,episode_000016,clean,,,,final_action,gaussian_noise_std,0.03,,,,15052661172066250013,14331452601550878469,endpoint_l2/left_position,0.001378662884235382
gpu_0,contrastive,clean/place_object_scale/episode_000016/0_141,place_object_scale,episode_000016,clean,,,,final_action,gaussian_noise_std,0.03,,,,15052661172066250013,14331452601550878469,endpoint_l2/right_position,0.006224463228136301
gpu_0,contrastive,clean/place_object_scale/episode_000016/0_141,place_object_scale,episode_000016,clean,,,,final_action,gaussian_noise_std,0.03,,,,15052661172066250013,14331452601550878469,rotation_geodesic/left_rotation,0.006544886622577906
gpu_0,contrastive,clean/place_object_scale/episode_000016/0_141,place_object_scale,episode_000016,clean,,,,final_action,gaussian_noise_std,0.03,,,,15052661172066250013,14331452601550878469,rotation_geodesic/right_rotation,0.017848670482635498
gpu_0,contrastive,clean/place_object_scale/episode_000016/0_141,place_object_scale,episode_000016,clean,,,,final_action,gaussian_noise_std,0.03,,,,15052661172066250013,14331452601550878469,gripper_flip_rate,0.0
gpu_0,contrastive,clean/place_object_scale/episode_000016/0_141,place_object_scale,episode_000016,clean,,,,final_action,gaussian_noise_std,0.03,,,,15052661172066250013,14331452601550878469,temporal_jerk_difference,0.0020079819951206446
gpu_0,contrastive,clean/place_object_scale/episode_000016/0_141,place_object_scale,episode_000016,clean,,,,final_action,identity,0.0,,,,15052661172066250013,,action_relative_l2,0.0
gpu_0,contrastive,clean/place_object_scale/episode_000016/0_141,place_object_scale,episode_000016,clean,,,,final_action,identity,0.0,,,,15052661172066250013,,action_mean_abs,0.0
gpu_0,contrastive,clean/place_object_scale/episode_000016/0_141,place_object_scale,episode_000016,clean,,,,final_action,identity,0.0,,,,15052661172066250013,,action_relative_l2/first_25pct,0.0
gpu_0,contrastive,clean/place_object_scale/episode_000016/0_141,place_object_scale,episode_000016,clean,,,,final_action,identity,0.0,,,,15052661172066250013,,action_relative_l2/last_75pct,0.0
gpu_0,contrastive,clean/place_object_scale/episode_000016/0_141,place_object_scale,episode_000016,clean,,,,final_action,identity,0.0,,,,15052661172066250013,,endpoint_l2/left_position,0.0
gpu_0,contrastive,clean/place_object_scale/episode_000016/0_141,place_object_scale,episode_000016,clean,,,,final_action,identity,0.0,,,,15052661172066250013,,endpoint_l2/right_position,0.0
gpu_0,contrastive,clean/place_object_scale/episode_000016/0_141,place_object_scale,episode_000016,clean,,,,final_action,identity,0.0,,,,15052661172066250013,,rotation_geodesic/left_rotation,4.31583721365314e-05
gpu_0,contrastive,clean/place_object_scale/episode_000016/0_141,place_object_scale,episode_000016,clean,,,,final_action,identity,0.0,,,,15052661172066250013,,rotation_geodesic/right_rotation,0.00022102786169853061
gpu_0,contrastive,clean/place_object_scale/episode_000016/0_141,place_object_scale,episode_000016,clean,,,,final_action,identity,0.0,,,,15052661172066250013,,gripper_flip_rate,0.0
gpu_0,contrastive,clean/place_object_scale/episode_000016/0_141,place_object_scale,episode_000016,clean,,,,final_action,identity,0.0,,,,15052661172066250013,,temporal_jerk_difference,0.0
gpu_0,contrastive,clean/stack_blocks_three/episode_000030/0_447,stack_blocks_three,episode_000030,clean,,,,final_action,brightness,0.8,,,,12280813841299030061,14740558125330130023,action_relative_l2,0.02453186735510826
gpu_0,contrastive,clean/stack_blocks_three/episode_000030/0_447,stack_blocks_three,episode_000030,clean,,,,final_action,brightness,0.8,,,,12280813841299030061,14740558125330130023,action_mean_abs,0.0037024563644081354
gpu_0,contrastive,clean/stack_blocks_three/episode_000030/0_447,stack_blocks_three,episode_000030,clean,,,,final_action,brightness,0.8,,,,12280813841299030061,14740558125330130023,action_relative_l2/first_25pct,0.0
gpu_0,contrastive,clean/stack_blocks_three/episode_000030/0_447,stack_blocks_three,episode_000030,clean,,,,final_action,brightness,0.8,,,,12280813841299030061,14740558125330130023,action_relative_l2/last_75pct,0.02540726214647293
gpu_0,contrastive,clean/stack_blocks_three/episode_000030/0_447,stack_blocks_three,episode_000030,clean,,,,final_action,brightness,0.8,,,,12280813841299030061,14740558125330130023,endpoint_l2/left_position,0.009822092019021511
gpu_0,contrastive,clean/stack_blocks_three/episode_000030/0_447,stack_blocks_three,episode_000030,clean,,,,final_action,brightness,0.8,,,,12280813841299030061,14740558125330130023,endpoint_l2/right_position,0.015917889773845673
gpu_0,contrastive,clean/stack_blocks_three/episode_000030/0_447,stack_blocks_three,episode_000030,clean,,,,final_action,brightness,0.8,,,,12280813841299030061,14740558125330130023,rotation_geodesic/left_rotation,0.01676909811794758
gpu_0,contrastive,clean/stack_blocks_three/episode_000030/0_447,stack_blocks_three,episode_000030,clean,,,,final_action,brightness,0.8,,,,12280813841299030061,14740558125330130023,rotation_geodesic/right_rotation,0.03481418266892433
gpu_0,contrastive,clean/stack_blocks_three/episode_000030/0_447,stack_blocks_three,episode_000030,clean,,,,final_action,brightness,0.8,,,,12280813841299030061,14740558125330130023,gripper_flip_rate,0.0
gpu_0,contrastive,clean/stack_blocks_three/episode_000030/0_447,stack_blocks_three,episode_000030,clean,,,,final_action,brightness,0.8,,,,12280813841299030061,14740558125330130023,temporal_jerk_difference,0.0017027033027261496
gpu_0,contrastive,clean/stack_blocks_three/episode_000030/0_447,stack_blocks_three,episode_000030,clean,,,,final_action,brightness,1.2,,,,12280813841299030061,9830554915469431070,action_relative_l2,0.20665718615055084
gpu_0,contrastive,clean/stack_blocks_three/episode_000030/0_447,stack_blocks_three,episode_000030,clean,,,,final_action,brightness,1.2,,,,12280813841299030061,9830554915469431070,action_mean_abs,0.03324771299958229
gpu_0,contrastive,clean/stack_blocks_three/episode_000030/0_447,stack_blocks_three,episode_000030,clean,,,,final_action,brightness,1.2,,,,12280813841299030061,9830554915469431070,action_relative_l2/first_25pct,0.0
gpu_0,contrastive,clean/stack_blocks_three/episode_000030/0_447,stack_blocks_three,episode_000030,clean,,,,final_action,brightness,1.2,,,,12280813841299030061,9830554915469431070,action_relative_l2/last_75pct,0.21403154730796814
gpu_0,contrastive,clean/stack_blocks_three/episode_000030/0_447,stack_blocks_three,episode_000030,clean,,,,final_action,brightness,1.2,,,,12280813841299030061,9830554915469431070,endpoint_l2/left_position,0.1070832759141922
gpu_0,contrastive,clean/stack_blocks_three/episode_000030/0_447,stack_blocks_three,episode_000030,clean,,,,final_action,brightness,1.2,,,,12280813841299030061,9830554915469431070,endpoint_l2/right_position,0.2652771472930908
gpu_0,contrastive,clean/stack_blocks_three/episode_000030/0_447,stack_blocks_three,episode_000030,clean,,,,final_action,brightness,1.2,,,,12280813841299030061,9830554915469431070,rotation_geodesic/left_rotation,0.057319607585668564
gpu_0,contrastive,clean/stack_blocks_three/episode_000030/0_447,stack_blocks_three,episode_000030,clean,,,,final_action,brightness,1.2,,,,12280813841299030061,9830554915469431070,rotation_geodesic/right_rotation,0.34597691893577576
gpu_0,contrastive,clean/stack_blocks_three/episode_000030/0_447,stack_blocks_three,episode_000030,clean,,,,final_action,brightness,1.2,,,,12280813841299030061,9830554915469431070,gripper_flip_rate,0.0
gpu_0,contrastive,clean/stack_blocks_three/episode_000030/0_447,stack_blocks_three,episode_000030,clean,,,,final_action,brightness,1.2,,,,12280813841299030061,9830554915469431070,temporal_jerk_difference,0.00267378450371325
gpu_0,contrastive,clean/stack_blocks_three/episode_000030/0_447,stack_blocks_three,episode_000030,clean,,,,final_action,color_temperature,-0.1,,,,12280813841299030061,15666566753435024262,action_relative_l2,0.027021562680602074
gpu_0,contrastive,clean/stack_blocks_three/episode_000030/0_447,stack_blocks_three,episode_000030,clean,,,,final_action,color_temperature,-0.1,,,,12280813841299030061,15666566753435024262,action_mean_abs,0.0033216101583093405
gpu_0,contrastive,clean/stack_blocks_three/episode_000030/0_447,stack_blocks_three,episode_000030,clean,,,,final_action,color_temperature,-0.1,,,,12280813841299030061,15666566753435024262,action_relative_l2/first_25pct,0.0
gpu_0,contrastive,clean/stack_blocks_three/episode_000030/0_447,stack_blocks_three,episode_000030,clean,,,,final_action,color_temperature,-0.1,,,,12280813841299030061,15666566753435024262,action_relative_l2/last_75pct,0.027985800057649612
gpu_0,contrastive,clean/stack_blocks_three/episode_000030/0_447,stack_blocks_three,episode_000030,clean,,,,final_action,color_temperature,-0.1,,,,12280813841299030061,15666566753435024262,endpoint_l2/left_position,0.009638755582273006
gpu_0,contrastive,clean/stack_blocks_three/episode_000030/0_447,stack_blocks_three,episode_000030,clean,,,,final_action,color_temperature,-0.1,,,,12280813841299030061,15666566753435024262,endpoint_l2/right_position,0.029686758294701576
gpu_0,contrastive,clean/stack_blocks_three/episode_000030/0_447,stack_blocks_three,episode_000030,clean,,,,final_action,color_temperature,-0.1,,,,12280813841299030061,15666566753435024262,rotation_geodesic/left_rotation,0.010572250932455063
gpu_0,contrastive,clean/stack_blocks_three/episode_000030/0_447,stack_blocks_three,episode_000030,clean,,,,final_action,color_temperature,-0.1,,,,12280813841299030061,15666566753435024262,rotation_geodesic/right_rotation,0.04075046256184578
gpu_0,contrastive,clean/stack_blocks_three/episode_000030/0_447,stack_blocks_three,episode_000030,clean,,,,final_action,color_temperature,-0.1,,,,12280813841299030061,15666566753435024262,gripper_flip_rate,0.0
gpu_0,contrastive,clean/stack_blocks_three/episode_000030/0_447,stack_blocks_three,episode_000030,clean,,,,final_action,color_temperature,-0.1,,,,12280813841299030061,15666566753435024262,temporal_jerk_difference,0.001715958584100008
gpu_0,contrastive,clean/stack_blocks_three/episode_000030/0_447,stack_blocks_three,episode_000030,clean,,,,final_action,color_temperature,0.1,,,,12280813841299030061,4205121641594680140,action_relative_l2,0.022169148549437523
gpu_0,contrastive,clean/stack_blocks_three/episode_000030/0_447,stack_blocks_three,episode_000030,clean,,,,final_action,color_temperature,0.1,,,,12280813841299030061,4205121641594680140,action_mean_abs,0.0029003028757870197
gpu_0,contrastive,clean/stack_blocks_three/episode_000030/0_447,stack_blocks_three,episode_000030,clean,,,,final_action,color_temperature,0.1,,,,12280813841299030061,4205121641594680140,action_relative_l2/first_25pct,0.0
gpu_0,contrastive,clean/stack_blocks_three/episode_000030/0_447,stack_blocks_three,episode_000030,clean,,,,final_action,color_temperature,0.1,,,,12280813841299030061,4205121641594680140,action_relative_l2/last_75pct,0.022960232570767403
gpu_0,contrastive,clean/stack_blocks_three/episode_000030/0_447,stack_blocks_three,episode_000030,clean,,,,final_action,color_temperature,0.1,,,,12280813841299030061,4205121641594680140,endpoint_l2/left_position,0.01667606830596924
gpu_0,contrastive,clean/stack_blocks_three/episode_000030/0_447,stack_blocks_three,episode_000030,clean,,,,final_action,color_temperature,0.1,,,,12280813841299030061,4205121641594680140,endpoint_l2/right_position,0.014141062274575233
gpu_0,contrastive,clean/stack_blocks_three/episode_000030/0_447,stack_blocks_three,episode_000030,clean,,,,final_action,color_temperature,0.1,,,,12280813841299030061,4205121641594680140,rotation_geodesic/left_rotation,0.011660300195217133
gpu_0,contrastive,clean/stack_blocks_three/episode_000030/0_447,stack_blocks_three,episode_000030,clean,,,,final_action,color_temperature,0.1,,,,12280813841299030061,4205121641594680140,rotation_geodesic/right_rotation,0.03207799792289734
gpu_0,contrastive,clean/stack_blocks_three/episode_000030/0_447,stack_blocks_three,episode_000030,clean,,,,final_action,color_temperature,0.1,,,,12280813841299030061,4205121641594680140,gripper_flip_rate,0.0
gpu_0,contrastive,clean/stack_blocks_three/episode_000030/0_447,stack_blocks_three,episode_000030,clean,,,,final_action,color_temperature,0.1,,,,12280813841299030061,4205121641594680140,temporal_jerk_difference,0.0018074794206768274
gpu_0,contrastive,clean/stack_blocks_three/episode_000030/0_447,stack_blocks_three,episode_000030,clean,,,,final_action,gamma,0.8,,,,12280813841299030061,12381315702077997941,action_relative_l2,0.004456642083823681
gpu_0,contrastive,clean/stack_blocks_three/episode_000030/0_447,stack_blocks_three,episode_000030,clean,,,,final_action,gamma,0.8,,,,12280813841299030061,12381315702077997941,action_mean_abs,0.0004476129251997918
gpu_0,contrastive,clean/stack_blocks_three/episode_000030/0_447,stack_blocks_three,episode_000030,clean,,,,final_action,gamma,0.8,,,,12280813841299030061,12381315702077997941,action_relative_l2/first_25pct,0.0
gpu_0,contrastive,clean/stack_blocks_three/episode_000030/0_447,stack_blocks_three,episode_000030,clean,,,,final_action,gamma,0.8,,,,12280813841299030061,12381315702077997941,action_relative_l2/last_75pct,0.004615673329681158
gpu_0,contrastive,clean/stack_blocks_three/episode_000030/0_447,stack_blocks_three,episode_000030,clean,,,,final_action,gamma,0.8,,,,12280813841299030061,12381315702077997941,endpoint_l2/left_position,0.0014453944750130177
gpu_0,contrastive,clean/stack_blocks_three/episode_000030/0_447,stack_blocks_three,episode_000030,clean,,,,final_action,gamma,0.8,,,,12280813841299030061,12381315702077997941,endpoint_l2/right_position,0.0015192031860351562
gpu_0,contrastive,clean/stack_blocks_three/episode_000030/0_447,stack_blocks_three,episode_000030,clean,,,,final_action,gamma,0.8,,,,12280813841299030061,12381315702077997941,rotation_geodesic/left_rotation,0.00536341592669487
gpu_0,contrastive,clean/stack_blocks_three/episode_000030/0_447,stack_blocks_three,episode_000030,clean,,,,final_action,gamma,0.8,,,,12280813841299030061,12381315702077997941,rotation_geodesic/right_rotation,0.0039588334038853645
gpu_0,contrastive,clean/stack_blocks_three/episode_000030/0_447,stack_blocks_three,episode_000030,clean,,,,final_action,gamma,0.8,,,,12280813841299030061,12381315702077997941,gripper_flip_rate,0.0
gpu_0,contrastive,clean/stack_blocks_three/episode_000030/0_447,stack_blocks_three,episode_000030,clean,,,,final_action,gamma,0.8,,,,12280813841299030061,12381315702077997941,temporal_jerk_difference,0.0010608738521113992
gpu_0,contrastive,clean/stack_blocks_three/episode_000030/0_447,stack_blocks_three,episode_000030,clean,,,,final_action,gamma,1.2,,,,12280813841299030061,1479468069143235415,action_relative_l2,0.005920874420553446
gpu_0,contrastive,clean/stack_blocks_three/episode_000030/0_447,stack_blocks_three,episode_000030,clean,,,,final_action,gamma,1.2,,,,12280813841299030061,1479468069143235415,action_mean_abs,0.0006591741112060845
gpu_0,contrastive,clean/stack_blocks_three/episode_000030/0_447,stack_blocks_three,episode_000030,clean,,,,final_action,gamma,1.2,,,,12280813841299030061,1479468069143235415,action_relative_l2/first_25pct,0.0
gpu_0,contrastive,clean/stack_blocks_three/episode_000030/0_447,stack_blocks_three,episode_000030,clean,,,,final_action,gamma,1.2,,,,12280813841299030061,1479468069143235415,action_relative_l2/last_75pct,0.006132154725492001
gpu_0,contrastive,clean/stack_blocks_three/episode_000030/0_447,stack_blocks_three,episode_000030,clean,,,,final_action,gamma,1.2,,,,12280813841299030061,1479468069143235415,endpoint_l2/left_position,0.0014454026240855455
gpu_0,contrastive,clean/stack_blocks_three/episode_000030/0_447,stack_blocks_three,episode_000030,clean,,,,final_action,gamma,1.2,,,,12280813841299030061,1479468069143235415,endpoint_l2/right_position,0.0017006956040859222
gpu_0,contrastive,clean/stack_blocks_three/episode_000030/0_447,stack_blocks_three,episode_000030,clean,,,,final_action,gamma,1.2,,,,12280813841299030061,1479468069143235415,rotation_geodesic/left_rotation,0.007085601799190044
gpu_0,contrastive,clean/stack_blocks_three/episode_000030/0_447,stack_blocks_three,episode_000030,clean,,,,final_action,gamma,1.2,,,,12280813841299030061,1479468069143235415,rotation_geodesic/right_rotation,0.003929279278963804
gpu_0,contrastive,clean/stack_blocks_three/episode_000030/0_447,stack_blocks_three,episode_000030,clean,,,,final_action,gamma,1.2,,,,12280813841299030061,1479468069143235415,gripper_flip_rate,0.0
gpu_0,contrastive,clean/stack_blocks_three/episode_000030/0_447,stack_blocks_three,episode_000030,clean,,,,final_action,gamma,1.2,,,,12280813841299030061,1479468069143235415,temporal_jerk_difference,0.001278453040868044
gpu_0,contrastive,clean/stack_blocks_three/episode_000030/0_447,stack_blocks_three,episode_000030,clean,,,,final_action,gaussian_blur_sigma,0.5,,,,12280813841299030061,11617124187135812490,action_relative_l2,0.012942478060722351
gpu_0,contrastive,clean/stack_blocks_three/episode_000030/0_447,stack_blocks_three,episode_000030,clean,,,,final_action,gaussian_blur_sigma,0.5,,,,12280813841299030061,11617124187135812490,action_mean_abs,0.0015109139494597912
gpu_0,contrastive,clean/stack_blocks_three/episode_000030/0_447,stack_blocks_three,episode_000030,clean,,,,final_action,gaussian_blur_sigma,0.5,,,,12280813841299030061,11617124187135812490,action_relative_l2/first_25pct,0.0
gpu_0,contrastive,clean/stack_blocks_three/episode_000030/0_447,stack_blocks_three,episode_000030,clean,,,,final_action,gaussian_blur_sigma,0.5,,,,12280813841299030061,11617124187135812490,action_relative_l2/last_75pct,0.013404317200183868
gpu_0,contrastive,clean/stack_blocks_three/episode_000030/0_447,stack_blocks_three,episode_000030,clean,,,,final_action,gaussian_blur_sigma,0.5,,,,12280813841299030061,11617124187135812490,endpoint_l2/left_position,0.005493459291756153
gpu_0,contrastive,clean/stack_blocks_three/episode_000030/0_447,stack_blocks_three,episode_000030,clean,,,,final_action,gaussian_blur_sigma,0.5,,,,12280813841299030061,11617124187135812490,endpoint_l2/right_position,0.0032735716085880995
gpu_0,contrastive,clean/stack_blocks_three/episode_000030/0_447,stack_blocks_three,episode_000030,clean,,,,final_action,gaussian_blur_sigma,0.5,,,,12280813841299030061,11617124187135812490,rotation_geodesic/left_rotation,0.01407899335026741
gpu_0,contrastive,clean/stack_blocks_three/episode_000030/0_447,stack_blocks_three,episode_000030,clean,,,,final_action,gaussian_blur_sigma,0.5,,,,12280813841299030061,11617124187135812490,rotation_geodesic/right_rotation,0.013095462694764137
gpu_0,contrastive,clean/stack_blocks_three/episode_000030/0_447,stack_blocks_three,episode_000030,clean,,,,final_action,gaussian_blur_sigma,0.5,,,,12280813841299030061,11617124187135812490,gripper_flip_rate,0.0
gpu_0,contrastive,clean/stack_blocks_three/episode_000030/0_447,stack_blocks_three,episode_000030,clean,,,,final_action,gaussian_blur_sigma,0.5,,,,12280813841299030061,11617124187135812490,temporal_jerk_difference,0.0011567421024665236
gpu_0,contrastive,clean/stack_blocks_three/episode_000030/0_447,stack_blocks_three,episode_000030,clean,,,,final_action,gaussian_blur_sigma,1.0,,,,12280813841299030061,18440392788514194603,action_relative_l2,0.002985082333907485
gpu_0,contrastive,clean/stack_blocks_three/episode_000030/0_447,stack_blocks_three,episode_000030,clean,,,,final_action,gaussian_blur_sigma,1.0,,,,12280813841299030061,18440392788514194603,action_mean_abs,0.00020458930521272123
gpu_0,contrastive,clean/stack_blocks_three/episode_000030/0_447,stack_blocks_three,episode_000030,clean,,,,final_action,gaussian_blur_sigma,1.0,,,,12280813841299030061,18440392788514194603,action_relative_l2/first_25pct,0.0
gpu_0,contrastive,clean/stack_blocks_three/episode_000030/0_447,stack_blocks_three,episode_000030,clean,,,,final_action,gaussian_blur_sigma,1.0,,,,12280813841299030061,18440392788514194603,action_relative_l2/last_75pct,0.0030916021205484867
gpu_0,contrastive,clean/stack_blocks_three/episode_000030/0_447,stack_blocks_three,episode_000030,clean,,,,final_action,gaussian_blur_sigma,1.0,,,,12280813841299030061,18440392788514194603,endpoint_l2/left_position,0.0019792732782661915
gpu_0,contrastive,clean/stack_blocks_three/episode_000030/0_447,stack_blocks_three,episode_000030,clean,,,,final_action,gaussian_blur_sigma,1.0,,,,12280813841299030061,18440392788514194603,endpoint_l2/right_position,0.0007645115256309509
gpu_0,contrastive,clean/stack_blocks_three/episode_000030/0_447,stack_blocks_three,episode_000030,clean,,,,final_action,gaussian_blur_sigma,1.0,,,,12280813841299030061,18440392788514194603,rotation_geodesic/left_rotation,0.0017028499860316515
gpu_0,contrastive,clean/stack_blocks_three/episode_000030/0_447,stack_blocks_three,episode_000030,clean,,,,final_action,gaussian_blur_sigma,1.0,,,,12280813841299030061,18440392788514194603,rotation_geodesic/right_rotation,0.0017830629367381334
gpu_0,contrastive,clean/stack_blocks_three/episode_000030/0_447,stack_blocks_three,episode_000030,clean,,,,final_action,gaussian_blur_sigma,1.0,,,,12280813841299030061,18440392788514194603,gripper_flip_rate,0.0
gpu_0,contrastive,clean/stack_blocks_three/episode_000030/0_447,stack_blocks_three,episode_000030,clean,,,,final_action,gaussian_blur_sigma,1.0,,,,12280813841299030061,18440392788514194603,temporal_jerk_difference,0.0007014106377027929
gpu_0,contrastive,clean/stack_blocks_three/episode_000030/0_447,stack_blocks_three,episode_000030,clean,,,,final_action,gaussian_noise_std,0.01,,,,12280813841299030061,318962294272706403,action_relative_l2,0.025214267894625664
gpu_0,contrastive,clean/stack_blocks_three/episode_000030/0_447,stack_blocks_three,episode_000030,clean,,,,final_action,gaussian_noise_std,0.01,,,,12280813841299030061,318962294272706403,action_mean_abs,0.003874316578730941
gpu_0,contrastive,clean/stack_blocks_three/episode_000030/0_447,stack_blocks_three,episode_000030,clean,,,,final_action,gaussian_noise_std,0.01,,,,12280813841299030061,318962294272706403,action_relative_l2/first_25pct,0.0
gpu_0,contrastive,clean/stack_blocks_three/episode_000030/0_447,stack_blocks_three,episode_000030,clean,,,,final_action,gaussian_noise_std,0.01,,,,12280813841299030061,318962294272706403,action_relative_l2/last_75pct,0.02611401304602623
gpu_0,contrastive,clean/stack_blocks_three/episode_000030/0_447,stack_blocks_three,episode_000030,clean,,,,final_action,gaussian_noise_std,0.01,,,,12280813841299030061,318962294272706403,endpoint_l2/left_position,0.049497440457344055
gpu_0,contrastive,clean/stack_blocks_three/episode_000030/0_447,stack_blocks_three,episode_000030,clean,,,,final_action,gaussian_noise_std,0.01,,,,12280813841299030061,318962294272706403,endpoint_l2/right_position,0.02105909213423729
gpu_0,contrastive,clean/stack_blocks_three/episode_000030/0_447,stack_blocks_three,episode_000030,clean,,,,final_action,gaussian_noise_std,0.01,,,,12280813841299030061,318962294272706403,rotation_geodesic/left_rotation,0.02708773873746395
gpu_0,contrastive,clean/stack_blocks_three/episode_000030/0_447,stack_blocks_three,episode_000030,clean,,,,final_action,gaussian_noise_std,0.01,,,,12280813841299030061,318962294272706403,rotation_geodesic/right_rotation,0.02278239279985428
gpu_0,contrastive,clean/stack_blocks_three/episode_000030/0_447,stack_blocks_three,episode_000030,clean,,,,final_action,gaussian_noise_std,0.01,,,,12280813841299030061,318962294272706403,gripper_flip_rate,0.0
gpu_0,contrastive,clean/stack_blocks_three/episode_000030/0_447,stack_blocks_three,episode_000030,clean,,,,final_action,gaussian_noise_std,0.01,,,,12280813841299030061,318962294272706403,temporal_jerk_difference,0.001828957931138575
gpu_0,contrastive,clean/stack_blocks_three/episode_000030/0_447,stack_blocks_three,episode_000030,clean,,,,final_action,gaussian_noise_std,0.03,,,,12280813841299030061,10916310403062362012,action_relative_l2,0.02797369845211506
gpu_0,contrastive,clean/stack_blocks_three/episode_000030/0_447,stack_blocks_three,episode_000030,clean,,,,final_action,gaussian_noise_std,0.03,,,,12280813841299030061,10916310403062362012,action_mean_abs,0.004458392504602671
gpu_0,contrastive,clean/stack_blocks_three/episode_000030/0_447,stack_blocks_three,episode_000030,clean,,,,final_action,gaussian_noise_std,0.03,,,,12280813841299030061,10916310403062362012,action_relative_l2/first_25pct,0.0
gpu_0,contrastive,clean/stack_blocks_three/episode_000030/0_447,stack_blocks_three,episode_000030,clean,,,,final_action,gaussian_noise_std,0.03,,,,12280813841299030061,10916310403062362012,action_relative_l2/last_75pct,0.02897191233932972
gpu_0,contrastive,clean/stack_blocks_three/episode_000030/0_447,stack_blocks_three,episode_000030,clean,,,,final_action,gaussian_noise_std,0.03,,,,12280813841299030061,10916310403062362012,endpoint_l2/left_position,0.050185952335596085
gpu_0,contrastive,clean/stack_blocks_three/episode_000030/0_447,stack_blocks_three,episode_000030,clean,,,,final_action,gaussian_noise_std,0.03,,,,12280813841299030061,10916310403062362012,endpoint_l2/right_position,0.03152749314904213
gpu_0,contrastive,clean/stack_blocks_three/episode_000030/0_447,stack_blocks_three,episode_000030,clean,,,,final_action,gaussian_noise_std,0.03,,,,12280813841299030061,10916310403062362012,rotation_geodesic/left_rotation,0.0234688650816679
gpu_0,contrastive,clean/stack_blocks_three/episode_000030/0_447,stack_blocks_three,episode_000030,clean,,,,final_action,gaussian_noise_std,0.03,,,,12280813841299030061,10916310403062362012,rotation_geodesic/right_rotation,0.031432144343853
gpu_0,contrastive,clean/stack_blocks_three/episode_000030/0_447,stack_blocks_three,episode_000030,clean,,,,final_action,gaussian_noise_std,0.03,,,,12280813841299030061,10916310403062362012,gripper_flip_rate,0.0
gpu_0,contrastive,clean/stack_blocks_three/episode_000030/0_447,stack_blocks_three,episode_000030,clean,,,,final_action,gaussian_noise_std,0.03,,,,12280813841299030061,10916310403062362012,temporal_jerk_difference,0.001765511347912252
gpu_0,contrastive,clean/stack_blocks_three/episode_000030/0_447,stack_blocks_three,episode_000030,clean,,,,final_action,identity,0.0,,,,12280813841299030061,,action_relative_l2,0.0
gpu_0,contrastive,clean/stack_blocks_three/episode_000030/0_447,stack_blocks_three,episode_000030,clean,,,,final_action,identity,0.0,,,,12280813841299030061,,action_mean_abs,0.0
gpu_0,contrastive,clean/stack_blocks_three/episode_000030/0_447,stack_blocks_three,episode_000030,clean,,,,final_action,identity,0.0,,,,12280813841299030061,,action_relative_l2/first_25pct,0.0
gpu_0,contrastive,clean/stack_blocks_three/episode_000030/0_447,stack_blocks_three,episode_000030,clean,,,,final_action,identity,0.0,,,,12280813841299030061,,action_relative_l2/last_75pct,0.0
gpu_0,contrastive,clean/stack_blocks_three/episode_000030/0_447,stack_blocks_three,episode_000030,clean,,,,final_action,identity,0.0,,,,12280813841299030061,,endpoint_l2/left_position,0.0
gpu_0,contrastive,clean/stack_blocks_three/episode_000030/0_447,stack_blocks_three,episode_000030,clean,,,,final_action,identity,0.0,,,,12280813841299030061,,endpoint_l2/right_position,0.0
gpu_0,contrastive,clean/stack_blocks_three/episode_000030/0_447,stack_blocks_three,episode_000030,clean,,,,final_action,identity,0.0,,,,12280813841299030061,,rotation_geodesic/left_rotation,0.00012947511277161539
gpu_0,contrastive,clean/stack_blocks_three/episode_000030/0_447,stack_blocks_three,episode_000030,clean,,,,final_action,identity,0.0,,,,12280813841299030061,,rotation_geodesic/right_rotation,0.0001868078688858077
gpu_0,contrastive,clean/stack_blocks_three/episode_000030/0_447,stack_blocks_three,episode_000030,clean,,,,final_action,identity,0.0,,,,12280813841299030061,,gripper_flip_rate,0.0
gpu_0,contrastive,clean/stack_blocks_three/episode_000030/0_447,stack_blocks_three,episode_000030,clean,,,,final_action,identity,0.0,,,,12280813841299030061,,temporal_jerk_difference,0.0
gpu_1,base,clean/click_bell/episode_000027/0_74,click_bell,episode_000027,clean,,,,final_action,brightness,0.8,,,,4100563280526850425,4321181102006504660,action_relative_l2,0.02608506567776203
gpu_1,base,clean/click_bell/episode_000027/0_74,click_bell,episode_000027,clean,,,,final_action,brightness,0.8,,,,4100563280526850425,4321181102006504660,action_mean_abs,0.0052214921452105045
gpu_1,base,clean/click_bell/episode_000027/0_74,click_bell,episode_000027,clean,,,,final_action,brightness,0.8,,,,4100563280526850425,4321181102006504660,action_relative_l2/first_25pct,0.0
gpu_1,base,clean/click_bell/episode_000027/0_74,click_bell,episode_000027,clean,,,,final_action,brightness,0.8,,,,4100563280526850425,4321181102006504660,action_relative_l2/last_75pct,0.02704385668039322
gpu_1,base,clean/click_bell/episode_000027/0_74,click_bell,episode_000027,clean,,,,final_action,brightness,0.8,,,,4100563280526850425,4321181102006504660,endpoint_l2/left_position,0.03739501163363457
gpu_1,base,clean/click_bell/episode_000027/0_74,click_bell,episode_000027,clean,,,,final_action,brightness,0.8,,,,4100563280526850425,4321181102006504660,endpoint_l2/right_position,0.03429437428712845
gpu_1,base,clean/click_bell/episode_000027/0_74,click_bell,episode_000027,clean,,,,final_action,brightness,0.8,,,,4100563280526850425,4321181102006504660,rotation_geodesic/left_rotation,0.011220593005418777
gpu_1,base,clean/click_bell/episode_000027/0_74,click_bell,episode_000027,clean,,,,final_action,brightness,0.8,,,,4100563280526850425,4321181102006504660,rotation_geodesic/right_rotation,0.02126222848892212
gpu_1,base,clean/click_bell/episode_000027/0_74,click_bell,episode_000027,clean,,,,final_action,brightness,0.8,,,,4100563280526850425,4321181102006504660,gripper_flip_rate,0.0
gpu_1,base,clean/click_bell/episode_000027/0_74,click_bell,episode_000027,clean,,,,final_action,brightness,0.8,,,,4100563280526850425,4321181102006504660,temporal_jerk_difference,0.002401558216661215
gpu_1,base,clean/click_bell/episode_000027/0_74,click_bell,episode_000027,clean,,,,final_action,brightness,1.2,,,,4100563280526850425,4579322019718184357,action_relative_l2,0.012761899270117283
gpu_1,base,clean/click_bell/episode_000027/0_74,click_bell,episode_000027,clean,,,,final_action,brightness,1.2,,,,4100563280526850425,4579322019718184357,action_mean_abs,0.002064514672383666
gpu_1,base,clean/click_bell/episode_000027/0_74,click_bell,episode_000027,clean,,,,final_action,brightness,1.2,,,,4100563280526850425,4579322019718184357,action_relative_l2/first_25pct,0.0
gpu_1,base,clean/click_bell/episode_000027/0_74,click_bell,episode_000027,clean,,,,final_action,brightness,1.2,,,,4100563280526850425,4579322019718184357,action_relative_l2/last_75pct,0.01323098037391901
gpu_1,base,clean/click_bell/episode_000027/0_74,click_bell,episode_000027,clean,,,,final_action,brightness,1.2,,,,4100563280526850425,4579322019718184357,endpoint_l2/left_position,0.006873341277241707
gpu_1,base,clean/click_bell/episode_000027/0_74,click_bell,episode_000027,clean,,,,final_action,brightness,1.2,,,,4100563280526850425,4579322019718184357,endpoint_l2/right_position,0.005873046815395355
gpu_1,base,clean/click_bell/episode_000027/0_74,click_bell,episode_000027,clean,,,,final_action,brightness,1.2,,,,4100563280526850425,4579322019718184357,rotation_geodesic/left_rotation,0.004244379233568907
gpu_1,base,clean/click_bell/episode_000027/0_74,click_bell,episode_000027,clean,,,,final_action,brightness,1.2,,,,4100563280526850425,4579322019718184357,rotation_geodesic/right_rotation,0.00890028290450573
gpu_1,base,clean/click_bell/episode_000027/0_74,click_bell,episode_000027,clean,,,,final_action,brightness,1.2,,,,4100563280526850425,4579322019718184357,gripper_flip_rate,0.0
gpu_1,base,clean/click_bell/episode_000027/0_74,click_bell,episode_000027,clean,,,,final_action,brightness,1.2,,,,4100563280526850425,4579322019718184357,temporal_jerk_difference,0.0018192395800724626
gpu_1,base,clean/click_bell/episode_000027/0_74,click_bell,episode_000027,clean,,,,final_action,color_temperature,-0.1,,,,4100563280526850425,15847343748376151180,action_relative_l2,0.009852291084825993
gpu_1,base,clean/click_bell/episode_000027/0_74,click_bell,episode_000027,clean,,,,final_action,color_temperature,-0.1,,,,4100563280526850425,15847343748376151180,action_mean_abs,0.0018708226270973682
gpu_1,base,clean/click_bell/episode_000027/0_74,click_bell,episode_000027,clean,,,,final_action,color_temperature,-0.1,,,,4100563280526850425,15847343748376151180,action_relative_l2/first_25pct,0.0
gpu_1,base,clean/click_bell/episode_000027/0_74,click_bell,episode_000027,clean,,,,final_action,color_temperature,-0.1,,,,4100563280526850425,15847343748376151180,action_relative_l2/last_75pct,0.0102144256234169
gpu_1,base,clean/click_bell/episode_000027/0_74,click_bell,episode_000027,clean,,,,final_action,color_temperature,-0.1,,,,4100563280526850425,15847343748376151180,endpoint_l2/left_position,0.014466864988207817
gpu_1,base,clean/click_bell/episode_000027/0_74,click_bell,episode_000027,clean,,,,final_action,color_temperature,-0.1,,,,4100563280526850425,15847343748376151180,endpoint_l2/right_position,0.007217818405479193
gpu_1,base,clean/click_bell/episode_000027/0_74,click_bell,episode_000027,clean,,,,final_action,color_temperature,-0.1,,,,4100563280526850425,15847343748376151180,rotation_geodesic/left_rotation,0.005255023017525673
gpu_1,base,clean/click_bell/episode_000027/0_74,click_bell,episode_000027,clean,,,,final_action,color_temperature,-0.1,,,,4100563280526850425,15847343748376151180,rotation_geodesic/right_rotation,0.00573738431558013
gpu_1,base,clean/click_bell/episode_000027/0_74,click_bell,episode_000027,clean,,,,final_action,color_temperature,-0.1,,,,4100563280526850425,15847343748376151180,gripper_flip_rate,0.0
gpu_1,base,clean/click_bell/episode_000027/0_74,click_bell,episode_000027,clean,,,,final_action,color_temperature,-0.1,,,,4100563280526850425,15847343748376151180,temporal_jerk_difference,0.0016929925186559558
gpu_1,base,clean/click_bell/episode_000027/0_74,click_bell,episode_000027,clean,,,,final_action,color_temperature,0.1,,,,4100563280526850425,875813543527471210,action_relative_l2,0.009567665867507458
gpu_1,base,clean/click_bell/episode_000027/0_74,click_bell,episode_000027,clean,,,,final_action,color_temperature,0.1,,,,4100563280526850425,875813543527471210,action_mean_abs,0.001649205107241869
gpu_1,base,clean/click_bell/episode_000027/0_74,click_bell,episode_000027,clean,,,,final_action,color_temperature,0.1,,,,4100563280526850425,875813543527471210,action_relative_l2/first_25pct,0.0
gpu_1,base,clean/click_bell/episode_000027/0_74,click_bell,episode_000027,clean,,,,final_action,color_temperature,0.1,,,,4100563280526850425,875813543527471210,action_relative_l2/last_75pct,0.009919337928295135
gpu_1,base,clean/click_bell/episode_000027/0_74,click_bell,episode_000027,clean,,,,final_action,color_temperature,0.1,,,,4100563280526850425,875813543527471210,endpoint_l2/left_position,0.014367926865816116
gpu_1,base,clean/click_bell/episode_000027/0_74,click_bell,episode_000027,clean,,,,final_action,color_temperature,0.1,,,,4100563280526850425,875813543527471210,endpoint_l2/right_position,0.007172297220677137
gpu_1,base,clean/click_bell/episode_000027/0_74,click_bell,episode_000027,clean,,,,final_action,color_temperature,0.1,,,,4100563280526850425,875813543527471210,rotation_geodesic/left_rotation,0.007412513718008995
gpu_1,base,clean/click_bell/episode_000027/0_74,click_bell,episode_000027,clean,,,,final_action,color_temperature,0.1,,,,4100563280526850425,875813543527471210,rotation_geodesic/right_rotation,0.005824116058647633
gpu_1,base,clean/click_bell/episode_000027/0_74,click_bell,episode_000027,clean,,,,final_action,color_temperature,0.1,,,,4100563280526850425,875813543527471210,gripper_flip_rate,0.0
gpu_1,base,clean/click_bell/episode_000027/0_74,click_bell,episode_000027,clean,,,,final_action,color_temperature,0.1,,,,4100563280526850425,875813543527471210,temporal_jerk_difference,0.0015140546020120382
gpu_1,base,clean/click_bell/episode_000027/0_74,click_bell,episode_000027,clean,,,,final_action,gamma,0.8,,,,4100563280526850425,12912083535656245349,action_relative_l2,0.004162667319178581
gpu_1,base,clean/click_bell/episode_000027/0_74,click_bell,episode_000027,clean,,,,final_action,gamma,0.8,,,,4100563280526850425,12912083535656245349,action_mean_abs,0.0005263799102976918
gpu_1,base,clean/click_bell/episode_000027/0_74,click_bell,episode_000027,clean,,,,final_action,gamma,0.8,,,,4100563280526850425,12912083535656245349,action_relative_l2/first_25pct,0.0
gpu_1,base,clean/click_bell/episode_000027/0_74,click_bell,episode_000027,clean,,,,final_action,gamma,0.8,,,,4100563280526850425,12912083535656245349,action_relative_l2/last_75pct,0.004315671976655722
gpu_1,base,clean/click_bell/episode_000027/0_74,click_bell,episode_000027,clean,,,,final_action,gamma,0.8,,,,4100563280526850425,12912083535656245349,endpoint_l2/left_position,0.0040069990791380405
gpu_1,base,clean/click_bell/episode_000027/0_74,click_bell,episode_000027,clean,,,,final_action,gamma,0.8,,,,4100563280526850425,12912083535656245349,endpoint_l2/right_position,0.0013931787107139826
gpu_1,base,clean/click_bell/episode_000027/0_74,click_bell,episode_000027,clean,,,,final_action,gamma,0.8,,,,4100563280526850425,12912083535656245349,rotation_geodesic/left_rotation,0.00196071551181376
gpu_1,base,clean/click_bell/episode_000027/0_74,click_bell,episode_000027,clean,,,,final_action,gamma,0.8,,,,4100563280526850425,12912083535656245349,rotation_geodesic/right_rotation,0.003944075666368008
gpu_1,base,clean/click_bell/episode_000027/0_74,click_bell,episode_000027,clean,,,,final_action,gamma,0.8,,,,4100563280526850425,12912083535656245349,gripper_flip_rate,0.0
gpu_1,base,clean/click_bell/episode_000027/0_74,click_bell,episode_000027,clean,,,,final_action,gamma,0.8,,,,4100563280526850425,12912083535656245349,temporal_jerk_difference,0.0008813381427899003
gpu_1,base,clean/click_bell/episode_000027/0_74,click_bell,episode_000027,clean,,,,final_action,gamma,1.2,,,,4100563280526850425,7766064385072394058,action_relative_l2,0.004827173426747322
gpu_1,base,clean/click_bell/episode_000027/0_74,click_bell,episode_000027,clean,,,,final_action,gamma,1.2,,,,4100563280526850425,7766064385072394058,action_mean_abs,0.0005940623814240098
gpu_1,base,clean/click_bell/episode_000027/0_74,click_bell,episode_000027,clean,,,,final_action,gamma,1.2,,,,4100563280526850425,7766064385072394058,action_relative_l2/first_25pct,0.0
gpu_1,base,clean/click_bell/episode_000027/0_74,click_bell,episode_000027,clean,,,,final_action,gamma,1.2,,,,4100563280526850425,7766064385072394058,action_relative_l2/last_75pct,0.005004602950066328
gpu_1,base,clean/click_bell/episode_000027/0_74,click_bell,episode_000027,clean,,,,final_action,gamma,1.2,,,,4100563280526850425,7766064385072394058,endpoint_l2/left_position,0.0024118253495544195
gpu_1,base,clean/click_bell/episode_000027/0_74,click_bell,episode_000027,clean,,,,final_action,gamma,1.2,,,,4100563280526850425,7766064385072394058,endpoint_l2/right_position,0.001393191167153418
gpu_1,base,clean/click_bell/episode_000027/0_74,click_bell,episode_000027,clean,,,,final_action,gamma,1.2,,,,4100563280526850425,7766064385072394058,rotation_geodesic/left_rotation,0.001745376968756318
gpu_1,base,clean/click_bell/episode_000027/0_74,click_bell,episode_000027,clean,,,,final_action,gamma,1.2,,,,4100563280526850425,7766064385072394058,rotation_geodesic/right_rotation,0.0036027790047228336
gpu_1,base,clean/click_bell/episode_000027/0_74,click_bell,episode_000027,clean,,,,final_action,gamma,1.2,,,,4100563280526850425,7766064385072394058,gripper_flip_rate,0.0
gpu_1,base,clean/click_bell/episode_000027/0_74,click_bell,episode_000027,clean,,,,final_action,gamma,1.2,,,,4100563280526850425,7766064385072394058,temporal_jerk_difference,0.0010516827460378408
gpu_1,base,clean/click_bell/episode_000027/0_74,click_bell,episode_000027,clean,,,,final_action,gaussian_blur_sigma,0.5,,,,4100563280526850425,11882852233486672599,action_relative_l2,0.003159587737172842
gpu_1,base,clean/click_bell/episode_000027/0_74,click_bell,episode_000027,clean,,,,final_action,gaussian_blur_sigma,0.5,,,,4100563280526850425,11882852233486672599,action_mean_abs,0.0003038777213077992
gpu_1,base,clean/click_bell/episode_000027/0_74,click_bell,episode_000027,clean,,,,final_action,gaussian_blur_sigma,0.5,,,,4100563280526850425,11882852233486672599,action_relative_l2/first_25pct,0.0
gpu_1,base,clean/click_bell/episode_000027/0_74,click_bell,episode_000027,clean,,,,final_action,gaussian_blur_sigma,0.5,,,,4100563280526850425,11882852233486672599,action_relative_l2/last_75pct,0.003275722498074174
gpu_1,base,clean/click_bell/episode_000027/0_74,click_bell,episode_000027,clean,,,,final_action,gaussian_blur_sigma,0.5,,,,4100563280526850425,11882852233486672599,endpoint_l2/left_position,0.0012164522195234895
gpu_1,base,clean/click_bell/episode_000027/0_74,click_bell,episode_000027,clean,,,,final_action,gaussian_blur_sigma,0.5,,,,4100563280526850425,11882852233486672599,endpoint_l2/right_position,0.0011679083108901978
gpu_1,base,clean/click_bell/episode_000027/0_74,click_bell,episode_000027,clean,,,,final_action,gaussian_blur_sigma,0.5,,,,4100563280526850425,11882852233486672599,rotation_geodesic/left_rotation,0.0010139045771211386
gpu_1,base,clean/click_bell/episode_000027/0_74,click_bell,episode_000027,clean,,,,final_action,gaussian_blur_sigma,0.5,,,,4100563280526850425,11882852233486672599,rotation_geodesic/right_rotation,0.0023768485989421606
gpu_1,base,clean/click_bell/episode_000027/0_74,click_bell,episode_000027,clean,,,,final_action,gaussian_blur_sigma,0.5,,,,4100563280526850425,11882852233486672599,gripper_flip_rate,0.0
gpu_1,base,clean/click_bell/episode_000027/0_74,click_bell,episode_000027,clean,,,,final_action,gaussian_blur_sigma,0.5,,,,4100563280526850425,11882852233486672599,temporal_jerk_difference,0.0006206441903486848
gpu_1,base,clean/click_bell/episode_000027/0_74,click_bell,episode_000027,clean,,,,final_action,gaussian_blur_sigma,1.0,,,,4100563280526850425,1509286939569554835,action_relative_l2,0.0054208445362746716
gpu_1,base,clean/click_bell/episode_000027/0_74,click_bell,episode_000027,clean,,,,final_action,gaussian_blur_sigma,1.0,,,,4100563280526850425,1509286939569554835,action_mean_abs,0.000822004396468401
gpu_1,base,clean/click_bell/episode_000027/0_74,click_bell,episode_000027,clean,,,,final_action,gaussian_blur_sigma,1.0,,,,4100563280526850425,1509286939569554835,action_relative_l2/first_25pct,0.0
gpu_1,base,clean/click_bell/episode_000027/0_74,click_bell,episode_000027,clean,,,,final_action,gaussian_blur_sigma,1.0,,,,4100563280526850425,1509286939569554835,action_relative_l2/last_75pct,0.005620094947516918
gpu_1,base,clean/click_bell/episode_000027/0_74,click_bell,episode_000027,clean,,,,final_action,gaussian_blur_sigma,1.0,,,,4100563280526850425,1509286939569554835,endpoint_l2/left_position,0.0050945524126291275
gpu_1,base,clean/click_bell/episode_000027/0_74,click_bell,episode_000027,clean,,,,final_action,gaussian_blur_sigma,1.0,,,,4100563280526850425,1509286939569554835,endpoint_l2/right_position,0.004883198533207178
gpu_1,base,clean/click_bell/episode_000027/0_74,click_bell,episode_000027,clean,,,,final_action,gaussian_blur_sigma,1.0,,,,4100563280526850425,1509286939569554835,rotation_geodesic/left_rotation,0.0024151490069925785
gpu_1,base,clean/click_bell/episode_000027/0_74,click_bell,episode_000027,clean,,,,final_action,gaussian_blur_sigma,1.0,,,,4100563280526850425,1509286939569554835,rotation_geodesic/right_rotation,0.00233876658603549
gpu_1,base,clean/click_bell/episode_000027/0_74,click_bell,episode_000027,clean,,,,final_action,gaussian_blur_sigma,1.0,,,,4100563280526850425,1509286939569554835,gripper_flip_rate,0.0
gpu_1,base,clean/click_bell/episode_000027/0_74,click_bell,episode_000027,clean,,,,final_action,gaussian_blur_sigma,1.0,,,,4100563280526850425,1509286939569554835,temporal_jerk_difference,0.000981358578428626
gpu_1,base,clean/click_bell/episode_000027/0_74,click_bell,episode_000027,clean,,,,final_action,gaussian_noise_std,0.01,,,,4100563280526850425,1529515671173550845,action_relative_l2,0.013760062865912914
gpu_1,base,clean/click_bell/episode_000027/0_74,click_bell,episode_000027,clean,,,,final_action,gaussian_noise_std,0.01,,,,4100563280526850425,1529515671173550845,action_mean_abs,0.002217171946540475
gpu_1,base,clean/click_bell/episode_000027/0_74,click_bell,episode_000027,clean,,,,final_action,gaussian_noise_std,0.01,,,,4100563280526850425,1529515671173550845,action_relative_l2/first_25pct,0.0
gpu_1,base,clean/click_bell/episode_000027/0_74,click_bell,episode_000027,clean,,,,final_action,gaussian_noise_std,0.01,,,,4100563280526850425,1529515671173550845,action_relative_l2/last_75pct,0.014265832491219044
gpu_1,base,clean/click_bell/episode_000027/0_74,click_bell,episode_000027,clean,,,,final_action,gaussian_noise_std,0.01,,,,4100563280526850425,1529515671173550845,endpoint_l2/left_position,0.011439722962677479
gpu_1,base,clean/click_bell/episode_000027/0_74,click_bell,episode_000027,clean,,,,final_action,gaussian_noise_std,0.01,,,,4100563280526850425,1529515671173550845,endpoint_l2/right_position,0.004637641366571188
gpu_1,base,clean/click_bell/episode_000027/0_74,click_bell,episode_000027,clean,,,,final_action,gaussian_noise_std,0.01,,,,4100563280526850425,1529515671173550845,rotation_geodesic/left_rotation,0.009579114615917206
gpu_1,base,clean/click_bell/episode_000027/0_74,click_bell,episode_000027,clean,,,,final_action,gaussian_noise_std,0.01,,,,4100563280526850425,1529515671173550845,rotation_geodesic/right_rotation,0.005182215943932533
gpu_1,base,clean/click_bell/episode_000027/0_74,click_bell,episode_000027,clean,,,,final_action,gaussian_noise_std,0.01,,,,4100563280526850425,1529515671173550845,gripper_flip_rate,0.0
gpu_1,base,clean/click_bell/episode_000027/0_74,click_bell,episode_000027,clean,,,,final_action,gaussian_noise_std,0.01,,,,4100563280526850425,1529515671173550845,temporal_jerk_difference,0.001467087073251605
gpu_1,base,clean/click_bell/episode_000027/0_74,click_bell,episode_000027,clean,,,,final_action,gaussian_noise_std,0.03,,,,4100563280526850425,9041917832208938192,action_relative_l2,0.014260804280638695
gpu_1,base,clean/click_bell/episode_000027/0_74,click_bell,episode_000027,clean,,,,final_action,gaussian_noise_std,0.03,,,,4100563280526850425,9041917832208938192,action_mean_abs,0.002339987549930811
gpu_1,base,clean/click_bell/episode_000027/0_74,click_bell,episode_000027,clean,,,,final_action,gaussian_noise_std,0.03,,,,4100563280526850425,9041917832208938192,action_relative_l2/first_25pct,0.0
gpu_1,base,clean/click_bell/episode_000027/0_74,click_bell,episode_000027,clean,,,,final_action,gaussian_noise_std,0.03,,,,4100563280526850425,9041917832208938192,action_relative_l2/last_75pct,0.014784978702664375
gpu_1,base,clean/click_bell/episode_000027/0_74,click_bell,episode_000027,clean,,,,final_action,gaussian_noise_std,0.03,,,,4100563280526850425,9041917832208938192,endpoint_l2/left_position,0.008120041340589523
gpu_1,base,clean/click_bell/episode_000027/0_74,click_bell,episode_000027,clean,,,,final_action,gaussian_noise_std,0.03,,,,4100563280526850425,9041917832208938192,endpoint_l2/right_position,0.004557564854621887
gpu_1,base,clean/click_bell/episode_000027/0_74,click_bell,episode_000027,clean,,,,final_action,gaussian_noise_std,0.03,,,,4100563280526850425,9041917832208938192,rotation_geodesic/left_rotation,0.010835792869329453
gpu_1,base,clean/click_bell/episode_000027/0_74,click_bell,episode_000027,clean,,,,final_action,gaussian_noise_std,0.03,,,,4100563280526850425,9041917832208938192,rotation_geodesic/right_rotation,0.011792268604040146
gpu_1,base,clean/click_bell/episode_000027/0_74,click_bell,episode_000027,clean,,,,final_action,gaussian_noise_std,0.03,,,,4100563280526850425,9041917832208938192,gripper_flip_rate,0.0
gpu_1,base,clean/click_bell/episode_000027/0_74,click_bell,episode_000027,clean,,,,final_action,gaussian_noise_std,0.03,,,,4100563280526850425,9041917832208938192,temporal_jerk_difference,0.0014930956531316042
gpu_1,base,clean/click_bell/episode_000027/0_74,click_bell,episode_000027,clean,,,,final_action,identity,0.0,,,,4100563280526850425,,action_relative_l2,0.0
gpu_1,base,clean/click_bell/episode_000027/0_74,click_bell,episode_000027,clean,,,,final_action,identity,0.0,,,,4100563280526850425,,action_mean_abs,0.0
gpu_1,base,clean/click_bell/episode_000027/0_74,click_bell,episode_000027,clean,,,,final_action,identity,0.0,,,,4100563280526850425,,action_relative_l2/first_25pct,0.0
gpu_1,base,clean/click_bell/episode_000027/0_74,click_bell,episode_000027,clean,,,,final_action,identity,0.0,,,,4100563280526850425,,action_relative_l2/last_75pct,0.0
gpu_1,base,clean/click_bell/episode_000027/0_74,click_bell,episode_000027,clean,,,,final_action,identity,0.0,,,,4100563280526850425,,endpoint_l2/left_position,0.0
gpu_1,base,clean/click_bell/episode_000027/0_74,click_bell,episode_000027,clean,,,,final_action,identity,0.0,,,,4100563280526850425,,endpoint_l2/right_position,0.0
gpu_1,base,clean/click_bell/episode_000027/0_74,click_bell,episode_000027,clean,,,,final_action,identity,0.0,,,,4100563280526850425,,rotation_geodesic/left_rotation,0.0003236877964809537
gpu_1,base,clean/click_bell/episode_000027/0_74,click_bell,episode_000027,clean,,,,final_action,identity,0.0,,,,4100563280526850425,,rotation_geodesic/right_rotation,0.0001131319222622551
gpu_1,base,clean/click_bell/episode_000027/0_74,click_bell,episode_000027,clean,,,,final_action,identity,0.0,,,,4100563280526850425,,gripper_flip_rate,0.0
gpu_1,base,clean/click_bell/episode_000027/0_74,click_bell,episode_000027,clean,,,,final_action,identity,0.0,,,,4100563280526850425,,temporal_jerk_difference,0.0
gpu_1,base,clean/open_laptop/episode_000017/0_259,open_laptop,episode_000017,clean,,,,final_action,brightness,0.8,,,,4533883950938286080,6363183859096379563,action_relative_l2,0.05193464085459709
gpu_1,base,clean/open_laptop/episode_000017/0_259,open_laptop,episode_000017,clean,,,,final_action,brightness,0.8,,,,4533883950938286080,6363183859096379563,action_mean_abs,0.010373118333518505
gpu_1,base,clean/open_laptop/episode_000017/0_259,open_laptop,episode_000017,clean,,,,final_action,brightness,0.8,,,,4533883950938286080,6363183859096379563,action_relative_l2/first_25pct,0.0
gpu_1,base,clean/open_laptop/episode_000017/0_259,open_laptop,episode_000017,clean,,,,final_action,brightness,0.8,,,,4533883950938286080,6363183859096379563,action_relative_l2/last_75pct,0.053875792771577835
gpu_1,base,clean/open_laptop/episode_000017/0_259,open_laptop,episode_000017,clean,,,,final_action,brightness,0.8,,,,4533883950938286080,6363183859096379563,endpoint_l2/left_position,0.060092486441135406
gpu_1,base,clean/open_laptop/episode_000017/0_259,open_laptop,episode_000017,clean,,,,final_action,brightness,0.8,,,,4533883950938286080,6363183859096379563,endpoint_l2/right_position,0.03680175542831421
gpu_1,base,clean/open_laptop/episode_000017/0_259,open_laptop,episode_000017,clean,,,,final_action,brightness,0.8,,,,4533883950938286080,6363183859096379563,rotation_geodesic/left_rotation,0.016057217493653297
gpu_1,base,clean/open_laptop/episode_000017/0_259,open_laptop,episode_000017,clean,,,,final_action,brightness,0.8,,,,4533883950938286080,6363183859096379563,rotation_geodesic/right_rotation,0.05021889507770538
gpu_1,base,clean/open_laptop/episode_000017/0_259,open_laptop,episode_000017,clean,,,,final_action,brightness,0.8,,,,4533883950938286080,6363183859096379563,gripper_flip_rate,0.0
gpu_1,base,clean/open_laptop/episode_000017/0_259,open_laptop,episode_000017,clean,,,,final_action,brightness,0.8,,,,4533883950938286080,6363183859096379563,temporal_jerk_difference,0.0031090660486370325
gpu_1,base,clean/open_laptop/episode_000017/0_259,open_laptop,episode_000017,clean,,,,final_action,brightness,1.2,,,,4533883950938286080,8273599013752022625,action_relative_l2,0.03093724139034748
gpu_1,base,clean/open_laptop/episode_000017/0_259,open_laptop,episode_000017,clean,,,,final_action,brightness,1.2,,,,4533883950938286080,8273599013752022625,action_mean_abs,0.005089792422950268
gpu_1,base,clean/open_laptop/episode_000017/0_259,open_laptop,episode_000017,clean,,,,final_action,brightness,1.2,,,,4533883950938286080,8273599013752022625,action_relative_l2/first_25pct,0.0
gpu_1,base,clean/open_laptop/episode_000017/0_259,open_laptop,episode_000017,clean,,,,final_action,brightness,1.2,,,,4533883950938286080,8273599013752022625,action_relative_l2/last_75pct,0.03209357708692551
gpu_1,base,clean/open_laptop/episode_000017/0_259,open_laptop,episode_000017,clean,,,,final_action,brightness,1.2,,,,4533883950938286080,8273599013752022625,endpoint_l2/left_position,0.016882693395018578
gpu_1,base,clean/open_laptop/episode_000017/0_259,open_laptop,episode_000017,clean,,,,final_action,brightness,1.2,,,,4533883950938286080,8273599013752022625,endpoint_l2/right_position,0.013868567533791065
gpu_1,base,clean/open_laptop/episode_000017/0_259,open_laptop,episode_000017,clean,,,,final_action,brightness,1.2,,,,4533883950938286080,8273599013752022625,rotation_geodesic/left_rotation,0.01004171185195446
gpu_1,base,clean/open_laptop/episode_000017/0_259,open_laptop,episode_000017,clean,,,,final_action,brightness,1.2,,,,4533883950938286080,8273599013752022625,rotation_geodesic/right_rotation,0.015424218028783798
gpu_1,base,clean/open_laptop/episode_000017/0_259,open_laptop,episode_000017,clean,,,,final_action,brightness,1.2,,,,4533883950938286080,8273599013752022625,gripper_flip_rate,0.0
gpu_1,base,clean/open_laptop/episode_000017/0_259,open_laptop,episode_000017,clean,,,,final_action,brightness,1.2,,,,4533883950938286080,8273599013752022625,temporal_jerk_difference,0.0024023873265832663
gpu_1,base,clean/open_laptop/episode_000017/0_259,open_laptop,episode_000017,clean,,,,final_action,color_temperature,-0.1,,,,4533883950938286080,9493224626905139523,action_relative_l2,0.031154165044426918
gpu_1,base,clean/open_laptop/episode_000017/0_259,open_laptop,episode_000017,clean,,,,final_action,color_temperature,-0.1,,,,4533883950938286080,9493224626905139523,action_mean_abs,0.004281696863472462
gpu_1,base,clean/open_laptop/episode_000017/0_259,open_laptop,episode_000017,clean,,,,final_action,color_temperature,-0.1,,,,4533883950938286080,9493224626905139523,action_relative_l2/first_25pct,0.0
gpu_1,base,clean/open_laptop/episode_000017/0_259,open_laptop,episode_000017,clean,,,,final_action,color_temperature,-0.1,,,,4533883950938286080,9493224626905139523,action_relative_l2/last_75pct,0.0323186069726944
gpu_1,base,clean/open_laptop/episode_000017/0_259,open_laptop,episode_000017,clean,,,,final_action,color_temperature,-0.1,,,,4533883950938286080,9493224626905139523,endpoint_l2/left_position,0.017104757949709892
gpu_1,base,clean/open_laptop/episode_000017/0_259,open_laptop,episode_000017,clean,,,,final_action,color_temperature,-0.1,,,,4533883950938286080,9493224626905139523,endpoint_l2/right_position,0.010507389903068542
gpu_1,base,clean/open_laptop/episode_000017/0_259,open_laptop,episode_000017,clean,,,,final_action,color_temperature,-0.1,,,,4533883950938286080,9493224626905139523,rotation_geodesic/left_rotation,0.006260410416871309
gpu_1,base,clean/open_laptop/episode_000017/0_259,open_laptop,episode_000017,clean,,,,final_action,color_temperature,-0.1,,,,4533883950938286080,9493224626905139523,rotation_geodesic/right_rotation,0.014559032395482063
gpu_1,base,clean/open_laptop/episode_000017/0_259,open_laptop,episode_000017,clean,,,,final_action,color_temperature,-0.1,,,,4533883950938286080,9493224626905139523,gripper_flip_rate,0.0
gpu_1,base,clean/open_laptop/episode_000017/0_259,open_laptop,episode_000017,clean,,,,final_action,color_temperature,-0.1,,,,4533883950938286080,9493224626905139523,temporal_jerk_difference,0.0020107587333768606
gpu_1,base,clean/open_laptop/episode_000017/0_259,open_laptop,episode_000017,clean,,,,final_action,color_temperature,0.1,,,,4533883950938286080,7048629151097827844,action_relative_l2,0.017372144386172295
gpu_1,base,clean/open_laptop/episode_000017/0_259,open_laptop,episode_000017,clean,,,,final_action,color_temperature,0.1,,,,4533883950938286080,7048629151097827844,action_mean_abs,0.0031341533176600933
gpu_1,base,clean/open_laptop/episode_000017/0_259,open_laptop,episode_000017,clean,,,,final_action,color_temperature,0.1,,,,4533883950938286080,7048629151097827844,action_relative_l2/first_25pct,0.0
gpu_1,base,clean/open_laptop/episode_000017/0_259,open_laptop,episode_000017,clean,,,,final_action,color_temperature,0.1,,,,4533883950938286080,7048629151097827844,action_relative_l2/last_75pct,0.018021460622549057
gpu_1,base,clean/open_laptop/episode_000017/0_259,open_laptop,episode_000017,clean,,,,final_action,color_temperature,0.1,,,,4533883950938286080,7048629151097827844,endpoint_l2/left_position,0.021984227001667023
gpu_1,base,clean/open_laptop/episode_000017/0_259,open_laptop,episode_000017,clean,,,,final_action,color_temperature,0.1,,,,4533883950938286080,7048629151097827844,endpoint_l2/right_position,0.006703242659568787
gpu_1,base,clean/open_laptop/episode_000017/0_259,open_laptop,episode_000017,clean,,,,final_action,color_temperature,0.1,,,,4533883950938286080,7048629151097827844,rotation_geodesic/left_rotation,4.31583721365314e-05
gpu_1,base,clean/open_laptop/episode_000017/0_259,open_laptop,episode_000017,clean,,,,final_action,color_temperature,0.1,,,,4533883950938286080,7048629151097827844,rotation_geodesic/right_rotation,0.026245974004268646
gpu_1,base,clean/open_laptop/episode_000017/0_259,open_laptop,episode_000017,clean,,,,final_action,color_temperature,0.1,,,,4533883950938286080,7048629151097827844,gripper_flip_rate,0.0
gpu_1,base,clean/open_laptop/episode_000017/0_259,open_laptop,episode_000017,clean,,,,final_action,color_temperature,0.1,,,,4533883950938286080,7048629151097827844,temporal_jerk_difference,0.0018288376741111279
gpu_1,base,clean/open_laptop/episode_000017/0_259,open_laptop,episode_000017,clean,,,,final_action,gamma,0.8,,,,4533883950938286080,7226520160564033134,action_relative_l2,0.009267634712159634
gpu_1,base,clean/open_laptop/episode_000017/0_259,open_laptop,episode_000017,clean,,,,final_action,gamma,0.8,,,,4533883950938286080,7226520160564033134,action_mean_abs,0.0014315902953967452
gpu_1,base,clean/open_laptop/episode_000017/0_259,open_laptop,episode_000017,clean,,,,final_action,gamma,0.8,,,,4533883950938286080,7226520160564033134,action_relative_l2/first_25pct,0.0
gpu_1,base,clean/open_laptop/episode_000017/0_259,open_laptop,episode_000017,clean,,,,final_action,gamma,0.8,,,,4533883950938286080,7226520160564033134,action_relative_l2/last_75pct,0.009614028967916965
gpu_1,base,clean/open_laptop/episode_000017/0_259,open_laptop,episode_000017,clean,,,,final_action,gamma,0.8,,,,4533883950938286080,7226520160564033134,endpoint_l2/left_position,0.007238928694278002
gpu_1,base,clean/open_laptop/episode_000017/0_259,open_laptop,episode_000017,clean,,,,final_action,gamma,0.8,,,,4533883950938286080,7226520160564033134,endpoint_l2/right_position,0.003922330681234598
gpu_1,base,clean/open_laptop/episode_000017/0_259,open_laptop,episode_000017,clean,,,,final_action,gamma,0.8,,,,4533883950938286080,7226520160564033134,rotation_geodesic/left_rotation,0.00025796747650019825
gpu_1,base,clean/open_laptop/episode_000017/0_259,open_laptop,episode_000017,clean,,,,final_action,gamma,0.8,,,,4533883950938286080,7226520160564033134,rotation_geodesic/right_rotation,0.00971500389277935
gpu_1,base,clean/open_laptop/episode_000017/0_259,open_laptop,episode_000017,clean,,,,final_action,gamma,0.8,,,,4533883950938286080,7226520160564033134,gripper_flip_rate,0.0
gpu_1,base,clean/open_laptop/episode_000017/0_259,open_laptop,episode_000017,clean,,,,final_action,gamma,0.8,,,,4533883950938286080,7226520160564033134,temporal_jerk_difference,0.001307561993598938
gpu_1,base,clean/open_laptop/episode_000017/0_259,open_laptop,episode_000017,clean,,,,final_action,gamma,1.2,,,,4533883950938286080,7506362244356574538,action_relative_l2,0.005257312208414078
gpu_1,base,clean/open_laptop/episode_000017/0_259,open_laptop,episode_000017,clean,,,,final_action,gamma,1.2,,,,4533883950938286080,7506362244356574538,action_mean_abs,0.0008527677273377776
gpu_1,base,clean/open_laptop/episode_000017/0_259,open_laptop,episode_000017,clean,,,,final_action,gamma,1.2,,,,4533883950938286080,7506362244356574538,action_relative_l2/first_25pct,0.0
gpu_1,base,clean/open_laptop/episode_000017/0_259,open_laptop,episode_000017,clean,,,,final_action,gamma,1.2,,,,4533883950938286080,7506362244356574538,action_relative_l2/last_75pct,0.0054538133554160595
gpu_1,base,clean/open_laptop/episode_000017/0_259,open_laptop,episode_000017,clean,,,,final_action,gamma,1.2,,,,4533883950938286080,7506362244356574538,endpoint_l2/left_position,0.007534421514719725
gpu_1,base,clean/open_laptop/episode_000017/0_259,open_laptop,episode_000017,clean,,,,final_action,gamma,1.2,,,,4533883950938286080,7506362244356574538,endpoint_l2/right_position,0.004903010092675686
gpu_1,base,clean/open_laptop/episode_000017/0_259,open_laptop,episode_000017,clean,,,,final_action,gamma,1.2,,,,4533883950938286080,7506362244356574538,rotation_geodesic/left_rotation,0.0007757765706628561
gpu_1,base,clean/open_laptop/episode_000017/0_259,open_laptop,episode_000017,clean,,,,final_action,gamma,1.2,,,,4533883950938286080,7506362244356574538,rotation_geodesic/right_rotation,0.005200414918363094
gpu_1,base,clean/open_laptop/episode_000017/0_259,open_laptop,episode_000017,clean,,,,final_action,gamma,1.2,,,,4533883950938286080,7506362244356574538,gripper_flip_rate,0.0
gpu_1,base,clean/open_laptop/episode_000017/0_259,open_laptop,episode_000017,clean,,,,final_action,gamma,1.2,,,,4533883950938286080,7506362244356574538,temporal_jerk_difference,0.0009567274828441441
gpu_1,base,clean/open_laptop/episode_000017/0_259,open_laptop,episode_000017,clean,,,,final_action,gaussian_blur_sigma,0.5,,,,4533883950938286080,11522972830486069944,action_relative_l2,0.003576940158382058
gpu_1,base,clean/open_laptop/episode_000017/0_259,open_laptop,episode_000017,clean,,,,final_action,gaussian_blur_sigma,0.5,,,,4533883950938286080,11522972830486069944,action_mean_abs,0.0002941465936601162
gpu_1,base,clean/open_laptop/episode_000017/0_259,open_laptop,episode_000017,clean,,,,final_action,gaussian_blur_sigma,0.5,,,,4533883950938286080,11522972830486069944,action_relative_l2/first_25pct,0.0
gpu_1,base,clean/open_laptop/episode_000017/0_259,open_laptop,episode_000017,clean,,,,final_action,gaussian_blur_sigma,0.5,,,,4533883950938286080,11522972830486069944,action_relative_l2/last_75pct,0.0037106345407664776
gpu_1,base,clean/open_laptop/episode_000017/0_259,open_laptop,episode_000017,clean,,,,final_action,gaussian_blur_sigma,0.5,,,,4533883950938286080,11522972830486069944,endpoint_l2/left_position,0.0009191036224365234
gpu_1,base,clean/open_laptop/episode_000017/0_259,open_laptop,episode_000017,clean,,,,final_action,gaussian_blur_sigma,0.5,,,,4533883950938286080,11522972830486069944,endpoint_l2/right_position,0.0
gpu_1,base,clean/open_laptop/episode_000017/0_259,open_laptop,episode_000017,clean,,,,final_action,gaussian_blur_sigma,0.5,,,,4533883950938286080,11522972830486069944,rotation_geodesic/left_rotation,0.00023638828133698553
gpu_1,base,clean/open_laptop/episode_000017/0_259,open_laptop,episode_000017,clean,,,,final_action,gaussian_blur_sigma,0.5,,,,4533883950938286080,11522972830486069944,rotation_geodesic/right_rotation,0.0027211029082536697
gpu_1,base,clean/open_laptop/episode_000017/0_259,open_laptop,episode_000017,clean,,,,final_action,gaussian_blur_sigma,0.5,,,,4533883950938286080,11522972830486069944,gripper_flip_rate,0.0
gpu_1,base,clean/open_laptop/episode_000017/0_259,open_laptop,episode_000017,clean,,,,final_action,gaussian_blur_sigma,0.5,,,,4533883950938286080,11522972830486069944,temporal_jerk_difference,0.0009989745449274778
gpu_1,base,clean/open_laptop/episode_000017/0_259,open_laptop,episode_000017,clean,,,,final_action,gaussian_blur_sigma,1.0,,,,4533883950938286080,5150731217846411408,action_relative_l2,0.016767198219895363
gpu_1,base,clean/open_laptop/episode_000017/0_259,open_laptop,episode_000017,clean,,,,final_action,gaussian_blur_sigma,1.0,,,,4533883950938286080,5150731217846411408,action_mean_abs,0.002444301964715123
gpu_1,base,clean/open_laptop/episode_000017/0_259,open_laptop,episode_000017,clean,,,,final_action,gaussian_blur_sigma,1.0,,,,4533883950938286080,5150731217846411408,action_relative_l2/first_25pct,0.0
gpu_1,base,clean/open_laptop/episode_000017/0_259,open_laptop,episode_000017,clean,,,,final_action,gaussian_blur_sigma,1.0,,,,4533883950938286080,5150731217846411408,action_relative_l2/last_75pct,0.01739390194416046
gpu_1,base,clean/open_laptop/episode_000017/0_259,open_laptop,episode_000017,clean,,,,final_action,gaussian_blur_sigma,1.0,,,,4533883950938286080,5150731217846411408,endpoint_l2/left_position,0.011908349581062794
gpu_1,base,clean/open_laptop/episode_000017/0_259,open_laptop,episode_000017,clean,,,,final_action,gaussian_blur_sigma,1.0,,,,4533883950938286080,5150731217846411408,endpoint_l2/right_position,0.002982415957376361
gpu_1,base,clean/open_laptop/episode_000017/0_259,open_laptop,episode_000017,clean,,,,final_action,gaussian_blur_sigma,1.0,,,,4533883950938286080,5150731217846411408,rotation_geodesic/left_rotation,0.0017365795793011785
gpu_1,base,clean/open_laptop/episode_000017/0_259,open_laptop,episode_000017,clean,,,,final_action,gaussian_blur_sigma,1.0,,,,4533883950938286080,5150731217846411408,rotation_geodesic/right_rotation,0.011360092088580132
gpu_1,base,clean/open_laptop/episode_000017/0_259,open_laptop,episode_000017,clean,,,,final_action,gaussian_blur_sigma,1.0,,,,4533883950938286080,5150731217846411408,gripper_flip_rate,0.0
gpu_1,base,clean/open_laptop/episode_000017/0_259,open_laptop,episode_000017,clean,,,,final_action,gaussian_blur_sigma,1.0,,,,4533883950938286080,5150731217846411408,temporal_jerk_difference,0.0020390457939356565
gpu_1,base,clean/open_laptop/episode_000017/0_259,open_laptop,episode_000017,clean,,,,final_action,gaussian_noise_std,0.01,,,,4533883950938286080,17330233380254975681,action_relative_l2,0.0163227841258049
gpu_1,base,clean/open_laptop/episode_000017/0_259,open_laptop,episode_000017,clean,,,,final_action,gaussian_noise_std,0.01,,,,4533883950938286080,17330233380254975681,action_mean_abs,0.003319632261991501
gpu_1,base,clean/open_laptop/episode_000017/0_259,open_laptop,episode_000017,clean,,,,final_action,gaussian_noise_std,0.01,,,,4533883950938286080,17330233380254975681,action_relative_l2/first_25pct,0.0
gpu_1,base,clean/open_laptop/episode_000017/0_259,open_laptop,episode_000017,clean,,,,final_action,gaussian_noise_std,0.01,,,,4533883950938286080,17330233380254975681,action_relative_l2/last_75pct,0.016932878643274307
gpu_1,base,clean/open_laptop/episode_000017/0_259,open_laptop,episode_000017,clean,,,,final_action,gaussian_noise_std,0.01,,,,4533883950938286080,17330233380254975681,endpoint_l2/left_position,0.01654909737408161
gpu_1,base,clean/open_laptop/episode_000017/0_259,open_laptop,episode_000017,clean,,,,final_action,gaussian_noise_std,0.01,,,,4533883950938286080,17330233380254975681,endpoint_l2/right_position,0.007974705658853054
gpu_1,base,clean/open_laptop/episode_000017/0_259,open_laptop,episode_000017,clean,,,,final_action,gaussian_noise_std,0.01,,,,4533883950938286080,17330233380254975681,rotation_geodesic/left_rotation,0.009432180784642696
gpu_1,base,clean/open_laptop/episode_000017/0_259,open_laptop,episode_000017,clean,,,,final_action,gaussian_noise_std,0.01,,,,4533883950938286080,17330233380254975681,rotation_geodesic/right_rotation,0.026310473680496216
gpu_1,base,clean/open_laptop/episode_000017/0_259,open_laptop,episode_000017,clean,,,,final_action,gaussian_noise_std,0.01,,,,4533883950938286080,17330233380254975681,gripper_flip_rate,0.0
gpu_1,base,clean/open_laptop/episode_000017/0_259,open_laptop,episode_000017,clean,,,,final_action,gaussian_noise_std,0.01,,,,4533883950938286080,17330233380254975681,temporal_jerk_difference,0.0023719912860542536
gpu_1,base,clean/open_laptop/episode_000017/0_259,open_laptop,episode_000017,clean,,,,final_action,gaussian_noise_std,0.03,,,,4533883950938286080,995166590417925671,action_relative_l2,0.055324848741292953
gpu_1,base,clean/open_laptop/episode_000017/0_259,open_laptop,episode_000017,clean,,,,final_action,gaussian_noise_std,0.03,,,,4533883950938286080,995166590417925671,action_mean_abs,0.007280017249286175
gpu_1,base,clean/open_laptop/episode_000017/0_259,open_laptop,episode_000017,clean,,,,final_action,gaussian_noise_std,0.03,,,,4533883950938286080,995166590417925671,action_relative_l2/first_25pct,0.0
gpu_1,base,clean/open_laptop/episode_000017/0_259,open_laptop,episode_000017,clean,,,,final_action,gaussian_noise_std,0.03,,,,4533883950938286080,995166590417925671,action_relative_l2/last_75pct,0.05739271640777588
gpu_1,base,clean/open_laptop/episode_000017/0_259,open_laptop,episode_000017,clean,,,,final_action,gaussian_noise_std,0.03,,,,4533883950938286080,995166590417925671,endpoint_l2/left_position,0.023060189560055733
gpu_1,base,clean/open_laptop/episode_000017/0_259,open_laptop,episode_000017,clean,,,,final_action,gaussian_noise_std,0.03,,,,4533883950938286080,995166590417925671,endpoint_l2/right_position,0.012402000837028027
gpu_1,base,clean/open_laptop/episode_000017/0_259,open_laptop,episode_000017,clean,,,,final_action,gaussian_noise_std,0.03,,,,4533883950938286080,995166590417925671,rotation_geodesic/left_rotation,0.011856356635689735
gpu_1,base,clean/open_laptop/episode_000017/0_259,open_laptop,episode_000017,clean,,,,final_action,gaussian_noise_std,0.03,,,,4533883950938286080,995166590417925671,rotation_geodesic/right_rotation,0.022806869819760323
gpu_1,base,clean/open_laptop/episode_000017/0_259,open_laptop,episode_000017,clean,,,,final_action,gaussian_noise_std,0.03,,,,4533883950938286080,995166590417925671,gripper_flip_rate,0.0
gpu_1,base,clean/open_laptop/episode_000017/0_259,open_laptop,episode_000017,clean,,,,final_action,gaussian_noise_std,0.03,,,,4533883950938286080,995166590417925671,temporal_jerk_difference,0.0020953232888132334
gpu_1,base,clean/open_laptop/episode_000017/0_259,open_laptop,episode_000017,clean,,,,final_action,identity,0.0,,,,4533883950938286080,,action_relative_l2,0.0
gpu_1,base,clean/open_laptop/episode_000017/0_259,open_laptop,episode_000017,clean,,,,final_action,identity,0.0,,,,4533883950938286080,,action_mean_abs,0.0
gpu_1,base,clean/open_laptop/episode_000017/0_259,open_laptop,episode_000017,clean,,,,final_action,identity,0.0,,,,4533883950938286080,,action_relative_l2/first_25pct,0.0
gpu_1,base,clean/open_laptop/episode_000017/0_259,open_laptop,episode_000017,clean,,,,final_action,identity,0.0,,,,4533883950938286080,,action_relative_l2/last_75pct,0.0
gpu_1,base,clean/open_laptop/episode_000017/0_259,open_laptop,episode_000017,clean,,,,final_action,identity,0.0,,,,4533883950938286080,,endpoint_l2/left_position,0.0
gpu_1,base,clean/open_laptop/episode_000017/0_259,open_laptop,episode_000017,clean,,,,final_action,identity,0.0,,,,4533883950938286080,,endpoint_l2/right_position,0.0
gpu_1,base,clean/open_laptop/episode_000017/0_259,open_laptop,episode_000017,clean,,,,final_action,identity,0.0,,,,4533883950938286080,,rotation_geodesic/left_rotation,0.0
gpu_1,base,clean/open_laptop/episode_000017/0_259,open_laptop,episode_000017,clean,,,,final_action,identity,0.0,,,,4533883950938286080,,rotation_geodesic/right_rotation,8.63167442730628e-05
gpu_1,base,clean/open_laptop/episode_000017/0_259,open_laptop,episode_000017,clean,,,,final_action,identity,0.0,,,,4533883950938286080,,gripper_flip_rate,0.0
gpu_1,base,clean/open_laptop/episode_000017/0_259,open_laptop,episode_000017,clean,,,,final_action,identity,0.0,,,,4533883950938286080,,temporal_jerk_difference,0.0
gpu_1,base,clean/place_container_plate/episode_000033/0_156,place_container_plate,episode_000033,clean,,,,final_action,brightness,0.8,,,,10471219474458438708,5715733209496895161,action_relative_l2,0.5944665670394897
gpu_1,base,clean/place_container_plate/episode_000033/0_156,place_container_plate,episode_000033,clean,,,,final_action,brightness,0.8,,,,10471219474458438708,5715733209496895161,action_mean_abs,0.06001964583992958
gpu_1,base,clean/place_container_plate/episode_000033/0_156,place_container_plate,episode_000033,clean,,,,final_action,brightness,0.8,,,,10471219474458438708,5715733209496895161,action_relative_l2/first_25pct,0.0
gpu_1,base,clean/place_container_plate/episode_000033/0_156,place_container_plate,episode_000033,clean,,,,final_action,brightness,0.8,,,,10471219474458438708,5715733209496895161,action_relative_l2/last_75pct,0.6286947131156921
gpu_1,base,clean/place_container_plate/episode_000033/0_156,place_container_plate,episode_000033,clean,,,,final_action,brightness,0.8,,,,10471219474458438708,5715733209496895161,endpoint_l2/left_position,0.14980076253414154
gpu_1,base,clean/place_container_plate/episode_000033/0_156,place_container_plate,episode_000033,clean,,,,final_action,brightness,0.8,,,,10471219474458438708,5715733209496895161,endpoint_l2/right_position,0.10405359417200089
gpu_1,base,clean/place_container_plate/episode_000033/0_156,place_container_plate,episode_000033,clean,,,,final_action,brightness,0.8,,,,10471219474458438708,5715733209496895161,rotation_geodesic/left_rotation,0.03473948314785957
gpu_1,base,clean/place_container_plate/episode_000033/0_156,place_container_plate,episode_000033,clean,,,,final_action,brightness,0.8,,,,10471219474458438708,5715733209496895161,rotation_geodesic/right_rotation,0.05614999681711197
gpu_1,base,clean/place_container_plate/episode_000033/0_156,place_container_plate,episode_000033,clean,,,,final_action,brightness,0.8,,,,10471219474458438708,5715733209496895161,gripper_flip_rate,0.25
gpu_1,base,clean/place_container_plate/episode_000033/0_156,place_container_plate,episode_000033,clean,,,,final_action,brightness,0.8,,,,10471219474458438708,5715733209496895161,temporal_jerk_difference,0.010675632394850254
gpu_1,base,clean/place_container_plate/episode_000033/0_156,place_container_plate,episode_000033,clean,,,,final_action,brightness,1.2,,,,10471219474458438708,13427404499493453440,action_relative_l2,0.03432483971118927
gpu_1,base,clean/place_container_plate/episode_000033/0_156,place_container_plate,episode_000033,clean,,,,final_action,brightness,1.2,,,,10471219474458438708,13427404499493453440,action_mean_abs,0.003676503198221326
gpu_1,base,clean/place_container_plate/episode_000033/0_156,place_container_plate,episode_000033,clean,,,,final_action,brightness,1.2,,,,10471219474458438708,13427404499493453440,action_relative_l2/first_25pct,0.0
gpu_1,base,clean/place_container_plate/episode_000033/0_156,place_container_plate,episode_000033,clean,,,,final_action,brightness,1.2,,,,10471219474458438708,13427404499493453440,action_relative_l2/last_75pct,0.03630119189620018
gpu_1,base,clean/place_container_plate/episode_000033/0_156,place_container_plate,episode_000033,clean,,,,final_action,brightness,1.2,,,,10471219474458438708,13427404499493453440,endpoint_l2/left_position,0.0046549635007977486
gpu_1,base,clean/place_container_plate/episode_000033/0_156,place_container_plate,episode_000033,clean,,,,final_action,brightness,1.2,,,,10471219474458438708,13427404499493453440,endpoint_l2/right_position,0.0050140745006501675
gpu_1,base,clean/place_container_plate/episode_000033/0_156,place_container_plate,episode_000033,clean,,,,final_action,brightness,1.2,,,,10471219474458438708,13427404499493453440,rotation_geodesic/left_rotation,0.005541366524994373
gpu_1,base,clean/place_container_plate/episode_000033/0_156,place_container_plate,episode_000033,clean,,,,final_action,brightness,1.2,,,,10471219474458438708,13427404499493453440,rotation_geodesic/right_rotation,0.015014187432825565
gpu_1,base,clean/place_container_plate/episode_000033/0_156,place_container_plate,episode_000033,clean,,,,final_action,brightness,1.2,,,,10471219474458438708,13427404499493453440,gripper_flip_rate,0.0
gpu_1,base,clean/place_container_plate/episode_000033/0_156,place_container_plate,episode_000033,clean,,,,final_action,brightness,1.2,,,,10471219474458438708,13427404499493453440,temporal_jerk_difference,0.002072520786896348
gpu_1,base,clean/place_container_plate/episode_000033/0_156,place_container_plate,episode_000033,clean,,,,final_action,color_temperature,-0.1,,,,10471219474458438708,12370919830759711870,action_relative_l2,0.013963072560727596
gpu_1,base,clean/place_container_plate/episode_000033/0_156,place_container_plate,episode_000033,clean,,,,final_action,color_temperature,-0.1,,,,10471219474458438708,12370919830759711870,action_mean_abs,0.0018812230555340648
gpu_1,base,clean/place_container_plate/episode_000033/0_156,place_container_plate,episode_000033,clean,,,,final_action,color_temperature,-0.1,,,,10471219474458438708,12370919830759711870,action_relative_l2/first_25pct,0.0
gpu_1,base,clean/place_container_plate/episode_000033/0_156,place_container_plate,episode_000033,clean,,,,final_action,color_temperature,-0.1,,,,10471219474458438708,12370919830759711870,action_relative_l2/last_75pct,0.014767037704586983
gpu_1,base,clean/place_container_plate/episode_000033/0_156,place_container_plate,episode_000033,clean,,,,final_action,color_temperature,-0.1,,,,10471219474458438708,12370919830759711870,endpoint_l2/left_position,0.0032673506066203117
gpu_1,base,clean/place_container_plate/episode_000033/0_156,place_container_plate,episode_000033,clean,,,,final_action,color_temperature,-0.1,,,,10471219474458438708,12370919830759711870,endpoint_l2/right_position,0.003897546324878931
gpu_1,base,clean/place_container_plate/episode_000033/0_156,place_container_plate,episode_000033,clean,,,,final_action,color_temperature,-0.1,,,,10471219474458438708,12370919830759711870,rotation_geodesic/left_rotation,0.006140812300145626
gpu_1,base,clean/place_container_plate/episode_000033/0_156,place_container_plate,episode_000033,clean,,,,final_action,color_temperature,-0.1,,,,10471219474458438708,12370919830759711870,rotation_geodesic/right_rotation,0.013456016778945923
gpu_1,base,clean/place_container_plate/episode_000033/0_156,place_container_plate,episode_000033,clean,,,,final_action,color_temperature,-0.1,,,,10471219474458438708,12370919830759711870,gripper_flip_rate,0.0
gpu_1,base,clean/place_container_plate/episode_000033/0_156,place_container_plate,episode_000033,clean,,,,final_action,color_temperature,-0.1,,,,10471219474458438708,12370919830759711870,temporal_jerk_difference,0.0024058944545686245
gpu_1,base,clean/place_container_plate/episode_000033/0_156,place_container_plate,episode_000033,clean,,,,final_action,color_temperature,0.1,,,,10471219474458438708,3059941478060558768,action_relative_l2,0.013182641007006168
gpu_1,base,clean/place_container_plate/episode_000033/0_156,place_container_plate,episode_000033,clean,,,,final_action,color_temperature,0.1,,,,10471219474458438708,3059941478060558768,action_mean_abs,0.0018876197282224894
gpu_1,base,clean/place_container_plate/episode_000033/0_156,place_container_plate,episode_000033,clean,,,,final_action,color_temperature,0.1,,,,10471219474458438708,3059941478060558768,action_relative_l2/first_25pct,0.0
gpu_1,base,clean/place_container_plate/episode_000033/0_156,place_container_plate,episode_000033,clean,,,,final_action,color_temperature,0.1,,,,10471219474458438708,3059941478060558768,action_relative_l2/last_75pct,0.013941670767962933
gpu_1,base,clean/place_container_plate/episode_000033/0_156,place_container_plate,episode_000033,clean,,,,final_action,color_temperature,0.1,,,,10471219474458438708,3059941478060558768,endpoint_l2/left_position,0.007227214984595776
gpu_1,base,clean/place_container_plate/episode_000033/0_156,place_container_plate,episode_000033,clean,,,,final_action,color_temperature,0.1,,,,10471219474458438708,3059941478060558768,endpoint_l2/right_position,0.0038228125777095556
gpu_1,base,clean/place_container_plate/episode_000033/0_156,place_container_plate,episode_000033,clean,,,,final_action,color_temperature,0.1,,,,10471219474458438708,3059941478060558768,rotation_geodesic/left_rotation,0.006203070282936096
gpu_1,base,clean/place_container_plate/episode_000033/0_156,place_container_plate,episode_000033,clean,,,,final_action,color_temperature,0.1,,,,10471219474458438708,3059941478060558768,rotation_geodesic/right_rotation,0.014668256975710392
gpu_1,base,clean/place_container_plate/episode_000033/0_156,place_container_plate,episode_000033,clean,,,,final_action,color_temperature,0.1,,,,10471219474458438708,3059941478060558768,gripper_flip_rate,0.0
gpu_1,base,clean/place_container_plate/episode_000033/0_156,place_container_plate,episode_000033,clean,,,,final_action,color_temperature,0.1,,,,10471219474458438708,3059941478060558768,temporal_jerk_difference,0.0013959846692159772
gpu_1,base,clean/place_container_plate/episode_000033/0_156,place_container_plate,episode_000033,clean,,,,final_action,gamma,0.8,,,,10471219474458438708,6224378030923556313,action_relative_l2,0.013755682855844498
gpu_1,base,clean/place_container_plate/episode_000033/0_156,place_container_plate,episode_000033,clean,,,,final_action,gamma,0.8,,,,10471219474458438708,6224378030923556313,action_mean_abs,0.0013916136231273413
gpu_1,base,clean/place_container_plate/episode_000033/0_156,place_container_plate,episode_000033,clean,,,,final_action,gamma,0.8,,,,10471219474458438708,6224378030923556313,action_relative_l2/first_25pct,0.0
gpu_1,base,clean/place_container_plate/episode_000033/0_156,place_container_plate,episode_000033,clean,,,,final_action,gamma,0.8,,,,10471219474458438708,6224378030923556313,action_relative_l2/last_75pct,0.014547706581652164
gpu_1,base,clean/place_container_plate/episode_000033/0_156,place_container_plate,episode_000033,clean,,,,final_action,gamma,0.8,,,,10471219474458438708,6224378030923556313,endpoint_l2/left_position,0.004621617030352354
gpu_1,base,clean/place_container_plate/episode_000033/0_156,place_container_plate,episode_000033,clean,,,,final_action,gamma,0.8,,,,10471219474458438708,6224378030923556313,endpoint_l2/right_position,0.0007596015930175781
gpu_1,base,clean/place_container_plate/episode_000033/0_156,place_container_plate,episode_000033,clean,,,,final_action,gamma,0.8,,,,10471219474458438708,6224378030923556313,rotation_geodesic/left_rotation,0.0023284410126507282
gpu_1,base,clean/place_container_plate/episode_000033/0_156,place_container_plate,episode_000033,clean,,,,final_action,gamma,0.8,,,,10471219474458438708,6224378030923556313,rotation_geodesic/right_rotation,0.009151673875749111
gpu_1,base,clean/place_container_plate/episode_000033/0_156,place_container_plate,episode_000033,clean,,,,final_action,gamma,0.8,,,,10471219474458438708,6224378030923556313,gripper_flip_rate,0.0
gpu_1,base,clean/place_container_plate/episode_000033/0_156,place_container_plate,episode_000033,clean,,,,final_action,gamma,0.8,,,,10471219474458438708,6224378030923556313,temporal_jerk_difference,0.0016473252326250076
gpu_1,base,clean/place_container_plate/episode_000033/0_156,place_container_plate,episode_000033,clean,,,,final_action,gamma,1.2,,,,10471219474458438708,906277563794249191,action_relative_l2,0.007814883254468441
gpu_1,base,clean/place_container_plate/episode_000033/0_156,place_container_plate,episode_000033,clean,,,,final_action,gamma,1.2,,,,10471219474458438708,906277563794249191,action_mean_abs,0.000916266581043601
gpu_1,base,clean/place_container_plate/episode_000033/0_156,place_container_plate,episode_000033,clean,,,,final_action,gamma,1.2,,,,10471219474458438708,906277563794249191,action_relative_l2/first_25pct,0.0
gpu_1,base,clean/place_container_plate/episode_000033/0_156,place_container_plate,episode_000033,clean,,,,final_action,gamma,1.2,,,,10471219474458438708,906277563794249191,action_relative_l2/last_75pct,0.008264848031103611
gpu_1,base,clean/place_container_plate/episode_000033/0_156,place_container_plate,episode_000033,clean,,,,final_action,gamma,1.2,,,,10471219474458438708,906277563794249191,endpoint_l2/left_position,0.006049695890396833
gpu_1,base,clean/place_container_plate/episode_000033/0_156,place_container_plate,episode_000033,clean,,,,final_action,gamma,1.2,,,,10471219474458438708,906277563794249191,endpoint_l2/right_position,0.0019162314711138606
gpu_1,base,clean/place_container_plate/episode_000033/0_156,place_container_plate,episode_000033,clean,,,,final_action,gamma,1.2,,,,10471219474458438708,906277563794249191,rotation_geodesic/left_rotation,0.0018416449893265963
gpu_1,base,clean/place_container_plate/episode_000033/0_156,place_container_plate,episode_000033,clean,,,,final_action,gamma,1.2,,,,10471219474458438708,906277563794249191,rotation_geodesic/right_rotation,0.006314445752650499
gpu_1,base,clean/place_container_plate/episode_000033/0_156,place_container_plate,episode_000033,clean,,,,final_action,gamma,1.2,,,,10471219474458438708,906277563794249191,gripper_flip_rate,0.0
gpu_1,base,clean/place_container_plate/episode_000033/0_156,place_container_plate,episode_000033,clean,,,,final_action,gamma,1.2,,,,10471219474458438708,906277563794249191,temporal_jerk_difference,0.0014946978772059083
gpu_1,base,clean/place_container_plate/episode_000033/0_156,place_container_plate,episode_000033,clean,,,,final_action,gaussian_blur_sigma,0.5,,,,10471219474458438708,13687891846825993847,action_relative_l2,0.00824784953147173
gpu_1,base,clean/place_container_plate/episode_000033/0_156,place_container_plate,episode_000033,clean,,,,final_action,gaussian_blur_sigma,0.5,,,,10471219474458438708,13687891846825993847,action_mean_abs,0.0007718785782344639
gpu_1,base,clean/place_container_plate/episode_000033/0_156,place_container_plate,episode_000033,clean,,,,final_action,gaussian_blur_sigma,0.5,,,,10471219474458438708,13687891846825993847,action_relative_l2/first_25pct,0.0
gpu_1,base,clean/place_container_plate/episode_000033/0_156,place_container_plate,episode_000033,clean,,,,final_action,gaussian_blur_sigma,0.5,,,,10471219474458438708,13687891846825993847,action_relative_l2/last_75pct,0.008722743019461632
gpu_1,base,clean/place_container_plate/episode_000033/0_156,place_container_plate,episode_000033,clean,,,,final_action,gaussian_blur_sigma,0.5,,,,10471219474458438708,13687891846825993847,endpoint_l2/left_position,0.0024129864759743214
gpu_1,base,clean/place_container_plate/episode_000033/0_156,place_container_plate,episode_000033,clean,,,,final_action,gaussian_blur_sigma,0.5,,,,10471219474458438708,13687891846825993847,endpoint_l2/right_position,0.0
gpu_1,base,clean/place_container_plate/episode_000033/0_156,place_container_plate,episode_000033,clean,,,,final_action,gaussian_blur_sigma,0.5,,,,10471219474458438708,13687891846825993847,rotation_geodesic/left_rotation,0.0013141959207132459
gpu_1,base,clean/place_container_plate/episode_000033/0_156,place_container_plate,episode_000033,clean,,,,final_action,gaussian_blur_sigma,0.5,,,,10471219474458438708,13687891846825993847,rotation_geodesic/right_rotation,0.0030494160018861294
gpu_1,base,clean/place_container_plate/episode_000033/0_156,place_container_plate,episode_000033,clean,,,,final_action,gaussian_blur_sigma,0.5,,,,10471219474458438708,13687891846825993847,gripper_flip_rate,0.0
gpu_1,base,clean/place_container_plate/episode_000033/0_156,place_container_plate,episode_000033,clean,,,,final_action,gaussian_blur_sigma,0.5,,,,10471219474458438708,13687891846825993847,temporal_jerk_difference,0.0014722661580890417
gpu_1,base,clean/place_container_plate/episode_000033/0_156,place_container_plate,episode_000033,clean,,,,final_action,gaussian_blur_sigma,1.0,,,,10471219474458438708,12185843836051114294,action_relative_l2,0.020889971405267715
gpu_1,base,clean/place_container_plate/episode_000033/0_156,place_container_plate,episode_000033,clean,,,,final_action,gaussian_blur_sigma,1.0,,,,10471219474458438708,12185843836051114294,action_mean_abs,0.0020217704586684704
gpu_1,base,clean/place_container_plate/episode_000033/0_156,place_container_plate,episode_000033,clean,,,,final_action,gaussian_blur_sigma,1.0,,,,10471219474458438708,12185843836051114294,action_relative_l2/first_25pct,0.0
gpu_1,base,clean/place_container_plate/episode_000033/0_156,place_container_plate,episode_000033,clean,,,,final_action,gaussian_blur_sigma,1.0,,,,10471219474458438708,12185843836051114294,action_relative_l2/last_75pct,0.022092772647738457
gpu_1,base,clean/place_container_plate/episode_000033/0_156,place_container_plate,episode_000033,clean,,,,final_action,gaussian_blur_sigma,1.0,,,,10471219474458438708,12185843836051114294,endpoint_l2/left_position,0.0022310817148536444
gpu_1,base,clean/place_container_plate/episode_000033/0_156,place_container_plate,episode_000033,clean,,,,final_action,gaussian_blur_sigma,1.0,,,,10471219474458438708,12185843836051114294,endpoint_l2/right_position,0.001393191167153418
gpu_1,base,clean/place_container_plate/episode_000033/0_156,place_container_plate,episode_000033,clean,,,,final_action,gaussian_blur_sigma,1.0,,,,10471219474458438708,12185843836051114294,rotation_geodesic/left_rotation,0.0028034201823174953
gpu_1,base,clean/place_container_plate/episode_000033/0_156,place_container_plate,episode_000033,clean,,,,final_action,gaussian_blur_sigma,1.0,,,,10471219474458438708,12185843836051114294,rotation_geodesic/right_rotation,0.007378260605037212
gpu_1,base,clean/place_container_plate/episode_000033/0_156,place_container_plate,episode_000033,clean,,,,final_action,gaussian_blur_sigma,1.0,,,,10471219474458438708,12185843836051114294,gripper_flip_rate,0.0
gpu_1,base,clean/place_container_plate/episode_000033/0_156,place_container_plate,episode_000033,clean,,,,final_action,gaussian_blur_sigma,1.0,,,,10471219474458438708,12185843836051114294,temporal_jerk_difference,0.002198697067797184
gpu_1,base,clean/place_container_plate/episode_000033/0_156,place_container_plate,episode_000033,clean,,,,final_action,gaussian_noise_std,0.01,,,,10471219474458438708,17679738631140918171,action_relative_l2,0.12643033266067505
gpu_1,base,clean/place_container_plate/episode_000033/0_156,place_container_plate,episode_000033,clean,,,,final_action,gaussian_noise_std,0.01,,,,10471219474458438708,17679738631140918171,action_mean_abs,0.009799797087907791
gpu_1,base,clean/place_container_plate/episode_000033/0_156,place_container_plate,episode_000033,clean,,,,final_action,gaussian_noise_std,0.01,,,,10471219474458438708,17679738631140918171,action_relative_l2/first_25pct,0.0
gpu_1,base,clean/place_container_plate/episode_000033/0_156,place_container_plate,episode_000033,clean,,,,final_action,gaussian_noise_std,0.01,,,,10471219474458438708,17679738631140918171,action_relative_l2/last_75pct,0.13370993733406067
gpu_1,base,clean/place_container_plate/episode_000033/0_156,place_container_plate,episode_000033,clean,,,,final_action,gaussian_noise_std,0.01,,,,10471219474458438708,17679738631140918171,endpoint_l2/left_position,0.005385586526244879
gpu_1,base,clean/place_container_plate/episode_000033/0_156,place_container_plate,episode_000033,clean,,,,final_action,gaussian_noise_std,0.01,,,,10471219474458438708,17679738631140918171,endpoint_l2/right_position,0.005572776775807142
gpu_1,base,clean/place_container_plate/episode_000033/0_156,place_container_plate,episode_000033,clean,,,,final_action,gaussian_noise_std,0.01,,,,10471219474458438708,17679738631140918171,rotation_geodesic/left_rotation,0.015292112715542316
gpu_1,base,clean/place_container_plate/episode_000033/0_156,place_container_plate,episode_000033,clean,,,,final_action,gaussian_noise_std,0.01,,,,10471219474458438708,17679738631140918171,rotation_geodesic/right_rotation,0.020125914365053177
gpu_1,base,clean/place_container_plate/episode_000033/0_156,place_container_plate,episode_000033,clean,,,,final_action,gaussian_noise_std,0.01,,,,10471219474458438708,17679738631140918171,gripper_flip_rate,0.0
gpu_1,base,clean/place_container_plate/episode_000033/0_156,place_container_plate,episode_000033,clean,,,,final_action,gaussian_noise_std,0.01,,,,10471219474458438708,17679738631140918171,temporal_jerk_difference,0.0029471556190401316
gpu_1,base,clean/place_container_plate/episode_000033/0_156,place_container_plate,episode_000033,clean,,,,final_action,gaussian_noise_std,0.03,,,,10471219474458438708,13013057233012687563,action_relative_l2,0.1509682536125183
gpu_1,base,clean/place_container_plate/episode_000033/0_156,place_container_plate,episode_000033,clean,,,,final_action,gaussian_noise_std,0.03,,,,10471219474458438708,13013057233012687563,action_mean_abs,0.011475278064608574
gpu_1,base,clean/place_container_plate/episode_000033/0_156,place_container_plate,episode_000033,clean,,,,final_action,gaussian_noise_std,0.03,,,,10471219474458438708,13013057233012687563,action_relative_l2/first_25pct,0.0
gpu_1,base,clean/place_container_plate/episode_000033/0_156,place_container_plate,episode_000033,clean,,,,final_action,gaussian_noise_std,0.03,,,,10471219474458438708,13013057233012687563,action_relative_l2/last_75pct,0.1596606969833374
gpu_1,base,clean/place_container_plate/episode_000033/0_156,place_container_plate,episode_000033,clean,,,,final_action,gaussian_noise_std,0.03,,,,10471219474458438708,13013057233012687563,endpoint_l2/left_position,0.018796494230628014
gpu_1,base,clean/place_container_plate/episode_000033/0_156,place_container_plate,episode_000033,clean,,,,final_action,gaussian_noise_std,0.03,,,,10471219474458438708,13013057233012687563,endpoint_l2/right_position,0.007048469968140125
gpu_1,base,clean/place_container_plate/episode_000033/0_156,place_container_plate,episode_000033,clean,,,,final_action,gaussian_noise_std,0.03,,,,10471219474458438708,13013057233012687563,rotation_geodesic/left_rotation,0.016314145177602768
gpu_1,base,clean/place_container_plate/episode_000033/0_156,place_container_plate,episode_000033,clean,,,,final_action,gaussian_noise_std,0.03,,,,10471219474458438708,13013057233012687563,rotation_geodesic/right_rotation,0.03227585181593895
gpu_1,base,clean/place_container_plate/episode_000033/0_156,place_container_plate,episode_000033,clean,,,,final_action,gaussian_noise_std,0.03,,,,10471219474458438708,13013057233012687563,gripper_flip_rate,0.0
gpu_1,base,clean/place_container_plate/episode_000033/0_156,place_container_plate,episode_000033,clean,,,,final_action,gaussian_noise_std,0.03,,,,10471219474458438708,13013057233012687563,temporal_jerk_difference,0.0030848507303744555
gpu_1,base,clean/place_container_plate/episode_000033/0_156,place_container_plate,episode_000033,clean,,,,final_action,identity,0.0,,,,10471219474458438708,,action_relative_l2,0.0
gpu_1,base,clean/place_container_plate/episode_000033/0_156,place_container_plate,episode_000033,clean,,,,final_action,identity,0.0,,,,10471219474458438708,,action_mean_abs,0.0
gpu_1,base,clean/place_container_plate/episode_000033/0_156,place_container_plate,episode_000033,clean,,,,final_action,identity,0.0,,,,10471219474458438708,,action_relative_l2/first_25pct,0.0
gpu_1,base,clean/place_container_plate/episode_000033/0_156,place_container_plate,episode_000033,clean,,,,final_action,identity,0.0,,,,10471219474458438708,,action_relative_l2/last_75pct,0.0
gpu_1,base,clean/place_container_plate/episode_000033/0_156,place_container_plate,episode_000033,clean,,,,final_action,identity,0.0,,,,10471219474458438708,,endpoint_l2/left_position,0.0
gpu_1,base,clean/place_container_plate/episode_000033/0_156,place_container_plate,episode_000033,clean,,,,final_action,identity,0.0,,,,10471219474458438708,,endpoint_l2/right_position,0.0
gpu_1,base,clean/place_container_plate/episode_000033/0_156,place_container_plate,episode_000033,clean,,,,final_action,identity,0.0,,,,10471219474458438708,,rotation_geodesic/left_rotation,0.0001957462663995102
gpu_1,base,clean/place_container_plate/episode_000033/0_156,place_container_plate,episode_000033,clean,,,,final_action,identity,0.0,,,,10471219474458438708,,rotation_geodesic/right_rotation,0.00017000762454699725
gpu_1,base,clean/place_container_plate/episode_000033/0_156,place_container_plate,episode_000033,clean,,,,final_action,identity,0.0,,,,10471219474458438708,,gripper_flip_rate,0.0
gpu_1,base,clean/place_container_plate/episode_000033/0_156,place_container_plate,episode_000033,clean,,,,final_action,identity,0.0,,,,10471219474458438708,,temporal_jerk_difference,0.0
gpu_1,base,clean/put_bottles_dustbin/episode_000006/0_549,put_bottles_dustbin,episode_000006,clean,,,,final_action,brightness,0.8,,,,569836324477247425,1394009349984855089,action_relative_l2,0.5804376602172852
gpu_1,base,clean/put_bottles_dustbin/episode_000006/0_549,put_bottles_dustbin,episode_000006,clean,,,,final_action,brightness,0.8,,,,569836324477247425,1394009349984855089,action_mean_abs,0.042097076773643494
gpu_1,base,clean/put_bottles_dustbin/episode_000006/0_549,put_bottles_dustbin,episode_000006,clean,,,,final_action,brightness,0.8,,,,569836324477247425,1394009349984855089,action_relative_l2/first_25pct,0.0
gpu_1,base,clean/put_bottles_dustbin/episode_000006/0_549,put_bottles_dustbin,episode_000006,clean,,,,final_action,brightness,0.8,,,,569836324477247425,1394009349984855089,action_relative_l2/last_75pct,0.6147937178611755
gpu_1,base,clean/put_bottles_dustbin/episode_000006/0_549,put_bottles_dustbin,episode_000006,clean,,,,final_action,brightness,0.8,,,,569836324477247425,1394009349984855089,endpoint_l2/left_position,0.022433768957853317
gpu_1,base,clean/put_bottles_dustbin/episode_000006/0_549,put_bottles_dustbin,episode_000006,clean,,,,final_action,brightness,0.8,,,,569836324477247425,1394009349984855089,endpoint_l2/right_position,0.005624672863632441
gpu_1,base,clean/put_bottles_dustbin/episode_000006/0_549,put_bottles_dustbin,episode_000006,clean,,,,final_action,brightness,0.8,,,,569836324477247425,1394009349984855089,rotation_geodesic/left_rotation,0.01863112300634384
gpu_1,base,clean/put_bottles_dustbin/episode_000006/0_549,put_bottles_dustbin,episode_000006,clean,,,,final_action,brightness,0.8,,,,569836324477247425,1394009349984855089,rotation_geodesic/right_rotation,0.027909627184271812
gpu_1,base,clean/put_bottles_dustbin/episode_000006/0_549,put_bottles_dustbin,episode_000006,clean,,,,final_action,brightness,0.8,,,,569836324477247425,1394009349984855089,gripper_flip_rate,0.25
gpu_1,base,clean/put_bottles_dustbin/episode_000006/0_549,put_bottles_dustbin,episode_000006,clean,,,,final_action,brightness,0.8,,,,569836324477247425,1394009349984855089,temporal_jerk_difference,0.007866280153393745
gpu_1,base,clean/put_bottles_dustbin/episode_000006/0_549,put_bottles_dustbin,episode_000006,clean,,,,final_action,brightness,1.2,,,,569836324477247425,8114302215028719186,action_relative_l2,0.015609446913003922
gpu_1,base,clean/put_bottles_dustbin/episode_000006/0_549,put_bottles_dustbin,episode_000006,clean,,,,final_action,brightness,1.2,,,,569836324477247425,8114302215028719186,action_mean_abs,0.0020217103883624077
gpu_1,base,clean/put_bottles_dustbin/episode_000006/0_549,put_bottles_dustbin,episode_000006,clean,,,,final_action,brightness,1.2,,,,569836324477247425,8114302215028719186,action_relative_l2/first_25pct,0.0
gpu_1,base,clean/put_bottles_dustbin/episode_000006/0_549,put_bottles_dustbin,episode_000006,clean,,,,final_action,brightness,1.2,,,,569836324477247425,8114302215028719186,action_relative_l2/last_75pct,0.016533367335796356
gpu_1,base,clean/put_bottles_dustbin/episode_000006/0_549,put_bottles_dustbin,episode_000006,clean,,,,final_action,brightness,1.2,,,,569836324477247425,8114302215028719186,endpoint_l2/left_position,0.012724804691970348
gpu_1,base,clean/put_bottles_dustbin/episode_000006/0_549,put_bottles_dustbin,episode_000006,clean,,,,final_action,brightness,1.2,,,,569836324477247425,8114302215028719186,endpoint_l2/right_position,0.002063117688521743
gpu_1,base,clean/put_bottles_dustbin/episode_000006/0_549,put_bottles_dustbin,episode_000006,clean,,,,final_action,brightness,1.2,,,,569836324477247425,8114302215028719186,rotation_geodesic/left_rotation,0.0038228421472012997
gpu_1,base,clean/put_bottles_dustbin/episode_000006/0_549,put_bottles_dustbin,episode_000006,clean,,,,final_action,brightness,1.2,,,,569836324477247425,8114302215028719186,rotation_geodesic/right_rotation,0.01657278463244438
gpu_1,base,clean/put_bottles_dustbin/episode_000006/0_549,put_bottles_dustbin,episode_000006,clean,,,,final_action,brightness,1.2,,,,569836324477247425,8114302215028719186,gripper_flip_rate,0.0
gpu_1,base,clean/put_bottles_dustbin/episode_000006/0_549,put_bottles_dustbin,episode_000006,clean,,,,final_action,brightness,1.2,,,,569836324477247425,8114302215028719186,temporal_jerk_difference,0.0014024260453879833
gpu_1,base,clean/put_bottles_dustbin/episode_000006/0_549,put_bottles_dustbin,episode_000006,clean,,,,final_action,color_temperature,-0.1,,,,569836324477247425,14816179961873656132,action_relative_l2,0.018814532086253166
gpu_1,base,clean/put_bottles_dustbin/episode_000006/0_549,put_bottles_dustbin,episode_000006,clean,,,,final_action,color_temperature,-0.1,,,,569836324477247425,14816179961873656132,action_mean_abs,0.0018250362481921911
gpu_1,base,clean/put_bottles_dustbin/episode_000006/0_549,put_bottles_dustbin,episode_000006,clean,,,,final_action,color_temperature,-0.1,,,,569836324477247425,14816179961873656132,action_relative_l2/first_25pct,0.0
gpu_1,base,clean/put_bottles_dustbin/episode_000006/0_549,put_bottles_dustbin,episode_000006,clean,,,,final_action,color_temperature,-0.1,,,,569836324477247425,14816179961873656132,action_relative_l2/last_75pct,0.019928161054849625
gpu_1,base,clean/put_bottles_dustbin/episode_000006/0_549,put_bottles_dustbin,episode_000006,clean,,,,final_action,color_temperature,-0.1,,,,569836324477247425,14816179961873656132,endpoint_l2/left_position,0.004844428040087223
gpu_1,base,clean/put_bottles_dustbin/episode_000006/0_549,put_bottles_dustbin,episode_000006,clean,,,,final_action,color_temperature,-0.1,,,,569836324477247425,14816179961873656132,endpoint_l2/right_position,0.0025606430135667324
gpu_1,base,clean/put_bottles_dustbin/episode_000006/0_549,put_bottles_dustbin,episode_000006,clean,,,,final_action,color_temperature,-0.1,,,,569836324477247425,14816179961873656132,rotation_geodesic/left_rotation,0.004585613496601582
gpu_1,base,clean/put_bottles_dustbin/episode_000006/0_549,put_bottles_dustbin,episode_000006,clean,,,,final_action,color_temperature,-0.1,,,,569836324477247425,14816179961873656132,rotation_geodesic/right_rotation,0.014659230597317219
gpu_1,base,clean/put_bottles_dustbin/episode_000006/0_549,put_bottles_dustbin,episode_000006,clean,,,,final_action,color_temperature,-0.1,,,,569836324477247425,14816179961873656132,gripper_flip_rate,0.0
gpu_1,base,clean/put_bottles_dustbin/episode_000006/0_549,put_bottles_dustbin,episode_000006,clean,,,,final_action,color_temperature,-0.1,,,,569836324477247425,14816179961873656132,temporal_jerk_difference,0.0012097525177523494
gpu_1,base,clean/put_bottles_dustbin/episode_000006/0_549,put_bottles_dustbin,episode_000006,clean,,,,final_action,color_temperature,0.1,,,,569836324477247425,14578194793345110634,action_relative_l2,0.02333642914891243
gpu_1,base,clean/put_bottles_dustbin/episode_000006/0_549,put_bottles_dustbin,episode_000006,clean,,,,final_action,color_temperature,0.1,,,,569836324477247425,14578194793345110634,action_mean_abs,0.002636966062709689
gpu_1,base,clean/put_bottles_dustbin/episode_000006/0_549,put_bottles_dustbin,episode_000006,clean,,,,final_action,color_temperature,0.1,,,,569836324477247425,14578194793345110634,action_relative_l2/first_25pct,0.0
gpu_1,base,clean/put_bottles_dustbin/episode_000006/0_549,put_bottles_dustbin,episode_000006,clean,,,,final_action,color_temperature,0.1,,,,569836324477247425,14578194793345110634,action_relative_l2/last_75pct,0.02471770904958248
gpu_1,base,clean/put_bottles_dustbin/episode_000006/0_549,put_bottles_dustbin,episode_000006,clean,,,,final_action,color_temperature,0.1,,,,569836324477247425,14578194793345110634,endpoint_l2/left_position,0.006760044954717159
gpu_1,base,clean/put_bottles_dustbin/episode_000006/0_549,put_bottles_dustbin,episode_000006,clean,,,,final_action,color_temperature,0.1,,,,569836324477247425,14578194793345110634,endpoint_l2/right_position,0.0035851020365953445
gpu_1,base,clean/put_bottles_dustbin/episode_000006/0_549,put_bottles_dustbin,episode_000006,clean,,,,final_action,color_temperature,0.1,,,,569836324477247425,14578194793345110634,rotation_geodesic/left_rotation,0.004553564824163914
gpu_1,base,clean/put_bottles_dustbin/episode_000006/0_549,put_bottles_dustbin,episode_000006,clean,,,,final_action,color_temperature,0.1,,,,569836324477247425,14578194793345110634,rotation_geodesic/right_rotation,0.013487759046256542
gpu_1,base,clean/put_bottles_dustbin/episode_000006/0_549,put_bottles_dustbin,episode_000006,clean,,,,final_action,color_temperature,0.1,,,,569836324477247425,14578194793345110634,gripper_flip_rate,0.0
gpu_1,base,clean/put_bottles_dustbin/episode_000006/0_549,put_bottles_dustbin,episode_000006,clean,,,,final_action,color_temperature,0.1,,,,569836324477247425,14578194793345110634,temporal_jerk_difference,0.0015057009877637029
gpu_1,base,clean/put_bottles_dustbin/episode_000006/0_549,put_bottles_dustbin,episode_000006,clean,,,,final_action,gamma,0.8,,,,569836324477247425,16933093666737702996,action_relative_l2,0.015677986666560173
gpu_1,base,clean/put_bottles_dustbin/episode_000006/0_549,put_bottles_dustbin,episode_000006,clean,,,,final_action,gamma,0.8,,,,569836324477247425,16933093666737702996,action_mean_abs,0.0014378030318766832
gpu_1,base,clean/put_bottles_dustbin/episode_000006/0_549,put_bottles_dustbin,episode_000006,clean,,,,final_action,gamma,0.8,,,,569836324477247425,16933093666737702996,action_relative_l2/first_25pct,0.0
gpu_1,base,clean/put_bottles_dustbin/episode_000006/0_549,put_bottles_dustbin,episode_000006,clean,,,,final_action,gamma,0.8,,,,569836324477247425,16933093666737702996,action_relative_l2/last_75pct,0.016605963930487633
gpu_1,base,clean/put_bottles_dustbin/episode_000006/0_549,put_bottles_dustbin,episode_000006,clean,,,,final_action,gamma,0.8,,,,569836324477247425,16933093666737702996,endpoint_l2/left_position,0.005784034263342619
gpu_1,base,clean/put_bottles_dustbin/episode_000006/0_549,put_bottles_dustbin,episode_000006,clean,,,,final_action,gamma,0.8,,,,569836324477247425,16933093666737702996,endpoint_l2/right_position,0.001393199316225946
gpu_1,base,clean/put_bottles_dustbin/episode_000006/0_549,put_bottles_dustbin,episode_000006,clean,,,,final_action,gamma,0.8,,,,569836324477247425,16933093666737702996,rotation_geodesic/left_rotation,0.0007257376564666629
gpu_1,base,clean/put_bottles_dustbin/episode_000006/0_549,put_bottles_dustbin,episode_000006,clean,,,,final_action,gamma,0.8,,,,569836324477247425,16933093666737702996,rotation_geodesic/right_rotation,0.007338746450841427
gpu_1,base,clean/put_bottles_dustbin/episode_000006/0_549,put_bottles_dustbin,episode_000006,clean,,,,final_action,gamma,0.8,,,,569836324477247425,16933093666737702996,gripper_flip_rate,0.0
gpu_1,base,clean/put_bottles_dustbin/episode_000006/0_549,put_bottles_dustbin,episode_000006,clean,,,,final_action,gamma,0.8,,,,569836324477247425,16933093666737702996,temporal_jerk_difference,0.0010547679848968983
gpu_1,base,clean/put_bottles_dustbin/episode_000006/0_549,put_bottles_dustbin,episode_000006,clean,,,,final_action,gamma,1.2,,,,569836324477247425,12625001604940726536,action_relative_l2,0.004703679122030735
gpu_1,base,clean/put_bottles_dustbin/episode_000006/0_549,put_bottles_dustbin,episode_000006,clean,,,,final_action,gamma,1.2,,,,569836324477247425,12625001604940726536,action_mean_abs,0.0004887663526460528
gpu_1,base,clean/put_bottles_dustbin/episode_000006/0_549,put_bottles_dustbin,episode_000006,clean,,,,final_action,gamma,1.2,,,,569836324477247425,12625001604940726536,action_relative_l2/first_25pct,0.0
gpu_1,base,clean/put_bottles_dustbin/episode_000006/0_549,put_bottles_dustbin,episode_000006,clean,,,,final_action,gamma,1.2,,,,569836324477247425,12625001604940726536,action_relative_l2/last_75pct,0.0049820891581475735
gpu_1,base,clean/put_bottles_dustbin/episode_000006/0_549,put_bottles_dustbin,episode_000006,clean,,,,final_action,gamma,1.2,,,,569836324477247425,12625001604940726536,endpoint_l2/left_position,0.0025400349404662848
gpu_1,base,clean/put_bottles_dustbin/episode_000006/0_549,put_bottles_dustbin,episode_000006,clean,,,,final_action,gamma,1.2,,,,569836324477247425,12625001604940726536,endpoint_l2/right_position,0.0011679083108901978
gpu_1,base,clean/put_bottles_dustbin/episode_000006/0_549,put_bottles_dustbin,episode_000006,clean,,,,final_action,gamma,1.2,,,,569836324477247425,12625001604940726536,rotation_geodesic/left_rotation,0.002053511096164584
gpu_1,base,clean/put_bottles_dustbin/episode_000006/0_549,put_bottles_dustbin,episode_000006,clean,,,,final_action,gamma,1.2,,,,569836324477247425,12625001604940726536,rotation_geodesic/right_rotation,0.006861997302621603
gpu_1,base,clean/put_bottles_dustbin/episode_000006/0_549,put_bottles_dustbin,episode_000006,clean,,,,final_action,gamma,1.2,,,,569836324477247425,12625001604940726536,gripper_flip_rate,0.0
gpu_1,base,clean/put_bottles_dustbin/episode_000006/0_549,put_bottles_dustbin,episode_000006,clean,,,,final_action,gamma,1.2,,,,569836324477247425,12625001604940726536,temporal_jerk_difference,0.0009616471361368895
gpu_1,base,clean/put_bottles_dustbin/episode_000006/0_549,put_bottles_dustbin,episode_000006,clean,,,,final_action,gaussian_blur_sigma,0.5,,,,569836324477247425,12482998238198523405,action_relative_l2,0.00684066116809845
gpu_1,base,clean/put_bottles_dustbin/episode_000006/0_549,put_bottles_dustbin,episode_000006,clean,,,,final_action,gaussian_blur_sigma,0.5,,,,569836324477247425,12482998238198523405,action_mean_abs,0.0006112505798228085
gpu_1,base,clean/put_bottles_dustbin/episode_000006/0_549,put_bottles_dustbin,episode_000006,clean,,,,final_action,gaussian_blur_sigma,0.5,,,,569836324477247425,12482998238198523405,action_relative_l2/first_25pct,0.0
gpu_1,base,clean/put_bottles_dustbin/episode_000006/0_549,put_bottles_dustbin,episode_000006,clean,,,,final_action,gaussian_blur_sigma,0.5,,,,569836324477247425,12482998238198523405,action_relative_l2/last_75pct,0.007245558779686689
gpu_1,base,clean/put_bottles_dustbin/episode_000006/0_549,put_bottles_dustbin,episode_000006,clean,,,,final_action,gaussian_blur_sigma,0.5,,,,569836324477247425,12482998238198523405,endpoint_l2/left_position,0.0012059020809829235
gpu_1,base,clean/put_bottles_dustbin/episode_000006/0_549,put_bottles_dustbin,episode_000006,clean,,,,final_action,gaussian_blur_sigma,0.5,,,,569836324477247425,12482998238198523405,endpoint_l2/right_position,0.0011679083108901978
gpu_1,base,clean/put_bottles_dustbin/episode_000006/0_549,put_bottles_dustbin,episode_000006,clean,,,,final_action,gaussian_blur_sigma,0.5,,,,569836324477247425,12482998238198523405,rotation_geodesic/left_rotation,0.0016466665547341108
gpu_1,base,clean/put_bottles_dustbin/episode_000006/0_549,put_bottles_dustbin,episode_000006,clean,,,,final_action,gaussian_blur_sigma,0.5,,,,569836324477247425,12482998238198523405,rotation_geodesic/right_rotation,0.0026596831157803535
gpu_1,base,clean/put_bottles_dustbin/episode_000006/0_549,put_bottles_dustbin,episode_000006,clean,,,,final_action,gaussian_blur_sigma,0.5,,,,569836324477247425,12482998238198523405,gripper_flip_rate,0.0
gpu_1,base,clean/put_bottles_dustbin/episode_000006/0_549,put_bottles_dustbin,episode_000006,clean,,,,final_action,gaussian_blur_sigma,0.5,,,,569836324477247425,12482998238198523405,temporal_jerk_difference,0.0008273783605545759
gpu_1,base,clean/put_bottles_dustbin/episode_000006/0_549,put_bottles_dustbin,episode_000006,clean,,,,final_action,gaussian_blur_sigma,1.0,,,,569836324477247425,2603120455614262532,action_relative_l2,0.5738184452056885
gpu_1,base,clean/put_bottles_dustbin/episode_000006/0_549,put_bottles_dustbin,episode_000006,clean,,,,final_action,gaussian_blur_sigma,1.0,,,,569836324477247425,2603120455614262532,action_mean_abs,0.03920294716954231
gpu_1,base,clean/put_bottles_dustbin/episode_000006/0_549,put_bottles_dustbin,episode_000006,clean,,,,final_action,gaussian_blur_sigma,1.0,,,,569836324477247425,2603120455614262532,action_relative_l2/first_25pct,0.0
gpu_1,base,clean/put_bottles_dustbin/episode_000006/0_549,put_bottles_dustbin,episode_000006,clean,,,,final_action,gaussian_blur_sigma,1.0,,,,569836324477247425,2603120455614262532,action_relative_l2/last_75pct,0.6077827215194702
gpu_1,base,clean/put_bottles_dustbin/episode_000006/0_549,put_bottles_dustbin,episode_000006,clean,,,,final_action,gaussian_blur_sigma,1.0,,,,569836324477247425,2603120455614262532,endpoint_l2/left_position,0.03265221789479256
gpu_1,base,clean/put_bottles_dustbin/episode_000006/0_549,put_bottles_dustbin,episode_000006,clean,,,,final_action,gaussian_blur_sigma,1.0,,,,569836324477247425,2603120455614262532,endpoint_l2/right_position,0.004466332495212555
gpu_1,base,clean/put_bottles_dustbin/episode_000006/0_549,put_bottles_dustbin,episode_000006,clean,,,,final_action,gaussian_blur_sigma,1.0,,,,569836324477247425,2603120455614262532,rotation_geodesic/left_rotation,0.016206638887524605
gpu_1,base,clean/put_bottles_dustbin/episode_000006/0_549,put_bottles_dustbin,episode_000006,clean,,,,final_action,gaussian_blur_sigma,1.0,,,,569836324477247425,2603120455614262532,rotation_geodesic/right_rotation,0.02981269359588623
gpu_1,base,clean/put_bottles_dustbin/episode_000006/0_549,put_bottles_dustbin,episode_000006,clean,,,,final_action,gaussian_blur_sigma,1.0,,,,569836324477247425,2603120455614262532,gripper_flip_rate,0.25
gpu_1,base,clean/put_bottles_dustbin/episode_000006/0_549,put_bottles_dustbin,episode_000006,clean,,,,final_action,gaussian_blur_sigma,1.0,,,,569836324477247425,2603120455614262532,temporal_jerk_difference,0.006766831036657095
gpu_1,base,clean/put_bottles_dustbin/episode_000006/0_549,put_bottles_dustbin,episode_000006,clean,,,,final_action,gaussian_noise_std,0.01,,,,569836324477247425,9490953497224402498,action_relative_l2,0.03990639001131058
gpu_1,base,clean/put_bottles_dustbin/episode_000006/0_549,put_bottles_dustbin,episode_000006,clean,,,,final_action,gaussian_noise_std,0.01,,,,569836324477247425,9490953497224402498,action_mean_abs,0.003621221985667944
gpu_1,base,clean/put_bottles_dustbin/episode_000006/0_549,put_bottles_dustbin,episode_000006,clean,,,,final_action,gaussian_noise_std,0.01,,,,569836324477247425,9490953497224402498,action_relative_l2/first_25pct,0.0
gpu_1,base,clean/put_bottles_dustbin/episode_000006/0_549,put_bottles_dustbin,episode_000006,clean,,,,final_action,gaussian_noise_std,0.01,,,,569836324477247425,9490953497224402498,action_relative_l2/last_75pct,0.04226844385266304
gpu_1,base,clean/put_bottles_dustbin/episode_000006/0_549,put_bottles_dustbin,episode_000006,clean,,,,final_action,gaussian_noise_std,0.01,,,,569836324477247425,9490953497224402498,endpoint_l2/left_position,0.0050800871104002
gpu_1,base,clean/put_bottles_dustbin/episode_000006/0_549,put_bottles_dustbin,episode_000006,clean,,,,final_action,gaussian_noise_std,0.01,,,,569836324477247425,9490953497224402498,endpoint_l2/right_position,0.0038946697022765875
gpu_1,base,clean/put_bottles_dustbin/episode_000006/0_549,put_bottles_dustbin,episode_000006,clean,,,,final_action,gaussian_noise_std,0.01,,,,569836324477247425,9490953497224402498,rotation_geodesic/left_rotation,0.010946850292384624
gpu_1,base,clean/put_bottles_dustbin/episode_000006/0_549,put_bottles_dustbin,episode_000006,clean,,,,final_action,gaussian_noise_std,0.01,,,,569836324477247425,9490953497224402498,rotation_geodesic/right_rotation,0.022101091220974922
gpu_1,base,clean/put_bottles_dustbin/episode_000006/0_549,put_bottles_dustbin,episode_000006,clean,,,,final_action,gaussian_noise_std,0.01,,,,569836324477247425,9490953497224402498,gripper_flip_rate,0.0
gpu_1,base,clean/put_bottles_dustbin/episode_000006/0_549,put_bottles_dustbin,episode_000006,clean,,,,final_action,gaussian_noise_std,0.01,,,,569836324477247425,9490953497224402498,temporal_jerk_difference,0.0019214242929592729
gpu_1,base,clean/put_bottles_dustbin/episode_000006/0_549,put_bottles_dustbin,episode_000006,clean,,,,final_action,gaussian_noise_std,0.03,,,,569836324477247425,16403314817068746778,action_relative_l2,0.04164230078458786
gpu_1,base,clean/put_bottles_dustbin/episode_000006/0_549,put_bottles_dustbin,episode_000006,clean,,,,final_action,gaussian_noise_std,0.03,,,,569836324477247425,16403314817068746778,action_mean_abs,0.004637288860976696
gpu_1,base,clean/put_bottles_dustbin/episode_000006/0_549,put_bottles_dustbin,episode_000006,clean,,,,final_action,gaussian_noise_std,0.03,,,,569836324477247425,16403314817068746778,action_relative_l2/first_25pct,0.0
gpu_1,base,clean/put_bottles_dustbin/episode_000006/0_549,put_bottles_dustbin,episode_000006,clean,,,,final_action,gaussian_noise_std,0.03,,,,569836324477247425,16403314817068746778,action_relative_l2/last_75pct,0.0441071018576622
gpu_1,base,clean/put_bottles_dustbin/episode_000006/0_549,put_bottles_dustbin,episode_000006,clean,,,,final_action,gaussian_noise_std,0.03,,,,569836324477247425,16403314817068746778,endpoint_l2/left_position,0.014111582189798355
gpu_1,base,clean/put_bottles_dustbin/episode_000006/0_549,put_bottles_dustbin,episode_000006,clean,,,,final_action,gaussian_noise_std,0.03,,,,569836324477247425,16403314817068746778,endpoint_l2/right_position,0.003586146980524063
gpu_1,base,clean/put_bottles_dustbin/episode_000006/0_549,put_bottles_dustbin,episode_000006,clean,,,,final_action,gaussian_noise_std,0.03,,,,569836324477247425,16403314817068746778,rotation_geodesic/left_rotation,0.012062137946486473
gpu_1,base,clean/put_bottles_dustbin/episode_000006/0_549,put_bottles_dustbin,episode_000006,clean,,,,final_action,gaussian_noise_std,0.03,,,,569836324477247425,16403314817068746778,rotation_geodesic/right_rotation,0.023811092600226402
gpu_1,base,clean/put_bottles_dustbin/episode_000006/0_549,put_bottles_dustbin,episode_000006,clean,,,,final_action,gaussian_noise_std,0.03,,,,569836324477247425,16403314817068746778,gripper_flip_rate,0.0
gpu_1,base,clean/put_bottles_dustbin/episode_000006/0_549,put_bottles_dustbin,episode_000006,clean,,,,final_action,gaussian_noise_std,0.03,,,,569836324477247425,16403314817068746778,temporal_jerk_difference,0.0015970017993822694
gpu_1,base,clean/put_bottles_dustbin/episode_000006/0_549,put_bottles_dustbin,episode_000006,clean,,,,final_action,identity,0.0,,,,569836324477247425,,action_relative_l2,0.0
gpu_1,base,clean/put_bottles_dustbin/episode_000006/0_549,put_bottles_dustbin,episode_000006,clean,,,,final_action,identity,0.0,,,,569836324477247425,,action_mean_abs,0.0
gpu_1,base,clean/put_bottles_dustbin/episode_000006/0_549,put_bottles_dustbin,episode_000006,clean,,,,final_action,identity,0.0,,,,569836324477247425,,action_relative_l2/first_25pct,0.0
gpu_1,base,clean/put_bottles_dustbin/episode_000006/0_549,put_bottles_dustbin,episode_000006,clean,,,,final_action,identity,0.0,,,,569836324477247425,,action_relative_l2/last_75pct,0.0
gpu_1,base,clean/put_bottles_dustbin/episode_000006/0_549,put_bottles_dustbin,episode_000006,clean,,,,final_action,identity,0.0,,,,569836324477247425,,endpoint_l2/left_position,0.0
gpu_1,base,clean/put_bottles_dustbin/episode_000006/0_549,put_bottles_dustbin,episode_000006,clean,,,,final_action,identity,0.0,,,,569836324477247425,,endpoint_l2/right_position,0.0
gpu_1,base,clean/put_bottles_dustbin/episode_000006/0_549,put_bottles_dustbin,episode_000006,clean,,,,final_action,identity,0.0,,,,569836324477247425,,rotation_geodesic/left_rotation,0.0002815168700180948
gpu_1,base,clean/put_bottles_dustbin/episode_000006/0_549,put_bottles_dustbin,episode_000006,clean,,,,final_action,identity,0.0,,,,569836324477247425,,rotation_geodesic/right_rotation,0.000353113078745082
gpu_1,base,clean/put_bottles_dustbin/episode_000006/0_549,put_bottles_dustbin,episode_000006,clean,,,,final_action,identity,0.0,,,,569836324477247425,,gripper_flip_rate,0.0
gpu_1,base,clean/put_bottles_dustbin/episode_000006/0_549,put_bottles_dustbin,episode_000006,clean,,,,final_action,identity,0.0,,,,569836324477247425,,temporal_jerk_difference,0.0
gpu_1,base,clean/turn_switch/episode_000047/0_98,turn_switch,episode_000047,clean,,,,final_action,brightness,0.8,,,,16604683412220122174,2894186492195837140,action_relative_l2,0.029454980045557022
gpu_1,base,clean/turn_switch/episode_000047/0_98,turn_switch,episode_000047,clean,,,,final_action,brightness,0.8,,,,16604683412220122174,2894186492195837140,action_mean_abs,0.004936952143907547
gpu_1,base,clean/turn_switch/episode_000047/0_98,turn_switch,episode_000047,clean,,,,final_action,brightness,0.8,,,,16604683412220122174,2894186492195837140,action_relative_l2/first_25pct,0.0
gpu_1,base,clean/turn_switch/episode_000047/0_98,turn_switch,episode_000047,clean,,,,final_action,brightness,0.8,,,,16604683412220122174,2894186492195837140,action_relative_l2/last_75pct,0.03057733178138733
gpu_1,base,clean/turn_switch/episode_000047/0_98,turn_switch,episode_000047,clean,,,,final_action,brightness,0.8,,,,16604683412220122174,2894186492195837140,endpoint_l2/left_position,0.029780326411128044
gpu_1,base,clean/turn_switch/episode_000047/0_98,turn_switch,episode_000047,clean,,,,final_action,brightness,0.8,,,,16604683412220122174,2894186492195837140,endpoint_l2/right_position,0.01009342446923256
gpu_1,base,clean/turn_switch/episode_000047/0_98,turn_switch,episode_000047,clean,,,,final_action,brightness,0.8,,,,16604683412220122174,2894186492195837140,rotation_geodesic/left_rotation,0.0089931795373559
gpu_1,base,clean/turn_switch/episode_000047/0_98,turn_switch,episode_000047,clean,,,,final_action,brightness,0.8,,,,16604683412220122174,2894186492195837140,rotation_geodesic/right_rotation,0.01664520427584648
gpu_1,base,clean/turn_switch/episode_000047/0_98,turn_switch,episode_000047,clean,,,,final_action,brightness,0.8,,,,16604683412220122174,2894186492195837140,gripper_flip_rate,0.0
gpu_1,base,clean/turn_switch/episode_000047/0_98,turn_switch,episode_000047,clean,,,,final_action,brightness,0.8,,,,16604683412220122174,2894186492195837140,temporal_jerk_difference,0.0023541594855487347
gpu_1,base,clean/turn_switch/episode_000047/0_98,turn_switch,episode_000047,clean,,,,final_action,brightness,1.2,,,,16604683412220122174,3109882623584244822,action_relative_l2,0.017453817650675774
gpu_1,base,clean/turn_switch/episode_000047/0_98,turn_switch,episode_000047,clean,,,,final_action,brightness,1.2,,,,16604683412220122174,3109882623584244822,action_mean_abs,0.002435348927974701
gpu_1,base,clean/turn_switch/episode_000047/0_98,turn_switch,episode_000047,clean,,,,final_action,brightness,1.2,,,,16604683412220122174,3109882623584244822,action_relative_l2/first_25pct,0.0
gpu_1,base,clean/turn_switch/episode_000047/0_98,turn_switch,episode_000047,clean,,,,final_action,brightness,1.2,,,,16604683412220122174,3109882623584244822,action_relative_l2/last_75pct,0.018118876963853836
gpu_1,base,clean/turn_switch/episode_000047/0_98,turn_switch,episode_000047,clean,,,,final_action,brightness,1.2,,,,16604683412220122174,3109882623584244822,endpoint_l2/left_position,0.009896409697830677
gpu_1,base,clean/turn_switch/episode_000047/0_98,turn_switch,episode_000047,clean,,,,final_action,brightness,1.2,,,,16604683412220122174,3109882623584244822,endpoint_l2/right_position,0.0038324655033648014
gpu_1,base,clean/turn_switch/episode_000047/0_98,turn_switch,episode_000047,clean,,,,final_action,brightness,1.2,,,,16604683412220122174,3109882623584244822,rotation_geodesic/left_rotation,0.008926568552851677
gpu_1,base,clean/turn_switch/episode_000047/0_98,turn_switch,episode_000047,clean,,,,final_action,brightness,1.2,,,,16604683412220122174,3109882623584244822,rotation_geodesic/right_rotation,0.010187997482717037
gpu_1,base,clean/turn_switch/episode_000047/0_98,turn_switch,episode_000047,clean,,,,final_action,brightness,1.2,,,,16604683412220122174,3109882623584244822,gripper_flip_rate,0.0
gpu_1,base,clean/turn_switch/episode_000047/0_98,turn_switch,episode_000047,clean,,,,final_action,brightness,1.2,,,,16604683412220122174,3109882623584244822,temporal_jerk_difference,0.0019173853797838092
gpu_1,base,clean/turn_switch/episode_000047/0_98,turn_switch,episode_000047,clean,,,,final_action,color_temperature,-0.1,,,,16604683412220122174,13981428570655036527,action_relative_l2,0.0508250892162323
gpu_1,base,clean/turn_switch/episode_000047/0_98,turn_switch,episode_000047,clean,,,,final_action,color_temperature,-0.1,,,,16604683412220122174,13981428570655036527,action_mean_abs,0.0062404777854681015
gpu_1,base,clean/turn_switch/episode_000047/0_98,turn_switch,episode_000047,clean,,,,final_action,color_temperature,-0.1,,,,16604683412220122174,13981428570655036527,action_relative_l2/first_25pct,0.0
gpu_1,base,clean/turn_switch/episode_000047/0_98,turn_switch,episode_000047,clean,,,,final_action,color_temperature,-0.1,,,,16604683412220122174,13981428570655036527,action_relative_l2/last_75pct,0.05276172608137131
gpu_1,base,clean/turn_switch/episode_000047/0_98,turn_switch,episode_000047,clean,,,,final_action,color_temperature,-0.1,,,,16604683412220122174,13981428570655036527,endpoint_l2/left_position,0.031118258833885193
gpu_1,base,clean/turn_switch/episode_000047/0_98,turn_switch,episode_000047,clean,,,,final_action,color_temperature,-0.1,,,,16604683412220122174,13981428570655036527,endpoint_l2/right_position,0.008315282873809338
gpu_1,base,clean/turn_switch/episode_000047/0_98,turn_switch,episode_000047,clean,,,,final_action,color_temperature,-0.1,,,,16604683412220122174,13981428570655036527,rotation_geodesic/left_rotation,0.006032888777554035
gpu_1,base,clean/turn_switch/episode_000047/0_98,turn_switch,episode_000047,clean,,,,final_action,color_temperature,-0.1,,,,16604683412220122174,13981428570655036527,rotation_geodesic/right_rotation,0.027808455750346184
gpu_1,base,clean/turn_switch/episode_000047/0_98,turn_switch,episode_000047,clean,,,,final_action,color_temperature,-0.1,,,,16604683412220122174,13981428570655036527,gripper_flip_rate,0.0
gpu_1,base,clean/turn_switch/episode_000047/0_98,turn_switch,episode_000047,clean,,,,final_action,color_temperature,-0.1,,,,16604683412220122174,13981428570655036527,temporal_jerk_difference,0.0024381293915212154
gpu_1,base,clean/turn_switch/episode_000047/0_98,turn_switch,episode_000047,clean,,,,final_action,color_temperature,0.1,,,,16604683412220122174,7431615385873627060,action_relative_l2,0.029699781909585
gpu_1,base,clean/turn_switch/episode_000047/0_98,turn_switch,episode_000047,clean,,,,final_action,color_temperature,0.1,,,,16604683412220122174,7431615385873627060,action_mean_abs,0.003524525323882699
gpu_1,base,clean/turn_switch/episode_000047/0_98,turn_switch,episode_000047,clean,,,,final_action,color_temperature,0.1,,,,16604683412220122174,7431615385873627060,action_relative_l2/first_25pct,0.0
gpu_1,base,clean/turn_switch/episode_000047/0_98,turn_switch,episode_000047,clean,,,,final_action,color_temperature,0.1,,,,16604683412220122174,7431615385873627060,action_relative_l2/last_75pct,0.030831461772322655
gpu_1,base,clean/turn_switch/episode_000047/0_98,turn_switch,episode_000047,clean,,,,final_action,color_temperature,0.1,,,,16604683412220122174,7431615385873627060,endpoint_l2/left_position,0.020058492198586464
gpu_1,base,clean/turn_switch/episode_000047/0_98,turn_switch,episode_000047,clean,,,,final_action,color_temperature,0.1,,,,16604683412220122174,7431615385873627060,endpoint_l2/right_position,0.003981971647590399
gpu_1,base,clean/turn_switch/episode_000047/0_98,turn_switch,episode_000047,clean,,,,final_action,color_temperature,0.1,,,,16604683412220122174,7431615385873627060,rotation_geodesic/left_rotation,0.00564015144482255
gpu_1,base,clean/turn_switch/episode_000047/0_98,turn_switch,episode_000047,clean,,,,final_action,color_temperature,0.1,,,,16604683412220122174,7431615385873627060,rotation_geodesic/right_rotation,0.007373095955699682
gpu_1,base,clean/turn_switch/episode_000047/0_98,turn_switch,episode_000047,clean,,,,final_action,color_temperature,0.1,,,,16604683412220122174,7431615385873627060,gripper_flip_rate,0.0
gpu_1,base,clean/turn_switch/episode_000047/0_98,turn_switch,episode_000047,clean,,,,final_action,color_temperature,0.1,,,,16604683412220122174,7431615385873627060,temporal_jerk_difference,0.002161160809919238
gpu_1,base,clean/turn_switch/episode_000047/0_98,turn_switch,episode_000047,clean,,,,final_action,gamma,0.8,,,,16604683412220122174,8944454782225478405,action_relative_l2,0.031244944781064987
gpu_1,base,clean/turn_switch/episode_000047/0_98,turn_switch,episode_000047,clean,,,,final_action,gamma,0.8,,,,16604683412220122174,8944454782225478405,action_mean_abs,0.003906670957803726
gpu_1,base,clean/turn_switch/episode_000047/0_98,turn_switch,episode_000047,clean,,,,final_action,gamma,0.8,,,,16604683412220122174,8944454782225478405,action_relative_l2/first_25pct,0.0
gpu_1,base,clean/turn_switch/episode_000047/0_98,turn_switch,episode_000047,clean,,,,final_action,gamma,0.8,,,,16604683412220122174,8944454782225478405,action_relative_l2/last_75pct,0.03243550285696983
gpu_1,base,clean/turn_switch/episode_000047/0_98,turn_switch,episode_000047,clean,,,,final_action,gamma,0.8,,,,16604683412220122174,8944454782225478405,endpoint_l2/left_position,0.018381422385573387
gpu_1,base,clean/turn_switch/episode_000047/0_98,turn_switch,episode_000047,clean,,,,final_action,gamma,0.8,,,,16604683412220122174,8944454782225478405,endpoint_l2/right_position,0.004915478639304638
gpu_1,base,clean/turn_switch/episode_000047/0_98,turn_switch,episode_000047,clean,,,,final_action,gamma,0.8,,,,16604683412220122174,8944454782225478405,rotation_geodesic/left_rotation,0.005705452989786863
gpu_1,base,clean/turn_switch/episode_000047/0_98,turn_switch,episode_000047,clean,,,,final_action,gamma,0.8,,,,16604683412220122174,8944454782225478405,rotation_geodesic/right_rotation,0.010791447944939137
gpu_1,base,clean/turn_switch/episode_000047/0_98,turn_switch,episode_000047,clean,,,,final_action,gamma,0.8,,,,16604683412220122174,8944454782225478405,gripper_flip_rate,0.0
gpu_1,base,clean/turn_switch/episode_000047/0_98,turn_switch,episode_000047,clean,,,,final_action,gamma,0.8,,,,16604683412220122174,8944454782225478405,temporal_jerk_difference,0.0019361068261787295
gpu_1,base,clean/turn_switch/episode_000047/0_98,turn_switch,episode_000047,clean,,,,final_action,gamma,1.2,,,,16604683412220122174,12775208076006040830,action_relative_l2,0.041356224566698074
gpu_1,base,clean/turn_switch/episode_000047/0_98,turn_switch,episode_000047,clean,,,,final_action,gamma,1.2,,,,16604683412220122174,12775208076006040830,action_mean_abs,0.004596995655447245
gpu_1,base,clean/turn_switch/episode_000047/0_98,turn_switch,episode_000047,clean,,,,final_action,gamma,1.2,,,,16604683412220122174,12775208076006040830,action_relative_l2/first_25pct,0.0
gpu_1,base,clean/turn_switch/episode_000047/0_98,turn_switch,episode_000047,clean,,,,final_action,gamma,1.2,,,,16604683412220122174,12775208076006040830,action_relative_l2/last_75pct,0.04293205961585045
gpu_1,base,clean/turn_switch/episode_000047/0_98,turn_switch,episode_000047,clean,,,,final_action,gamma,1.2,,,,16604683412220122174,12775208076006040830,endpoint_l2/left_position,0.01909184642136097
gpu_1,base,clean/turn_switch/episode_000047/0_98,turn_switch,episode_000047,clean,,,,final_action,gamma,1.2,,,,16604683412220122174,12775208076006040830,endpoint_l2/right_position,0.004915478639304638
gpu_1,base,clean/turn_switch/episode_000047/0_98,turn_switch,episode_000047,clean,,,,final_action,gamma,1.2,,,,16604683412220122174,12775208076006040830,rotation_geodesic/left_rotation,0.0023333397693932056
gpu_1,base,clean/turn_switch/episode_000047/0_98,turn_switch,episode_000047,clean,,,,final_action,gamma,1.2,,,,16604683412220122174,12775208076006040830,rotation_geodesic/right_rotation,0.018498610705137253
gpu_1,base,clean/turn_switch/episode_000047/0_98,turn_switch,episode_000047,clean,,,,final_action,gamma,1.2,,,,16604683412220122174,12775208076006040830,gripper_flip_rate,0.0
gpu_1,base,clean/turn_switch/episode_000047/0_98,turn_switch,episode_000047,clean,,,,final_action,gamma,1.2,,,,16604683412220122174,12775208076006040830,temporal_jerk_difference,0.0017721235053613782
gpu_1,base,clean/turn_switch/episode_000047/0_98,turn_switch,episode_000047,clean,,,,final_action,gaussian_blur_sigma,0.5,,,,16604683412220122174,17406867596367059733,action_relative_l2,0.0051096705719828606
gpu_1,base,clean/turn_switch/episode_000047/0_98,turn_switch,episode_000047,clean,,,,final_action,gaussian_blur_sigma,0.5,,,,16604683412220122174,17406867596367059733,action_mean_abs,0.0004777064605150372
gpu_1,base,clean/turn_switch/episode_000047/0_98,turn_switch,episode_000047,clean,,,,final_action,gaussian_blur_sigma,0.5,,,,16604683412220122174,17406867596367059733,action_relative_l2/first_25pct,0.0
gpu_1,base,clean/turn_switch/episode_000047/0_98,turn_switch,episode_000047,clean,,,,final_action,gaussian_blur_sigma,0.5,,,,16604683412220122174,17406867596367059733,action_relative_l2/last_75pct,0.005304369144141674
gpu_1,base,clean/turn_switch/episode_000047/0_98,turn_switch,episode_000047,clean,,,,final_action,gaussian_blur_sigma,0.5,,,,16604683412220122174,17406867596367059733,endpoint_l2/left_position,0.0012164522195234895
gpu_1,base,clean/turn_switch/episode_000047/0_98,turn_switch,episode_000047,clean,,,,final_action,gaussian_blur_sigma,0.5,,,,16604683412220122174,17406867596367059733,endpoint_l2/right_position,0.0011679083108901978
gpu_1,base,clean/turn_switch/episode_000047/0_98,turn_switch,episode_000047,clean,,,,final_action,gaussian_blur_sigma,0.5,,,,16604683412220122174,17406867596367059733,rotation_geodesic/left_rotation,0.0007659487891942263
gpu_1,base,clean/turn_switch/episode_000047/0_98,turn_switch,episode_000047,clean,,,,final_action,gaussian_blur_sigma,0.5,,,,16604683412220122174,17406867596367059733,rotation_geodesic/right_rotation,0.0032358744647353888
gpu_1,base,clean/turn_switch/episode_000047/0_98,turn_switch,episode_000047,clean,,,,final_action,gaussian_blur_sigma,0.5,,,,16604683412220122174,17406867596367059733,gripper_flip_rate,0.0
gpu_1,base,clean/turn_switch/episode_000047/0_98,turn_switch,episode_000047,clean,,,,final_action,gaussian_blur_sigma,0.5,,,,16604683412220122174,17406867596367059733,temporal_jerk_difference,0.0011231350945308805
gpu_1,base,clean/turn_switch/episode_000047/0_98,turn_switch,episode_000047,clean,,,,final_action,gaussian_blur_sigma,1.0,,,,16604683412220122174,1591302671540779324,action_relative_l2,0.008133649826049805
gpu_1,base,clean/turn_switch/episode_000047/0_98,turn_switch,episode_000047,clean,,,,final_action,gaussian_blur_sigma,1.0,,,,16604683412220122174,1591302671540779324,action_mean_abs,0.0009032358648255467
gpu_1,base,clean/turn_switch/episode_000047/0_98,turn_switch,episode_000047,clean,,,,final_action,gaussian_blur_sigma,1.0,,,,16604683412220122174,1591302671540779324,action_relative_l2/first_25pct,0.0
gpu_1,base,clean/turn_switch/episode_000047/0_98,turn_switch,episode_000047,clean,,,,final_action,gaussian_blur_sigma,1.0,,,,16604683412220122174,1591302671540779324,action_relative_l2/last_75pct,0.008443573489785194
gpu_1,base,clean/turn_switch/episode_000047/0_98,turn_switch,episode_000047,clean,,,,final_action,gaussian_blur_sigma,1.0,,,,16604683412220122174,1591302671540779324,endpoint_l2/left_position,0.003115016268566251
gpu_1,base,clean/turn_switch/episode_000047/0_98,turn_switch,episode_000047,clean,,,,final_action,gaussian_blur_sigma,1.0,,,,16604683412220122174,1591302671540779324,endpoint_l2/right_position,0.0011679083108901978
gpu_1,base,clean/turn_switch/episode_000047/0_98,turn_switch,episode_000047,clean,,,,final_action,gaussian_blur_sigma,1.0,,,,16604683412220122174,1591302671540779324,rotation_geodesic/left_rotation,0.002106442116200924
gpu_1,base,clean/turn_switch/episode_000047/0_98,turn_switch,episode_000047,clean,,,,final_action,gaussian_blur_sigma,1.0,,,,16604683412220122174,1591302671540779324,rotation_geodesic/right_rotation,0.003091369289904833
gpu_1,base,clean/turn_switch/episode_000047/0_98,turn_switch,episode_000047,clean,,,,final_action,gaussian_blur_sigma,1.0,,,,16604683412220122174,1591302671540779324,gripper_flip_rate,0.0
gpu_1,base,clean/turn_switch/episode_000047/0_98,turn_switch,episode_000047,clean,,,,final_action,gaussian_blur_sigma,1.0,,,,16604683412220122174,1591302671540779324,temporal_jerk_difference,0.0010599626693874598
gpu_1,base,clean/turn_switch/episode_000047/0_98,turn_switch,episode_000047,clean,,,,final_action,gaussian_noise_std,0.01,,,,16604683412220122174,12285946054869263813,action_relative_l2,0.04897089675068855
gpu_1,base,clean/turn_switch/episode_000047/0_98,turn_switch,episode_000047,clean,,,,final_action,gaussian_noise_std,0.01,,,,16604683412220122174,12285946054869263813,action_mean_abs,0.0066041783429682255
gpu_1,base,clean/turn_switch/episode_000047/0_98,turn_switch,episode_000047,clean,,,,final_action,gaussian_noise_std,0.01,,,,16604683412220122174,12285946054869263813,action_relative_l2/first_25pct,0.0
gpu_1,base,clean/turn_switch/episode_000047/0_98,turn_switch,episode_000047,clean,,,,final_action,gaussian_noise_std,0.01,,,,16604683412220122174,12285946054869263813,action_relative_l2/last_75pct,0.05083688348531723
gpu_1,base,clean/turn_switch/episode_000047/0_98,turn_switch,episode_000047,clean,,,,final_action,gaussian_noise_std,0.01,,,,16604683412220122174,12285946054869263813,endpoint_l2/left_position,0.03360326588153839
gpu_1,base,clean/turn_switch/episode_000047/0_98,turn_switch,episode_000047,clean,,,,final_action,gaussian_noise_std,0.01,,,,16604683412220122174,12285946054869263813,endpoint_l2/right_position,0.0025606430135667324
gpu_1,base,clean/turn_switch/episode_000047/0_98,turn_switch,episode_000047,clean,,,,final_action,gaussian_noise_std,0.01,,,,16604683412220122174,12285946054869263813,rotation_geodesic/left_rotation,0.009201345965266228
gpu_1,base,clean/turn_switch/episode_000047/0_98,turn_switch,episode_000047,clean,,,,final_action,gaussian_noise_std,0.01,,,,16604683412220122174,12285946054869263813,rotation_geodesic/right_rotation,0.031705841422080994
gpu_1,base,clean/turn_switch/episode_000047/0_98,turn_switch,episode_000047,clean,,,,final_action,gaussian_noise_std,0.01,,,,16604683412220122174,12285946054869263813,gripper_flip_rate,0.0
gpu_1,base,clean/turn_switch/episode_000047/0_98,turn_switch,episode_000047,clean,,,,final_action,gaussian_noise_std,0.01,,,,16604683412220122174,12285946054869263813,temporal_jerk_difference,0.002449578605592251
gpu_1,base,clean/turn_switch/episode_000047/0_98,turn_switch,episode_000047,clean,,,,final_action,gaussian_noise_std,0.03,,,,16604683412220122174,11263194624413296043,action_relative_l2,0.04470307379961014
gpu_1,base,clean/turn_switch/episode_000047/0_98,turn_switch,episode_000047,clean,,,,final_action,gaussian_noise_std,0.03,,,,16604683412220122174,11263194624413296043,action_mean_abs,0.006207948550581932
gpu_1,base,clean/turn_switch/episode_000047/0_98,turn_switch,episode_000047,clean,,,,final_action,gaussian_noise_std,0.03,,,,16604683412220122174,11263194624413296043,action_relative_l2/first_25pct,0.0
gpu_1,base,clean/turn_switch/episode_000047/0_98,turn_switch,episode_000047,clean,,,,final_action,gaussian_noise_std,0.03,,,,16604683412220122174,11263194624413296043,action_relative_l2/last_75pct,0.04640644043684006
gpu_1,base,clean/turn_switch/episode_000047/0_98,turn_switch,episode_000047,clean,,,,final_action,gaussian_noise_std,0.03,,,,16604683412220122174,11263194624413296043,endpoint_l2/left_position,0.02919423207640648
gpu_1,base,clean/turn_switch/episode_000047/0_98,turn_switch,episode_000047,clean,,,,final_action,gaussian_noise_std,0.03,,,,16604683412220122174,11263194624413296043,endpoint_l2/right_position,0.0013958782656118274
gpu_1,base,clean/turn_switch/episode_000047/0_98,turn_switch,episode_000047,clean,,,,final_action,gaussian_noise_std,0.03,,,,16604683412220122174,11263194624413296043,rotation_geodesic/left_rotation,0.008979461155831814
gpu_1,base,clean/turn_switch/episode_000047/0_98,turn_switch,episode_000047,clean,,,,final_action,gaussian_noise_std,0.03,,,,16604683412220122174,11263194624413296043,rotation_geodesic/right_rotation,0.04055273160338402
gpu_1,base,clean/turn_switch/episode_000047/0_98,turn_switch,episode_000047,clean,,,,final_action,gaussian_noise_std,0.03,,,,16604683412220122174,11263194624413296043,gripper_flip_rate,0.0
gpu_1,base,clean/turn_switch/episode_000047/0_98,turn_switch,episode_000047,clean,,,,final_action,gaussian_noise_std,0.03,,,,16604683412220122174,11263194624413296043,temporal_jerk_difference,0.0020926049910485744
gpu_1,base,clean/turn_switch/episode_000047/0_98,turn_switch,episode_000047,clean,,,,final_action,identity,0.0,,,,16604683412220122174,,action_relative_l2,0.0
gpu_1,base,clean/turn_switch/episode_000047/0_98,turn_switch,episode_000047,clean,,,,final_action,identity,0.0,,,,16604683412220122174,,action_mean_abs,0.0
gpu_1,base,clean/turn_switch/episode_000047/0_98,turn_switch,episode_000047,clean,,,,final_action,identity,0.0,,,,16604683412220122174,,action_relative_l2/first_25pct,0.0
gpu_1,base,clean/turn_switch/episode_000047/0_98,turn_switch,episode_000047,clean,,,,final_action,identity,0.0,,,,16604683412220122174,,action_relative_l2/last_75pct,0.0
gpu_1,base,clean/turn_switch/episode_000047/0_98,turn_switch,episode_000047,clean,,,,final_action,identity,0.0,,,,16604683412220122174,,endpoint_l2/left_position,0.0
gpu_1,base,clean/turn_switch/episode_000047/0_98,turn_switch,episode_000047,clean,,,,final_action,identity,0.0,,,,16604683412220122174,,endpoint_l2/right_position,0.0
gpu_1,base,clean/turn_switch/episode_000047/0_98,turn_switch,episode_000047,clean,,,,final_action,identity,0.0,,,,16604683412220122174,,rotation_geodesic/left_rotation,0.0002962373837362975
gpu_1,base,clean/turn_switch/episode_000047/0_98,turn_switch,episode_000047,clean,,,,final_action,identity,0.0,,,,16604683412220122174,,rotation_geodesic/right_rotation,9.525514178676531e-05
gpu_1,base,clean/turn_switch/episode_000047/0_98,turn_switch,episode_000047,clean,,,,final_action,identity,0.0,,,,16604683412220122174,,gripper_flip_rate,0.0
gpu_1,base,clean/turn_switch/episode_000047/0_98,turn_switch,episode_000047,clean,,,,final_action,identity,0.0,,,,16604683412220122174,,temporal_jerk_difference,0.0
gpu_1,clean,clean/click_bell/episode_000027/0_74,click_bell,episode_000027,clean,,,,final_action,brightness,0.8,,,,4100563280526850425,4321181102006504660,action_relative_l2,0.019905906170606613
gpu_1,clean,clean/click_bell/episode_000027/0_74,click_bell,episode_000027,clean,,,,final_action,brightness,0.8,,,,4100563280526850425,4321181102006504660,action_mean_abs,0.0032219253480434418
gpu_1,clean,clean/click_bell/episode_000027/0_74,click_bell,episode_000027,clean,,,,final_action,brightness,0.8,,,,4100563280526850425,4321181102006504660,action_relative_l2/first_25pct,0.0
gpu_1,clean,clean/click_bell/episode_000027/0_74,click_bell,episode_000027,clean,,,,final_action,brightness,0.8,,,,4100563280526850425,4321181102006504660,action_relative_l2/last_75pct,0.02061263658106327
gpu_1,clean,clean/click_bell/episode_000027/0_74,click_bell,episode_000027,clean,,,,final_action,brightness,0.8,,,,4100563280526850425,4321181102006504660,endpoint_l2/left_position,0.009839416481554508
gpu_1,clean,clean/click_bell/episode_000027/0_74,click_bell,episode_000027,clean,,,,final_action,brightness,0.8,,,,4100563280526850425,4321181102006504660,endpoint_l2/right_position,0.019387980923056602
gpu_1,clean,clean/click_bell/episode_000027/0_74,click_bell,episode_000027,clean,,,,final_action,brightness,0.8,,,,4100563280526850425,4321181102006504660,rotation_geodesic/left_rotation,0.005721867084503174
gpu_1,clean,clean/click_bell/episode_000027/0_74,click_bell,episode_000027,clean,,,,final_action,brightness,0.8,,,,4100563280526850425,4321181102006504660,rotation_geodesic/right_rotation,0.030568599700927734
gpu_1,clean,clean/click_bell/episode_000027/0_74,click_bell,episode_000027,clean,,,,final_action,brightness,0.8,,,,4100563280526850425,4321181102006504660,gripper_flip_rate,0.0
gpu_1,clean,clean/click_bell/episode_000027/0_74,click_bell,episode_000027,clean,,,,final_action,brightness,0.8,,,,4100563280526850425,4321181102006504660,temporal_jerk_difference,0.0016625417629256845
gpu_1,clean,clean/click_bell/episode_000027/0_74,click_bell,episode_000027,clean,,,,final_action,brightness,1.2,,,,4100563280526850425,4579322019718184357,action_relative_l2,0.012200111523270607
gpu_1,clean,clean/click_bell/episode_000027/0_74,click_bell,episode_000027,clean,,,,final_action,brightness,1.2,,,,4100563280526850425,4579322019718184357,action_mean_abs,0.001729337964206934
gpu_1,clean,clean/click_bell/episode_000027/0_74,click_bell,episode_000027,clean,,,,final_action,brightness,1.2,,,,4100563280526850425,4579322019718184357,action_relative_l2/first_25pct,0.0
gpu_1,clean,clean/click_bell/episode_000027/0_74,click_bell,episode_000027,clean,,,,final_action,brightness,1.2,,,,4100563280526850425,4579322019718184357,action_relative_l2/last_75pct,0.012633257545530796
gpu_1,clean,clean/click_bell/episode_000027/0_74,click_bell,episode_000027,clean,,,,final_action,brightness,1.2,,,,4100563280526850425,4579322019718184357,endpoint_l2/left_position,0.0022472271230071783
gpu_1,clean,clean/click_bell/episode_000027/0_74,click_bell,episode_000027,clean,,,,final_action,brightness,1.2,,,,4100563280526850425,4579322019718184357,endpoint_l2/right_position,0.02091240882873535
gpu_1,clean,clean/click_bell/episode_000027/0_74,click_bell,episode_000027,clean,,,,final_action,brightness,1.2,,,,4100563280526850425,4579322019718184357,rotation_geodesic/left_rotation,0.002991091925650835
gpu_1,clean,clean/click_bell/episode_000027/0_74,click_bell,episode_000027,clean,,,,final_action,brightness,1.2,,,,4100563280526850425,4579322019718184357,rotation_geodesic/right_rotation,0.020396165549755096
gpu_1,clean,clean/click_bell/episode_000027/0_74,click_bell,episode_000027,clean,,,,final_action,brightness,1.2,,,,4100563280526850425,4579322019718184357,gripper_flip_rate,0.0
gpu_1,clean,clean/click_bell/episode_000027/0_74,click_bell,episode_000027,clean,,,,final_action,brightness,1.2,,,,4100563280526850425,4579322019718184357,temporal_jerk_difference,0.0012884843163192272
gpu_1,clean,clean/click_bell/episode_000027/0_74,click_bell,episode_000027,clean,,,,final_action,color_temperature,-0.1,,,,4100563280526850425,15847343748376151180,action_relative_l2,0.01752261072397232
gpu_1,clean,clean/click_bell/episode_000027/0_74,click_bell,episode_000027,clean,,,,final_action,color_temperature,-0.1,,,,4100563280526850425,15847343748376151180,action_mean_abs,0.002920128172263503
gpu_1,clean,clean/click_bell/episode_000027/0_74,click_bell,episode_000027,clean,,,,final_action,color_temperature,-0.1,,,,4100563280526850425,15847343748376151180,action_relative_l2/first_25pct,0.0
gpu_1,clean,clean/click_bell/episode_000027/0_74,click_bell,episode_000027,clean,,,,final_action,color_temperature,-0.1,,,,4100563280526850425,15847343748376151180,action_relative_l2/last_75pct,0.018144723027944565
gpu_1,clean,clean/click_bell/episode_000027/0_74,click_bell,episode_000027,clean,,,,final_action,color_temperature,-0.1,,,,4100563280526850425,15847343748376151180,endpoint_l2/left_position,0.007390735205262899
gpu_1,clean,clean/click_bell/episode_000027/0_74,click_bell,episode_000027,clean,,,,final_action,color_temperature,-0.1,,,,4100563280526850425,15847343748376151180,endpoint_l2/right_position,0.011637956835329533
gpu_1,clean,clean/click_bell/episode_000027/0_74,click_bell,episode_000027,clean,,,,final_action,color_temperature,-0.1,,,,4100563280526850425,15847343748376151180,rotation_geodesic/left_rotation,0.007405280601233244
gpu_1,clean,clean/click_bell/episode_000027/0_74,click_bell,episode_000027,clean,,,,final_action,color_temperature,-0.1,,,,4100563280526850425,15847343748376151180,rotation_geodesic/right_rotation,0.03044639155268669
gpu_1,clean,clean/click_bell/episode_000027/0_74,click_bell,episode_000027,clean,,,,final_action,color_temperature,-0.1,,,,4100563280526850425,15847343748376151180,gripper_flip_rate,0.0
gpu_1,clean,clean/click_bell/episode_000027/0_74,click_bell,episode_000027,clean,,,,final_action,color_temperature,-0.1,,,,4100563280526850425,15847343748376151180,temporal_jerk_difference,0.001738085295073688
gpu_1,clean,clean/click_bell/episode_000027/0_74,click_bell,episode_000027,clean,,,,final_action,color_temperature,0.1,,,,4100563280526850425,875813543527471210,action_relative_l2,0.010370158590376377
gpu_1,clean,clean/click_bell/episode_000027/0_74,click_bell,episode_000027,clean,,,,final_action,color_temperature,0.1,,,,4100563280526850425,875813543527471210,action_mean_abs,0.0011996470857411623
gpu_1,clean,clean/click_bell/episode_000027/0_74,click_bell,episode_000027,clean,,,,final_action,color_temperature,0.1,,,,4100563280526850425,875813543527471210,action_relative_l2/first_25pct,0.0
gpu_1,clean,clean/click_bell/episode_000027/0_74,click_bell,episode_000027,clean,,,,final_action,color_temperature,0.1,,,,4100563280526850425,875813543527471210,action_relative_l2/last_75pct,0.01073833554983139
gpu_1,clean,clean/click_bell/episode_000027/0_74,click_bell,episode_000027,clean,,,,final_action,color_temperature,0.1,,,,4100563280526850425,875813543527471210,endpoint_l2/left_position,0.001584343728609383
gpu_1,clean,clean/click_bell/episode_000027/0_74,click_bell,episode_000027,clean,,,,final_action,color_temperature,0.1,,,,4100563280526850425,875813543527471210,endpoint_l2/right_position,0.005585783161222935
gpu_1,clean,clean/click_bell/episode_000027/0_74,click_bell,episode_000027,clean,,,,final_action,color_temperature,0.1,,,,4100563280526850425,875813543527471210,rotation_geodesic/left_rotation,0.0045902542769908905
gpu_1,clean,clean/click_bell/episode_000027/0_74,click_bell,episode_000027,clean,,,,final_action,color_temperature,0.1,,,,4100563280526850425,875813543527471210,rotation_geodesic/right_rotation,0.016468346118927002
gpu_1,clean,clean/click_bell/episode_000027/0_74,click_bell,episode_000027,clean,,,,final_action,color_temperature,0.1,,,,4100563280526850425,875813543527471210,gripper_flip_rate,0.0
gpu_1,clean,clean/click_bell/episode_000027/0_74,click_bell,episode_000027,clean,,,,final_action,color_temperature,0.1,,,,4100563280526850425,875813543527471210,temporal_jerk_difference,0.0015103410696610808
gpu_1,clean,clean/click_bell/episode_000027/0_74,click_bell,episode_000027,clean,,,,final_action,gamma,0.8,,,,4100563280526850425,12912083535656245349,action_relative_l2,0.003922602627426386
gpu_1,clean,clean/click_bell/episode_000027/0_74,click_bell,episode_000027,clean,,,,final_action,gamma,0.8,,,,4100563280526850425,12912083535656245349,action_mean_abs,0.0003576466697268188
gpu_1,clean,clean/click_bell/episode_000027/0_74,click_bell,episode_000027,clean,,,,final_action,gamma,0.8,,,,4100563280526850425,12912083535656245349,action_relative_l2/first_25pct,0.0
gpu_1,clean,clean/click_bell/episode_000027/0_74,click_bell,episode_000027,clean,,,,final_action,gamma,0.8,,,,4100563280526850425,12912083535656245349,action_relative_l2/last_75pct,0.004061868879944086
gpu_1,clean,clean/click_bell/episode_000027/0_74,click_bell,episode_000027,clean,,,,final_action,gamma,0.8,,,,4100563280526850425,12912083535656245349,endpoint_l2/left_position,0.0007806755602359772
gpu_1,clean,clean/click_bell/episode_000027/0_74,click_bell,episode_000027,clean,,,,final_action,gamma,0.8,,,,4100563280526850425,12912083535656245349,endpoint_l2/right_position,0.0032735716085880995
gpu_1,clean,clean/click_bell/episode_000027/0_74,click_bell,episode_000027,clean,,,,final_action,gamma,0.8,,,,4100563280526850425,12912083535656245349,rotation_geodesic/left_rotation,0.0005961784045211971
gpu_1,clean,clean/click_bell/episode_000027/0_74,click_bell,episode_000027,clean,,,,final_action,gamma,0.8,,,,4100563280526850425,12912083535656245349,rotation_geodesic/right_rotation,0.004095831885933876
gpu_1,clean,clean/click_bell/episode_000027/0_74,click_bell,episode_000027,clean,,,,final_action,gamma,0.8,,,,4100563280526850425,12912083535656245349,gripper_flip_rate,0.0
gpu_1,clean,clean/click_bell/episode_000027/0_74,click_bell,episode_000027,clean,,,,final_action,gamma,0.8,,,,4100563280526850425,12912083535656245349,temporal_jerk_difference,0.0008497920352965593
gpu_1,clean,clean/click_bell/episode_000027/0_74,click_bell,episode_000027,clean,,,,final_action,gamma,1.2,,,,4100563280526850425,7766064385072394058,action_relative_l2,0.004192979075014591
gpu_1,clean,clean/click_bell/episode_000027/0_74,click_bell,episode_000027,clean,,,,final_action,gamma,1.2,,,,4100563280526850425,7766064385072394058,action_mean_abs,0.0003542291233316064
gpu_1,clean,clean/click_bell/episode_000027/0_74,click_bell,episode_000027,clean,,,,final_action,gamma,1.2,,,,4100563280526850425,7766064385072394058,action_relative_l2/first_25pct,0.0
gpu_1,clean,clean/click_bell/episode_000027/0_74,click_bell,episode_000027,clean,,,,final_action,gamma,1.2,,,,4100563280526850425,7766064385072394058,action_relative_l2/last_75pct,0.004341844003647566
gpu_1,clean,clean/click_bell/episode_000027/0_74,click_bell,episode_000027,clean,,,,final_action,gamma,1.2,,,,4100563280526850425,7766064385072394058,endpoint_l2/left_position,0.00045955926179885864
gpu_1,clean,clean/click_bell/episode_000027/0_74,click_bell,episode_000027,clean,,,,final_action,gamma,1.2,,,,4100563280526850425,7766064385072394058,endpoint_l2/right_position,0.0
gpu_1,clean,clean/click_bell/episode_000027/0_74,click_bell,episode_000027,clean,,,,final_action,gamma,1.2,,,,4100563280526850425,7766064385072394058,rotation_geodesic/left_rotation,0.0024831395130604506
gpu_1,clean,clean/click_bell/episode_000027/0_74,click_bell,episode_000027,clean,,,,final_action,gamma,1.2,,,,4100563280526850425,7766064385072394058,rotation_geodesic/right_rotation,0.003616730682551861
gpu_1,clean,clean/click_bell/episode_000027/0_74,click_bell,episode_000027,clean,,,,final_action,gamma,1.2,,,,4100563280526850425,7766064385072394058,gripper_flip_rate,0.0
gpu_1,clean,clean/click_bell/episode_000027/0_74,click_bell,episode_000027,clean,,,,final_action,gamma,1.2,,,,4100563280526850425,7766064385072394058,temporal_jerk_difference,0.0009537962032482028
gpu_1,clean,clean/click_bell/episode_000027/0_74,click_bell,episode_000027,clean,,,,final_action,gaussian_blur_sigma,0.5,,,,4100563280526850425,11882852233486672599,action_relative_l2,0.0050754002295434475
gpu_1,clean,clean/click_bell/episode_000027/0_74,click_bell,episode_000027,clean,,,,final_action,gaussian_blur_sigma,0.5,,,,4100563280526850425,11882852233486672599,action_mean_abs,0.0004983593244105577
gpu_1,clean,clean/click_bell/episode_000027/0_74,click_bell,episode_000027,clean,,,,final_action,gaussian_blur_sigma,0.5,,,,4100563280526850425,11882852233486672599,action_relative_l2/first_25pct,0.0
gpu_1,clean,clean/click_bell/episode_000027/0_74,click_bell,episode_000027,clean,,,,final_action,gaussian_blur_sigma,0.5,,,,4100563280526850425,11882852233486672599,action_relative_l2/last_75pct,0.0052555943839251995
gpu_1,clean,clean/click_bell/episode_000027/0_74,click_bell,episode_000027,clean,,,,final_action,gaussian_blur_sigma,0.5,,,,4100563280526850425,11882852233486672599,endpoint_l2/left_position,0.0
gpu_1,clean,clean/click_bell/episode_000027/0_74,click_bell,episode_000027,clean,,,,final_action,gaussian_blur_sigma,0.5,,,,4100563280526850425,11882852233486672599,endpoint_l2/right_position,0.0013958823401480913
gpu_1,clean,clean/click_bell/episode_000027/0_74,click_bell,episode_000027,clean,,,,final_action,gaussian_blur_sigma,0.5,,,,4100563280526850425,11882852233486672599,rotation_geodesic/left_rotation,0.002956409240141511
gpu_1,clean,clean/click_bell/episode_000027/0_74,click_bell,episode_000027,clean,,,,final_action,gaussian_blur_sigma,0.5,,,,4100563280526850425,11882852233486672599,rotation_geodesic/right_rotation,0.005177908111363649
gpu_1,clean,clean/click_bell/episode_000027/0_74,click_bell,episode_000027,clean,,,,final_action,gaussian_blur_sigma,0.5,,,,4100563280526850425,11882852233486672599,gripper_flip_rate,0.0
gpu_1,clean,clean/click_bell/episode_000027/0_74,click_bell,episode_000027,clean,,,,final_action,gaussian_blur_sigma,0.5,,,,4100563280526850425,11882852233486672599,temporal_jerk_difference,0.0010026899399235845
gpu_1,clean,clean/click_bell/episode_000027/0_74,click_bell,episode_000027,clean,,,,final_action,gaussian_blur_sigma,1.0,,,,4100563280526850425,1509286939569554835,action_relative_l2,0.006082675885409117
gpu_1,clean,clean/click_bell/episode_000027/0_74,click_bell,episode_000027,clean,,,,final_action,gaussian_blur_sigma,1.0,,,,4100563280526850425,1509286939569554835,action_mean_abs,0.000669304165057838
gpu_1,clean,clean/click_bell/episode_000027/0_74,click_bell,episode_000027,clean,,,,final_action,gaussian_blur_sigma,1.0,,,,4100563280526850425,1509286939569554835,action_relative_l2/first_25pct,0.0
gpu_1,clean,clean/click_bell/episode_000027/0_74,click_bell,episode_000027,clean,,,,final_action,gaussian_blur_sigma,1.0,,,,4100563280526850425,1509286939569554835,action_relative_l2/last_75pct,0.006298632360994816
gpu_1,clean,clean/click_bell/episode_000027/0_74,click_bell,episode_000027,clean,,,,final_action,gaussian_blur_sigma,1.0,,,,4100563280526850425,1509286939569554835,endpoint_l2/left_position,0.0012064904440194368
gpu_1,clean,clean/click_bell/episode_000027/0_74,click_bell,episode_000027,clean,,,,final_action,gaussian_blur_sigma,1.0,,,,4100563280526850425,1509286939569554835,endpoint_l2/right_position,0.003255104646086693
gpu_1,clean,clean/click_bell/episode_000027/0_74,click_bell,episode_000027,clean,,,,final_action,gaussian_blur_sigma,1.0,,,,4100563280526850425,1509286939569554835,rotation_geodesic/left_rotation,0.0015204481314867735
gpu_1,clean,clean/click_bell/episode_000027/0_74,click_bell,episode_000027,clean,,,,final_action,gaussian_blur_sigma,1.0,,,,4100563280526850425,1509286939569554835,rotation_geodesic/right_rotation,0.01033982913941145
gpu_1,clean,clean/click_bell/episode_000027/0_74,click_bell,episode_000027,clean,,,,final_action,gaussian_blur_sigma,1.0,,,,4100563280526850425,1509286939569554835,gripper_flip_rate,0.0
gpu_1,clean,clean/click_bell/episode_000027/0_74,click_bell,episode_000027,clean,,,,final_action,gaussian_blur_sigma,1.0,,,,4100563280526850425,1509286939569554835,temporal_jerk_difference,0.0009820733685046434
gpu_1,clean,clean/click_bell/episode_000027/0_74,click_bell,episode_000027,clean,,,,final_action,gaussian_noise_std,0.01,,,,4100563280526850425,1529515671173550845,action_relative_l2,0.012816023081541061
gpu_1,clean,clean/click_bell/episode_000027/0_74,click_bell,episode_000027,clean,,,,final_action,gaussian_noise_std,0.01,,,,4100563280526850425,1529515671173550845,action_mean_abs,0.0016904831863939762
gpu_1,clean,clean/click_bell/episode_000027/0_74,click_bell,episode_000027,clean,,,,final_action,gaussian_noise_std,0.01,,,,4100563280526850425,1529515671173550845,action_relative_l2/first_25pct,0.0
gpu_1,clean,clean/click_bell/episode_000027/0_74,click_bell,episode_000027,clean,,,,final_action,gaussian_noise_std,0.01,,,,4100563280526850425,1529515671173550845,action_relative_l2/last_75pct,0.013271036557853222
gpu_1,clean,clean/click_bell/episode_000027/0_74,click_bell,episode_000027,clean,,,,final_action,gaussian_noise_std,0.01,,,,4100563280526850425,1529515671173550845,endpoint_l2/left_position,0.0026226728223264217
gpu_1,clean,clean/click_bell/episode_000027/0_74,click_bell,episode_000027,clean,,,,final_action,gaussian_noise_std,0.01,,,,4100563280526850425,1529515671173550845,endpoint_l2/right_position,0.008617376908659935
gpu_1,clean,clean/click_bell/episode_000027/0_74,click_bell,episode_000027,clean,,,,final_action,gaussian_noise_std,0.01,,,,4100563280526850425,1529515671173550845,rotation_geodesic/left_rotation,0.005519750993698835
gpu_1,clean,clean/click_bell/episode_000027/0_74,click_bell,episode_000027,clean,,,,final_action,gaussian_noise_std,0.01,,,,4100563280526850425,1529515671173550845,rotation_geodesic/right_rotation,0.01948009803891182
gpu_1,clean,clean/click_bell/episode_000027/0_74,click_bell,episode_000027,clean,,,,final_action,gaussian_noise_std,0.01,,,,4100563280526850425,1529515671173550845,gripper_flip_rate,0.0
gpu_1,clean,clean/click_bell/episode_000027/0_74,click_bell,episode_000027,clean,,,,final_action,gaussian_noise_std,0.01,,,,4100563280526850425,1529515671173550845,temporal_jerk_difference,0.0018346853321418166
gpu_1,clean,clean/click_bell/episode_000027/0_74,click_bell,episode_000027,clean,,,,final_action,gaussian_noise_std,0.03,,,,4100563280526850425,9041917832208938192,action_relative_l2,0.019009316340088844
gpu_1,clean,clean/click_bell/episode_000027/0_74,click_bell,episode_000027,clean,,,,final_action,gaussian_noise_std,0.03,,,,4100563280526850425,9041917832208938192,action_mean_abs,0.0029383585788309574
gpu_1,clean,clean/click_bell/episode_000027/0_74,click_bell,episode_000027,clean,,,,final_action,gaussian_noise_std,0.03,,,,4100563280526850425,9041917832208938192,action_relative_l2/first_25pct,0.0
gpu_1,clean,clean/click_bell/episode_000027/0_74,click_bell,episode_000027,clean,,,,final_action,gaussian_noise_std,0.03,,,,4100563280526850425,9041917832208938192,action_relative_l2/last_75pct,0.019684214144945145
gpu_1,clean,clean/click_bell/episode_000027/0_74,click_bell,episode_000027,clean,,,,final_action,gaussian_noise_std,0.03,,,,4100563280526850425,9041917832208938192,endpoint_l2/left_position,0.00761590339243412
gpu_1,clean,clean/click_bell/episode_000027/0_74,click_bell,episode_000027,clean,,,,final_action,gaussian_noise_std,0.03,,,,4100563280526850425,9041917832208938192,endpoint_l2/right_position,0.01188146322965622
gpu_1,clean,clean/click_bell/episode_000027/0_74,click_bell,episode_000027,clean,,,,final_action,gaussian_noise_std,0.03,,,,4100563280526850425,9041917832208938192,rotation_geodesic/left_rotation,0.007582382299005985
gpu_1,clean,clean/click_bell/episode_000027/0_74,click_bell,episode_000027,clean,,,,final_action,gaussian_noise_std,0.03,,,,4100563280526850425,9041917832208938192,rotation_geodesic/right_rotation,0.03019062615931034
gpu_1,clean,clean/click_bell/episode_000027/0_74,click_bell,episode_000027,clean,,,,final_action,gaussian_noise_std,0.03,,,,4100563280526850425,9041917832208938192,gripper_flip_rate,0.0
gpu_1,clean,clean/click_bell/episode_000027/0_74,click_bell,episode_000027,clean,,,,final_action,gaussian_noise_std,0.03,,,,4100563280526850425,9041917832208938192,temporal_jerk_difference,0.001836548326537013
gpu_1,clean,clean/click_bell/episode_000027/0_74,click_bell,episode_000027,clean,,,,final_action,identity,0.0,,,,4100563280526850425,,action_relative_l2,0.0
gpu_1,clean,clean/click_bell/episode_000027/0_74,click_bell,episode_000027,clean,,,,final_action,identity,0.0,,,,4100563280526850425,,action_mean_abs,0.0
gpu_1,clean,clean/click_bell/episode_000027/0_74,click_bell,episode_000027,clean,,,,final_action,identity,0.0,,,,4100563280526850425,,action_relative_l2/first_25pct,0.0
gpu_1,clean,clean/click_bell/episode_000027/0_74,click_bell,episode_000027,clean,,,,final_action,identity,0.0,,,,4100563280526850425,,action_relative_l2/last_75pct,0.0
gpu_1,clean,clean/click_bell/episode_000027/0_74,click_bell,episode_000027,clean,,,,final_action,identity,0.0,,,,4100563280526850425,,endpoint_l2/left_position,0.0
gpu_1,clean,clean/click_bell/episode_000027/0_74,click_bell,episode_000027,clean,,,,final_action,identity,0.0,,,,4100563280526850425,,endpoint_l2/right_position,0.0
gpu_1,clean,clean/click_bell/episode_000027/0_74,click_bell,episode_000027,clean,,,,final_action,identity,0.0,,,,4100563280526850425,,rotation_geodesic/left_rotation,0.0001078959321603179
gpu_1,clean,clean/click_bell/episode_000027/0_74,click_bell,episode_000027,clean,,,,final_action,identity,0.0,,,,4100563280526850425,,rotation_geodesic/right_rotation,0.0001347111101495102
gpu_1,clean,clean/click_bell/episode_000027/0_74,click_bell,episode_000027,clean,,,,final_action,identity,0.0,,,,4100563280526850425,,gripper_flip_rate,0.0
gpu_1,clean,clean/click_bell/episode_000027/0_74,click_bell,episode_000027,clean,,,,final_action,identity,0.0,,,,4100563280526850425,,temporal_jerk_difference,0.0
gpu_1,clean,clean/open_laptop/episode_000017/0_259,open_laptop,episode_000017,clean,,,,final_action,brightness,0.8,,,,4533883950938286080,6363183859096379563,action_relative_l2,0.04682086035609245
gpu_1,clean,clean/open_laptop/episode_000017/0_259,open_laptop,episode_000017,clean,,,,final_action,brightness,0.8,,,,4533883950938286080,6363183859096379563,action_mean_abs,0.00543229142203927
gpu_1,clean,clean/open_laptop/episode_000017/0_259,open_laptop,episode_000017,clean,,,,final_action,brightness,0.8,,,,4533883950938286080,6363183859096379563,action_relative_l2/first_25pct,0.0
gpu_1,clean,clean/open_laptop/episode_000017/0_259,open_laptop,episode_000017,clean,,,,final_action,brightness,0.8,,,,4533883950938286080,6363183859096379563,action_relative_l2/last_75pct,0.048468317836523056
gpu_1,clean,clean/open_laptop/episode_000017/0_259,open_laptop,episode_000017,clean,,,,final_action,brightness,0.8,,,,4533883950938286080,6363183859096379563,endpoint_l2/left_position,0.008050156757235527
gpu_1,clean,clean/open_laptop/episode_000017/0_259,open_laptop,episode_000017,clean,,,,final_action,brightness,0.8,,,,4533883950938286080,6363183859096379563,endpoint_l2/right_position,0.05178748816251755
gpu_1,clean,clean/open_laptop/episode_000017/0_259,open_laptop,episode_000017,clean,,,,final_action,brightness,0.8,,,,4533883950938286080,6363183859096379563,rotation_geodesic/left_rotation,0.008502906188368797
gpu_1,clean,clean/open_laptop/episode_000017/0_259,open_laptop,episode_000017,clean,,,,final_action,brightness,0.8,,,,4533883950938286080,6363183859096379563,rotation_geodesic/right_rotation,0.06935763359069824
gpu_1,clean,clean/open_laptop/episode_000017/0_259,open_laptop,episode_000017,clean,,,,final_action,brightness,0.8,,,,4533883950938286080,6363183859096379563,gripper_flip_rate,0.0
gpu_1,clean,clean/open_laptop/episode_000017/0_259,open_laptop,episode_000017,clean,,,,final_action,brightness,0.8,,,,4533883950938286080,6363183859096379563,temporal_jerk_difference,0.0017763028154149652
gpu_1,clean,clean/open_laptop/episode_000017/0_259,open_laptop,episode_000017,clean,,,,final_action,brightness,1.2,,,,4533883950938286080,8273599013752022625,action_relative_l2,0.15922574698925018
gpu_1,clean,clean/open_laptop/episode_000017/0_259,open_laptop,episode_000017,clean,,,,final_action,brightness,1.2,,,,4533883950938286080,8273599013752022625,action_mean_abs,0.013711956329643726
gpu_1,clean,clean/open_laptop/episode_000017/0_259,open_laptop,episode_000017,clean,,,,final_action,brightness,1.2,,,,4533883950938286080,8273599013752022625,action_relative_l2/first_25pct,0.0
gpu_1,clean,clean/open_laptop/episode_000017/0_259,open_laptop,episode_000017,clean,,,,final_action,brightness,1.2,,,,4533883950938286080,8273599013752022625,action_relative_l2/last_75pct,0.1648283153772354
gpu_1,clean,clean/open_laptop/episode_000017/0_259,open_laptop,episode_000017,clean,,,,final_action,brightness,1.2,,,,4533883950938286080,8273599013752022625,endpoint_l2/left_position,0.0033512646332383156
gpu_1,clean,clean/open_laptop/episode_000017/0_259,open_laptop,episode_000017,clean,,,,final_action,brightness,1.2,,,,4533883950938286080,8273599013752022625,endpoint_l2/right_position,0.07438687235116959
gpu_1,clean,clean/open_laptop/episode_000017/0_259,open_laptop,episode_000017,clean,,,,final_action,brightness,1.2,,,,4533883950938286080,8273599013752022625,rotation_geodesic/left_rotation,0.007671997882425785
gpu_1,clean,clean/open_laptop/episode_000017/0_259,open_laptop,episode_000017,clean,,,,final_action,brightness,1.2,,,,4533883950938286080,8273599013752022625,rotation_geodesic/right_rotation,0.2597073018550873
gpu_1,clean,clean/open_laptop/episode_000017/0_259,open_laptop,episode_000017,clean,,,,final_action,brightness,1.2,,,,4533883950938286080,8273599013752022625,gripper_flip_rate,0.0
gpu_1,clean,clean/open_laptop/episode_000017/0_259,open_laptop,episode_000017,clean,,,,final_action,brightness,1.2,,,,4533883950938286080,8273599013752022625,temporal_jerk_difference,0.002009495161473751
gpu_1,clean,clean/open_laptop/episode_000017/0_259,open_laptop,episode_000017,clean,,,,final_action,color_temperature,-0.1,,,,4533883950938286080,9493224626905139523,action_relative_l2,0.02972686104476452
gpu_1,clean,clean/open_laptop/episode_000017/0_259,open_laptop,episode_000017,clean,,,,final_action,color_temperature,-0.1,,,,4533883950938286080,9493224626905139523,action_mean_abs,0.003734785132110119
gpu_1,clean,clean/open_laptop/episode_000017/0_259,open_laptop,episode_000017,clean,,,,final_action,color_temperature,-0.1,,,,4533883950938286080,9493224626905139523,action_relative_l2/first_25pct,0.0
gpu_1,clean,clean/open_laptop/episode_000017/0_259,open_laptop,episode_000017,clean,,,,final_action,color_temperature,-0.1,,,,4533883950938286080,9493224626905139523,action_relative_l2/last_75pct,0.030772842466831207
gpu_1,clean,clean/open_laptop/episode_000017/0_259,open_laptop,episode_000017,clean,,,,final_action,color_temperature,-0.1,,,,4533883950938286080,9493224626905139523,endpoint_l2/left_position,0.007422299589961767
gpu_1,clean,clean/open_laptop/episode_000017/0_259,open_laptop,episode_000017,clean,,,,final_action,color_temperature,-0.1,,,,4533883950938286080,9493224626905139523,endpoint_l2/right_position,0.04281353950500488
gpu_1,clean,clean/open_laptop/episode_000017/0_259,open_laptop,episode_000017,clean,,,,final_action,color_temperature,-0.1,,,,4533883950938286080,9493224626905139523,rotation_geodesic/left_rotation,0.007291383575648069
gpu_1,clean,clean/open_laptop/episode_000017/0_259,open_laptop,episode_000017,clean,,,,final_action,color_temperature,-0.1,,,,4533883950938286080,9493224626905139523,rotation_geodesic/right_rotation,0.04254167899489403
gpu_1,clean,clean/open_laptop/episode_000017/0_259,open_laptop,episode_000017,clean,,,,final_action,color_temperature,-0.1,,,,4533883950938286080,9493224626905139523,gripper_flip_rate,0.0
gpu_1,clean,clean/open_laptop/episode_000017/0_259,open_laptop,episode_000017,clean,,,,final_action,color_temperature,-0.1,,,,4533883950938286080,9493224626905139523,temporal_jerk_difference,0.0020367042161524296
gpu_1,clean,clean/open_laptop/episode_000017/0_259,open_laptop,episode_000017,clean,,,,final_action,color_temperature,0.1,,,,4533883950938286080,7048629151097827844,action_relative_l2,0.008070508949458599
gpu_1,clean,clean/open_laptop/episode_000017/0_259,open_laptop,episode_000017,clean,,,,final_action,color_temperature,0.1,,,,4533883950938286080,7048629151097827844,action_mean_abs,0.0010809851810336113
gpu_1,clean,clean/open_laptop/episode_000017/0_259,open_laptop,episode_000017,clean,,,,final_action,color_temperature,0.1,,,,4533883950938286080,7048629151097827844,action_relative_l2/first_25pct,0.0
gpu_1,clean,clean/open_laptop/episode_000017/0_259,open_laptop,episode_000017,clean,,,,final_action,color_temperature,0.1,,,,4533883950938286080,7048629151097827844,action_relative_l2/last_75pct,0.008354481309652328
gpu_1,clean,clean/open_laptop/episode_000017/0_259,open_laptop,episode_000017,clean,,,,final_action,color_temperature,0.1,,,,4533883950938286080,7048629151097827844,endpoint_l2/left_position,0.0012064932379871607
gpu_1,clean,clean/open_laptop/episode_000017/0_259,open_laptop,episode_000017,clean,,,,final_action,color_temperature,0.1,,,,4533883950938286080,7048629151097827844,endpoint_l2/right_position,0.02017132379114628
gpu_1,clean,clean/open_laptop/episode_000017/0_259,open_laptop,episode_000017,clean,,,,final_action,color_temperature,0.1,,,,4533883950938286080,7048629151097827844,rotation_geodesic/left_rotation,0.005001473240554333
gpu_1,clean,clean/open_laptop/episode_000017/0_259,open_laptop,episode_000017,clean,,,,final_action,color_temperature,0.1,,,,4533883950938286080,7048629151097827844,rotation_geodesic/right_rotation,0.005668108817189932
gpu_1,clean,clean/open_laptop/episode_000017/0_259,open_laptop,episode_000017,clean,,,,final_action,color_temperature,0.1,,,,4533883950938286080,7048629151097827844,gripper_flip_rate,0.0
gpu_1,clean,clean/open_laptop/episode_000017/0_259,open_laptop,episode_000017,clean,,,,final_action,color_temperature,0.1,,,,4533883950938286080,7048629151097827844,temporal_jerk_difference,0.001178509322926402
gpu_1,clean,clean/open_laptop/episode_000017/0_259,open_laptop,episode_000017,clean,,,,final_action,gamma,0.8,,,,4533883950938286080,7226520160564033134,action_relative_l2,0.005773073062300682
gpu_1,clean,clean/open_laptop/episode_000017/0_259,open_laptop,episode_000017,clean,,,,final_action,gamma,0.8,,,,4533883950938286080,7226520160564033134,action_mean_abs,0.0006920634768903255
gpu_1,clean,clean/open_laptop/episode_000017/0_259,open_laptop,episode_000017,clean,,,,final_action,gamma,0.8,,,,4533883950938286080,7226520160564033134,action_relative_l2/first_25pct,0.0
gpu_1,clean,clean/open_laptop/episode_000017/0_259,open_laptop,episode_000017,clean,,,,final_action,gamma,0.8,,,,4533883950938286080,7226520160564033134,action_relative_l2/last_75pct,0.005976206623017788
gpu_1,clean,clean/open_laptop/episode_000017/0_259,open_laptop,episode_000017,clean,,,,final_action,gamma,0.8,,,,4533883950938286080,7226520160564033134,endpoint_l2/left_position,0.0004595518112182617
gpu_1,clean,clean/open_laptop/episode_000017/0_259,open_laptop,episode_000017,clean,,,,final_action,gamma,0.8,,,,4533883950938286080,7226520160564033134,endpoint_l2/right_position,0.010852215811610222
gpu_1,clean,clean/open_laptop/episode_000017/0_259,open_laptop,episode_000017,clean,,,,final_action,gamma,0.8,,,,4533883950938286080,7226520160564033134,rotation_geodesic/left_rotation,0.0035181601997464895
gpu_1,clean,clean/open_laptop/episode_000017/0_259,open_laptop,episode_000017,clean,,,,final_action,gamma,0.8,,,,4533883950938286080,7226520160564033134,rotation_geodesic/right_rotation,0.007961113005876541
gpu_1,clean,clean/open_laptop/episode_000017/0_259,open_laptop,episode_000017,clean,,,,final_action,gamma,0.8,,,,4533883950938286080,7226520160564033134,gripper_flip_rate,0.0
gpu_1,clean,clean/open_laptop/episode_000017/0_259,open_laptop,episode_000017,clean,,,,final_action,gamma,0.8,,,,4533883950938286080,7226520160564033134,temporal_jerk_difference,0.0012043077731505036
gpu_1,clean,clean/open_laptop/episode_000017/0_259,open_laptop,episode_000017,clean,,,,final_action,gamma,1.2,,,,4533883950938286080,7506362244356574538,action_relative_l2,0.010366786271333694
gpu_1,clean,clean/open_laptop/episode_000017/0_259,open_laptop,episode_000017,clean,,,,final_action,gamma,1.2,,,,4533883950938286080,7506362244356574538,action_mean_abs,0.0011389695573598146
gpu_1,clean,clean/open_laptop/episode_000017/0_259,open_laptop,episode_000017,clean,,,,final_action,gamma,1.2,,,,4533883950938286080,7506362244356574538,action_relative_l2/first_25pct,0.0
gpu_1,clean,clean/open_laptop/episode_000017/0_259,open_laptop,episode_000017,clean,,,,final_action,gamma,1.2,,,,4533883950938286080,7506362244356574538,action_relative_l2/last_75pct,0.010731556452810764
gpu_1,clean,clean/open_laptop/episode_000017/0_259,open_laptop,episode_000017,clean,,,,final_action,gamma,1.2,,,,4533883950938286080,7506362244356574538,endpoint_l2/left_position,0.0018121728207916021
gpu_1,clean,clean/open_laptop/episode_000017/0_259,open_laptop,episode_000017,clean,,,,final_action,gamma,1.2,,,,4533883950938286080,7506362244356574538,endpoint_l2/right_position,0.018286677077412605
gpu_1,clean,clean/open_laptop/episode_000017/0_259,open_laptop,episode_000017,clean,,,,final_action,gamma,1.2,,,,4533883950938286080,7506362244356574538,rotation_geodesic/left_rotation,0.002456583548337221
gpu_1,clean,clean/open_laptop/episode_000017/0_259,open_laptop,episode_000017,clean,,,,final_action,gamma,1.2,,,,4533883950938286080,7506362244356574538,rotation_geodesic/right_rotation,0.014212380163371563
gpu_1,clean,clean/open_laptop/episode_000017/0_259,open_laptop,episode_000017,clean,,,,final_action,gamma,1.2,,,,4533883950938286080,7506362244356574538,gripper_flip_rate,0.0
gpu_1,clean,clean/open_laptop/episode_000017/0_259,open_laptop,episode_000017,clean,,,,final_action,gamma,1.2,,,,4533883950938286080,7506362244356574538,temporal_jerk_difference,0.0011289917165413499
gpu_1,clean,clean/open_laptop/episode_000017/0_259,open_laptop,episode_000017,clean,,,,final_action,gaussian_blur_sigma,0.5,,,,4533883950938286080,11522972830486069944,action_relative_l2,0.004495671018958092
gpu_1,clean,clean/open_laptop/episode_000017/0_259,open_laptop,episode_000017,clean,,,,final_action,gaussian_blur_sigma,0.5,,,,4533883950938286080,11522972830486069944,action_mean_abs,0.0004938787897117436
gpu_1,clean,clean/open_laptop/episode_000017/0_259,open_laptop,episode_000017,clean,,,,final_action,gaussian_blur_sigma,0.5,,,,4533883950938286080,11522972830486069944,action_relative_l2/first_25pct,0.0
gpu_1,clean,clean/open_laptop/episode_000017/0_259,open_laptop,episode_000017,clean,,,,final_action,gaussian_blur_sigma,0.5,,,,4533883950938286080,11522972830486069944,action_relative_l2/last_75pct,0.004653857089579105
gpu_1,clean,clean/open_laptop/episode_000017/0_259,open_laptop,episode_000017,clean,,,,final_action,gaussian_blur_sigma,0.5,,,,4533883950938286080,11522972830486069944,endpoint_l2/left_position,0.0009058968280442059
gpu_1,clean,clean/open_laptop/episode_000017/0_259,open_laptop,episode_000017,clean,,,,final_action,gaussian_blur_sigma,0.5,,,,4533883950938286080,11522972830486069944,endpoint_l2/right_position,0.007210852112621069
gpu_1,clean,clean/open_laptop/episode_000017/0_259,open_laptop,episode_000017,clean,,,,final_action,gaussian_blur_sigma,0.5,,,,4533883950938286080,11522972830486069944,rotation_geodesic/left_rotation,0.0017137433169409633
gpu_1,clean,clean/open_laptop/episode_000017/0_259,open_laptop,episode_000017,clean,,,,final_action,gaussian_blur_sigma,0.5,,,,4533883950938286080,11522972830486069944,rotation_geodesic/right_rotation,0.005898798815906048
gpu_1,clean,clean/open_laptop/episode_000017/0_259,open_laptop,episode_000017,clean,,,,final_action,gaussian_blur_sigma,0.5,,,,4533883950938286080,11522972830486069944,gripper_flip_rate,0.0
gpu_1,clean,clean/open_laptop/episode_000017/0_259,open_laptop,episode_000017,clean,,,,final_action,gaussian_blur_sigma,0.5,,,,4533883950938286080,11522972830486069944,temporal_jerk_difference,0.0007599499658681452
gpu_1,clean,clean/open_laptop/episode_000017/0_259,open_laptop,episode_000017,clean,,,,final_action,gaussian_blur_sigma,1.0,,,,4533883950938286080,5150731217846411408,action_relative_l2,0.007093843538314104
gpu_1,clean,clean/open_laptop/episode_000017/0_259,open_laptop,episode_000017,clean,,,,final_action,gaussian_blur_sigma,1.0,,,,4533883950938286080,5150731217846411408,action_mean_abs,0.0008293009595945477
gpu_1,clean,clean/open_laptop/episode_000017/0_259,open_laptop,episode_000017,clean,,,,final_action,gaussian_blur_sigma,1.0,,,,4533883950938286080,5150731217846411408,action_relative_l2/first_25pct,0.0
gpu_1,clean,clean/open_laptop/episode_000017/0_259,open_laptop,episode_000017,clean,,,,final_action,gaussian_blur_sigma,1.0,,,,4533883950938286080,5150731217846411408,action_relative_l2/last_75pct,0.007343450095504522
gpu_1,clean,clean/open_laptop/episode_000017/0_259,open_laptop,episode_000017,clean,,,,final_action,gaussian_blur_sigma,1.0,,,,4533883950938286080,5150731217846411408,endpoint_l2/left_position,0.0009198759798891842
gpu_1,clean,clean/open_laptop/episode_000017/0_259,open_laptop,episode_000017,clean,,,,final_action,gaussian_blur_sigma,1.0,,,,4533883950938286080,5150731217846411408,endpoint_l2/right_position,0.01370907761156559
gpu_1,clean,clean/open_laptop/episode_000017/0_259,open_laptop,episode_000017,clean,,,,final_action,gaussian_blur_sigma,1.0,,,,4533883950938286080,5150731217846411408,rotation_geodesic/left_rotation,0.0018324155826121569
gpu_1,clean,clean/open_laptop/episode_000017/0_259,open_laptop,episode_000017,clean,,,,final_action,gaussian_blur_sigma,1.0,,,,4533883950938286080,5150731217846411408,rotation_geodesic/right_rotation,0.008614066056907177
gpu_1,clean,clean/open_laptop/episode_000017/0_259,open_laptop,episode_000017,clean,,,,final_action,gaussian_blur_sigma,1.0,,,,4533883950938286080,5150731217846411408,gripper_flip_rate,0.0
gpu_1,clean,clean/open_laptop/episode_000017/0_259,open_laptop,episode_000017,clean,,,,final_action,gaussian_blur_sigma,1.0,,,,4533883950938286080,5150731217846411408,temporal_jerk_difference,0.0012116114376112819
gpu_1,clean,clean/open_laptop/episode_000017/0_259,open_laptop,episode_000017,clean,,,,final_action,gaussian_noise_std,0.01,,,,4533883950938286080,17330233380254975681,action_relative_l2,0.02209947444498539
gpu_1,clean,clean/open_laptop/episode_000017/0_259,open_laptop,episode_000017,clean,,,,final_action,gaussian_noise_std,0.01,,,,4533883950938286080,17330233380254975681,action_mean_abs,0.0027388096787035465
gpu_1,clean,clean/open_laptop/episode_000017/0_259,open_laptop,episode_000017,clean,,,,final_action,gaussian_noise_std,0.01,,,,4533883950938286080,17330233380254975681,action_relative_l2/first_25pct,0.0
gpu_1,clean,clean/open_laptop/episode_000017/0_259,open_laptop,episode_000017,clean,,,,final_action,gaussian_noise_std,0.01,,,,4533883950938286080,17330233380254975681,action_relative_l2/last_75pct,0.022877076640725136
gpu_1,clean,clean/open_laptop/episode_000017/0_259,open_laptop,episode_000017,clean,,,,final_action,gaussian_noise_std,0.01,,,,4533883950938286080,17330233380254975681,endpoint_l2/left_position,0.005032392218708992
gpu_1,clean,clean/open_laptop/episode_000017/0_259,open_laptop,episode_000017,clean,,,,final_action,gaussian_noise_std,0.01,,,,4533883950938286080,17330233380254975681,endpoint_l2/right_position,0.026699261739850044
gpu_1,clean,clean/open_laptop/episode_000017/0_259,open_laptop,episode_000017,clean,,,,final_action,gaussian_noise_std,0.01,,,,4533883950938286080,17330233380254975681,rotation_geodesic/left_rotation,0.004132104571908712
gpu_1,clean,clean/open_laptop/episode_000017/0_259,open_laptop,episode_000017,clean,,,,final_action,gaussian_noise_std,0.01,,,,4533883950938286080,17330233380254975681,rotation_geodesic/right_rotation,0.0328742191195488
gpu_1,clean,clean/open_laptop/episode_000017/0_259,open_laptop,episode_000017,clean,,,,final_action,gaussian_noise_std,0.01,,,,4533883950938286080,17330233380254975681,gripper_flip_rate,0.0
gpu_1,clean,clean/open_laptop/episode_000017/0_259,open_laptop,episode_000017,clean,,,,final_action,gaussian_noise_std,0.01,,,,4533883950938286080,17330233380254975681,temporal_jerk_difference,0.0014702138723805547
gpu_1,clean,clean/open_laptop/episode_000017/0_259,open_laptop,episode_000017,clean,,,,final_action,gaussian_noise_std,0.03,,,,4533883950938286080,995166590417925671,action_relative_l2,0.14334025979042053
gpu_1,clean,clean/open_laptop/episode_000017/0_259,open_laptop,episode_000017,clean,,,,final_action,gaussian_noise_std,0.03,,,,4533883950938286080,995166590417925671,action_mean_abs,0.012381212785840034
gpu_1,clean,clean/open_laptop/episode_000017/0_259,open_laptop,episode_000017,clean,,,,final_action,gaussian_noise_std,0.03,,,,4533883950938286080,995166590417925671,action_relative_l2/first_25pct,0.0
gpu_1,clean,clean/open_laptop/episode_000017/0_259,open_laptop,episode_000017,clean,,,,final_action,gaussian_noise_std,0.03,,,,4533883950938286080,995166590417925671,action_relative_l2/last_75pct,0.14838388562202454
gpu_1,clean,clean/open_laptop/episode_000017/0_259,open_laptop,episode_000017,clean,,,,final_action,gaussian_noise_std,0.03,,,,4533883950938286080,995166590417925671,endpoint_l2/left_position,0.0057816035114228725
gpu_1,clean,clean/open_laptop/episode_000017/0_259,open_laptop,episode_000017,clean,,,,final_action,gaussian_noise_std,0.03,,,,4533883950938286080,995166590417925671,endpoint_l2/right_position,0.05347701907157898
gpu_1,clean,clean/open_laptop/episode_000017/0_259,open_laptop,episode_000017,clean,,,,final_action,gaussian_noise_std,0.03,,,,4533883950938286080,995166590417925671,rotation_geodesic/left_rotation,0.007846546359360218
gpu_1,clean,clean/open_laptop/episode_000017/0_259,open_laptop,episode_000017,clean,,,,final_action,gaussian_noise_std,0.03,,,,4533883950938286080,995166590417925671,rotation_geodesic/right_rotation,0.22749754786491394
gpu_1,clean,clean/open_laptop/episode_000017/0_259,open_laptop,episode_000017,clean,,,,final_action,gaussian_noise_std,0.03,,,,4533883950938286080,995166590417925671,gripper_flip_rate,0.0
gpu_1,clean,clean/open_laptop/episode_000017/0_259,open_laptop,episode_000017,clean,,,,final_action,gaussian_noise_std,0.03,,,,4533883950938286080,995166590417925671,temporal_jerk_difference,0.0018260988872498274
gpu_1,clean,clean/open_laptop/episode_000017/0_259,open_laptop,episode_000017,clean,,,,final_action,identity,0.0,,,,4533883950938286080,,action_relative_l2,0.0
gpu_1,clean,clean/open_laptop/episode_000017/0_259,open_laptop,episode_000017,clean,,,,final_action,identity,0.0,,,,4533883950938286080,,action_mean_abs,0.0
gpu_1,clean,clean/open_laptop/episode_000017/0_259,open_laptop,episode_000017,clean,,,,final_action,identity,0.0,,,,4533883950938286080,,action_relative_l2/first_25pct,0.0
gpu_1,clean,clean/open_laptop/episode_000017/0_259,open_laptop,episode_000017,clean,,,,final_action,identity,0.0,,,,4533883950938286080,,action_relative_l2/last_75pct,0.0
gpu_1,clean,clean/open_laptop/episode_000017/0_259,open_laptop,episode_000017,clean,,,,final_action,identity,0.0,,,,4533883950938286080,,endpoint_l2/left_position,0.0
gpu_1,clean,clean/open_laptop/episode_000017/0_259,open_laptop,episode_000017,clean,,,,final_action,identity,0.0,,,,4533883950938286080,,endpoint_l2/right_position,0.0
gpu_1,clean,clean/open_laptop/episode_000017/0_259,open_laptop,episode_000017,clean,,,,final_action,identity,0.0,,,,4533883950938286080,,rotation_geodesic/left_rotation,2.15791860682657e-05
gpu_1,clean,clean/open_laptop/episode_000017/0_259,open_laptop,episode_000017,clean,,,,final_action,identity,0.0,,,,4533883950938286080,,rotation_geodesic/right_rotation,0.00017208734061568975
gpu_1,clean,clean/open_laptop/episode_000017/0_259,open_laptop,episode_000017,clean,,,,final_action,identity,0.0,,,,4533883950938286080,,gripper_flip_rate,0.0
gpu_1,clean,clean/open_laptop/episode_000017/0_259,open_laptop,episode_000017,clean,,,,final_action,identity,0.0,,,,4533883950938286080,,temporal_jerk_difference,0.0
gpu_1,clean,clean/place_container_plate/episode_000033/0_156,place_container_plate,episode_000033,clean,,,,final_action,brightness,0.8,,,,10471219474458438708,5715733209496895161,action_relative_l2,0.08059225976467133
gpu_1,clean,clean/place_container_plate/episode_000033/0_156,place_container_plate,episode_000033,clean,,,,final_action,brightness,0.8,,,,10471219474458438708,5715733209496895161,action_mean_abs,0.00915522500872612
gpu_1,clean,clean/place_container_plate/episode_000033/0_156,place_container_plate,episode_000033,clean,,,,final_action,brightness,0.8,,,,10471219474458438708,5715733209496895161,action_relative_l2/first_25pct,0.0
gpu_1,clean,clean/place_container_plate/episode_000033/0_156,place_container_plate,episode_000033,clean,,,,final_action,brightness,0.8,,,,10471219474458438708,5715733209496895161,action_relative_l2/last_75pct,0.08339513838291168
gpu_1,clean,clean/place_container_plate/episode_000033/0_156,place_container_plate,episode_000033,clean,,,,final_action,brightness,0.8,,,,10471219474458438708,5715733209496895161,endpoint_l2/left_position,0.029296359047293663
gpu_1,clean,clean/place_container_plate/episode_000033/0_156,place_container_plate,episode_000033,clean,,,,final_action,brightness,0.8,,,,10471219474458438708,5715733209496895161,endpoint_l2/right_position,0.08100155740976334
gpu_1,clean,clean/place_container_plate/episode_000033/0_156,place_container_plate,episode_000033,clean,,,,final_action,brightness,0.8,,,,10471219474458438708,5715733209496895161,rotation_geodesic/left_rotation,0.022123586386442184
gpu_1,clean,clean/place_container_plate/episode_000033/0_156,place_container_plate,episode_000033,clean,,,,final_action,brightness,0.8,,,,10471219474458438708,5715733209496895161,rotation_geodesic/right_rotation,0.123859703540802
gpu_1,clean,clean/place_container_plate/episode_000033/0_156,place_container_plate,episode_000033,clean,,,,final_action,brightness,0.8,,,,10471219474458438708,5715733209496895161,gripper_flip_rate,0.0
gpu_1,clean,clean/place_container_plate/episode_000033/0_156,place_container_plate,episode_000033,clean,,,,final_action,brightness,0.8,,,,10471219474458438708,5715733209496895161,temporal_jerk_difference,0.002076434437185526
gpu_1,clean,clean/place_container_plate/episode_000033/0_156,place_container_plate,episode_000033,clean,,,,final_action,brightness,1.2,,,,10471219474458438708,13427404499493453440,action_relative_l2,0.014311781153082848
gpu_1,clean,clean/place_container_plate/episode_000033/0_156,place_container_plate,episode_000033,clean,,,,final_action,brightness,1.2,,,,10471219474458438708,13427404499493453440,action_mean_abs,0.0025055413134396076
gpu_1,clean,clean/place_container_plate/episode_000033/0_156,place_container_plate,episode_000033,clean,,,,final_action,brightness,1.2,,,,10471219474458438708,13427404499493453440,action_relative_l2/first_25pct,0.0
gpu_1,clean,clean/place_container_plate/episode_000033/0_156,place_container_plate,episode_000033,clean,,,,final_action,brightness,1.2,,,,10471219474458438708,13427404499493453440,action_relative_l2/last_75pct,0.014809523709118366
gpu_1,clean,clean/place_container_plate/episode_000033/0_156,place_container_plate,episode_000033,clean,,,,final_action,brightness,1.2,,,,10471219474458438708,13427404499493453440,endpoint_l2/left_position,0.024040021002292633
gpu_1,clean,clean/place_container_plate/episode_000033/0_156,place_container_plate,episode_000033,clean,,,,final_action,brightness,1.2,,,,10471219474458438708,13427404499493453440,endpoint_l2/right_position,0.012520086020231247
gpu_1,clean,clean/place_container_plate/episode_000033/0_156,place_container_plate,episode_000033,clean,,,,final_action,brightness,1.2,,,,10471219474458438708,13427404499493453440,rotation_geodesic/left_rotation,0.017298130318522453
gpu_1,clean,clean/place_container_plate/episode_000033/0_156,place_container_plate,episode_000033,clean,,,,final_action,brightness,1.2,,,,10471219474458438708,13427404499493453440,rotation_geodesic/right_rotation,0.013719907030463219
gpu_1,clean,clean/place_container_plate/episode_000033/0_156,place_container_plate,episode_000033,clean,,,,final_action,brightness,1.2,,,,10471219474458438708,13427404499493453440,gripper_flip_rate,0.0
gpu_1,clean,clean/place_container_plate/episode_000033/0_156,place_container_plate,episode_000033,clean,,,,final_action,brightness,1.2,,,,10471219474458438708,13427404499493453440,temporal_jerk_difference,0.0017176028341054916
gpu_1,clean,clean/place_container_plate/episode_000033/0_156,place_container_plate,episode_000033,clean,,,,final_action,color_temperature,-0.1,,,,10471219474458438708,12370919830759711870,action_relative_l2,0.07874854654073715
gpu_1,clean,clean/place_container_plate/episode_000033/0_156,place_container_plate,episode_000033,clean,,,,final_action,color_temperature,-0.1,,,,10471219474458438708,12370919830759711870,action_mean_abs,0.008998087607324123
gpu_1,clean,clean/place_container_plate/episode_000033/0_156,place_container_plate,episode_000033,clean,,,,final_action,color_temperature,-0.1,,,,10471219474458438708,12370919830759711870,action_relative_l2/first_25pct,0.0
gpu_1,clean,clean/place_container_plate/episode_000033/0_156,place_container_plate,episode_000033,clean,,,,final_action,color_temperature,-0.1,,,,10471219474458438708,12370919830759711870,action_relative_l2/last_75pct,0.08148729801177979
gpu_1,clean,clean/place_container_plate/episode_000033/0_156,place_container_plate,episode_000033,clean,,,,final_action,color_temperature,-0.1,,,,10471219474458438708,12370919830759711870,endpoint_l2/left_position,0.027778133749961853
gpu_1,clean,clean/place_container_plate/episode_000033/0_156,place_container_plate,episode_000033,clean,,,,final_action,color_temperature,-0.1,,,,10471219474458438708,12370919830759711870,endpoint_l2/right_position,0.08291609585285187
gpu_1,clean,clean/place_container_plate/episode_000033/0_156,place_container_plate,episode_000033,clean,,,,final_action,color_temperature,-0.1,,,,10471219474458438708,12370919830759711870,rotation_geodesic/left_rotation,0.026887357234954834
gpu_1,clean,clean/place_container_plate/episode_000033/0_156,place_container_plate,episode_000033,clean,,,,final_action,color_temperature,-0.1,,,,10471219474458438708,12370919830759711870,rotation_geodesic/right_rotation,0.11915279924869537
gpu_1,clean,clean/place_container_plate/episode_000033/0_156,place_container_plate,episode_000033,clean,,,,final_action,color_temperature,-0.1,,,,10471219474458438708,12370919830759711870,gripper_flip_rate,0.0
gpu_1,clean,clean/place_container_plate/episode_000033/0_156,place_container_plate,episode_000033,clean,,,,final_action,color_temperature,-0.1,,,,10471219474458438708,12370919830759711870,temporal_jerk_difference,0.0017050291644409299
gpu_1,clean,clean/place_container_plate/episode_000033/0_156,place_container_plate,episode_000033,clean,,,,final_action,color_temperature,0.1,,,,10471219474458438708,3059941478060558768,action_relative_l2,0.01035650260746479
gpu_1,clean,clean/place_container_plate/episode_000033/0_156,place_container_plate,episode_000033,clean,,,,final_action,color_temperature,0.1,,,,10471219474458438708,3059941478060558768,action_mean_abs,0.0014970540069043636
gpu_1,clean,clean/place_container_plate/episode_000033/0_156,place_container_plate,episode_000033,clean,,,,final_action,color_temperature,0.1,,,,10471219474458438708,3059941478060558768,action_relative_l2/first_25pct,0.0
gpu_1,clean,clean/place_container_plate/episode_000033/0_156,place_container_plate,episode_000033,clean,,,,final_action,color_temperature,0.1,,,,10471219474458438708,3059941478060558768,action_relative_l2/last_75pct,0.010716686956584454
gpu_1,clean,clean/place_container_plate/episode_000033/0_156,place_container_plate,episode_000033,clean,,,,final_action,color_temperature,0.1,,,,10471219474458438708,3059941478060558768,endpoint_l2/left_position,0.021266786381602287
gpu_1,clean,clean/place_container_plate/episode_000033/0_156,place_container_plate,episode_000033,clean,,,,final_action,color_temperature,0.1,,,,10471219474458438708,3059941478060558768,endpoint_l2/right_position,0.004915478639304638
gpu_1,clean,clean/place_container_plate/episode_000033/0_156,place_container_plate,episode_000033,clean,,,,final_action,color_temperature,0.1,,,,10471219474458438708,3059941478060558768,rotation_geodesic/left_rotation,0.011444897390902042
gpu_1,clean,clean/place_container_plate/episode_000033/0_156,place_container_plate,episode_000033,clean,,,,final_action,color_temperature,0.1,,,,10471219474458438708,3059941478060558768,rotation_geodesic/right_rotation,0.00941337738186121
gpu_1,clean,clean/place_container_plate/episode_000033/0_156,place_container_plate,episode_000033,clean,,,,final_action,color_temperature,0.1,,,,10471219474458438708,3059941478060558768,gripper_flip_rate,0.0
gpu_1,clean,clean/place_container_plate/episode_000033/0_156,place_container_plate,episode_000033,clean,,,,final_action,color_temperature,0.1,,,,10471219474458438708,3059941478060558768,temporal_jerk_difference,0.0016246414743363857
gpu_1,clean,clean/place_container_plate/episode_000033/0_156,place_container_plate,episode_000033,clean,,,,final_action,gamma,0.8,,,,10471219474458438708,6224378030923556313,action_relative_l2,0.003875870257616043
gpu_1,clean,clean/place_container_plate/episode_000033/0_156,place_container_plate,episode_000033,clean,,,,final_action,gamma,0.8,,,,10471219474458438708,6224378030923556313,action_mean_abs,0.0003835145616903901
gpu_1,clean,clean/place_container_plate/episode_000033/0_156,place_container_plate,episode_000033,clean,,,,final_action,gamma,0.8,,,,10471219474458438708,6224378030923556313,action_relative_l2/first_25pct,0.0
gpu_1,clean,clean/place_container_plate/episode_000033/0_156,place_container_plate,episode_000033,clean,,,,final_action,gamma,0.8,,,,10471219474458438708,6224378030923556313,action_relative_l2/last_75pct,0.004010667558759451
gpu_1,clean,clean/place_container_plate/episode_000033/0_156,place_container_plate,episode_000033,clean,,,,final_action,gamma,0.8,,,,10471219474458438708,6224378030923556313,endpoint_l2/left_position,0.0015613511204719543
gpu_1,clean,clean/place_container_plate/episode_000033/0_156,place_container_plate,episode_000033,clean,,,,final_action,gamma,0.8,,,,10471219474458438708,6224378030923556313,endpoint_l2/right_position,0.0023358017206192017
gpu_1,clean,clean/place_container_plate/episode_000033/0_156,place_container_plate,episode_000033,clean,,,,final_action,gamma,0.8,,,,10471219474458438708,6224378030923556313,rotation_geodesic/left_rotation,0.0028494710568338633
gpu_1,clean,clean/place_container_plate/episode_000033/0_156,place_container_plate,episode_000033,clean,,,,final_action,gamma,0.8,,,,10471219474458438708,6224378030923556313,rotation_geodesic/right_rotation,0.002453938592225313
gpu_1,clean,clean/place_container_plate/episode_000033/0_156,place_container_plate,episode_000033,clean,,,,final_action,gamma,0.8,,,,10471219474458438708,6224378030923556313,gripper_flip_rate,0.0
gpu_1,clean,clean/place_container_plate/episode_000033/0_156,place_container_plate,episode_000033,clean,,,,final_action,gamma,0.8,,,,10471219474458438708,6224378030923556313,temporal_jerk_difference,0.0011607811320573092
gpu_1,clean,clean/place_container_plate/episode_000033/0_156,place_container_plate,episode_000033,clean,,,,final_action,gamma,1.2,,,,10471219474458438708,906277563794249191,action_relative_l2,0.003515402087941766
gpu_1,clean,clean/place_container_plate/episode_000033/0_156,place_container_plate,episode_000033,clean,,,,final_action,gamma,1.2,,,,10471219474458438708,906277563794249191,action_mean_abs,0.0003328032325953245
gpu_1,clean,clean/place_container_plate/episode_000033/0_156,place_container_plate,episode_000033,clean,,,,final_action,gamma,1.2,,,,10471219474458438708,906277563794249191,action_relative_l2/first_25pct,0.0
gpu_1,clean,clean/place_container_plate/episode_000033/0_156,place_container_plate,episode_000033,clean,,,,final_action,gamma,1.2,,,,10471219474458438708,906277563794249191,action_relative_l2/last_75pct,0.003637662623077631
gpu_1,clean,clean/place_container_plate/episode_000033/0_156,place_container_plate,episode_000033,clean,,,,final_action,gamma,1.2,,,,10471219474458438708,906277563794249191,endpoint_l2/left_position,0.0015613511204719543
gpu_1,clean,clean/place_container_plate/episode_000033/0_156,place_container_plate,episode_000033,clean,,,,final_action,gamma,1.2,,,,10471219474458438708,906277563794249191,endpoint_l2/right_position,0.0021554327104240656
gpu_1,clean,clean/place_container_plate/episode_000033/0_156,place_container_plate,episode_000033,clean,,,,final_action,gamma,1.2,,,,10471219474458438708,906277563794249191,rotation_geodesic/left_rotation,0.001574516063556075
gpu_1,clean,clean/place_container_plate/episode_000033/0_156,place_container_plate,episode_000033,clean,,,,final_action,gamma,1.2,,,,10471219474458438708,906277563794249191,rotation_geodesic/right_rotation,0.002899979241192341
gpu_1,clean,clean/place_container_plate/episode_000033/0_156,place_container_plate,episode_000033,clean,,,,final_action,gamma,1.2,,,,10471219474458438708,906277563794249191,gripper_flip_rate,0.0
gpu_1,clean,clean/place_container_plate/episode_000033/0_156,place_container_plate,episode_000033,clean,,,,final_action,gamma,1.2,,,,10471219474458438708,906277563794249191,temporal_jerk_difference,0.0008016683859750628
gpu_1,clean,clean/place_container_plate/episode_000033/0_156,place_container_plate,episode_000033,clean,,,,final_action,gaussian_blur_sigma,0.5,,,,10471219474458438708,13687891846825993847,action_relative_l2,0.00336406659334898
gpu_1,clean,clean/place_container_plate/episode_000033/0_156,place_container_plate,episode_000033,clean,,,,final_action,gaussian_blur_sigma,0.5,,,,10471219474458438708,13687891846825993847,action_mean_abs,0.0002400270604994148
gpu_1,clean,clean/place_container_plate/episode_000033/0_156,place_container_plate,episode_000033,clean,,,,final_action,gaussian_blur_sigma,0.5,,,,10471219474458438708,13687891846825993847,action_relative_l2/first_25pct,0.0
gpu_1,clean,clean/place_container_plate/episode_000033/0_156,place_container_plate,episode_000033,clean,,,,final_action,gaussian_blur_sigma,0.5,,,,10471219474458438708,13687891846825993847,action_relative_l2/last_75pct,0.003481063758954406
gpu_1,clean,clean/place_container_plate/episode_000033/0_156,place_container_plate,episode_000033,clean,,,,final_action,gaussian_blur_sigma,0.5,,,,10471219474458438708,13687891846825993847,endpoint_l2/left_position,0.0
gpu_1,clean,clean/place_container_plate/episode_000033/0_156,place_container_plate,episode_000033,clean,,,,final_action,gaussian_blur_sigma,0.5,,,,10471219474458438708,13687891846825993847,endpoint_l2/right_position,0.0015192031860351562
gpu_1,clean,clean/place_container_plate/episode_000033/0_156,place_container_plate,episode_000033,clean,,,,final_action,gaussian_blur_sigma,0.5,,,,10471219474458438708,13687891846825993847,rotation_geodesic/left_rotation,0.001600436749868095
gpu_1,clean,clean/place_container_plate/episode_000033/0_156,place_container_plate,episode_000033,clean,,,,final_action,gaussian_blur_sigma,0.5,,,,10471219474458438708,13687891846825993847,rotation_geodesic/right_rotation,0.0021503246389329433
gpu_1,clean,clean/place_container_plate/episode_000033/0_156,place_container_plate,episode_000033,clean,,,,final_action,gaussian_blur_sigma,0.5,,,,10471219474458438708,13687891846825993847,gripper_flip_rate,0.0
gpu_1,clean,clean/place_container_plate/episode_000033/0_156,place_container_plate,episode_000033,clean,,,,final_action,gaussian_blur_sigma,0.5,,,,10471219474458438708,13687891846825993847,temporal_jerk_difference,0.0007674882654100657
gpu_1,clean,clean/place_container_plate/episode_000033/0_156,place_container_plate,episode_000033,clean,,,,final_action,gaussian_blur_sigma,1.0,,,,10471219474458438708,12185843836051114294,action_relative_l2,0.0033966947812587023
gpu_1,clean,clean/place_container_plate/episode_000033/0_156,place_container_plate,episode_000033,clean,,,,final_action,gaussian_blur_sigma,1.0,,,,10471219474458438708,12185843836051114294,action_mean_abs,0.00026251174858771265
gpu_1,clean,clean/place_container_plate/episode_000033/0_156,place_container_plate,episode_000033,clean,,,,final_action,gaussian_blur_sigma,1.0,,,,10471219474458438708,12185843836051114294,action_relative_l2/first_25pct,0.0
gpu_1,clean,clean/place_container_plate/episode_000033/0_156,place_container_plate,episode_000033,clean,,,,final_action,gaussian_blur_sigma,1.0,,,,10471219474458438708,12185843836051114294,action_relative_l2/last_75pct,0.003514826763421297
gpu_1,clean,clean/place_container_plate/episode_000033/0_156,place_container_plate,episode_000033,clean,,,,final_action,gaussian_blur_sigma,1.0,,,,10471219474458438708,12185843836051114294,endpoint_l2/left_position,0.0
gpu_1,clean,clean/place_container_plate/episode_000033/0_156,place_container_plate,episode_000033,clean,,,,final_action,gaussian_blur_sigma,1.0,,,,10471219474458438708,12185843836051114294,endpoint_l2/right_position,0.0015192031860351562
gpu_1,clean,clean/place_container_plate/episode_000033/0_156,place_container_plate,episode_000033,clean,,,,final_action,gaussian_blur_sigma,1.0,,,,10471219474458438708,12185843836051114294,rotation_geodesic/left_rotation,0.0022339599672704935
gpu_1,clean,clean/place_container_plate/episode_000033/0_156,place_container_plate,episode_000033,clean,,,,final_action,gaussian_blur_sigma,1.0,,,,10471219474458438708,12185843836051114294,rotation_geodesic/right_rotation,0.0023375600576400757
gpu_1,clean,clean/place_container_plate/episode_000033/0_156,place_container_plate,episode_000033,clean,,,,final_action,gaussian_blur_sigma,1.0,,,,10471219474458438708,12185843836051114294,gripper_flip_rate,0.0
gpu_1,clean,clean/place_container_plate/episode_000033/0_156,place_container_plate,episode_000033,clean,,,,final_action,gaussian_blur_sigma,1.0,,,,10471219474458438708,12185843836051114294,temporal_jerk_difference,0.0008936796803027391
gpu_1,clean,clean/place_container_plate/episode_000033/0_156,place_container_plate,episode_000033,clean,,,,final_action,gaussian_noise_std,0.01,,,,10471219474458438708,17679738631140918171,action_relative_l2,0.007273418363183737
gpu_1,clean,clean/place_container_plate/episode_000033/0_156,place_container_plate,episode_000033,clean,,,,final_action,gaussian_noise_std,0.01,,,,10471219474458438708,17679738631140918171,action_mean_abs,0.0010521349031478167
gpu_1,clean,clean/place_container_plate/episode_000033/0_156,place_container_plate,episode_000033,clean,,,,final_action,gaussian_noise_std,0.01,,,,10471219474458438708,17679738631140918171,action_relative_l2/first_25pct,0.0
gpu_1,clean,clean/place_container_plate/episode_000033/0_156,place_container_plate,episode_000033,clean,,,,final_action,gaussian_noise_std,0.01,,,,10471219474458438708,17679738631140918171,action_relative_l2/last_75pct,0.007526376750320196
gpu_1,clean,clean/place_container_plate/episode_000033/0_156,place_container_plate,episode_000033,clean,,,,final_action,gaussian_noise_std,0.01,,,,10471219474458438708,17679738631140918171,endpoint_l2/left_position,0.004300448577851057
gpu_1,clean,clean/place_container_plate/episode_000033/0_156,place_container_plate,episode_000033,clean,,,,final_action,gaussian_noise_std,0.01,,,,10471219474458438708,17679738631140918171,endpoint_l2/right_position,0.0028893642593175173
gpu_1,clean,clean/place_container_plate/episode_000033/0_156,place_container_plate,episode_000033,clean,,,,final_action,gaussian_noise_std,0.01,,,,10471219474458438708,17679738631140918171,rotation_geodesic/left_rotation,0.004504641517996788
gpu_1,clean,clean/place_container_plate/episode_000033/0_156,place_container_plate,episode_000033,clean,,,,final_action,gaussian_noise_std,0.01,,,,10471219474458438708,17679738631140918171,rotation_geodesic/right_rotation,0.010651743970811367
gpu_1,clean,clean/place_container_plate/episode_000033/0_156,place_container_plate,episode_000033,clean,,,,final_action,gaussian_noise_std,0.01,,,,10471219474458438708,17679738631140918171,gripper_flip_rate,0.0
gpu_1,clean,clean/place_container_plate/episode_000033/0_156,place_container_plate,episode_000033,clean,,,,final_action,gaussian_noise_std,0.01,,,,10471219474458438708,17679738631140918171,temporal_jerk_difference,0.0014017840148881078
gpu_1,clean,clean/place_container_plate/episode_000033/0_156,place_container_plate,episode_000033,clean,,,,final_action,gaussian_noise_std,0.03,,,,10471219474458438708,13013057233012687563,action_relative_l2,0.07906907796859741
gpu_1,clean,clean/place_container_plate/episode_000033/0_156,place_container_plate,episode_000033,clean,,,,final_action,gaussian_noise_std,0.03,,,,10471219474458438708,13013057233012687563,action_mean_abs,0.008171001449227333
gpu_1,clean,clean/place_container_plate/episode_000033/0_156,place_container_plate,episode_000033,clean,,,,final_action,gaussian_noise_std,0.03,,,,10471219474458438708,13013057233012687563,action_relative_l2/first_25pct,0.0
gpu_1,clean,clean/place_container_plate/episode_000033/0_156,place_container_plate,episode_000033,clean,,,,final_action,gaussian_noise_std,0.03,,,,10471219474458438708,13013057233012687563,action_relative_l2/last_75pct,0.08181898295879364
gpu_1,clean,clean/place_container_plate/episode_000033/0_156,place_container_plate,episode_000033,clean,,,,final_action,gaussian_noise_std,0.03,,,,10471219474458438708,13013057233012687563,endpoint_l2/left_position,0.014494289644062519
gpu_1,clean,clean/place_container_plate/episode_000033/0_156,place_container_plate,episode_000033,clean,,,,final_action,gaussian_noise_std,0.03,,,,10471219474458438708,13013057233012687563,endpoint_l2/right_position,0.08093877136707306
gpu_1,clean,clean/place_container_plate/episode_000033/0_156,place_container_plate,episode_000033,clean,,,,final_action,gaussian_noise_std,0.03,,,,10471219474458438708,13013057233012687563,rotation_geodesic/left_rotation,0.01050344668328762
gpu_1,clean,clean/place_container_plate/episode_000033/0_156,place_container_plate,episode_000033,clean,,,,final_action,gaussian_noise_std,0.03,,,,10471219474458438708,13013057233012687563,rotation_geodesic/right_rotation,0.12128400802612305
gpu_1,clean,clean/place_container_plate/episode_000033/0_156,place_container_plate,episode_000033,clean,,,,final_action,gaussian_noise_std,0.03,,,,10471219474458438708,13013057233012687563,gripper_flip_rate,0.0
gpu_1,clean,clean/place_container_plate/episode_000033/0_156,place_container_plate,episode_000033,clean,,,,final_action,gaussian_noise_std,0.03,,,,10471219474458438708,13013057233012687563,temporal_jerk_difference,0.0018515854608267546
gpu_1,clean,clean/place_container_plate/episode_000033/0_156,place_container_plate,episode_000033,clean,,,,final_action,identity,0.0,,,,10471219474458438708,,action_relative_l2,0.0
gpu_1,clean,clean/place_container_plate/episode_000033/0_156,place_container_plate,episode_000033,clean,,,,final_action,identity,0.0,,,,10471219474458438708,,action_mean_abs,0.0
gpu_1,clean,clean/place_container_plate/episode_000033/0_156,place_container_plate,episode_000033,clean,,,,final_action,identity,0.0,,,,10471219474458438708,,action_relative_l2/first_25pct,0.0
gpu_1,clean,clean/place_container_plate/episode_000033/0_156,place_container_plate,episode_000033,clean,,,,final_action,identity,0.0,,,,10471219474458438708,,action_relative_l2/last_75pct,0.0
gpu_1,clean,clean/place_container_plate/episode_000033/0_156,place_container_plate,episode_000033,clean,,,,final_action,identity,0.0,,,,10471219474458438708,,endpoint_l2/left_position,0.0
gpu_1,clean,clean/place_container_plate/episode_000033/0_156,place_container_plate,episode_000033,clean,,,,final_action,identity,0.0,,,,10471219474458438708,,endpoint_l2/right_position,0.0
gpu_1,clean,clean/place_container_plate/episode_000033/0_156,place_container_plate,episode_000033,clean,,,,final_action,identity,0.0,,,,10471219474458438708,,rotation_geodesic/left_rotation,0.0001847281528171152
gpu_1,clean,clean/place_container_plate/episode_000033/0_156,place_container_plate,episode_000033,clean,,,,final_action,identity,0.0,,,,10471219474458438708,,rotation_geodesic/right_rotation,0.00021632226707879454
gpu_1,clean,clean/place_container_plate/episode_000033/0_156,place_container_plate,episode_000033,clean,,,,final_action,identity,0.0,,,,10471219474458438708,,gripper_flip_rate,0.0
gpu_1,clean,clean/place_container_plate/episode_000033/0_156,place_container_plate,episode_000033,clean,,,,final_action,identity,0.0,,,,10471219474458438708,,temporal_jerk_difference,0.0
gpu_1,clean,clean/put_bottles_dustbin/episode_000006/0_549,put_bottles_dustbin,episode_000006,clean,,,,final_action,brightness,0.8,,,,569836324477247425,1394009349984855089,action_relative_l2,0.023831890895962715
gpu_1,clean,clean/put_bottles_dustbin/episode_000006/0_549,put_bottles_dustbin,episode_000006,clean,,,,final_action,brightness,0.8,,,,569836324477247425,1394009349984855089,action_mean_abs,0.003950849641114473
gpu_1,clean,clean/put_bottles_dustbin/episode_000006/0_549,put_bottles_dustbin,episode_000006,clean,,,,final_action,brightness,0.8,,,,569836324477247425,1394009349984855089,action_relative_l2/first_25pct,0.0
gpu_1,clean,clean/put_bottles_dustbin/episode_000006/0_549,put_bottles_dustbin,episode_000006,clean,,,,final_action,brightness,0.8,,,,569836324477247425,1394009349984855089,action_relative_l2/last_75pct,0.024669691920280457
gpu_1,clean,clean/put_bottles_dustbin/episode_000006/0_549,put_bottles_dustbin,episode_000006,clean,,,,final_action,brightness,0.8,,,,569836324477247425,1394009349984855089,endpoint_l2/left_position,0.021425805985927582
gpu_1,clean,clean/put_bottles_dustbin/episode_000006/0_549,put_bottles_dustbin,episode_000006,clean,,,,final_action,brightness,0.8,,,,569836324477247425,1394009349984855089,endpoint_l2/right_position,0.015467610210180283
gpu_1,clean,clean/put_bottles_dustbin/episode_000006/0_549,put_bottles_dustbin,episode_000006,clean,,,,final_action,brightness,0.8,,,,569836324477247425,1394009349984855089,rotation_geodesic/left_rotation,0.03107466734945774
gpu_1,clean,clean/put_bottles_dustbin/episode_000006/0_549,put_bottles_dustbin,episode_000006,clean,,,,final_action,brightness,0.8,,,,569836324477247425,1394009349984855089,rotation_geodesic/right_rotation,0.017083177343010902
gpu_1,clean,clean/put_bottles_dustbin/episode_000006/0_549,put_bottles_dustbin,episode_000006,clean,,,,final_action,brightness,0.8,,,,569836324477247425,1394009349984855089,gripper_flip_rate,0.0
gpu_1,clean,clean/put_bottles_dustbin/episode_000006/0_549,put_bottles_dustbin,episode_000006,clean,,,,final_action,brightness,0.8,,,,569836324477247425,1394009349984855089,temporal_jerk_difference,0.0016500870697200298
gpu_1,clean,clean/put_bottles_dustbin/episode_000006/0_549,put_bottles_dustbin,episode_000006,clean,,,,final_action,brightness,1.2,,,,569836324477247425,8114302215028719186,action_relative_l2,0.020874297246336937
gpu_1,clean,clean/put_bottles_dustbin/episode_000006/0_549,put_bottles_dustbin,episode_000006,clean,,,,final_action,brightness,1.2,,,,569836324477247425,8114302215028719186,action_mean_abs,0.003272213041782379
gpu_1,clean,clean/put_bottles_dustbin/episode_000006/0_549,put_bottles_dustbin,episode_000006,clean,,,,final_action,brightness,1.2,,,,569836324477247425,8114302215028719186,action_relative_l2/first_25pct,0.0
gpu_1,clean,clean/put_bottles_dustbin/episode_000006/0_549,put_bottles_dustbin,episode_000006,clean,,,,final_action,brightness,1.2,,,,569836324477247425,8114302215028719186,action_relative_l2/last_75pct,0.021608125418424606
gpu_1,clean,clean/put_bottles_dustbin/episode_000006/0_549,put_bottles_dustbin,episode_000006,clean,,,,final_action,brightness,1.2,,,,569836324477247425,8114302215028719186,endpoint_l2/left_position,0.01727764494717121
gpu_1,clean,clean/put_bottles_dustbin/episode_000006/0_549,put_bottles_dustbin,episode_000006,clean,,,,final_action,brightness,1.2,,,,569836324477247425,8114302215028719186,endpoint_l2/right_position,0.01918986812233925
gpu_1,clean,clean/put_bottles_dustbin/episode_000006/0_549,put_bottles_dustbin,episode_000006,clean,,,,final_action,brightness,1.2,,,,569836324477247425,8114302215028719186,rotation_geodesic/left_rotation,0.027297481894493103
gpu_1,clean,clean/put_bottles_dustbin/episode_000006/0_549,put_bottles_dustbin,episode_000006,clean,,,,final_action,brightness,1.2,,,,569836324477247425,8114302215028719186,rotation_geodesic/right_rotation,0.0168747715651989
gpu_1,clean,clean/put_bottles_dustbin/episode_000006/0_549,put_bottles_dustbin,episode_000006,clean,,,,final_action,brightness,1.2,,,,569836324477247425,8114302215028719186,gripper_flip_rate,0.0
gpu_1,clean,clean/put_bottles_dustbin/episode_000006/0_549,put_bottles_dustbin,episode_000006,clean,,,,final_action,brightness,1.2,,,,569836324477247425,8114302215028719186,temporal_jerk_difference,0.002066107001155615
gpu_1,clean,clean/put_bottles_dustbin/episode_000006/0_549,put_bottles_dustbin,episode_000006,clean,,,,final_action,color_temperature,-0.1,,,,569836324477247425,14816179961873656132,action_relative_l2,0.01677536964416504
gpu_1,clean,clean/put_bottles_dustbin/episode_000006/0_549,put_bottles_dustbin,episode_000006,clean,,,,final_action,color_temperature,-0.1,,,,569836324477247425,14816179961873656132,action_mean_abs,0.002879224019125104
gpu_1,clean,clean/put_bottles_dustbin/episode_000006/0_549,put_bottles_dustbin,episode_000006,clean,,,,final_action,color_temperature,-0.1,,,,569836324477247425,14816179961873656132,action_relative_l2/first_25pct,0.0
gpu_1,clean,clean/put_bottles_dustbin/episode_000006/0_549,put_bottles_dustbin,episode_000006,clean,,,,final_action,color_temperature,-0.1,,,,569836324477247425,14816179961873656132,action_relative_l2/last_75pct,0.017365101724863052
gpu_1,clean,clean/put_bottles_dustbin/episode_000006/0_549,put_bottles_dustbin,episode_000006,clean,,,,final_action,color_temperature,-0.1,,,,569836324477247425,14816179961873656132,endpoint_l2/left_position,0.02482570894062519
gpu_1,clean,clean/put_bottles_dustbin/episode_000006/0_549,put_bottles_dustbin,episode_000006,clean,,,,final_action,color_temperature,-0.1,,,,569836324477247425,14816179961873656132,endpoint_l2/right_position,0.008125501684844494
gpu_1,clean,clean/put_bottles_dustbin/episode_000006/0_549,put_bottles_dustbin,episode_000006,clean,,,,final_action,color_temperature,-0.1,,,,569836324477247425,14816179961873656132,rotation_geodesic/left_rotation,0.020538778975605965
gpu_1,clean,clean/put_bottles_dustbin/episode_000006/0_549,put_bottles_dustbin,episode_000006,clean,,,,final_action,color_temperature,-0.1,,,,569836324477247425,14816179961873656132,rotation_geodesic/right_rotation,0.016497895121574402
gpu_1,clean,clean/put_bottles_dustbin/episode_000006/0_549,put_bottles_dustbin,episode_000006,clean,,,,final_action,color_temperature,-0.1,,,,569836324477247425,14816179961873656132,gripper_flip_rate,0.0
gpu_1,clean,clean/put_bottles_dustbin/episode_000006/0_549,put_bottles_dustbin,episode_000006,clean,,,,final_action,color_temperature,-0.1,,,,569836324477247425,14816179961873656132,temporal_jerk_difference,0.0016742937732487917
gpu_1,clean,clean/put_bottles_dustbin/episode_000006/0_549,put_bottles_dustbin,episode_000006,clean,,,,final_action,color_temperature,0.1,,,,569836324477247425,14578194793345110634,action_relative_l2,0.008396399207413197
gpu_1,clean,clean/put_bottles_dustbin/episode_000006/0_549,put_bottles_dustbin,episode_000006,clean,,,,final_action,color_temperature,0.1,,,,569836324477247425,14578194793345110634,action_mean_abs,0.0011492256307974458
gpu_1,clean,clean/put_bottles_dustbin/episode_000006/0_549,put_bottles_dustbin,episode_000006,clean,,,,final_action,color_temperature,0.1,,,,569836324477247425,14578194793345110634,action_relative_l2/first_25pct,0.0
gpu_1,clean,clean/put_bottles_dustbin/episode_000006/0_549,put_bottles_dustbin,episode_000006,clean,,,,final_action,color_temperature,0.1,,,,569836324477247425,14578194793345110634,action_relative_l2/last_75pct,0.008691570721566677
gpu_1,clean,clean/put_bottles_dustbin/episode_000006/0_549,put_bottles_dustbin,episode_000006,clean,,,,final_action,color_temperature,0.1,,,,569836324477247425,14578194793345110634,endpoint_l2/left_position,0.01172672864049673
gpu_1,clean,clean/put_bottles_dustbin/episode_000006/0_549,put_bottles_dustbin,episode_000006,clean,,,,final_action,color_temperature,0.1,,,,569836324477247425,14578194793345110634,endpoint_l2/right_position,0.0047303237952291965
gpu_1,clean,clean/put_bottles_dustbin/episode_000006/0_549,put_bottles_dustbin,episode_000006,clean,,,,final_action,color_temperature,0.1,,,,569836324477247425,14578194793345110634,rotation_geodesic/left_rotation,0.010597200132906437
gpu_1,clean,clean/put_bottles_dustbin/episode_000006/0_549,put_bottles_dustbin,episode_000006,clean,,,,final_action,color_temperature,0.1,,,,569836324477247425,14578194793345110634,rotation_geodesic/right_rotation,0.006703786086291075
gpu_1,clean,clean/put_bottles_dustbin/episode_000006/0_549,put_bottles_dustbin,episode_000006,clean,,,,final_action,color_temperature,0.1,,,,569836324477247425,14578194793345110634,gripper_flip_rate,0.0
gpu_1,clean,clean/put_bottles_dustbin/episode_000006/0_549,put_bottles_dustbin,episode_000006,clean,,,,final_action,color_temperature,0.1,,,,569836324477247425,14578194793345110634,temporal_jerk_difference,0.0014218926662579179
gpu_1,clean,clean/put_bottles_dustbin/episode_000006/0_549,put_bottles_dustbin,episode_000006,clean,,,,final_action,gamma,0.8,,,,569836324477247425,16933093666737702996,action_relative_l2,0.007887296378612518
gpu_1,clean,clean/put_bottles_dustbin/episode_000006/0_549,put_bottles_dustbin,episode_000006,clean,,,,final_action,gamma,0.8,,,,569836324477247425,16933093666737702996,action_mean_abs,0.0009859493002295494
gpu_1,clean,clean/put_bottles_dustbin/episode_000006/0_549,put_bottles_dustbin,episode_000006,clean,,,,final_action,gamma,0.8,,,,569836324477247425,16933093666737702996,action_relative_l2/first_25pct,0.0
gpu_1,clean,clean/put_bottles_dustbin/episode_000006/0_549,put_bottles_dustbin,episode_000006,clean,,,,final_action,gamma,0.8,,,,569836324477247425,16933093666737702996,action_relative_l2/last_75pct,0.008164571598172188
gpu_1,clean,clean/put_bottles_dustbin/episode_000006/0_549,put_bottles_dustbin,episode_000006,clean,,,,final_action,gamma,0.8,,,,569836324477247425,16933093666737702996,endpoint_l2/left_position,0.01215490885078907
gpu_1,clean,clean/put_bottles_dustbin/episode_000006/0_549,put_bottles_dustbin,episode_000006,clean,,,,final_action,gamma,0.8,,,,569836324477247425,16933093666737702996,endpoint_l2/right_position,0.005144893657416105
gpu_1,clean,clean/put_bottles_dustbin/episode_000006/0_549,put_bottles_dustbin,episode_000006,clean,,,,final_action,gamma,0.8,,,,569836324477247425,16933093666737702996,rotation_geodesic/left_rotation,0.008913774974644184
gpu_1,clean,clean/put_bottles_dustbin/episode_000006/0_549,put_bottles_dustbin,episode_000006,clean,,,,final_action,gamma,0.8,,,,569836324477247425,16933093666737702996,rotation_geodesic/right_rotation,0.0056487745605409145
gpu_1,clean,clean/put_bottles_dustbin/episode_000006/0_549,put_bottles_dustbin,episode_000006,clean,,,,final_action,gamma,0.8,,,,569836324477247425,16933093666737702996,gripper_flip_rate,0.0
gpu_1,clean,clean/put_bottles_dustbin/episode_000006/0_549,put_bottles_dustbin,episode_000006,clean,,,,final_action,gamma,0.8,,,,569836324477247425,16933093666737702996,temporal_jerk_difference,0.0012136359000578523
gpu_1,clean,clean/put_bottles_dustbin/episode_000006/0_549,put_bottles_dustbin,episode_000006,clean,,,,final_action,gamma,1.2,,,,569836324477247425,12625001604940726536,action_relative_l2,0.005301219876855612
gpu_1,clean,clean/put_bottles_dustbin/episode_000006/0_549,put_bottles_dustbin,episode_000006,clean,,,,final_action,gamma,1.2,,,,569836324477247425,12625001604940726536,action_mean_abs,0.0006850056233815849
gpu_1,clean,clean/put_bottles_dustbin/episode_000006/0_549,put_bottles_dustbin,episode_000006,clean,,,,final_action,gamma,1.2,,,,569836324477247425,12625001604940726536,action_relative_l2/first_25pct,0.0
gpu_1,clean,clean/put_bottles_dustbin/episode_000006/0_549,put_bottles_dustbin,episode_000006,clean,,,,final_action,gamma,1.2,,,,569836324477247425,12625001604940726536,action_relative_l2/last_75pct,0.005487582180649042
gpu_1,clean,clean/put_bottles_dustbin/episode_000006/0_549,put_bottles_dustbin,episode_000006,clean,,,,final_action,gamma,1.2,,,,569836324477247425,12625001604940726536,endpoint_l2/left_position,0.00407294649630785
gpu_1,clean,clean/put_bottles_dustbin/episode_000006/0_549,put_bottles_dustbin,episode_000006,clean,,,,final_action,gamma,1.2,,,,569836324477247425,12625001604940726536,endpoint_l2/right_position,0.007210434414446354
gpu_1,clean,clean/put_bottles_dustbin/episode_000006/0_549,put_bottles_dustbin,episode_000006,clean,,,,final_action,gamma,1.2,,,,569836324477247425,12625001604940726536,rotation_geodesic/left_rotation,0.003379490692168474
gpu_1,clean,clean/put_bottles_dustbin/episode_000006/0_549,put_bottles_dustbin,episode_000006,clean,,,,final_action,gamma,1.2,,,,569836324477247425,12625001604940726536,rotation_geodesic/right_rotation,0.006069637835025787
gpu_1,clean,clean/put_bottles_dustbin/episode_000006/0_549,put_bottles_dustbin,episode_000006,clean,,,,final_action,gamma,1.2,,,,569836324477247425,12625001604940726536,gripper_flip_rate,0.0
gpu_1,clean,clean/put_bottles_dustbin/episode_000006/0_549,put_bottles_dustbin,episode_000006,clean,,,,final_action,gamma,1.2,,,,569836324477247425,12625001604940726536,temporal_jerk_difference,0.0012785623548552394
gpu_1,clean,clean/put_bottles_dustbin/episode_000006/0_549,put_bottles_dustbin,episode_000006,clean,,,,final_action,gaussian_blur_sigma,0.5,,,,569836324477247425,12482998238198523405,action_relative_l2,0.00415441207587719
gpu_1,clean,clean/put_bottles_dustbin/episode_000006/0_549,put_bottles_dustbin,episode_000006,clean,,,,final_action,gaussian_blur_sigma,0.5,,,,569836324477247425,12482998238198523405,action_mean_abs,0.00045352839515544474
gpu_1,clean,clean/put_bottles_dustbin/episode_000006/0_549,put_bottles_dustbin,episode_000006,clean,,,,final_action,gaussian_blur_sigma,0.5,,,,569836324477247425,12482998238198523405,action_relative_l2/first_25pct,0.0
gpu_1,clean,clean/put_bottles_dustbin/episode_000006/0_549,put_bottles_dustbin,episode_000006,clean,,,,final_action,gaussian_blur_sigma,0.5,,,,569836324477247425,12482998238198523405,action_relative_l2/last_75pct,0.004300458822399378
gpu_1,clean,clean/put_bottles_dustbin/episode_000006/0_549,put_bottles_dustbin,episode_000006,clean,,,,final_action,gaussian_blur_sigma,0.5,,,,569836324477247425,12482998238198523405,endpoint_l2/left_position,0.002003489760681987
gpu_1,clean,clean/put_bottles_dustbin/episode_000006/0_549,put_bottles_dustbin,episode_000006,clean,,,,final_action,gaussian_blur_sigma,0.5,,,,569836324477247425,12482998238198523405,endpoint_l2/right_position,0.002889360534027219
gpu_1,clean,clean/put_bottles_dustbin/episode_000006/0_549,put_bottles_dustbin,episode_000006,clean,,,,final_action,gaussian_blur_sigma,0.5,,,,569836324477247425,12482998238198523405,rotation_geodesic/left_rotation,0.003984943963587284
gpu_1,clean,clean/put_bottles_dustbin/episode_000006/0_549,put_bottles_dustbin,episode_000006,clean,,,,final_action,gaussian_blur_sigma,0.5,,,,569836324477247425,12482998238198523405,rotation_geodesic/right_rotation,0.0046602897346019745
gpu_1,clean,clean/put_bottles_dustbin/episode_000006/0_549,put_bottles_dustbin,episode_000006,clean,,,,final_action,gaussian_blur_sigma,0.5,,,,569836324477247425,12482998238198523405,gripper_flip_rate,0.0
gpu_1,clean,clean/put_bottles_dustbin/episode_000006/0_549,put_bottles_dustbin,episode_000006,clean,,,,final_action,gaussian_blur_sigma,0.5,,,,569836324477247425,12482998238198523405,temporal_jerk_difference,0.0011682955082505941
gpu_1,clean,clean/put_bottles_dustbin/episode_000006/0_549,put_bottles_dustbin,episode_000006,clean,,,,final_action,gaussian_blur_sigma,1.0,,,,569836324477247425,2603120455614262532,action_relative_l2,0.006085209082812071
gpu_1,clean,clean/put_bottles_dustbin/episode_000006/0_549,put_bottles_dustbin,episode_000006,clean,,,,final_action,gaussian_blur_sigma,1.0,,,,569836324477247425,2603120455614262532,action_mean_abs,0.0007680091657675803
gpu_1,clean,clean/put_bottles_dustbin/episode_000006/0_549,put_bottles_dustbin,episode_000006,clean,,,,final_action,gaussian_blur_sigma,1.0,,,,569836324477247425,2603120455614262532,action_relative_l2/first_25pct,0.0
gpu_1,clean,clean/put_bottles_dustbin/episode_000006/0_549,put_bottles_dustbin,episode_000006,clean,,,,final_action,gaussian_blur_sigma,1.0,,,,569836324477247425,2603120455614262532,action_relative_l2/last_75pct,0.006299132015556097
gpu_1,clean,clean/put_bottles_dustbin/episode_000006/0_549,put_bottles_dustbin,episode_000006,clean,,,,final_action,gaussian_blur_sigma,1.0,,,,569836324477247425,2603120455614262532,endpoint_l2/left_position,0.0018382072448730469
gpu_1,clean,clean/put_bottles_dustbin/episode_000006/0_549,put_bottles_dustbin,episode_000006,clean,,,,final_action,gaussian_blur_sigma,1.0,,,,569836324477247425,2603120455614262532,endpoint_l2/right_position,0.00317833898589015
gpu_1,clean,clean/put_bottles_dustbin/episode_000006/0_549,put_bottles_dustbin,episode_000006,clean,,,,final_action,gaussian_blur_sigma,1.0,,,,569836324477247425,2603120455614262532,rotation_geodesic/left_rotation,0.005052087362855673
gpu_1,clean,clean/put_bottles_dustbin/episode_000006/0_549,put_bottles_dustbin,episode_000006,clean,,,,final_action,gaussian_blur_sigma,1.0,,,,569836324477247425,2603120455614262532,rotation_geodesic/right_rotation,0.005890726111829281
gpu_1,clean,clean/put_bottles_dustbin/episode_000006/0_549,put_bottles_dustbin,episode_000006,clean,,,,final_action,gaussian_blur_sigma,1.0,,,,569836324477247425,2603120455614262532,gripper_flip_rate,0.0
gpu_1,clean,clean/put_bottles_dustbin/episode_000006/0_549,put_bottles_dustbin,episode_000006,clean,,,,final_action,gaussian_blur_sigma,1.0,,,,569836324477247425,2603120455614262532,temporal_jerk_difference,0.0013521480141207576
gpu_1,clean,clean/put_bottles_dustbin/episode_000006/0_549,put_bottles_dustbin,episode_000006,clean,,,,final_action,gaussian_noise_std,0.01,,,,569836324477247425,9490953497224402498,action_relative_l2,0.010732878930866718
gpu_1,clean,clean/put_bottles_dustbin/episode_000006/0_549,put_bottles_dustbin,episode_000006,clean,,,,final_action,gaussian_noise_std,0.01,,,,569836324477247425,9490953497224402498,action_mean_abs,0.0016084129456430674
gpu_1,clean,clean/put_bottles_dustbin/episode_000006/0_549,put_bottles_dustbin,episode_000006,clean,,,,final_action,gaussian_noise_std,0.01,,,,569836324477247425,9490953497224402498,action_relative_l2/first_25pct,0.0
gpu_1,clean,clean/put_bottles_dustbin/episode_000006/0_549,put_bottles_dustbin,episode_000006,clean,,,,final_action,gaussian_noise_std,0.01,,,,569836324477247425,9490953497224402498,action_relative_l2/last_75pct,0.011110189370810986
gpu_1,clean,clean/put_bottles_dustbin/episode_000006/0_549,put_bottles_dustbin,episode_000006,clean,,,,final_action,gaussian_noise_std,0.01,,,,569836324477247425,9490953497224402498,endpoint_l2/left_position,0.004279276821762323
gpu_1,clean,clean/put_bottles_dustbin/episode_000006/0_549,put_bottles_dustbin,episode_000006,clean,,,,final_action,gaussian_noise_std,0.01,,,,569836324477247425,9490953497224402498,endpoint_l2/right_position,0.007217631209641695
gpu_1,clean,clean/put_bottles_dustbin/episode_000006/0_549,put_bottles_dustbin,episode_000006,clean,,,,final_action,gaussian_noise_std,0.01,,,,569836324477247425,9490953497224402498,rotation_geodesic/left_rotation,0.01453717052936554
gpu_1,clean,clean/put_bottles_dustbin/episode_000006/0_549,put_bottles_dustbin,episode_000006,clean,,,,final_action,gaussian_noise_std,0.01,,,,569836324477247425,9490953497224402498,rotation_geodesic/right_rotation,0.008109427988529205
gpu_1,clean,clean/put_bottles_dustbin/episode_000006/0_549,put_bottles_dustbin,episode_000006,clean,,,,final_action,gaussian_noise_std,0.01,,,,569836324477247425,9490953497224402498,gripper_flip_rate,0.0
gpu_1,clean,clean/put_bottles_dustbin/episode_000006/0_549,put_bottles_dustbin,episode_000006,clean,,,,final_action,gaussian_noise_std,0.01,,,,569836324477247425,9490953497224402498,temporal_jerk_difference,0.0015240374486893415
gpu_1,clean,clean/put_bottles_dustbin/episode_000006/0_549,put_bottles_dustbin,episode_000006,clean,,,,final_action,gaussian_noise_std,0.03,,,,569836324477247425,16403314817068746778,action_relative_l2,0.02566215582191944
gpu_1,clean,clean/put_bottles_dustbin/episode_000006/0_549,put_bottles_dustbin,episode_000006,clean,,,,final_action,gaussian_noise_std,0.03,,,,569836324477247425,16403314817068746778,action_mean_abs,0.003992254380136728
gpu_1,clean,clean/put_bottles_dustbin/episode_000006/0_549,put_bottles_dustbin,episode_000006,clean,,,,final_action,gaussian_noise_std,0.03,,,,569836324477247425,16403314817068746778,action_relative_l2/first_25pct,0.0
gpu_1,clean,clean/put_bottles_dustbin/episode_000006/0_549,put_bottles_dustbin,episode_000006,clean,,,,final_action,gaussian_noise_std,0.03,,,,569836324477247425,16403314817068746778,action_relative_l2/last_75pct,0.026564300060272217
gpu_1,clean,clean/put_bottles_dustbin/episode_000006/0_549,put_bottles_dustbin,episode_000006,clean,,,,final_action,gaussian_noise_std,0.03,,,,569836324477247425,16403314817068746778,endpoint_l2/left_position,0.024021996185183525
gpu_1,clean,clean/put_bottles_dustbin/episode_000006/0_549,put_bottles_dustbin,episode_000006,clean,,,,final_action,gaussian_noise_std,0.03,,,,569836324477247425,16403314817068746778,endpoint_l2/right_position,0.022379131987690926
gpu_1,clean,clean/put_bottles_dustbin/episode_000006/0_549,put_bottles_dustbin,episode_000006,clean,,,,final_action,gaussian_noise_std,0.03,,,,569836324477247425,16403314817068746778,rotation_geodesic/left_rotation,0.03582413122057915
gpu_1,clean,clean/put_bottles_dustbin/episode_000006/0_549,put_bottles_dustbin,episode_000006,clean,,,,final_action,gaussian_noise_std,0.03,,,,569836324477247425,16403314817068746778,rotation_geodesic/right_rotation,0.01789764314889908
gpu_1,clean,clean/put_bottles_dustbin/episode_000006/0_549,put_bottles_dustbin,episode_000006,clean,,,,final_action,gaussian_noise_std,0.03,,,,569836324477247425,16403314817068746778,gripper_flip_rate,0.0
gpu_1,clean,clean/put_bottles_dustbin/episode_000006/0_549,put_bottles_dustbin,episode_000006,clean,,,,final_action,gaussian_noise_std,0.03,,,,569836324477247425,16403314817068746778,temporal_jerk_difference,0.0016510996501892805
gpu_1,clean,clean/put_bottles_dustbin/episode_000006/0_549,put_bottles_dustbin,episode_000006,clean,,,,final_action,identity,0.0,,,,569836324477247425,,action_relative_l2,0.0
gpu_1,clean,clean/put_bottles_dustbin/episode_000006/0_549,put_bottles_dustbin,episode_000006,clean,,,,final_action,identity,0.0,,,,569836324477247425,,action_mean_abs,0.0
gpu_1,clean,clean/put_bottles_dustbin/episode_000006/0_549,put_bottles_dustbin,episode_000006,clean,,,,final_action,identity,0.0,,,,569836324477247425,,action_relative_l2/first_25pct,0.0
gpu_1,clean,clean/put_bottles_dustbin/episode_000006/0_549,put_bottles_dustbin,episode_000006,clean,,,,final_action,identity,0.0,,,,569836324477247425,,action_relative_l2/last_75pct,0.0
gpu_1,clean,clean/put_bottles_dustbin/episode_000006/0_549,put_bottles_dustbin,episode_000006,clean,,,,final_action,identity,0.0,,,,569836324477247425,,endpoint_l2/left_position,0.0
gpu_1,clean,clean/put_bottles_dustbin/episode_000006/0_549,put_bottles_dustbin,episode_000006,clean,,,,final_action,identity,0.0,,,,569836324477247425,,endpoint_l2/right_position,0.0
gpu_1,clean,clean/put_bottles_dustbin/episode_000006/0_549,put_bottles_dustbin,episode_000006,clean,,,,final_action,identity,0.0,,,,569836324477247425,,rotation_geodesic/left_rotation,0.0001810257526813075
gpu_1,clean,clean/put_bottles_dustbin/episode_000006/0_549,put_bottles_dustbin,episode_000006,clean,,,,final_action,identity,0.0,,,,569836324477247425,,rotation_geodesic/right_rotation,8.053462079260498e-05
gpu_1,clean,clean/put_bottles_dustbin/episode_000006/0_549,put_bottles_dustbin,episode_000006,clean,,,,final_action,identity,0.0,,,,569836324477247425,,gripper_flip_rate,0.0
gpu_1,clean,clean/put_bottles_dustbin/episode_000006/0_549,put_bottles_dustbin,episode_000006,clean,,,,final_action,identity,0.0,,,,569836324477247425,,temporal_jerk_difference,0.0
gpu_1,clean,clean/turn_switch/episode_000047/0_98,turn_switch,episode_000047,clean,,,,final_action,brightness,0.8,,,,16604683412220122174,2894186492195837140,action_relative_l2,0.013569300994277
gpu_1,clean,clean/turn_switch/episode_000047/0_98,turn_switch,episode_000047,clean,,,,final_action,brightness,0.8,,,,16604683412220122174,2894186492195837140,action_mean_abs,0.002802595729008317
gpu_1,clean,clean/turn_switch/episode_000047/0_98,turn_switch,episode_000047,clean,,,,final_action,brightness,0.8,,,,16604683412220122174,2894186492195837140,action_relative_l2/first_25pct,0.0
gpu_1,clean,clean/turn_switch/episode_000047/0_98,turn_switch,episode_000047,clean,,,,final_action,brightness,0.8,,,,16604683412220122174,2894186492195837140,action_relative_l2/last_75pct,0.014041760936379433
gpu_1,clean,clean/turn_switch/episode_000047/0_98,turn_switch,episode_000047,clean,,,,final_action,brightness,0.8,,,,16604683412220122174,2894186492195837140,endpoint_l2/left_position,0.01177377998828888
gpu_1,clean,clean/turn_switch/episode_000047/0_98,turn_switch,episode_000047,clean,,,,final_action,brightness,0.8,,,,16604683412220122174,2894186492195837140,endpoint_l2/right_position,0.007649776991456747
gpu_1,clean,clean/turn_switch/episode_000047/0_98,turn_switch,episode_000047,clean,,,,final_action,brightness,0.8,,,,16604683412220122174,2894186492195837140,rotation_geodesic/left_rotation,0.015688056126236916
gpu_1,clean,clean/turn_switch/episode_000047/0_98,turn_switch,episode_000047,clean,,,,final_action,brightness,0.8,,,,16604683412220122174,2894186492195837140,rotation_geodesic/right_rotation,0.009256556630134583
gpu_1,clean,clean/turn_switch/episode_000047/0_98,turn_switch,episode_000047,clean,,,,final_action,brightness,0.8,,,,16604683412220122174,2894186492195837140,gripper_flip_rate,0.0
gpu_1,clean,clean/turn_switch/episode_000047/0_98,turn_switch,episode_000047,clean,,,,final_action,brightness,0.8,,,,16604683412220122174,2894186492195837140,temporal_jerk_difference,0.0021873058285564184
gpu_1,clean,clean/turn_switch/episode_000047/0_98,turn_switch,episode_000047,clean,,,,final_action,brightness,1.2,,,,16604683412220122174,3109882623584244822,action_relative_l2,0.020633922889828682
gpu_1,clean,clean/turn_switch/episode_000047/0_98,turn_switch,episode_000047,clean,,,,final_action,brightness,1.2,,,,16604683412220122174,3109882623584244822,action_mean_abs,0.003324417397379875
gpu_1,clean,clean/turn_switch/episode_000047/0_98,turn_switch,episode_000047,clean,,,,final_action,brightness,1.2,,,,16604683412220122174,3109882623584244822,action_relative_l2/first_25pct,0.0
gpu_1,clean,clean/turn_switch/episode_000047/0_98,turn_switch,episode_000047,clean,,,,final_action,brightness,1.2,,,,16604683412220122174,3109882623584244822,action_relative_l2/last_75pct,0.021352361887693405
gpu_1,clean,clean/turn_switch/episode_000047/0_98,turn_switch,episode_000047,clean,,,,final_action,brightness,1.2,,,,16604683412220122174,3109882623584244822,endpoint_l2/left_position,0.025819197297096252
gpu_1,clean,clean/turn_switch/episode_000047/0_98,turn_switch,episode_000047,clean,,,,final_action,brightness,1.2,,,,16604683412220122174,3109882623584244822,endpoint_l2/right_position,0.013292435556650162
gpu_1,clean,clean/turn_switch/episode_000047/0_98,turn_switch,episode_000047,clean,,,,final_action,brightness,1.2,,,,16604683412220122174,3109882623584244822,rotation_geodesic/left_rotation,0.01851259171962738
gpu_1,clean,clean/turn_switch/episode_000047/0_98,turn_switch,episode_000047,clean,,,,final_action,brightness,1.2,,,,16604683412220122174,3109882623584244822,rotation_geodesic/right_rotation,0.030012574046850204
gpu_1,clean,clean/turn_switch/episode_000047/0_98,turn_switch,episode_000047,clean,,,,final_action,brightness,1.2,,,,16604683412220122174,3109882623584244822,gripper_flip_rate,0.0
gpu_1,clean,clean/turn_switch/episode_000047/0_98,turn_switch,episode_000047,clean,,,,final_action,brightness,1.2,,,,16604683412220122174,3109882623584244822,temporal_jerk_difference,0.0020330233965069056
gpu_1,clean,clean/turn_switch/episode_000047/0_98,turn_switch,episode_000047,clean,,,,final_action,color_temperature,-0.1,,,,16604683412220122174,13981428570655036527,action_relative_l2,0.008907829411327839
gpu_1,clean,clean/turn_switch/episode_000047/0_98,turn_switch,episode_000047,clean,,,,final_action,color_temperature,-0.1,,,,16604683412220122174,13981428570655036527,action_mean_abs,0.0015984936617314816
gpu_1,clean,clean/turn_switch/episode_000047/0_98,turn_switch,episode_000047,clean,,,,final_action,color_temperature,-0.1,,,,16604683412220122174,13981428570655036527,action_relative_l2/first_25pct,0.0
gpu_1,clean,clean/turn_switch/episode_000047/0_98,turn_switch,episode_000047,clean,,,,final_action,color_temperature,-0.1,,,,16604683412220122174,13981428570655036527,action_relative_l2/last_75pct,0.009217984974384308
gpu_1,clean,clean/turn_switch/episode_000047/0_98,turn_switch,episode_000047,clean,,,,final_action,color_temperature,-0.1,,,,16604683412220122174,13981428570655036527,endpoint_l2/left_position,0.009559715166687965
gpu_1,clean,clean/turn_switch/episode_000047/0_98,turn_switch,episode_000047,clean,,,,final_action,color_temperature,-0.1,,,,16604683412220122174,13981428570655036527,endpoint_l2/right_position,0.003851365763694048
gpu_1,clean,clean/turn_switch/episode_000047/0_98,turn_switch,episode_000047,clean,,,,final_action,color_temperature,-0.1,,,,16604683412220122174,13981428570655036527,rotation_geodesic/left_rotation,0.008738795295357704
gpu_1,clean,clean/turn_switch/episode_000047/0_98,turn_switch,episode_000047,clean,,,,final_action,color_temperature,-0.1,,,,16604683412220122174,13981428570655036527,rotation_geodesic/right_rotation,0.010361751541495323
gpu_1,clean,clean/turn_switch/episode_000047/0_98,turn_switch,episode_000047,clean,,,,final_action,color_temperature,-0.1,,,,16604683412220122174,13981428570655036527,gripper_flip_rate,0.0
gpu_1,clean,clean/turn_switch/episode_000047/0_98,turn_switch,episode_000047,clean,,,,final_action,color_temperature,-0.1,,,,16604683412220122174,13981428570655036527,temporal_jerk_difference,0.001778144622221589
gpu_1,clean,clean/turn_switch/episode_000047/0_98,turn_switch,episode_000047,clean,,,,final_action,color_temperature,0.1,,,,16604683412220122174,7431615385873627060,action_relative_l2,0.006382129155099392
gpu_1,clean,clean/turn_switch/episode_000047/0_98,turn_switch,episode_000047,clean,,,,final_action,color_temperature,0.1,,,,16604683412220122174,7431615385873627060,action_mean_abs,0.0008232805412262678
gpu_1,clean,clean/turn_switch/episode_000047/0_98,turn_switch,episode_000047,clean,,,,final_action,color_temperature,0.1,,,,16604683412220122174,7431615385873627060,action_relative_l2/first_25pct,0.0
gpu_1,clean,clean/turn_switch/episode_000047/0_98,turn_switch,episode_000047,clean,,,,final_action,color_temperature,0.1,,,,16604683412220122174,7431615385873627060,action_relative_l2/last_75pct,0.006604344118386507
gpu_1,clean,clean/turn_switch/episode_000047/0_98,turn_switch,episode_000047,clean,,,,final_action,color_temperature,0.1,,,,16604683412220122174,7431615385873627060,endpoint_l2/left_position,0.0012059020809829235
gpu_1,clean,clean/turn_switch/episode_000047/0_98,turn_switch,episode_000047,clean,,,,final_action,color_temperature,0.1,,,,16604683412220122174,7431615385873627060,endpoint_l2/right_position,0.002441608579829335
gpu_1,clean,clean/turn_switch/episode_000047/0_98,turn_switch,episode_000047,clean,,,,final_action,color_temperature,0.1,,,,16604683412220122174,7431615385873627060,rotation_geodesic/left_rotation,0.006958156358450651
gpu_1,clean,clean/turn_switch/episode_000047/0_98,turn_switch,episode_000047,clean,,,,final_action,color_temperature,0.1,,,,16604683412220122174,7431615385873627060,rotation_geodesic/right_rotation,0.004226079210639
gpu_1,clean,clean/turn_switch/episode_000047/0_98,turn_switch,episode_000047,clean,,,,final_action,color_temperature,0.1,,,,16604683412220122174,7431615385873627060,gripper_flip_rate,0.0
gpu_1,clean,clean/turn_switch/episode_000047/0_98,turn_switch,episode_000047,clean,,,,final_action,color_temperature,0.1,,,,16604683412220122174,7431615385873627060,temporal_jerk_difference,0.0016173996264114976
gpu_1,clean,clean/turn_switch/episode_000047/0_98,turn_switch,episode_000047,clean,,,,final_action,gamma,0.8,,,,16604683412220122174,8944454782225478405,action_relative_l2,0.003869979176670313
gpu_1,clean,clean/turn_switch/episode_000047/0_98,turn_switch,episode_000047,clean,,,,final_action,gamma,0.8,,,,16604683412220122174,8944454782225478405,action_mean_abs,0.00036649618414230645
gpu_1,clean,clean/turn_switch/episode_000047/0_98,turn_switch,episode_000047,clean,,,,final_action,gamma,0.8,,,,16604683412220122174,8944454782225478405,action_relative_l2/first_25pct,0.0
gpu_1,clean,clean/turn_switch/episode_000047/0_98,turn_switch,episode_000047,clean,,,,final_action,gamma,0.8,,,,16604683412220122174,8944454782225478405,action_relative_l2/last_75pct,0.004004725255072117
gpu_1,clean,clean/turn_switch/episode_000047/0_98,turn_switch,episode_000047,clean,,,,final_action,gamma,0.8,,,,16604683412220122174,8944454782225478405,endpoint_l2/left_position,0.0007968544960021973
gpu_1,clean,clean/turn_switch/episode_000047/0_98,turn_switch,episode_000047,clean,,,,final_action,gamma,0.8,,,,16604683412220122174,8944454782225478405,endpoint_l2/right_position,0.0007645096629858017
gpu_1,clean,clean/turn_switch/episode_000047/0_98,turn_switch,episode_000047,clean,,,,final_action,gamma,0.8,,,,16604683412220122174,8944454782225478405,rotation_geodesic/left_rotation,0.0028351950459182262
gpu_1,clean,clean/turn_switch/episode_000047/0_98,turn_switch,episode_000047,clean,,,,final_action,gamma,0.8,,,,16604683412220122174,8944454782225478405,rotation_geodesic/right_rotation,0.0026015627663582563
gpu_1,clean,clean/turn_switch/episode_000047/0_98,turn_switch,episode_000047,clean,,,,final_action,gamma,0.8,,,,16604683412220122174,8944454782225478405,gripper_flip_rate,0.0
gpu_1,clean,clean/turn_switch/episode_000047/0_98,turn_switch,episode_000047,clean,,,,final_action,gamma,0.8,,,,16604683412220122174,8944454782225478405,temporal_jerk_difference,0.0010681223357096314
gpu_1,clean,clean/turn_switch/episode_000047/0_98,turn_switch,episode_000047,clean,,,,final_action,gamma,1.2,,,,16604683412220122174,12775208076006040830,action_relative_l2,0.003555315313860774
gpu_1,clean,clean/turn_switch/episode_000047/0_98,turn_switch,episode_000047,clean,,,,final_action,gamma,1.2,,,,16604683412220122174,12775208076006040830,action_mean_abs,0.00026641524164006114
gpu_1,clean,clean/turn_switch/episode_000047/0_98,turn_switch,episode_000047,clean,,,,final_action,gamma,1.2,,,,16604683412220122174,12775208076006040830,action_relative_l2/first_25pct,0.0
gpu_1,clean,clean/turn_switch/episode_000047/0_98,turn_switch,episode_000047,clean,,,,final_action,gamma,1.2,,,,16604683412220122174,12775208076006040830,action_relative_l2/last_75pct,0.0036791053134948015
gpu_1,clean,clean/turn_switch/episode_000047/0_98,turn_switch,episode_000047,clean,,,,final_action,gamma,1.2,,,,16604683412220122174,12775208076006040830,endpoint_l2/left_position,0.0007968544960021973
gpu_1,clean,clean/turn_switch/episode_000047/0_98,turn_switch,episode_000047,clean,,,,final_action,gamma,1.2,,,,16604683412220122174,12775208076006040830,endpoint_l2/right_position,0.0007645096629858017
gpu_1,clean,clean/turn_switch/episode_000047/0_98,turn_switch,episode_000047,clean,,,,final_action,gamma,1.2,,,,16604683412220122174,12775208076006040830,rotation_geodesic/left_rotation,0.0020595076493918896
gpu_1,clean,clean/turn_switch/episode_000047/0_98,turn_switch,episode_000047,clean,,,,final_action,gamma,1.2,,,,16604683412220122174,12775208076006040830,rotation_geodesic/right_rotation,0.002413710579276085
gpu_1,clean,clean/turn_switch/episode_000047/0_98,turn_switch,episode_000047,clean,,,,final_action,gamma,1.2,,,,16604683412220122174,12775208076006040830,gripper_flip_rate,0.0
gpu_1,clean,clean/turn_switch/episode_000047/0_98,turn_switch,episode_000047,clean,,,,final_action,gamma,1.2,,,,16604683412220122174,12775208076006040830,temporal_jerk_difference,0.0009072199463844299
gpu_1,clean,clean/turn_switch/episode_000047/0_98,turn_switch,episode_000047,clean,,,,final_action,gaussian_blur_sigma,0.5,,,,16604683412220122174,17406867596367059733,action_relative_l2,0.002685060491785407
gpu_1,clean,clean/turn_switch/episode_000047/0_98,turn_switch,episode_000047,clean,,,,final_action,gaussian_blur_sigma,0.5,,,,16604683412220122174,17406867596367059733,action_mean_abs,0.0001649286423344165
gpu_1,clean,clean/turn_switch/episode_000047/0_98,turn_switch,episode_000047,clean,,,,final_action,gaussian_blur_sigma,0.5,,,,16604683412220122174,17406867596367059733,action_relative_l2/first_25pct,0.0
gpu_1,clean,clean/turn_switch/episode_000047/0_98,turn_switch,episode_000047,clean,,,,final_action,gaussian_blur_sigma,0.5,,,,16604683412220122174,17406867596367059733,action_relative_l2/last_75pct,0.0027785496786236763
gpu_1,clean,clean/turn_switch/episode_000047/0_98,turn_switch,episode_000047,clean,,,,final_action,gaussian_blur_sigma,0.5,,,,16604683412220122174,17406867596367059733,endpoint_l2/left_position,0.0009191036224365234
gpu_1,clean,clean/turn_switch/episode_000047/0_98,turn_switch,episode_000047,clean,,,,final_action,gaussian_blur_sigma,0.5,,,,16604683412220122174,17406867596367059733,endpoint_l2/right_position,0.0007645096629858017
gpu_1,clean,clean/turn_switch/episode_000047/0_98,turn_switch,episode_000047,clean,,,,final_action,gaussian_blur_sigma,0.5,,,,16604683412220122174,17406867596367059733,rotation_geodesic/left_rotation,0.0013686791062355042
gpu_1,clean,clean/turn_switch/episode_000047/0_98,turn_switch,episode_000047,clean,,,,final_action,gaussian_blur_sigma,0.5,,,,16604683412220122174,17406867596367059733,rotation_geodesic/right_rotation,0.0020932131446897984
gpu_1,clean,clean/turn_switch/episode_000047/0_98,turn_switch,episode_000047,clean,,,,final_action,gaussian_blur_sigma,0.5,,,,16604683412220122174,17406867596367059733,gripper_flip_rate,0.0
gpu_1,clean,clean/turn_switch/episode_000047/0_98,turn_switch,episode_000047,clean,,,,final_action,gaussian_blur_sigma,0.5,,,,16604683412220122174,17406867596367059733,temporal_jerk_difference,0.000613759271800518
gpu_1,clean,clean/turn_switch/episode_000047/0_98,turn_switch,episode_000047,clean,,,,final_action,gaussian_blur_sigma,1.0,,,,16604683412220122174,1591302671540779324,action_relative_l2,0.007108359131962061
gpu_1,clean,clean/turn_switch/episode_000047/0_98,turn_switch,episode_000047,clean,,,,final_action,gaussian_blur_sigma,1.0,,,,16604683412220122174,1591302671540779324,action_mean_abs,0.0008880813838914037
gpu_1,clean,clean/turn_switch/episode_000047/0_98,turn_switch,episode_000047,clean,,,,final_action,gaussian_blur_sigma,1.0,,,,16604683412220122174,1591302671540779324,action_relative_l2/first_25pct,0.0
gpu_1,clean,clean/turn_switch/episode_000047/0_98,turn_switch,episode_000047,clean,,,,final_action,gaussian_blur_sigma,1.0,,,,16604683412220122174,1591302671540779324,action_relative_l2/last_75pct,0.007355860434472561
gpu_1,clean,clean/turn_switch/episode_000047/0_98,turn_switch,episode_000047,clean,,,,final_action,gaussian_blur_sigma,1.0,,,,16604683412220122174,1591302671540779324,endpoint_l2/left_position,0.014338591136038303
gpu_1,clean,clean/turn_switch/episode_000047/0_98,turn_switch,episode_000047,clean,,,,final_action,gaussian_blur_sigma,1.0,,,,16604683412220122174,1591302671540779324,endpoint_l2/right_position,0.001627538469620049
gpu_1,clean,clean/turn_switch/episode_000047/0_98,turn_switch,episode_000047,clean,,,,final_action,gaussian_blur_sigma,1.0,,,,16604683412220122174,1591302671540779324,rotation_geodesic/left_rotation,0.00860104151070118
gpu_1,clean,clean/turn_switch/episode_000047/0_98,turn_switch,episode_000047,clean,,,,final_action,gaussian_blur_sigma,1.0,,,,16604683412220122174,1591302671540779324,rotation_geodesic/right_rotation,0.0025069054681807756
gpu_1,clean,clean/turn_switch/episode_000047/0_98,turn_switch,episode_000047,clean,,,,final_action,gaussian_blur_sigma,1.0,,,,16604683412220122174,1591302671540779324,gripper_flip_rate,0.0
gpu_1,clean,clean/turn_switch/episode_000047/0_98,turn_switch,episode_000047,clean,,,,final_action,gaussian_blur_sigma,1.0,,,,16604683412220122174,1591302671540779324,temporal_jerk_difference,0.0011894152266904712
gpu_1,clean,clean/turn_switch/episode_000047/0_98,turn_switch,episode_000047,clean,,,,final_action,gaussian_noise_std,0.01,,,,16604683412220122174,12285946054869263813,action_relative_l2,0.011378271505236626
gpu_1,clean,clean/turn_switch/episode_000047/0_98,turn_switch,episode_000047,clean,,,,final_action,gaussian_noise_std,0.01,,,,16604683412220122174,12285946054869263813,action_mean_abs,0.002059661317616701
gpu_1,clean,clean/turn_switch/episode_000047/0_98,turn_switch,episode_000047,clean,,,,final_action,gaussian_noise_std,0.01,,,,16604683412220122174,12285946054869263813,action_relative_l2/first_25pct,0.0
gpu_1,clean,clean/turn_switch/episode_000047/0_98,turn_switch,episode_000047,clean,,,,final_action,gaussian_noise_std,0.01,,,,16604683412220122174,12285946054869263813,action_relative_l2/last_75pct,0.01177444402128458
gpu_1,clean,clean/turn_switch/episode_000047/0_98,turn_switch,episode_000047,clean,,,,final_action,gaussian_noise_std,0.01,,,,16604683412220122174,12285946054869263813,endpoint_l2/left_position,0.006240201648324728
gpu_1,clean,clean/turn_switch/episode_000047/0_98,turn_switch,episode_000047,clean,,,,final_action,gaussian_noise_std,0.01,,,,16604683412220122174,12285946054869263813,endpoint_l2/right_position,0.005799043923616409
gpu_1,clean,clean/turn_switch/episode_000047/0_98,turn_switch,episode_000047,clean,,,,final_action,gaussian_noise_std,0.01,,,,16604683412220122174,12285946054869263813,rotation_geodesic/left_rotation,0.013957238756120205
gpu_1,clean,clean/turn_switch/episode_000047/0_98,turn_switch,episode_000047,clean,,,,final_action,gaussian_noise_std,0.01,,,,16604683412220122174,12285946054869263813,rotation_geodesic/right_rotation,0.007798750884830952
gpu_1,clean,clean/turn_switch/episode_000047/0_98,turn_switch,episode_000047,clean,,,,final_action,gaussian_noise_std,0.01,,,,16604683412220122174,12285946054869263813,gripper_flip_rate,0.0
gpu_1,clean,clean/turn_switch/episode_000047/0_98,turn_switch,episode_000047,clean,,,,final_action,gaussian_noise_std,0.01,,,,16604683412220122174,12285946054869263813,temporal_jerk_difference,0.002128533087670803
gpu_1,clean,clean/turn_switch/episode_000047/0_98,turn_switch,episode_000047,clean,,,,final_action,gaussian_noise_std,0.03,,,,16604683412220122174,11263194624413296043,action_relative_l2,0.013298146426677704
gpu_1,clean,clean/turn_switch/episode_000047/0_98,turn_switch,episode_000047,clean,,,,final_action,gaussian_noise_std,0.03,,,,16604683412220122174,11263194624413296043,action_mean_abs,0.002757397945970297
gpu_1,clean,clean/turn_switch/episode_000047/0_98,turn_switch,episode_000047,clean,,,,final_action,gaussian_noise_std,0.03,,,,16604683412220122174,11263194624413296043,action_relative_l2/first_25pct,0.0
gpu_1,clean,clean/turn_switch/episode_000047/0_98,turn_switch,episode_000047,clean,,,,final_action,gaussian_noise_std,0.03,,,,16604683412220122174,11263194624413296043,action_relative_l2/last_75pct,0.013761165551841259
gpu_1,clean,clean/turn_switch/episode_000047/0_98,turn_switch,episode_000047,clean,,,,final_action,gaussian_noise_std,0.03,,,,16604683412220122174,11263194624413296043,endpoint_l2/left_position,0.011302098631858826
gpu_1,clean,clean/turn_switch/episode_000047/0_98,turn_switch,episode_000047,clean,,,,final_action,gaussian_noise_std,0.03,,,,16604683412220122174,11263194624413296043,endpoint_l2/right_position,0.008454266004264355
gpu_1,clean,clean/turn_switch/episode_000047/0_98,turn_switch,episode_000047,clean,,,,final_action,gaussian_noise_std,0.03,,,,16604683412220122174,11263194624413296043,rotation_geodesic/left_rotation,0.0139264902099967
gpu_1,clean,clean/turn_switch/episode_000047/0_98,turn_switch,episode_000047,clean,,,,final_action,gaussian_noise_std,0.03,,,,16604683412220122174,11263194624413296043,rotation_geodesic/right_rotation,0.009929986670613289
gpu_1,clean,clean/turn_switch/episode_000047/0_98,turn_switch,episode_000047,clean,,,,final_action,gaussian_noise_std,0.03,,,,16604683412220122174,11263194624413296043,gripper_flip_rate,0.0
gpu_1,clean,clean/turn_switch/episode_000047/0_98,turn_switch,episode_000047,clean,,,,final_action,gaussian_noise_std,0.03,,,,16604683412220122174,11263194624413296043,temporal_jerk_difference,0.002104602288454771
gpu_1,clean,clean/turn_switch/episode_000047/0_98,turn_switch,episode_000047,clean,,,,final_action,identity,0.0,,,,16604683412220122174,,action_relative_l2,0.0
gpu_1,clean,clean/turn_switch/episode_000047/0_98,turn_switch,episode_000047,clean,,,,final_action,identity,0.0,,,,16604683412220122174,,action_mean_abs,0.0
gpu_1,clean,clean/turn_switch/episode_000047/0_98,turn_switch,episode_000047,clean,,,,final_action,identity,0.0,,,,16604683412220122174,,action_relative_l2/first_25pct,0.0
gpu_1,clean,clean/turn_switch/episode_000047/0_98,turn_switch,episode_000047,clean,,,,final_action,identity,0.0,,,,16604683412220122174,,action_relative_l2/last_75pct,0.0
gpu_1,clean,clean/turn_switch/episode_000047/0_98,turn_switch,episode_000047,clean,,,,final_action,identity,0.0,,,,16604683412220122174,,endpoint_l2/left_position,0.0
gpu_1,clean,clean/turn_switch/episode_000047/0_98,turn_switch,episode_000047,clean,,,,final_action,identity,0.0,,,,16604683412220122174,,endpoint_l2/right_position,0.0
gpu_1,clean,clean/turn_switch/episode_000047/0_98,turn_switch,episode_000047,clean,,,,final_action,identity,0.0,,,,16604683412220122174,,rotation_geodesic/left_rotation,0.00017208734061568975
gpu_1,clean,clean/turn_switch/episode_000047/0_98,turn_switch,episode_000047,clean,,,,final_action,identity,0.0,,,,16604683412220122174,,rotation_geodesic/right_rotation,0.00012684926332440227
gpu_1,clean,clean/turn_switch/episode_000047/0_98,turn_switch,episode_000047,clean,,,,final_action,identity,0.0,,,,16604683412220122174,,gripper_flip_rate,0.0
gpu_1,clean,clean/turn_switch/episode_000047/0_98,turn_switch,episode_000047,clean,,,,final_action,identity,0.0,,,,16604683412220122174,,temporal_jerk_difference,0.0
gpu_1,contrastive,clean/click_bell/episode_000027/0_74,click_bell,episode_000027,clean,,,,final_action,brightness,0.8,,,,4100563280526850425,4321181102006504660,action_relative_l2,0.01832490786910057
gpu_1,contrastive,clean/click_bell/episode_000027/0_74,click_bell,episode_000027,clean,,,,final_action,brightness,0.8,,,,4100563280526850425,4321181102006504660,action_mean_abs,0.0023202928714454174
gpu_1,contrastive,clean/click_bell/episode_000027/0_74,click_bell,episode_000027,clean,,,,final_action,brightness,0.8,,,,4100563280526850425,4321181102006504660,action_relative_l2/first_25pct,0.0
gpu_1,contrastive,clean/click_bell/episode_000027/0_74,click_bell,episode_000027,clean,,,,final_action,brightness,0.8,,,,4100563280526850425,4321181102006504660,action_relative_l2/last_75pct,0.018983181565999985
gpu_1,contrastive,clean/click_bell/episode_000027/0_74,click_bell,episode_000027,clean,,,,final_action,brightness,0.8,,,,4100563280526850425,4321181102006504660,endpoint_l2/left_position,0.002869869815185666
gpu_1,contrastive,clean/click_bell/episode_000027/0_74,click_bell,episode_000027,clean,,,,final_action,brightness,0.8,,,,4100563280526850425,4321181102006504660,endpoint_l2/right_position,0.011881077662110329
gpu_1,contrastive,clean/click_bell/episode_000027/0_74,click_bell,episode_000027,clean,,,,final_action,brightness,0.8,,,,4100563280526850425,4321181102006504660,rotation_geodesic/left_rotation,0.005413074977695942
gpu_1,contrastive,clean/click_bell/episode_000027/0_74,click_bell,episode_000027,clean,,,,final_action,brightness,0.8,,,,4100563280526850425,4321181102006504660,rotation_geodesic/right_rotation,0.030890775844454765
gpu_1,contrastive,clean/click_bell/episode_000027/0_74,click_bell,episode_000027,clean,,,,final_action,brightness,0.8,,,,4100563280526850425,4321181102006504660,gripper_flip_rate,0.0
gpu_1,contrastive,clean/click_bell/episode_000027/0_74,click_bell,episode_000027,clean,,,,final_action,brightness,0.8,,,,4100563280526850425,4321181102006504660,temporal_jerk_difference,0.0015199931804090738
gpu_1,contrastive,clean/click_bell/episode_000027/0_74,click_bell,episode_000027,clean,,,,final_action,brightness,1.2,,,,4100563280526850425,4579322019718184357,action_relative_l2,0.023358607664704323
gpu_1,contrastive,clean/click_bell/episode_000027/0_74,click_bell,episode_000027,clean,,,,final_action,brightness,1.2,,,,4100563280526850425,4579322019718184357,action_mean_abs,0.0028333039954304695
gpu_1,contrastive,clean/click_bell/episode_000027/0_74,click_bell,episode_000027,clean,,,,final_action,brightness,1.2,,,,4100563280526850425,4579322019718184357,action_relative_l2/first_25pct,0.0
gpu_1,contrastive,clean/click_bell/episode_000027/0_74,click_bell,episode_000027,clean,,,,final_action,brightness,1.2,,,,4100563280526850425,4579322019718184357,action_relative_l2/last_75pct,0.02419770509004593
gpu_1,contrastive,clean/click_bell/episode_000027/0_74,click_bell,episode_000027,clean,,,,final_action,brightness,1.2,,,,4100563280526850425,4579322019718184357,endpoint_l2/left_position,0.002869869815185666
gpu_1,contrastive,clean/click_bell/episode_000027/0_74,click_bell,episode_000027,clean,,,,final_action,brightness,1.2,,,,4100563280526850425,4579322019718184357,endpoint_l2/right_position,0.012067040428519249
gpu_1,contrastive,clean/click_bell/episode_000027/0_74,click_bell,episode_000027,clean,,,,final_action,brightness,1.2,,,,4100563280526850425,4579322019718184357,rotation_geodesic/left_rotation,0.003971435595303774
gpu_1,contrastive,clean/click_bell/episode_000027/0_74,click_bell,episode_000027,clean,,,,final_action,brightness,1.2,,,,4100563280526850425,4579322019718184357,rotation_geodesic/right_rotation,0.04336308315396309
gpu_1,contrastive,clean/click_bell/episode_000027/0_74,click_bell,episode_000027,clean,,,,final_action,brightness,1.2,,,,4100563280526850425,4579322019718184357,gripper_flip_rate,0.0
gpu_1,contrastive,clean/click_bell/episode_000027/0_74,click_bell,episode_000027,clean,,,,final_action,brightness,1.2,,,,4100563280526850425,4579322019718184357,temporal_jerk_difference,0.0016172113828361034
gpu_1,contrastive,clean/click_bell/episode_000027/0_74,click_bell,episode_000027,clean,,,,final_action,color_temperature,-0.1,,,,4100563280526850425,15847343748376151180,action_relative_l2,0.008786614052951336
gpu_1,contrastive,clean/click_bell/episode_000027/0_74,click_bell,episode_000027,clean,,,,final_action,color_temperature,-0.1,,,,4100563280526850425,15847343748376151180,action_mean_abs,0.0013737634290009737
gpu_1,contrastive,clean/click_bell/episode_000027/0_74,click_bell,episode_000027,clean,,,,final_action,color_temperature,-0.1,,,,4100563280526850425,15847343748376151180,action_relative_l2/first_25pct,0.0
gpu_1,contrastive,clean/click_bell/episode_000027/0_74,click_bell,episode_000027,clean,,,,final_action,color_temperature,-0.1,,,,4100563280526850425,15847343748376151180,action_relative_l2/last_75pct,0.009102250449359417
gpu_1,contrastive,clean/click_bell/episode_000027/0_74,click_bell,episode_000027,clean,,,,final_action,color_temperature,-0.1,,,,4100563280526850425,15847343748376151180,endpoint_l2/left_position,0.003376980544999242
gpu_1,contrastive,clean/click_bell/episode_000027/0_74,click_bell,episode_000027,clean,,,,final_action,color_temperature,-0.1,,,,4100563280526850425,15847343748376151180,endpoint_l2/right_position,0.011616808362305164
gpu_1,contrastive,clean/click_bell/episode_000027/0_74,click_bell,episode_000027,clean,,,,final_action,color_temperature,-0.1,,,,4100563280526850425,15847343748376151180,rotation_geodesic/left_rotation,0.003993631340563297
gpu_1,contrastive,clean/click_bell/episode_000027/0_74,click_bell,episode_000027,clean,,,,final_action,color_temperature,-0.1,,,,4100563280526850425,15847343748376151180,rotation_geodesic/right_rotation,0.013316174037754536
gpu_1,contrastive,clean/click_bell/episode_000027/0_74,click_bell,episode_000027,clean,,,,final_action,color_temperature,-0.1,,,,4100563280526850425,15847343748376151180,gripper_flip_rate,0.0
gpu_1,contrastive,clean/click_bell/episode_000027/0_74,click_bell,episode_000027,clean,,,,final_action,color_temperature,-0.1,,,,4100563280526850425,15847343748376151180,temporal_jerk_difference,0.0015519348671659827
gpu_1,contrastive,clean/click_bell/episode_000027/0_74,click_bell,episode_000027,clean,,,,final_action,color_temperature,0.1,,,,4100563280526850425,875813543527471210,action_relative_l2,0.011160673573613167
gpu_1,contrastive,clean/click_bell/episode_000027/0_74,click_bell,episode_000027,clean,,,,final_action,color_temperature,0.1,,,,4100563280526850425,875813543527471210,action_mean_abs,0.0012435081880539656
gpu_1,contrastive,clean/click_bell/episode_000027/0_74,click_bell,episode_000027,clean,,,,final_action,color_temperature,0.1,,,,4100563280526850425,875813543527471210,action_relative_l2/first_25pct,0.0
gpu_1,contrastive,clean/click_bell/episode_000027/0_74,click_bell,episode_000027,clean,,,,final_action,color_temperature,0.1,,,,4100563280526850425,875813543527471210,action_relative_l2/last_75pct,0.011561591178178787
gpu_1,contrastive,clean/click_bell/episode_000027/0_74,click_bell,episode_000027,clean,,,,final_action,color_temperature,0.1,,,,4100563280526850425,875813543527471210,endpoint_l2/left_position,0.00210727215744555
gpu_1,contrastive,clean/click_bell/episode_000027/0_74,click_bell,episode_000027,clean,,,,final_action,color_temperature,0.1,,,,4100563280526850425,875813543527471210,endpoint_l2/right_position,0.0036089220084249973
gpu_1,contrastive,clean/click_bell/episode_000027/0_74,click_bell,episode_000027,clean,,,,final_action,color_temperature,0.1,,,,4100563280526850425,875813543527471210,rotation_geodesic/left_rotation,0.0062822639010846615
gpu_1,contrastive,clean/click_bell/episode_000027/0_74,click_bell,episode_000027,clean,,,,final_action,color_temperature,0.1,,,,4100563280526850425,875813543527471210,rotation_geodesic/right_rotation,0.018720952793955803
gpu_1,contrastive,clean/click_bell/episode_000027/0_74,click_bell,episode_000027,clean,,,,final_action,color_temperature,0.1,,,,4100563280526850425,875813543527471210,gripper_flip_rate,0.0
gpu_1,contrastive,clean/click_bell/episode_000027/0_74,click_bell,episode_000027,clean,,,,final_action,color_temperature,0.1,,,,4100563280526850425,875813543527471210,temporal_jerk_difference,0.0014817023184150457
gpu_1,contrastive,clean/click_bell/episode_000027/0_74,click_bell,episode_000027,clean,,,,final_action,gamma,0.8,,,,4100563280526850425,12912083535656245349,action_relative_l2,0.0025676207151263952
gpu_1,contrastive,clean/click_bell/episode_000027/0_74,click_bell,episode_000027,clean,,,,final_action,gamma,0.8,,,,4100563280526850425,12912083535656245349,action_mean_abs,0.0001747425558278337
gpu_1,contrastive,clean/click_bell/episode_000027/0_74,click_bell,episode_000027,clean,,,,final_action,gamma,0.8,,,,4100563280526850425,12912083535656245349,action_relative_l2/first_25pct,0.0
gpu_1,contrastive,clean/click_bell/episode_000027/0_74,click_bell,episode_000027,clean,,,,final_action,gamma,0.8,,,,4100563280526850425,12912083535656245349,action_relative_l2/last_75pct,0.002659855643287301
gpu_1,contrastive,clean/click_bell/episode_000027/0_74,click_bell,episode_000027,clean,,,,final_action,gamma,0.8,,,,4100563280526850425,12912083535656245349,endpoint_l2/left_position,0.0007968544960021973
gpu_1,contrastive,clean/click_bell/episode_000027/0_74,click_bell,episode_000027,clean,,,,final_action,gamma,0.8,,,,4100563280526850425,12912083535656245349,endpoint_l2/right_position,0.0
gpu_1,contrastive,clean/click_bell/episode_000027/0_74,click_bell,episode_000027,clean,,,,final_action,gamma,0.8,,,,4100563280526850425,12912083535656245349,rotation_geodesic/left_rotation,0.0016801625024527311
gpu_1,contrastive,clean/click_bell/episode_000027/0_74,click_bell,episode_000027,clean,,,,final_action,gamma,0.8,,,,4100563280526850425,12912083535656245349,rotation_geodesic/right_rotation,0.002206700388342142
gpu_1,contrastive,clean/click_bell/episode_000027/0_74,click_bell,episode_000027,clean,,,,final_action,gamma,0.8,,,,4100563280526850425,12912083535656245349,gripper_flip_rate,0.0
gpu_1,contrastive,clean/click_bell/episode_000027/0_74,click_bell,episode_000027,clean,,,,final_action,gamma,0.8,,,,4100563280526850425,12912083535656245349,temporal_jerk_difference,0.0005486098234541714
gpu_1,contrastive,clean/click_bell/episode_000027/0_74,click_bell,episode_000027,clean,,,,final_action,gamma,1.2,,,,4100563280526850425,7766064385072394058,action_relative_l2,0.002875045407563448
gpu_1,contrastive,clean/click_bell/episode_000027/0_74,click_bell,episode_000027,clean,,,,final_action,gamma,1.2,,,,4100563280526850425,7766064385072394058,action_mean_abs,0.00023832215811125934
gpu_1,contrastive,clean/click_bell/episode_000027/0_74,click_bell,episode_000027,clean,,,,final_action,gamma,1.2,,,,4100563280526850425,7766064385072394058,action_relative_l2/first_25pct,0.0
gpu_1,contrastive,clean/click_bell/episode_000027/0_74,click_bell,episode_000027,clean,,,,final_action,gamma,1.2,,,,4100563280526850425,7766064385072394058,action_relative_l2/last_75pct,0.0029783237259835005
gpu_1,contrastive,clean/click_bell/episode_000027/0_74,click_bell,episode_000027,clean,,,,final_action,gamma,1.2,,,,4100563280526850425,7766064385072394058,endpoint_l2/left_position,0.0007968544960021973
gpu_1,contrastive,clean/click_bell/episode_000027/0_74,click_bell,episode_000027,clean,,,,final_action,gamma,1.2,,,,4100563280526850425,7766064385072394058,endpoint_l2/right_position,0.0
gpu_1,contrastive,clean/click_bell/episode_000027/0_74,click_bell,episode_000027,clean,,,,final_action,gamma,1.2,,,,4100563280526850425,7766064385072394058,rotation_geodesic/left_rotation,0.001192356925457716
gpu_1,contrastive,clean/click_bell/episode_000027/0_74,click_bell,episode_000027,clean,,,,final_action,gamma,1.2,,,,4100563280526850425,7766064385072394058,rotation_geodesic/right_rotation,0.003237091237679124
gpu_1,contrastive,clean/click_bell/episode_000027/0_74,click_bell,episode_000027,clean,,,,final_action,gamma,1.2,,,,4100563280526850425,7766064385072394058,gripper_flip_rate,0.0
gpu_1,contrastive,clean/click_bell/episode_000027/0_74,click_bell,episode_000027,clean,,,,final_action,gamma,1.2,,,,4100563280526850425,7766064385072394058,temporal_jerk_difference,0.0006603306392207742
gpu_1,contrastive,clean/click_bell/episode_000027/0_74,click_bell,episode_000027,clean,,,,final_action,gaussian_blur_sigma,0.5,,,,4100563280526850425,11882852233486672599,action_relative_l2,0.002203753450885415
gpu_1,contrastive,clean/click_bell/episode_000027/0_74,click_bell,episode_000027,clean,,,,final_action,gaussian_blur_sigma,0.5,,,,4100563280526850425,11882852233486672599,action_mean_abs,0.0001121393361245282
gpu_1,contrastive,clean/click_bell/episode_000027/0_74,click_bell,episode_000027,clean,,,,final_action,gaussian_blur_sigma,0.5,,,,4100563280526850425,11882852233486672599,action_relative_l2/first_25pct,0.0
gpu_1,contrastive,clean/click_bell/episode_000027/0_74,click_bell,episode_000027,clean,,,,final_action,gaussian_blur_sigma,0.5,,,,4100563280526850425,11882852233486672599,action_relative_l2/last_75pct,0.0022829172667115927
gpu_1,contrastive,clean/click_bell/episode_000027/0_74,click_bell,episode_000027,clean,,,,final_action,gaussian_blur_sigma,0.5,,,,4100563280526850425,11882852233486672599,endpoint_l2/left_position,0.0
gpu_1,contrastive,clean/click_bell/episode_000027/0_74,click_bell,episode_000027,clean,,,,final_action,gaussian_blur_sigma,0.5,,,,4100563280526850425,11882852233486672599,endpoint_l2/right_position,0.0
gpu_1,contrastive,clean/click_bell/episode_000027/0_74,click_bell,episode_000027,clean,,,,final_action,gaussian_blur_sigma,0.5,,,,4100563280526850425,11882852233486672599,rotation_geodesic/left_rotation,0.001192356925457716
gpu_1,contrastive,clean/click_bell/episode_000027/0_74,click_bell,episode_000027,clean,,,,final_action,gaussian_blur_sigma,0.5,,,,4100563280526850425,11882852233486672599,rotation_geodesic/right_rotation,0.001968179829418659
gpu_1,contrastive,clean/click_bell/episode_000027/0_74,click_bell,episode_000027,clean,,,,final_action,gaussian_blur_sigma,0.5,,,,4100563280526850425,11882852233486672599,gripper_flip_rate,0.0
gpu_1,contrastive,clean/click_bell/episode_000027/0_74,click_bell,episode_000027,clean,,,,final_action,gaussian_blur_sigma,0.5,,,,4100563280526850425,11882852233486672599,temporal_jerk_difference,0.00039247708627954125
gpu_1,contrastive,clean/click_bell/episode_000027/0_74,click_bell,episode_000027,clean,,,,final_action,gaussian_blur_sigma,1.0,,,,4100563280526850425,1509286939569554835,action_relative_l2,0.002614737255498767
gpu_1,contrastive,clean/click_bell/episode_000027/0_74,click_bell,episode_000027,clean,,,,final_action,gaussian_blur_sigma,1.0,,,,4100563280526850425,1509286939569554835,action_mean_abs,0.00018864987941924483
gpu_1,contrastive,clean/click_bell/episode_000027/0_74,click_bell,episode_000027,clean,,,,final_action,gaussian_blur_sigma,1.0,,,,4100563280526850425,1509286939569554835,action_relative_l2/first_25pct,0.0
gpu_1,contrastive,clean/click_bell/episode_000027/0_74,click_bell,episode_000027,clean,,,,final_action,gaussian_blur_sigma,1.0,,,,4100563280526850425,1509286939569554835,action_relative_l2/last_75pct,0.0027086646296083927
gpu_1,contrastive,clean/click_bell/episode_000027/0_74,click_bell,episode_000027,clean,,,,final_action,gaussian_blur_sigma,1.0,,,,4100563280526850425,1509286939569554835,endpoint_l2/left_position,0.0007968544960021973
gpu_1,contrastive,clean/click_bell/episode_000027/0_74,click_bell,episode_000027,clean,,,,final_action,gaussian_blur_sigma,1.0,,,,4100563280526850425,1509286939569554835,endpoint_l2/right_position,0.0013958782656118274
gpu_1,contrastive,clean/click_bell/episode_000027/0_74,click_bell,episode_000027,clean,,,,final_action,gaussian_blur_sigma,1.0,,,,4100563280526850425,1509286939569554835,rotation_geodesic/left_rotation,0.0016806393396109343
gpu_1,contrastive,clean/click_bell/episode_000027/0_74,click_bell,episode_000027,clean,,,,final_action,gaussian_blur_sigma,1.0,,,,4100563280526850425,1509286939569554835,rotation_geodesic/right_rotation,0.0024438658729195595
gpu_1,contrastive,clean/click_bell/episode_000027/0_74,click_bell,episode_000027,clean,,,,final_action,gaussian_blur_sigma,1.0,,,,4100563280526850425,1509286939569554835,gripper_flip_rate,0.0
gpu_1,contrastive,clean/click_bell/episode_000027/0_74,click_bell,episode_000027,clean,,,,final_action,gaussian_blur_sigma,1.0,,,,4100563280526850425,1509286939569554835,temporal_jerk_difference,0.0006069599185138941
gpu_1,contrastive,clean/click_bell/episode_000027/0_74,click_bell,episode_000027,clean,,,,final_action,gaussian_noise_std,0.01,,,,4100563280526850425,1529515671173550845,action_relative_l2,0.007235736586153507
gpu_1,contrastive,clean/click_bell/episode_000027/0_74,click_bell,episode_000027,clean,,,,final_action,gaussian_noise_std,0.01,,,,4100563280526850425,1529515671173550845,action_mean_abs,0.0010225714650005102
gpu_1,contrastive,clean/click_bell/episode_000027/0_74,click_bell,episode_000027,clean,,,,final_action,gaussian_noise_std,0.01,,,,4100563280526850425,1529515671173550845,action_relative_l2/first_25pct,0.0
gpu_1,contrastive,clean/click_bell/episode_000027/0_74,click_bell,episode_000027,clean,,,,final_action,gaussian_noise_std,0.01,,,,4100563280526850425,1529515671173550845,action_relative_l2/last_75pct,0.00749566126614809
gpu_1,contrastive,clean/click_bell/episode_000027/0_74,click_bell,episode_000027,clean,,,,final_action,gaussian_noise_std,0.01,,,,4100563280526850425,1529515671173550845,endpoint_l2/left_position,0.0012059045257046819
gpu_1,contrastive,clean/click_bell/episode_000027/0_74,click_bell,episode_000027,clean,,,,final_action,gaussian_noise_std,0.01,,,,4100563280526850425,1529515671173550845,endpoint_l2/right_position,0.0038946550339460373
gpu_1,contrastive,clean/click_bell/episode_000027/0_74,click_bell,episode_000027,clean,,,,final_action,gaussian_noise_std,0.01,,,,4100563280526850425,1529515671173550845,rotation_geodesic/left_rotation,0.003997357562184334
gpu_1,contrastive,clean/click_bell/episode_000027/0_74,click_bell,episode_000027,clean,,,,final_action,gaussian_noise_std,0.01,,,,4100563280526850425,1529515671173550845,rotation_geodesic/right_rotation,0.009831519797444344
gpu_1,contrastive,clean/click_bell/episode_000027/0_74,click_bell,episode_000027,clean,,,,final_action,gaussian_noise_std,0.01,,,,4100563280526850425,1529515671173550845,gripper_flip_rate,0.0
gpu_1,contrastive,clean/click_bell/episode_000027/0_74,click_bell,episode_000027,clean,,,,final_action,gaussian_noise_std,0.01,,,,4100563280526850425,1529515671173550845,temporal_jerk_difference,0.0017332378774881363
gpu_1,contrastive,clean/click_bell/episode_000027/0_74,click_bell,episode_000027,clean,,,,final_action,gaussian_noise_std,0.03,,,,4100563280526850425,9041917832208938192,action_relative_l2,0.010167236439883709
gpu_1,contrastive,clean/click_bell/episode_000027/0_74,click_bell,episode_000027,clean,,,,final_action,gaussian_noise_std,0.03,,,,4100563280526850425,9041917832208938192,action_mean_abs,0.0014984047738835216
gpu_1,contrastive,clean/click_bell/episode_000027/0_74,click_bell,episode_000027,clean,,,,final_action,gaussian_noise_std,0.03,,,,4100563280526850425,9041917832208938192,action_relative_l2/first_25pct,0.0
gpu_1,contrastive,clean/click_bell/episode_000027/0_74,click_bell,episode_000027,clean,,,,final_action,gaussian_noise_std,0.03,,,,4100563280526850425,9041917832208938192,action_relative_l2/last_75pct,0.010532467626035213
gpu_1,contrastive,clean/click_bell/episode_000027/0_74,click_bell,episode_000027,clean,,,,final_action,gaussian_noise_std,0.03,,,,4100563280526850425,9041917832208938192,endpoint_l2/left_position,0.0012164409272372723
gpu_1,contrastive,clean/click_bell/episode_000027/0_74,click_bell,episode_000027,clean,,,,final_action,gaussian_noise_std,0.03,,,,4100563280526850425,9041917832208938192,endpoint_l2/right_position,0.00835913885384798
gpu_1,contrastive,clean/click_bell/episode_000027/0_74,click_bell,episode_000027,clean,,,,final_action,gaussian_noise_std,0.03,,,,4100563280526850425,9041917832208938192,rotation_geodesic/left_rotation,0.005506319459527731
gpu_1,contrastive,clean/click_bell/episode_000027/0_74,click_bell,episode_000027,clean,,,,final_action,gaussian_noise_std,0.03,,,,4100563280526850425,9041917832208938192,rotation_geodesic/right_rotation,0.017739739269018173
gpu_1,contrastive,clean/click_bell/episode_000027/0_74,click_bell,episode_000027,clean,,,,final_action,gaussian_noise_std,0.03,,,,4100563280526850425,9041917832208938192,gripper_flip_rate,0.0
gpu_1,contrastive,clean/click_bell/episode_000027/0_74,click_bell,episode_000027,clean,,,,final_action,gaussian_noise_std,0.03,,,,4100563280526850425,9041917832208938192,temporal_jerk_difference,0.0015845067100599408
gpu_1,contrastive,clean/click_bell/episode_000027/0_74,click_bell,episode_000027,clean,,,,final_action,identity,0.0,,,,4100563280526850425,,action_relative_l2,0.0
gpu_1,contrastive,clean/click_bell/episode_000027/0_74,click_bell,episode_000027,clean,,,,final_action,identity,0.0,,,,4100563280526850425,,action_mean_abs,0.0
gpu_1,contrastive,clean/click_bell/episode_000027/0_74,click_bell,episode_000027,clean,,,,final_action,identity,0.0,,,,4100563280526850425,,action_relative_l2/first_25pct,0.0
gpu_1,contrastive,clean/click_bell/episode_000027/0_74,click_bell,episode_000027,clean,,,,final_action,identity,0.0,,,,4100563280526850425,,action_relative_l2/last_75pct,0.0
gpu_1,contrastive,clean/click_bell/episode_000027/0_74,click_bell,episode_000027,clean,,,,final_action,identity,0.0,,,,4100563280526850425,,endpoint_l2/left_position,0.0
gpu_1,contrastive,clean/click_bell/episode_000027/0_74,click_bell,episode_000027,clean,,,,final_action,identity,0.0,,,,4100563280526850425,,endpoint_l2/right_position,0.0
gpu_1,contrastive,clean/click_bell/episode_000027/0_74,click_bell,episode_000027,clean,,,,final_action,identity,0.0,,,,4100563280526850425,,rotation_geodesic/left_rotation,0.00023737103038001806
gpu_1,contrastive,clean/click_bell/episode_000027/0_74,click_bell,episode_000027,clean,,,,final_action,identity,0.0,,,,4100563280526850425,,rotation_geodesic/right_rotation,0.00019944865198340267
gpu_1,contrastive,clean/click_bell/episode_000027/0_74,click_bell,episode_000027,clean,,,,final_action,identity,0.0,,,,4100563280526850425,,gripper_flip_rate,0.0
gpu_1,contrastive,clean/click_bell/episode_000027/0_74,click_bell,episode_000027,clean,,,,final_action,identity,0.0,,,,4100563280526850425,,temporal_jerk_difference,0.0
gpu_1,contrastive,clean/open_laptop/episode_000017/0_259,open_laptop,episode_000017,clean,,,,final_action,brightness,0.8,,,,4533883950938286080,6363183859096379563,action_relative_l2,0.015645712614059448
gpu_1,contrastive,clean/open_laptop/episode_000017/0_259,open_laptop,episode_000017,clean,,,,final_action,brightness,0.8,,,,4533883950938286080,6363183859096379563,action_mean_abs,0.002443442353978753
gpu_1,contrastive,clean/open_laptop/episode_000017/0_259,open_laptop,episode_000017,clean,,,,final_action,brightness,0.8,,,,4533883950938286080,6363183859096379563,action_relative_l2/first_25pct,0.0
gpu_1,contrastive,clean/open_laptop/episode_000017/0_259,open_laptop,episode_000017,clean,,,,final_action,brightness,0.8,,,,4533883950938286080,6363183859096379563,action_relative_l2/last_75pct,0.01620693877339363
gpu_1,contrastive,clean/open_laptop/episode_000017/0_259,open_laptop,episode_000017,clean,,,,final_action,brightness,0.8,,,,4533883950938286080,6363183859096379563,endpoint_l2/left_position,0.005120509769767523
gpu_1,contrastive,clean/open_laptop/episode_000017/0_259,open_laptop,episode_000017,clean,,,,final_action,brightness,0.8,,,,4533883950938286080,6363183859096379563,endpoint_l2/right_position,0.03510335087776184
gpu_1,contrastive,clean/open_laptop/episode_000017/0_259,open_laptop,episode_000017,clean,,,,final_action,brightness,0.8,,,,4533883950938286080,6363183859096379563,rotation_geodesic/left_rotation,0.008445733226835728
gpu_1,contrastive,clean/open_laptop/episode_000017/0_259,open_laptop,episode_000017,clean,,,,final_action,brightness,0.8,,,,4533883950938286080,6363183859096379563,rotation_geodesic/right_rotation,0.021000441163778305
gpu_1,contrastive,clean/open_laptop/episode_000017/0_259,open_laptop,episode_000017,clean,,,,final_action,brightness,0.8,,,,4533883950938286080,6363183859096379563,gripper_flip_rate,0.0
gpu_1,contrastive,clean/open_laptop/episode_000017/0_259,open_laptop,episode_000017,clean,,,,final_action,brightness,0.8,,,,4533883950938286080,6363183859096379563,temporal_jerk_difference,0.0017593132797628641
gpu_1,contrastive,clean/open_laptop/episode_000017/0_259,open_laptop,episode_000017,clean,,,,final_action,brightness,1.2,,,,4533883950938286080,8273599013752022625,action_relative_l2,0.032705772668123245
gpu_1,contrastive,clean/open_laptop/episode_000017/0_259,open_laptop,episode_000017,clean,,,,final_action,brightness,1.2,,,,4533883950938286080,8273599013752022625,action_mean_abs,0.004282201640307903
gpu_1,contrastive,clean/open_laptop/episode_000017/0_259,open_laptop,episode_000017,clean,,,,final_action,brightness,1.2,,,,4533883950938286080,8273599013752022625,action_relative_l2/first_25pct,0.0
gpu_1,contrastive,clean/open_laptop/episode_000017/0_259,open_laptop,episode_000017,clean,,,,final_action,brightness,1.2,,,,4533883950938286080,8273599013752022625,action_relative_l2/last_75pct,0.033878959715366364
gpu_1,contrastive,clean/open_laptop/episode_000017/0_259,open_laptop,episode_000017,clean,,,,final_action,brightness,1.2,,,,4533883950938286080,8273599013752022625,endpoint_l2/left_position,0.006482906173914671
gpu_1,contrastive,clean/open_laptop/episode_000017/0_259,open_laptop,episode_000017,clean,,,,final_action,brightness,1.2,,,,4533883950938286080,8273599013752022625,endpoint_l2/right_position,0.05978216975927353
gpu_1,contrastive,clean/open_laptop/episode_000017/0_259,open_laptop,episode_000017,clean,,,,final_action,brightness,1.2,,,,4533883950938286080,8273599013752022625,rotation_geodesic/left_rotation,0.008267972618341446
gpu_1,contrastive,clean/open_laptop/episode_000017/0_259,open_laptop,episode_000017,clean,,,,final_action,brightness,1.2,,,,4533883950938286080,8273599013752022625,rotation_geodesic/right_rotation,0.05230065807700157
gpu_1,contrastive,clean/open_laptop/episode_000017/0_259,open_laptop,episode_000017,clean,,,,final_action,brightness,1.2,,,,4533883950938286080,8273599013752022625,gripper_flip_rate,0.0
gpu_1,contrastive,clean/open_laptop/episode_000017/0_259,open_laptop,episode_000017,clean,,,,final_action,brightness,1.2,,,,4533883950938286080,8273599013752022625,temporal_jerk_difference,0.001949017751030624
gpu_1,contrastive,clean/open_laptop/episode_000017/0_259,open_laptop,episode_000017,clean,,,,final_action,color_temperature,-0.1,,,,4533883950938286080,9493224626905139523,action_relative_l2,0.029785597696900368
gpu_1,contrastive,clean/open_laptop/episode_000017/0_259,open_laptop,episode_000017,clean,,,,final_action,color_temperature,-0.1,,,,4533883950938286080,9493224626905139523,action_mean_abs,0.0031296696979552507
gpu_1,contrastive,clean/open_laptop/episode_000017/0_259,open_laptop,episode_000017,clean,,,,final_action,color_temperature,-0.1,,,,4533883950938286080,9493224626905139523,action_relative_l2/first_25pct,0.0
gpu_1,contrastive,clean/open_laptop/episode_000017/0_259,open_laptop,episode_000017,clean,,,,final_action,color_temperature,-0.1,,,,4533883950938286080,9493224626905139523,action_relative_l2/last_75pct,0.030854033306241035
gpu_1,contrastive,clean/open_laptop/episode_000017/0_259,open_laptop,episode_000017,clean,,,,final_action,color_temperature,-0.1,,,,4533883950938286080,9493224626905139523,endpoint_l2/left_position,0.008871737867593765
gpu_1,contrastive,clean/open_laptop/episode_000017/0_259,open_laptop,episode_000017,clean,,,,final_action,color_temperature,-0.1,,,,4533883950938286080,9493224626905139523,endpoint_l2/right_position,0.02228717878460884
gpu_1,contrastive,clean/open_laptop/episode_000017/0_259,open_laptop,episode_000017,clean,,,,final_action,color_temperature,-0.1,,,,4533883950938286080,9493224626905139523,rotation_geodesic/left_rotation,0.005888734944164753
gpu_1,contrastive,clean/open_laptop/episode_000017/0_259,open_laptop,episode_000017,clean,,,,final_action,color_temperature,-0.1,,,,4533883950938286080,9493224626905139523,rotation_geodesic/right_rotation,0.045397501438856125
gpu_1,contrastive,clean/open_laptop/episode_000017/0_259,open_laptop,episode_000017,clean,,,,final_action,color_temperature,-0.1,,,,4533883950938286080,9493224626905139523,gripper_flip_rate,0.0
gpu_1,contrastive,clean/open_laptop/episode_000017/0_259,open_laptop,episode_000017,clean,,,,final_action,color_temperature,-0.1,,,,4533883950938286080,9493224626905139523,temporal_jerk_difference,0.0018259920179843903
gpu_1,contrastive,clean/open_laptop/episode_000017/0_259,open_laptop,episode_000017,clean,,,,final_action,color_temperature,0.1,,,,4533883950938286080,7048629151097827844,action_relative_l2,0.008412027731537819
gpu_1,contrastive,clean/open_laptop/episode_000017/0_259,open_laptop,episode_000017,clean,,,,final_action,color_temperature,0.1,,,,4533883950938286080,7048629151097827844,action_mean_abs,0.0012610099511221051
gpu_1,contrastive,clean/open_laptop/episode_000017/0_259,open_laptop,episode_000017,clean,,,,final_action,color_temperature,0.1,,,,4533883950938286080,7048629151097827844,action_relative_l2/first_25pct,0.0
gpu_1,contrastive,clean/open_laptop/episode_000017/0_259,open_laptop,episode_000017,clean,,,,final_action,color_temperature,0.1,,,,4533883950938286080,7048629151097827844,action_relative_l2/last_75pct,0.00871377531439066
gpu_1,contrastive,clean/open_laptop/episode_000017/0_259,open_laptop,episode_000017,clean,,,,final_action,color_temperature,0.1,,,,4533883950938286080,7048629151097827844,endpoint_l2/left_position,0.001998521387577057
gpu_1,contrastive,clean/open_laptop/episode_000017/0_259,open_laptop,episode_000017,clean,,,,final_action,color_temperature,0.1,,,,4533883950938286080,7048629151097827844,endpoint_l2/right_position,0.018089795485138893
gpu_1,contrastive,clean/open_laptop/episode_000017/0_259,open_laptop,episode_000017,clean,,,,final_action,color_temperature,0.1,,,,4533883950938286080,7048629151097827844,rotation_geodesic/left_rotation,0.004710111767053604
gpu_1,contrastive,clean/open_laptop/episode_000017/0_259,open_laptop,episode_000017,clean,,,,final_action,color_temperature,0.1,,,,4533883950938286080,7048629151097827844,rotation_geodesic/right_rotation,0.00816093385219574
gpu_1,contrastive,clean/open_laptop/episode_000017/0_259,open_laptop,episode_000017,clean,,,,final_action,color_temperature,0.1,,,,4533883950938286080,7048629151097827844,gripper_flip_rate,0.0
gpu_1,contrastive,clean/open_laptop/episode_000017/0_259,open_laptop,episode_000017,clean,,,,final_action,color_temperature,0.1,,,,4533883950938286080,7048629151097827844,temporal_jerk_difference,0.0015971551183611155
gpu_1,contrastive,clean/open_laptop/episode_000017/0_259,open_laptop,episode_000017,clean,,,,final_action,gamma,0.8,,,,4533883950938286080,7226520160564033134,action_relative_l2,0.006460340227931738
gpu_1,contrastive,clean/open_laptop/episode_000017/0_259,open_laptop,episode_000017,clean,,,,final_action,gamma,0.8,,,,4533883950938286080,7226520160564033134,action_mean_abs,0.0007175625651143491
gpu_1,contrastive,clean/open_laptop/episode_000017/0_259,open_laptop,episode_000017,clean,,,,final_action,gamma,0.8,,,,4533883950938286080,7226520160564033134,action_relative_l2/first_25pct,0.0
gpu_1,contrastive,clean/open_laptop/episode_000017/0_259,open_laptop,episode_000017,clean,,,,final_action,gamma,0.8,,,,4533883950938286080,7226520160564033134,action_relative_l2/last_75pct,0.006692078430205584
gpu_1,contrastive,clean/open_laptop/episode_000017/0_259,open_laptop,episode_000017,clean,,,,final_action,gamma,0.8,,,,4533883950938286080,7226520160564033134,endpoint_l2/left_position,0.0009191110730171204
gpu_1,contrastive,clean/open_laptop/episode_000017/0_259,open_laptop,episode_000017,clean,,,,final_action,gamma,0.8,,,,4533883950938286080,7226520160564033134,endpoint_l2/right_position,0.01327081024646759
gpu_1,contrastive,clean/open_laptop/episode_000017/0_259,open_laptop,episode_000017,clean,,,,final_action,gamma,0.8,,,,4533883950938286080,7226520160564033134,rotation_geodesic/left_rotation,0.0031491757836192846
gpu_1,contrastive,clean/open_laptop/episode_000017/0_259,open_laptop,episode_000017,clean,,,,final_action,gamma,0.8,,,,4533883950938286080,7226520160564033134,rotation_geodesic/right_rotation,0.00811171904206276
gpu_1,contrastive,clean/open_laptop/episode_000017/0_259,open_laptop,episode_000017,clean,,,,final_action,gamma,0.8,,,,4533883950938286080,7226520160564033134,gripper_flip_rate,0.0
gpu_1,contrastive,clean/open_laptop/episode_000017/0_259,open_laptop,episode_000017,clean,,,,final_action,gamma,0.8,,,,4533883950938286080,7226520160564033134,temporal_jerk_difference,0.0010287470649927855
gpu_1,contrastive,clean/open_laptop/episode_000017/0_259,open_laptop,episode_000017,clean,,,,final_action,gamma,1.2,,,,4533883950938286080,7506362244356574538,action_relative_l2,0.03826368972659111
gpu_1,contrastive,clean/open_laptop/episode_000017/0_259,open_laptop,episode_000017,clean,,,,final_action,gamma,1.2,,,,4533883950938286080,7506362244356574538,action_mean_abs,0.0032143215648829937
gpu_1,contrastive,clean/open_laptop/episode_000017/0_259,open_laptop,episode_000017,clean,,,,final_action,gamma,1.2,,,,4533883950938286080,7506362244356574538,action_relative_l2/first_25pct,0.0
gpu_1,contrastive,clean/open_laptop/episode_000017/0_259,open_laptop,episode_000017,clean,,,,final_action,gamma,1.2,,,,4533883950938286080,7506362244356574538,action_relative_l2/last_75pct,0.039636243134737015
gpu_1,contrastive,clean/open_laptop/episode_000017/0_259,open_laptop,episode_000017,clean,,,,final_action,gamma,1.2,,,,4533883950938286080,7506362244356574538,endpoint_l2/left_position,0.003623574273660779
gpu_1,contrastive,clean/open_laptop/episode_000017/0_259,open_laptop,episode_000017,clean,,,,final_action,gamma,1.2,,,,4533883950938286080,7506362244356574538,endpoint_l2/right_position,0.020828083157539368
gpu_1,contrastive,clean/open_laptop/episode_000017/0_259,open_laptop,episode_000017,clean,,,,final_action,gamma,1.2,,,,4533883950938286080,7506362244356574538,rotation_geodesic/left_rotation,0.002460128627717495
gpu_1,contrastive,clean/open_laptop/episode_000017/0_259,open_laptop,episode_000017,clean,,,,final_action,gamma,1.2,,,,4533883950938286080,7506362244356574538,rotation_geodesic/right_rotation,0.05923870578408241
gpu_1,contrastive,clean/open_laptop/episode_000017/0_259,open_laptop,episode_000017,clean,,,,final_action,gamma,1.2,,,,4533883950938286080,7506362244356574538,gripper_flip_rate,0.0
gpu_1,contrastive,clean/open_laptop/episode_000017/0_259,open_laptop,episode_000017,clean,,,,final_action,gamma,1.2,,,,4533883950938286080,7506362244356574538,temporal_jerk_difference,0.0011188237695023417
gpu_1,contrastive,clean/open_laptop/episode_000017/0_259,open_laptop,episode_000017,clean,,,,final_action,gaussian_blur_sigma,0.5,,,,4533883950938286080,11522972830486069944,action_relative_l2,0.0022931338753551245
gpu_1,contrastive,clean/open_laptop/episode_000017/0_259,open_laptop,episode_000017,clean,,,,final_action,gaussian_blur_sigma,0.5,,,,4533883950938286080,11522972830486069944,action_mean_abs,0.00014028427540324628
gpu_1,contrastive,clean/open_laptop/episode_000017/0_259,open_laptop,episode_000017,clean,,,,final_action,gaussian_blur_sigma,0.5,,,,4533883950938286080,11522972830486069944,action_relative_l2/first_25pct,0.0
gpu_1,contrastive,clean/open_laptop/episode_000017/0_259,open_laptop,episode_000017,clean,,,,final_action,gaussian_blur_sigma,0.5,,,,4533883950938286080,11522972830486069944,action_relative_l2/last_75pct,0.0023753906134516
gpu_1,contrastive,clean/open_laptop/episode_000017/0_259,open_laptop,episode_000017,clean,,,,final_action,gaussian_blur_sigma,0.5,,,,4533883950938286080,11522972830486069944,endpoint_l2/left_position,0.00045955926179885864
gpu_1,contrastive,clean/open_laptop/episode_000017/0_259,open_laptop,episode_000017,clean,,,,final_action,gaussian_blur_sigma,0.5,,,,4533883950938286080,11522972830486069944,endpoint_l2/right_position,0.0024577463045716286
gpu_1,contrastive,clean/open_laptop/episode_000017/0_259,open_laptop,episode_000017,clean,,,,final_action,gaussian_blur_sigma,0.5,,,,4533883950938286080,11522972830486069944,rotation_geodesic/left_rotation,0.0005093846120871603
gpu_1,contrastive,clean/open_laptop/episode_000017/0_259,open_laptop,episode_000017,clean,,,,final_action,gaussian_blur_sigma,0.5,,,,4533883950938286080,11522972830486069944,rotation_geodesic/right_rotation,0.0019288507755845785
gpu_1,contrastive,clean/open_laptop/episode_000017/0_259,open_laptop,episode_000017,clean,,,,final_action,gaussian_blur_sigma,0.5,,,,4533883950938286080,11522972830486069944,gripper_flip_rate,0.0
gpu_1,contrastive,clean/open_laptop/episode_000017/0_259,open_laptop,episode_000017,clean,,,,final_action,gaussian_blur_sigma,0.5,,,,4533883950938286080,11522972830486069944,temporal_jerk_difference,0.0004649871261790395
gpu_1,contrastive,clean/open_laptop/episode_000017/0_259,open_laptop,episode_000017,clean,,,,final_action,gaussian_blur_sigma,1.0,,,,4533883950938286080,5150731217846411408,action_relative_l2,0.00585051067173481
gpu_1,contrastive,clean/open_laptop/episode_000017/0_259,open_laptop,episode_000017,clean,,,,final_action,gaussian_blur_sigma,1.0,,,,4533883950938286080,5150731217846411408,action_mean_abs,0.0006558476015925407
gpu_1,contrastive,clean/open_laptop/episode_000017/0_259,open_laptop,episode_000017,clean,,,,final_action,gaussian_blur_sigma,1.0,,,,4533883950938286080,5150731217846411408,action_relative_l2/first_25pct,0.0
gpu_1,contrastive,clean/open_laptop/episode_000017/0_259,open_laptop,episode_000017,clean,,,,final_action,gaussian_blur_sigma,1.0,,,,4533883950938286080,5150731217846411408,action_relative_l2/last_75pct,0.006060373969376087
gpu_1,contrastive,clean/open_laptop/episode_000017/0_259,open_laptop,episode_000017,clean,,,,final_action,gaussian_blur_sigma,1.0,,,,4533883950938286080,5150731217846411408,endpoint_l2/left_position,0.00045955926179885864
gpu_1,contrastive,clean/open_laptop/episode_000017/0_259,open_laptop,episode_000017,clean,,,,final_action,gaussian_blur_sigma,1.0,,,,4533883950938286080,5150731217846411408,endpoint_l2/right_position,0.016036562621593475
gpu_1,contrastive,clean/open_laptop/episode_000017/0_259,open_laptop,episode_000017,clean,,,,final_action,gaussian_blur_sigma,1.0,,,,4533883950938286080,5150731217846411408,rotation_geodesic/left_rotation,0.002946021966636181
gpu_1,contrastive,clean/open_laptop/episode_000017/0_259,open_laptop,episode_000017,clean,,,,final_action,gaussian_blur_sigma,1.0,,,,4533883950938286080,5150731217846411408,rotation_geodesic/right_rotation,0.006764109246432781
gpu_1,contrastive,clean/open_laptop/episode_000017/0_259,open_laptop,episode_000017,clean,,,,final_action,gaussian_blur_sigma,1.0,,,,4533883950938286080,5150731217846411408,gripper_flip_rate,0.0
gpu_1,contrastive,clean/open_laptop/episode_000017/0_259,open_laptop,episode_000017,clean,,,,final_action,gaussian_blur_sigma,1.0,,,,4533883950938286080,5150731217846411408,temporal_jerk_difference,0.0007622329285368323
gpu_1,contrastive,clean/open_laptop/episode_000017/0_259,open_laptop,episode_000017,clean,,,,final_action,gaussian_noise_std,0.01,,,,4533883950938286080,17330233380254975681,action_relative_l2,0.0390675812959671
gpu_1,contrastive,clean/open_laptop/episode_000017/0_259,open_laptop,episode_000017,clean,,,,final_action,gaussian_noise_std,0.01,,,,4533883950938286080,17330233380254975681,action_mean_abs,0.0038269523065537214
gpu_1,contrastive,clean/open_laptop/episode_000017/0_259,open_laptop,episode_000017,clean,,,,final_action,gaussian_noise_std,0.01,,,,4533883950938286080,17330233380254975681,action_relative_l2/first_25pct,0.0
gpu_1,contrastive,clean/open_laptop/episode_000017/0_259,open_laptop,episode_000017,clean,,,,final_action,gaussian_noise_std,0.01,,,,4533883950938286080,17330233380254975681,action_relative_l2/last_75pct,0.0404689721763134
gpu_1,contrastive,clean/open_laptop/episode_000017/0_259,open_laptop,episode_000017,clean,,,,final_action,gaussian_noise_std,0.01,,,,4533883950938286080,17330233380254975681,endpoint_l2/left_position,0.00624155392870307
gpu_1,contrastive,clean/open_laptop/episode_000017/0_259,open_laptop,episode_000017,clean,,,,final_action,gaussian_noise_std,0.01,,,,4533883950938286080,17330233380254975681,endpoint_l2/right_position,0.021019214764237404
gpu_1,contrastive,clean/open_laptop/episode_000017/0_259,open_laptop,episode_000017,clean,,,,final_action,gaussian_noise_std,0.01,,,,4533883950938286080,17330233380254975681,rotation_geodesic/left_rotation,0.007513865362852812
gpu_1,contrastive,clean/open_laptop/episode_000017/0_259,open_laptop,episode_000017,clean,,,,final_action,gaussian_noise_std,0.01,,,,4533883950938286080,17330233380254975681,rotation_geodesic/right_rotation,0.058892570436000824
gpu_1,contrastive,clean/open_laptop/episode_000017/0_259,open_laptop,episode_000017,clean,,,,final_action,gaussian_noise_std,0.01,,,,4533883950938286080,17330233380254975681,gripper_flip_rate,0.0
gpu_1,contrastive,clean/open_laptop/episode_000017/0_259,open_laptop,episode_000017,clean,,,,final_action,gaussian_noise_std,0.01,,,,4533883950938286080,17330233380254975681,temporal_jerk_difference,0.001993603305891156
gpu_1,contrastive,clean/open_laptop/episode_000017/0_259,open_laptop,episode_000017,clean,,,,final_action,gaussian_noise_std,0.03,,,,4533883950938286080,995166590417925671,action_relative_l2,0.01287052407860756
gpu_1,contrastive,clean/open_laptop/episode_000017/0_259,open_laptop,episode_000017,clean,,,,final_action,gaussian_noise_std,0.03,,,,4533883950938286080,995166590417925671,action_mean_abs,0.002126473467797041
gpu_1,contrastive,clean/open_laptop/episode_000017/0_259,open_laptop,episode_000017,clean,,,,final_action,gaussian_noise_std,0.03,,,,4533883950938286080,995166590417925671,action_relative_l2/first_25pct,0.0
gpu_1,contrastive,clean/open_laptop/episode_000017/0_259,open_laptop,episode_000017,clean,,,,final_action,gaussian_noise_std,0.03,,,,4533883950938286080,995166590417925671,action_relative_l2/last_75pct,0.013332202099263668
gpu_1,contrastive,clean/open_laptop/episode_000017/0_259,open_laptop,episode_000017,clean,,,,final_action,gaussian_noise_std,0.03,,,,4533883950938286080,995166590417925671,endpoint_l2/left_position,0.003376980544999242
gpu_1,contrastive,clean/open_laptop/episode_000017/0_259,open_laptop,episode_000017,clean,,,,final_action,gaussian_noise_std,0.03,,,,4533883950938286080,995166590417925671,endpoint_l2/right_position,0.017520641908049583
gpu_1,contrastive,clean/open_laptop/episode_000017/0_259,open_laptop,episode_000017,clean,,,,final_action,gaussian_noise_std,0.03,,,,4533883950938286080,995166590417925671,rotation_geodesic/left_rotation,0.008523346856236458
gpu_1,contrastive,clean/open_laptop/episode_000017/0_259,open_laptop,episode_000017,clean,,,,final_action,gaussian_noise_std,0.03,,,,4533883950938286080,995166590417925671,rotation_geodesic/right_rotation,0.01863110437989235
gpu_1,contrastive,clean/open_laptop/episode_000017/0_259,open_laptop,episode_000017,clean,,,,final_action,gaussian_noise_std,0.03,,,,4533883950938286080,995166590417925671,gripper_flip_rate,0.0
gpu_1,contrastive,clean/open_laptop/episode_000017/0_259,open_laptop,episode_000017,clean,,,,final_action,gaussian_noise_std,0.03,,,,4533883950938286080,995166590417925671,temporal_jerk_difference,0.00162099942099303
gpu_1,contrastive,clean/open_laptop/episode_000017/0_259,open_laptop,episode_000017,clean,,,,final_action,identity,0.0,,,,4533883950938286080,,action_relative_l2,0.0
gpu_1,contrastive,clean/open_laptop/episode_000017/0_259,open_laptop,episode_000017,clean,,,,final_action,identity,0.0,,,,4533883950938286080,,action_mean_abs,0.0
gpu_1,contrastive,clean/open_laptop/episode_000017/0_259,open_laptop,episode_000017,clean,,,,final_action,identity,0.0,,,,4533883950938286080,,action_relative_l2/first_25pct,0.0
gpu_1,contrastive,clean/open_laptop/episode_000017/0_259,open_laptop,episode_000017,clean,,,,final_action,identity,0.0,,,,4533883950938286080,,action_relative_l2/last_75pct,0.0
gpu_1,contrastive,clean/open_laptop/episode_000017/0_259,open_laptop,episode_000017,clean,,,,final_action,identity,0.0,,,,4533883950938286080,,endpoint_l2/left_position,0.0
gpu_1,contrastive,clean/open_laptop/episode_000017/0_259,open_laptop,episode_000017,clean,,,,final_action,identity,0.0,,,,4533883950938286080,,endpoint_l2/right_position,0.0
gpu_1,contrastive,clean/open_laptop/episode_000017/0_259,open_laptop,episode_000017,clean,,,,final_action,identity,0.0,,,,4533883950938286080,,rotation_geodesic/left_rotation,4.31583721365314e-05
gpu_1,contrastive,clean/open_laptop/episode_000017/0_259,open_laptop,episode_000017,clean,,,,final_action,identity,0.0,,,,4533883950938286080,,rotation_geodesic/right_rotation,0.0002783606178127229
gpu_1,contrastive,clean/open_laptop/episode_000017/0_259,open_laptop,episode_000017,clean,,,,final_action,identity,0.0,,,,4533883950938286080,,gripper_flip_rate,0.0
gpu_1,contrastive,clean/open_laptop/episode_000017/0_259,open_laptop,episode_000017,clean,,,,final_action,identity,0.0,,,,4533883950938286080,,temporal_jerk_difference,0.0
gpu_1,contrastive,clean/place_container_plate/episode_000033/0_156,place_container_plate,episode_000033,clean,,,,final_action,brightness,0.8,,,,10471219474458438708,5715733209496895161,action_relative_l2,0.022130705416202545
gpu_1,contrastive,clean/place_container_plate/episode_000033/0_156,place_container_plate,episode_000033,clean,,,,final_action,brightness,0.8,,,,10471219474458438708,5715733209496895161,action_mean_abs,0.0030065439641475677
gpu_1,contrastive,clean/place_container_plate/episode_000033/0_156,place_container_plate,episode_000033,clean,,,,final_action,brightness,0.8,,,,10471219474458438708,5715733209496895161,action_relative_l2/first_25pct,0.0
gpu_1,contrastive,clean/place_container_plate/episode_000033/0_156,place_container_plate,episode_000033,clean,,,,final_action,brightness,0.8,,,,10471219474458438708,5715733209496895161,action_relative_l2/last_75pct,0.022922571748495102
gpu_1,contrastive,clean/place_container_plate/episode_000033/0_156,place_container_plate,episode_000033,clean,,,,final_action,brightness,0.8,,,,10471219474458438708,5715733209496895161,endpoint_l2/left_position,0.03452562913298607
gpu_1,contrastive,clean/place_container_plate/episode_000033/0_156,place_container_plate,episode_000033,clean,,,,final_action,brightness,0.8,,,,10471219474458438708,5715733209496895161,endpoint_l2/right_position,0.003806839231401682
gpu_1,contrastive,clean/place_container_plate/episode_000033/0_156,place_container_plate,episode_000033,clean,,,,final_action,brightness,0.8,,,,10471219474458438708,5715733209496895161,rotation_geodesic/left_rotation,0.03589562699198723
gpu_1,contrastive,clean/place_container_plate/episode_000033/0_156,place_container_plate,episode_000033,clean,,,,final_action,brightness,0.8,,,,10471219474458438708,5715733209496895161,rotation_geodesic/right_rotation,0.006646792870014906
gpu_1,contrastive,clean/place_container_plate/episode_000033/0_156,place_container_plate,episode_000033,clean,,,,final_action,brightness,0.8,,,,10471219474458438708,5715733209496895161,gripper_flip_rate,0.0
gpu_1,contrastive,clean/place_container_plate/episode_000033/0_156,place_container_plate,episode_000033,clean,,,,final_action,brightness,0.8,,,,10471219474458438708,5715733209496895161,temporal_jerk_difference,0.001844277372583747
gpu_1,contrastive,clean/place_container_plate/episode_000033/0_156,place_container_plate,episode_000033,clean,,,,final_action,brightness,1.2,,,,10471219474458438708,13427404499493453440,action_relative_l2,0.038395900279283524
gpu_1,contrastive,clean/place_container_plate/episode_000033/0_156,place_container_plate,episode_000033,clean,,,,final_action,brightness,1.2,,,,10471219474458438708,13427404499493453440,action_mean_abs,0.005126975942403078
gpu_1,contrastive,clean/place_container_plate/episode_000033/0_156,place_container_plate,episode_000033,clean,,,,final_action,brightness,1.2,,,,10471219474458438708,13427404499493453440,action_relative_l2/first_25pct,0.0
gpu_1,contrastive,clean/place_container_plate/episode_000033/0_156,place_container_plate,episode_000033,clean,,,,final_action,brightness,1.2,,,,10471219474458438708,13427404499493453440,action_relative_l2/last_75pct,0.03976975753903389
gpu_1,contrastive,clean/place_container_plate/episode_000033/0_156,place_container_plate,episode_000033,clean,,,,final_action,brightness,1.2,,,,10471219474458438708,13427404499493453440,endpoint_l2/left_position,0.04713166132569313
gpu_1,contrastive,clean/place_container_plate/episode_000033/0_156,place_container_plate,episode_000033,clean,,,,final_action,brightness,1.2,,,,10471219474458438708,13427404499493453440,endpoint_l2/right_position,0.010651818476617336
gpu_1,contrastive,clean/place_container_plate/episode_000033/0_156,place_container_plate,episode_000033,clean,,,,final_action,brightness,1.2,,,,10471219474458438708,13427404499493453440,rotation_geodesic/left_rotation,0.0666934996843338
gpu_1,contrastive,clean/place_container_plate/episode_000033/0_156,place_container_plate,episode_000033,clean,,,,final_action,brightness,1.2,,,,10471219474458438708,13427404499493453440,rotation_geodesic/right_rotation,0.008359575644135475
gpu_1,contrastive,clean/place_container_plate/episode_000033/0_156,place_container_plate,episode_000033,clean,,,,final_action,brightness,1.2,,,,10471219474458438708,13427404499493453440,gripper_flip_rate,0.0
gpu_1,contrastive,clean/place_container_plate/episode_000033/0_156,place_container_plate,episode_000033,clean,,,,final_action,brightness,1.2,,,,10471219474458438708,13427404499493453440,temporal_jerk_difference,0.002484017750248313
gpu_1,contrastive,clean/place_container_plate/episode_000033/0_156,place_container_plate,episode_000033,clean,,,,final_action,color_temperature,-0.1,,,,10471219474458438708,12370919830759711870,action_relative_l2,0.018892493098974228
gpu_1,contrastive,clean/place_container_plate/episode_000033/0_156,place_container_plate,episode_000033,clean,,,,final_action,color_temperature,-0.1,,,,10471219474458438708,12370919830759711870,action_mean_abs,0.002581549808382988
gpu_1,contrastive,clean/place_container_plate/episode_000033/0_156,place_container_plate,episode_000033,clean,,,,final_action,color_temperature,-0.1,,,,10471219474458438708,12370919830759711870,action_relative_l2/first_25pct,0.0
gpu_1,contrastive,clean/place_container_plate/episode_000033/0_156,place_container_plate,episode_000033,clean,,,,final_action,color_temperature,-0.1,,,,10471219474458438708,12370919830759711870,action_relative_l2/last_75pct,0.019568493589758873
gpu_1,contrastive,clean/place_container_plate/episode_000033/0_156,place_container_plate,episode_000033,clean,,,,final_action,color_temperature,-0.1,,,,10471219474458438708,12370919830759711870,endpoint_l2/left_position,0.03299449384212494
gpu_1,contrastive,clean/place_container_plate/episode_000033/0_156,place_container_plate,episode_000033,clean,,,,final_action,color_temperature,-0.1,,,,10471219474458438708,12370919830759711870,endpoint_l2/right_position,0.0035895968321710825
gpu_1,contrastive,clean/place_container_plate/episode_000033/0_156,place_container_plate,episode_000033,clean,,,,final_action,color_temperature,-0.1,,,,10471219474458438708,12370919830759711870,rotation_geodesic/left_rotation,0.028030913323163986
gpu_1,contrastive,clean/place_container_plate/episode_000033/0_156,place_container_plate,episode_000033,clean,,,,final_action,color_temperature,-0.1,,,,10471219474458438708,12370919830759711870,rotation_geodesic/right_rotation,0.0042381142266094685
gpu_1,contrastive,clean/place_container_plate/episode_000033/0_156,place_container_plate,episode_000033,clean,,,,final_action,color_temperature,-0.1,,,,10471219474458438708,12370919830759711870,gripper_flip_rate,0.0
gpu_1,contrastive,clean/place_container_plate/episode_000033/0_156,place_container_plate,episode_000033,clean,,,,final_action,color_temperature,-0.1,,,,10471219474458438708,12370919830759711870,temporal_jerk_difference,0.0023280347231775522
gpu_1,contrastive,clean/place_container_plate/episode_000033/0_156,place_container_plate,episode_000033,clean,,,,final_action,color_temperature,0.1,,,,10471219474458438708,3059941478060558768,action_relative_l2,0.013962654396891594
gpu_1,contrastive,clean/place_container_plate/episode_000033/0_156,place_container_plate,episode_000033,clean,,,,final_action,color_temperature,0.1,,,,10471219474458438708,3059941478060558768,action_mean_abs,0.0016669993055984378
gpu_1,contrastive,clean/place_container_plate/episode_000033/0_156,place_container_plate,episode_000033,clean,,,,final_action,color_temperature,0.1,,,,10471219474458438708,3059941478060558768,action_relative_l2/first_25pct,0.0
gpu_1,contrastive,clean/place_container_plate/episode_000033/0_156,place_container_plate,episode_000033,clean,,,,final_action,color_temperature,0.1,,,,10471219474458438708,3059941478060558768,action_relative_l2/last_75pct,0.01446225680410862
gpu_1,contrastive,clean/place_container_plate/episode_000033/0_156,place_container_plate,episode_000033,clean,,,,final_action,color_temperature,0.1,,,,10471219474458438708,3059941478060558768,endpoint_l2/left_position,0.018811695277690887
gpu_1,contrastive,clean/place_container_plate/episode_000033/0_156,place_container_plate,episode_000033,clean,,,,final_action,color_temperature,0.1,,,,10471219474458438708,3059941478060558768,endpoint_l2/right_position,0.0007645115256309509
gpu_1,contrastive,clean/place_container_plate/episode_000033/0_156,place_container_plate,episode_000033,clean,,,,final_action,color_temperature,0.1,,,,10471219474458438708,3059941478060558768,rotation_geodesic/left_rotation,0.022502783685922623
gpu_1,contrastive,clean/place_container_plate/episode_000033/0_156,place_container_plate,episode_000033,clean,,,,final_action,color_temperature,0.1,,,,10471219474458438708,3059941478060558768,rotation_geodesic/right_rotation,0.004676809534430504
gpu_1,contrastive,clean/place_container_plate/episode_000033/0_156,place_container_plate,episode_000033,clean,,,,final_action,color_temperature,0.1,,,,10471219474458438708,3059941478060558768,gripper_flip_rate,0.0
gpu_1,contrastive,clean/place_container_plate/episode_000033/0_156,place_container_plate,episode_000033,clean,,,,final_action,color_temperature,0.1,,,,10471219474458438708,3059941478060558768,temporal_jerk_difference,0.0016464174259454012
gpu_1,contrastive,clean/place_container_plate/episode_000033/0_156,place_container_plate,episode_000033,clean,,,,final_action,gamma,0.8,,,,10471219474458438708,6224378030923556313,action_relative_l2,0.0034062545746564865
gpu_1,contrastive,clean/place_container_plate/episode_000033/0_156,place_container_plate,episode_000033,clean,,,,final_action,gamma,0.8,,,,10471219474458438708,6224378030923556313,action_mean_abs,0.000254573707934469
gpu_1,contrastive,clean/place_container_plate/episode_000033/0_156,place_container_plate,episode_000033,clean,,,,final_action,gamma,0.8,,,,10471219474458438708,6224378030923556313,action_relative_l2/first_25pct,0.0
gpu_1,contrastive,clean/place_container_plate/episode_000033/0_156,place_container_plate,episode_000033,clean,,,,final_action,gamma,0.8,,,,10471219474458438708,6224378030923556313,action_relative_l2/last_75pct,0.003528134897351265
gpu_1,contrastive,clean/place_container_plate/episode_000033/0_156,place_container_plate,episode_000033,clean,,,,final_action,gamma,0.8,,,,10471219474458438708,6224378030923556313,endpoint_l2/left_position,0.0014453985495492816
gpu_1,contrastive,clean/place_container_plate/episode_000033/0_156,place_container_plate,episode_000033,clean,,,,final_action,gamma,0.8,,,,10471219474458438708,6224378030923556313,endpoint_l2/right_position,0.0
gpu_1,contrastive,clean/place_container_plate/episode_000033/0_156,place_container_plate,episode_000033,clean,,,,final_action,gamma,0.8,,,,10471219474458438708,6224378030923556313,rotation_geodesic/left_rotation,0.002722926437854767
gpu_1,contrastive,clean/place_container_plate/episode_000033/0_156,place_container_plate,episode_000033,clean,,,,final_action,gamma,0.8,,,,10471219474458438708,6224378030923556313,rotation_geodesic/right_rotation,0.002123412676155567
gpu_1,contrastive,clean/place_container_plate/episode_000033/0_156,place_container_plate,episode_000033,clean,,,,final_action,gamma,0.8,,,,10471219474458438708,6224378030923556313,gripper_flip_rate,0.0
gpu_1,contrastive,clean/place_container_plate/episode_000033/0_156,place_container_plate,episode_000033,clean,,,,final_action,gamma,0.8,,,,10471219474458438708,6224378030923556313,temporal_jerk_difference,0.0007977757486514747
gpu_1,contrastive,clean/place_container_plate/episode_000033/0_156,place_container_plate,episode_000033,clean,,,,final_action,gamma,1.2,,,,10471219474458438708,906277563794249191,action_relative_l2,0.005342756863683462
gpu_1,contrastive,clean/place_container_plate/episode_000033/0_156,place_container_plate,episode_000033,clean,,,,final_action,gamma,1.2,,,,10471219474458438708,906277563794249191,action_mean_abs,0.0005586714250966907
gpu_1,contrastive,clean/place_container_plate/episode_000033/0_156,place_container_plate,episode_000033,clean,,,,final_action,gamma,1.2,,,,10471219474458438708,906277563794249191,action_relative_l2/first_25pct,0.0
gpu_1,contrastive,clean/place_container_plate/episode_000033/0_156,place_container_plate,episode_000033,clean,,,,final_action,gamma,1.2,,,,10471219474458438708,906277563794249191,action_relative_l2/last_75pct,0.0055339280515909195
gpu_1,contrastive,clean/place_container_plate/episode_000033/0_156,place_container_plate,episode_000033,clean,,,,final_action,gamma,1.2,,,,10471219474458438708,906277563794249191,endpoint_l2/left_position,0.002473863773047924
gpu_1,contrastive,clean/place_container_plate/episode_000033/0_156,place_container_plate,episode_000033,clean,,,,final_action,gamma,1.2,,,,10471219474458438708,906277563794249191,endpoint_l2/right_position,0.0009620181517675519
gpu_1,contrastive,clean/place_container_plate/episode_000033/0_156,place_container_plate,episode_000033,clean,,,,final_action,gamma,1.2,,,,10471219474458438708,906277563794249191,rotation_geodesic/left_rotation,0.004757987335324287
gpu_1,contrastive,clean/place_container_plate/episode_000033/0_156,place_container_plate,episode_000033,clean,,,,final_action,gamma,1.2,,,,10471219474458438708,906277563794249191,rotation_geodesic/right_rotation,0.003470510244369507
gpu_1,contrastive,clean/place_container_plate/episode_000033/0_156,place_container_plate,episode_000033,clean,,,,final_action,gamma,1.2,,,,10471219474458438708,906277563794249191,gripper_flip_rate,0.0
gpu_1,contrastive,clean/place_container_plate/episode_000033/0_156,place_container_plate,episode_000033,clean,,,,final_action,gamma,1.2,,,,10471219474458438708,906277563794249191,temporal_jerk_difference,0.0014831206062808633
gpu_1,contrastive,clean/place_container_plate/episode_000033/0_156,place_container_plate,episode_000033,clean,,,,final_action,gaussian_blur_sigma,0.5,,,,10471219474458438708,13687891846825993847,action_relative_l2,0.0033371946774423122
gpu_1,contrastive,clean/place_container_plate/episode_000033/0_156,place_container_plate,episode_000033,clean,,,,final_action,gaussian_blur_sigma,0.5,,,,10471219474458438708,13687891846825993847,action_mean_abs,0.0002447469742037356
gpu_1,contrastive,clean/place_container_plate/episode_000033/0_156,place_container_plate,episode_000033,clean,,,,final_action,gaussian_blur_sigma,0.5,,,,10471219474458438708,13687891846825993847,action_relative_l2/first_25pct,0.0
gpu_1,contrastive,clean/place_container_plate/episode_000033/0_156,place_container_plate,episode_000033,clean,,,,final_action,gaussian_blur_sigma,0.5,,,,10471219474458438708,13687891846825993847,action_relative_l2/last_75pct,0.003456603968515992
gpu_1,contrastive,clean/place_container_plate/episode_000033/0_156,place_container_plate,episode_000033,clean,,,,final_action,gaussian_blur_sigma,0.5,,,,10471219474458438708,13687891846825993847,endpoint_l2/left_position,0.001115538296289742
gpu_1,contrastive,clean/place_container_plate/episode_000033/0_156,place_container_plate,episode_000033,clean,,,,final_action,gaussian_blur_sigma,0.5,,,,10471219474458438708,13687891846825993847,endpoint_l2/right_position,0.0
gpu_1,contrastive,clean/place_container_plate/episode_000033/0_156,place_container_plate,episode_000033,clean,,,,final_action,gaussian_blur_sigma,0.5,,,,10471219474458438708,13687891846825993847,rotation_geodesic/left_rotation,0.002901076339185238
gpu_1,contrastive,clean/place_container_plate/episode_000033/0_156,place_container_plate,episode_000033,clean,,,,final_action,gaussian_blur_sigma,0.5,,,,10471219474458438708,13687891846825993847,rotation_geodesic/right_rotation,0.0017846140544861555
gpu_1,contrastive,clean/place_container_plate/episode_000033/0_156,place_container_plate,episode_000033,clean,,,,final_action,gaussian_blur_sigma,0.5,,,,10471219474458438708,13687891846825993847,gripper_flip_rate,0.0
gpu_1,contrastive,clean/place_container_plate/episode_000033/0_156,place_container_plate,episode_000033,clean,,,,final_action,gaussian_blur_sigma,0.5,,,,10471219474458438708,13687891846825993847,temporal_jerk_difference,0.0007219761027954519
gpu_1,contrastive,clean/place_container_plate/episode_000033/0_156,place_container_plate,episode_000033,clean,,,,final_action,gaussian_blur_sigma,1.0,,,,10471219474458438708,12185843836051114294,action_relative_l2,0.011321116238832474
gpu_1,contrastive,clean/place_container_plate/episode_000033/0_156,place_container_plate,episode_000033,clean,,,,final_action,gaussian_blur_sigma,1.0,,,,10471219474458438708,12185843836051114294,action_mean_abs,0.0013336086412891746
gpu_1,contrastive,clean/place_container_plate/episode_000033/0_156,place_container_plate,episode_000033,clean,,,,final_action,gaussian_blur_sigma,1.0,,,,10471219474458438708,12185843836051114294,action_relative_l2/first_25pct,0.0
gpu_1,contrastive,clean/place_container_plate/episode_000033/0_156,place_container_plate,episode_000033,clean,,,,final_action,gaussian_blur_sigma,1.0,,,,10471219474458438708,12185843836051114294,action_relative_l2/last_75pct,0.011726200580596924
gpu_1,contrastive,clean/place_container_plate/episode_000033/0_156,place_container_plate,episode_000033,clean,,,,final_action,gaussian_blur_sigma,1.0,,,,10471219474458438708,12185843836051114294,endpoint_l2/left_position,0.018618056550621986
gpu_1,contrastive,clean/place_container_plate/episode_000033/0_156,place_container_plate,episode_000033,clean,,,,final_action,gaussian_blur_sigma,1.0,,,,10471219474458438708,12185843836051114294,endpoint_l2/right_position,0.0009620188502594829
gpu_1,contrastive,clean/place_container_plate/episode_000033/0_156,place_container_plate,episode_000033,clean,,,,final_action,gaussian_blur_sigma,1.0,,,,10471219474458438708,12185843836051114294,rotation_geodesic/left_rotation,0.016561824828386307
gpu_1,contrastive,clean/place_container_plate/episode_000033/0_156,place_container_plate,episode_000033,clean,,,,final_action,gaussian_blur_sigma,1.0,,,,10471219474458438708,12185843836051114294,rotation_geodesic/right_rotation,0.004145207814872265
gpu_1,contrastive,clean/place_container_plate/episode_000033/0_156,place_container_plate,episode_000033,clean,,,,final_action,gaussian_blur_sigma,1.0,,,,10471219474458438708,12185843836051114294,gripper_flip_rate,0.0
gpu_1,contrastive,clean/place_container_plate/episode_000033/0_156,place_container_plate,episode_000033,clean,,,,final_action,gaussian_blur_sigma,1.0,,,,10471219474458438708,12185843836051114294,temporal_jerk_difference,0.001397775369696319
gpu_1,contrastive,clean/place_container_plate/episode_000033/0_156,place_container_plate,episode_000033,clean,,,,final_action,gaussian_noise_std,0.01,,,,10471219474458438708,17679738631140918171,action_relative_l2,0.007171938195824623
gpu_1,contrastive,clean/place_container_plate/episode_000033/0_156,place_container_plate,episode_000033,clean,,,,final_action,gaussian_noise_std,0.01,,,,10471219474458438708,17679738631140918171,action_mean_abs,0.0010663317516446114
gpu_1,contrastive,clean/place_container_plate/episode_000033/0_156,place_container_plate,episode_000033,clean,,,,final_action,gaussian_noise_std,0.01,,,,10471219474458438708,17679738631140918171,action_relative_l2/first_25pct,0.0
gpu_1,contrastive,clean/place_container_plate/episode_000033/0_156,place_container_plate,episode_000033,clean,,,,final_action,gaussian_noise_std,0.01,,,,10471219474458438708,17679738631140918171,action_relative_l2/last_75pct,0.0074285599403083324
gpu_1,contrastive,clean/place_container_plate/episode_000033/0_156,place_container_plate,episode_000033,clean,,,,final_action,gaussian_noise_std,0.01,,,,10471219474458438708,17679738631140918171,endpoint_l2/left_position,0.0060609751380980015
gpu_1,contrastive,clean/place_container_plate/episode_000033/0_156,place_container_plate,episode_000033,clean,,,,final_action,gaussian_noise_std,0.01,,,,10471219474458438708,17679738631140918171,endpoint_l2/right_position,0.0019162432290613651
gpu_1,contrastive,clean/place_container_plate/episode_000033/0_156,place_container_plate,episode_000033,clean,,,,final_action,gaussian_noise_std,0.01,,,,10471219474458438708,17679738631140918171,rotation_geodesic/left_rotation,0.008531072176992893
gpu_1,contrastive,clean/place_container_plate/episode_000033/0_156,place_container_plate,episode_000033,clean,,,,final_action,gaussian_noise_std,0.01,,,,10471219474458438708,17679738631140918171,rotation_geodesic/right_rotation,0.004823393188416958
gpu_1,contrastive,clean/place_container_plate/episode_000033/0_156,place_container_plate,episode_000033,clean,,,,final_action,gaussian_noise_std,0.01,,,,10471219474458438708,17679738631140918171,gripper_flip_rate,0.0
gpu_1,contrastive,clean/place_container_plate/episode_000033/0_156,place_container_plate,episode_000033,clean,,,,final_action,gaussian_noise_std,0.01,,,,10471219474458438708,17679738631140918171,temporal_jerk_difference,0.0018260901561006904
gpu_1,contrastive,clean/place_container_plate/episode_000033/0_156,place_container_plate,episode_000033,clean,,,,final_action,gaussian_noise_std,0.03,,,,10471219474458438708,13013057233012687563,action_relative_l2,0.008945913054049015
gpu_1,contrastive,clean/place_container_plate/episode_000033/0_156,place_container_plate,episode_000033,clean,,,,final_action,gaussian_noise_std,0.03,,,,10471219474458438708,13013057233012687563,action_mean_abs,0.0014843151438981295
gpu_1,contrastive,clean/place_container_plate/episode_000033/0_156,place_container_plate,episode_000033,clean,,,,final_action,gaussian_noise_std,0.03,,,,10471219474458438708,13013057233012687563,action_relative_l2/first_25pct,0.0
gpu_1,contrastive,clean/place_container_plate/episode_000033/0_156,place_container_plate,episode_000033,clean,,,,final_action,gaussian_noise_std,0.03,,,,10471219474458438708,13013057233012687563,action_relative_l2/last_75pct,0.00926600955426693
gpu_1,contrastive,clean/place_container_plate/episode_000033/0_156,place_container_plate,episode_000033,clean,,,,final_action,gaussian_noise_std,0.03,,,,10471219474458438708,13013057233012687563,endpoint_l2/left_position,0.007921654731035233
gpu_1,contrastive,clean/place_container_plate/episode_000033/0_156,place_container_plate,episode_000033,clean,,,,final_action,gaussian_noise_std,0.03,,,,10471219474458438708,13013057233012687563,endpoint_l2/right_position,0.001395881874486804
gpu_1,contrastive,clean/place_container_plate/episode_000033/0_156,place_container_plate,episode_000033,clean,,,,final_action,gaussian_noise_std,0.03,,,,10471219474458438708,13013057233012687563,rotation_geodesic/left_rotation,0.01202317327260971
gpu_1,contrastive,clean/place_container_plate/episode_000033/0_156,place_container_plate,episode_000033,clean,,,,final_action,gaussian_noise_std,0.03,,,,10471219474458438708,13013057233012687563,rotation_geodesic/right_rotation,0.006398893892765045
gpu_1,contrastive,clean/place_container_plate/episode_000033/0_156,place_container_plate,episode_000033,clean,,,,final_action,gaussian_noise_std,0.03,,,,10471219474458438708,13013057233012687563,gripper_flip_rate,0.0
gpu_1,contrastive,clean/place_container_plate/episode_000033/0_156,place_container_plate,episode_000033,clean,,,,final_action,gaussian_noise_std,0.03,,,,10471219474458438708,13013057233012687563,temporal_jerk_difference,0.0017260473687201738
gpu_1,contrastive,clean/place_container_plate/episode_000033/0_156,place_container_plate,episode_000033,clean,,,,final_action,identity,0.0,,,,10471219474458438708,,action_relative_l2,0.0
gpu_1,contrastive,clean/place_container_plate/episode_000033/0_156,place_container_plate,episode_000033,clean,,,,final_action,identity,0.0,,,,10471219474458438708,,action_mean_abs,0.0
gpu_1,contrastive,clean/place_container_plate/episode_000033/0_156,place_container_plate,episode_000033,clean,,,,final_action,identity,0.0,,,,10471219474458438708,,action_relative_l2/first_25pct,0.0
gpu_1,contrastive,clean/place_container_plate/episode_000033/0_156,place_container_plate,episode_000033,clean,,,,final_action,identity,0.0,,,,10471219474458438708,,action_relative_l2/last_75pct,0.0
gpu_1,contrastive,clean/place_container_plate/episode_000033/0_156,place_container_plate,episode_000033,clean,,,,final_action,identity,0.0,,,,10471219474458438708,,endpoint_l2/left_position,0.0
gpu_1,contrastive,clean/place_container_plate/episode_000033/0_156,place_container_plate,episode_000033,clean,,,,final_action,identity,0.0,,,,10471219474458438708,,endpoint_l2/right_position,0.0
gpu_1,contrastive,clean/place_container_plate/episode_000033/0_156,place_container_plate,episode_000033,clean,,,,final_action,identity,0.0,,,,10471219474458438708,,rotation_geodesic/left_rotation,0.0001168343223980628
gpu_1,contrastive,clean/place_container_plate/episode_000033/0_156,place_container_plate,episode_000033,clean,,,,final_action,identity,0.0,,,,10471219474458438708,,rotation_geodesic/right_rotation,0.00015421056014019996
gpu_1,contrastive,clean/place_container_plate/episode_000033/0_156,place_container_plate,episode_000033,clean,,,,final_action,identity,0.0,,,,10471219474458438708,,gripper_flip_rate,0.0
gpu_1,contrastive,clean/place_container_plate/episode_000033/0_156,place_container_plate,episode_000033,clean,,,,final_action,identity,0.0,,,,10471219474458438708,,temporal_jerk_difference,0.0
gpu_1,contrastive,clean/put_bottles_dustbin/episode_000006/0_549,put_bottles_dustbin,episode_000006,clean,,,,final_action,brightness,0.8,,,,569836324477247425,1394009349984855089,action_relative_l2,0.028041474521160126
gpu_1,contrastive,clean/put_bottles_dustbin/episode_000006/0_549,put_bottles_dustbin,episode_000006,clean,,,,final_action,brightness,0.8,,,,569836324477247425,1394009349984855089,action_mean_abs,0.005067364312708378
gpu_1,contrastive,clean/put_bottles_dustbin/episode_000006/0_549,put_bottles_dustbin,episode_000006,clean,,,,final_action,brightness,0.8,,,,569836324477247425,1394009349984855089,action_relative_l2/first_25pct,0.0
gpu_1,contrastive,clean/put_bottles_dustbin/episode_000006/0_549,put_bottles_dustbin,episode_000006,clean,,,,final_action,brightness,0.8,,,,569836324477247425,1394009349984855089,action_relative_l2/last_75pct,0.029040701687335968
gpu_1,contrastive,clean/put_bottles_dustbin/episode_000006/0_549,put_bottles_dustbin,episode_000006,clean,,,,final_action,brightness,0.8,,,,569836324477247425,1394009349984855089,endpoint_l2/left_position,0.02295554429292679
gpu_1,contrastive,clean/put_bottles_dustbin/episode_000006/0_549,put_bottles_dustbin,episode_000006,clean,,,,final_action,brightness,0.8,,,,569836324477247425,1394009349984855089,endpoint_l2/right_position,0.025660114362835884
gpu_1,contrastive,clean/put_bottles_dustbin/episode_000006/0_549,put_bottles_dustbin,episode_000006,clean,,,,final_action,brightness,0.8,,,,569836324477247425,1394009349984855089,rotation_geodesic/left_rotation,0.035757530480623245
gpu_1,contrastive,clean/put_bottles_dustbin/episode_000006/0_549,put_bottles_dustbin,episode_000006,clean,,,,final_action,brightness,0.8,,,,569836324477247425,1394009349984855089,rotation_geodesic/right_rotation,0.026594378054142
gpu_1,contrastive,clean/put_bottles_dustbin/episode_000006/0_549,put_bottles_dustbin,episode_000006,clean,,,,final_action,brightness,0.8,,,,569836324477247425,1394009349984855089,gripper_flip_rate,0.0
gpu_1,contrastive,clean/put_bottles_dustbin/episode_000006/0_549,put_bottles_dustbin,episode_000006,clean,,,,final_action,brightness,0.8,,,,569836324477247425,1394009349984855089,temporal_jerk_difference,0.0020818111952394247
gpu_1,contrastive,clean/put_bottles_dustbin/episode_000006/0_549,put_bottles_dustbin,episode_000006,clean,,,,final_action,brightness,1.2,,,,569836324477247425,8114302215028719186,action_relative_l2,0.037622205913066864
gpu_1,contrastive,clean/put_bottles_dustbin/episode_000006/0_549,put_bottles_dustbin,episode_000006,clean,,,,final_action,brightness,1.2,,,,569836324477247425,8114302215028719186,action_mean_abs,0.006727935746312141
gpu_1,contrastive,clean/put_bottles_dustbin/episode_000006/0_549,put_bottles_dustbin,episode_000006,clean,,,,final_action,brightness,1.2,,,,569836324477247425,8114302215028719186,action_relative_l2/first_25pct,0.0
gpu_1,contrastive,clean/put_bottles_dustbin/episode_000006/0_549,put_bottles_dustbin,episode_000006,clean,,,,final_action,brightness,1.2,,,,569836324477247425,8114302215028719186,action_relative_l2/last_75pct,0.03896282985806465
gpu_1,contrastive,clean/put_bottles_dustbin/episode_000006/0_549,put_bottles_dustbin,episode_000006,clean,,,,final_action,brightness,1.2,,,,569836324477247425,8114302215028719186,endpoint_l2/left_position,0.029781220480799675
gpu_1,contrastive,clean/put_bottles_dustbin/episode_000006/0_549,put_bottles_dustbin,episode_000006,clean,,,,final_action,brightness,1.2,,,,569836324477247425,8114302215028719186,endpoint_l2/right_position,0.035090502351522446
gpu_1,contrastive,clean/put_bottles_dustbin/episode_000006/0_549,put_bottles_dustbin,episode_000006,clean,,,,final_action,brightness,1.2,,,,569836324477247425,8114302215028719186,rotation_geodesic/left_rotation,0.04716358333826065
gpu_1,contrastive,clean/put_bottles_dustbin/episode_000006/0_549,put_bottles_dustbin,episode_000006,clean,,,,final_action,brightness,1.2,,,,569836324477247425,8114302215028719186,rotation_geodesic/right_rotation,0.037459325045347214
gpu_1,contrastive,clean/put_bottles_dustbin/episode_000006/0_549,put_bottles_dustbin,episode_000006,clean,,,,final_action,brightness,1.2,,,,569836324477247425,8114302215028719186,gripper_flip_rate,0.0
gpu_1,contrastive,clean/put_bottles_dustbin/episode_000006/0_549,put_bottles_dustbin,episode_000006,clean,,,,final_action,brightness,1.2,,,,569836324477247425,8114302215028719186,temporal_jerk_difference,0.002083650091663003
gpu_1,contrastive,clean/put_bottles_dustbin/episode_000006/0_549,put_bottles_dustbin,episode_000006,clean,,,,final_action,color_temperature,-0.1,,,,569836324477247425,14816179961873656132,action_relative_l2,0.032256171107292175
gpu_1,contrastive,clean/put_bottles_dustbin/episode_000006/0_549,put_bottles_dustbin,episode_000006,clean,,,,final_action,color_temperature,-0.1,,,,569836324477247425,14816179961873656132,action_mean_abs,0.005013462156057358
gpu_1,contrastive,clean/put_bottles_dustbin/episode_000006/0_549,put_bottles_dustbin,episode_000006,clean,,,,final_action,color_temperature,-0.1,,,,569836324477247425,14816179961873656132,action_relative_l2/first_25pct,0.0
gpu_1,contrastive,clean/put_bottles_dustbin/episode_000006/0_549,put_bottles_dustbin,episode_000006,clean,,,,final_action,color_temperature,-0.1,,,,569836324477247425,14816179961873656132,action_relative_l2/last_75pct,0.03340558707714081
gpu_1,contrastive,clean/put_bottles_dustbin/episode_000006/0_549,put_bottles_dustbin,episode_000006,clean,,,,final_action,color_temperature,-0.1,,,,569836324477247425,14816179961873656132,endpoint_l2/left_position,0.028496047481894493
gpu_1,contrastive,clean/put_bottles_dustbin/episode_000006/0_549,put_bottles_dustbin,episode_000006,clean,,,,final_action,color_temperature,-0.1,,,,569836324477247425,14816179961873656132,endpoint_l2/right_position,0.04998779296875
gpu_1,contrastive,clean/put_bottles_dustbin/episode_000006/0_549,put_bottles_dustbin,episode_000006,clean,,,,final_action,color_temperature,-0.1,,,,569836324477247425,14816179961873656132,rotation_geodesic/left_rotation,0.04190848395228386
gpu_1,contrastive,clean/put_bottles_dustbin/episode_000006/0_549,put_bottles_dustbin,episode_000006,clean,,,,final_action,color_temperature,-0.1,,,,569836324477247425,14816179961873656132,rotation_geodesic/right_rotation,0.022660423070192337
gpu_1,contrastive,clean/put_bottles_dustbin/episode_000006/0_549,put_bottles_dustbin,episode_000006,clean,,,,final_action,color_temperature,-0.1,,,,569836324477247425,14816179961873656132,gripper_flip_rate,0.0
gpu_1,contrastive,clean/put_bottles_dustbin/episode_000006/0_549,put_bottles_dustbin,episode_000006,clean,,,,final_action,color_temperature,-0.1,,,,569836324477247425,14816179961873656132,temporal_jerk_difference,0.0024066900368779898
gpu_1,contrastive,clean/put_bottles_dustbin/episode_000006/0_549,put_bottles_dustbin,episode_000006,clean,,,,final_action,color_temperature,0.1,,,,569836324477247425,14578194793345110634,action_relative_l2,0.032008640468120575
gpu_1,contrastive,clean/put_bottles_dustbin/episode_000006/0_549,put_bottles_dustbin,episode_000006,clean,,,,final_action,color_temperature,0.1,,,,569836324477247425,14578194793345110634,action_mean_abs,0.005759778898209333
gpu_1,contrastive,clean/put_bottles_dustbin/episode_000006/0_549,put_bottles_dustbin,episode_000006,clean,,,,final_action,color_temperature,0.1,,,,569836324477247425,14578194793345110634,action_relative_l2/first_25pct,0.0
gpu_1,contrastive,clean/put_bottles_dustbin/episode_000006/0_549,put_bottles_dustbin,episode_000006,clean,,,,final_action,color_temperature,0.1,,,,569836324477247425,14578194793345110634,action_relative_l2/last_75pct,0.03314923495054245
gpu_1,contrastive,clean/put_bottles_dustbin/episode_000006/0_549,put_bottles_dustbin,episode_000006,clean,,,,final_action,color_temperature,0.1,,,,569836324477247425,14578194793345110634,endpoint_l2/left_position,0.028541551902890205
gpu_1,contrastive,clean/put_bottles_dustbin/episode_000006/0_549,put_bottles_dustbin,episode_000006,clean,,,,final_action,color_temperature,0.1,,,,569836324477247425,14578194793345110634,endpoint_l2/right_position,0.04617094248533249
gpu_1,contrastive,clean/put_bottles_dustbin/episode_000006/0_549,put_bottles_dustbin,episode_000006,clean,,,,final_action,color_temperature,0.1,,,,569836324477247425,14578194793345110634,rotation_geodesic/left_rotation,0.03787921741604805
gpu_1,contrastive,clean/put_bottles_dustbin/episode_000006/0_549,put_bottles_dustbin,episode_000006,clean,,,,final_action,color_temperature,0.1,,,,569836324477247425,14578194793345110634,rotation_geodesic/right_rotation,0.025462167337536812
gpu_1,contrastive,clean/put_bottles_dustbin/episode_000006/0_549,put_bottles_dustbin,episode_000006,clean,,,,final_action,color_temperature,0.1,,,,569836324477247425,14578194793345110634,gripper_flip_rate,0.0
gpu_1,contrastive,clean/put_bottles_dustbin/episode_000006/0_549,put_bottles_dustbin,episode_000006,clean,,,,final_action,color_temperature,0.1,,,,569836324477247425,14578194793345110634,temporal_jerk_difference,0.0022787461057305336
gpu_1,contrastive,clean/put_bottles_dustbin/episode_000006/0_549,put_bottles_dustbin,episode_000006,clean,,,,final_action,gamma,0.8,,,,569836324477247425,16933093666737702996,action_relative_l2,0.017851131036877632
gpu_1,contrastive,clean/put_bottles_dustbin/episode_000006/0_549,put_bottles_dustbin,episode_000006,clean,,,,final_action,gamma,0.8,,,,569836324477247425,16933093666737702996,action_mean_abs,0.00280501926317811
gpu_1,contrastive,clean/put_bottles_dustbin/episode_000006/0_549,put_bottles_dustbin,episode_000006,clean,,,,final_action,gamma,0.8,,,,569836324477247425,16933093666737702996,action_relative_l2/first_25pct,0.0
gpu_1,contrastive,clean/put_bottles_dustbin/episode_000006/0_549,put_bottles_dustbin,episode_000006,clean,,,,final_action,gamma,0.8,,,,569836324477247425,16933093666737702996,action_relative_l2/last_75pct,0.0184872355312109
gpu_1,contrastive,clean/put_bottles_dustbin/episode_000006/0_549,put_bottles_dustbin,episode_000006,clean,,,,final_action,gamma,0.8,,,,569836324477247425,16933093666737702996,endpoint_l2/left_position,0.01981954462826252
gpu_1,contrastive,clean/put_bottles_dustbin/episode_000006/0_549,put_bottles_dustbin,episode_000006,clean,,,,final_action,gamma,0.8,,,,569836324477247425,16933093666737702996,endpoint_l2/right_position,0.009277324192225933
gpu_1,contrastive,clean/put_bottles_dustbin/episode_000006/0_549,put_bottles_dustbin,episode_000006,clean,,,,final_action,gamma,0.8,,,,569836324477247425,16933093666737702996,rotation_geodesic/left_rotation,0.026434479281306267
gpu_1,contrastive,clean/put_bottles_dustbin/episode_000006/0_549,put_bottles_dustbin,episode_000006,clean,,,,final_action,gamma,0.8,,,,569836324477247425,16933093666737702996,rotation_geodesic/right_rotation,0.010114521719515324
gpu_1,contrastive,clean/put_bottles_dustbin/episode_000006/0_549,put_bottles_dustbin,episode_000006,clean,,,,final_action,gamma,0.8,,,,569836324477247425,16933093666737702996,gripper_flip_rate,0.0
gpu_1,contrastive,clean/put_bottles_dustbin/episode_000006/0_549,put_bottles_dustbin,episode_000006,clean,,,,final_action,gamma,0.8,,,,569836324477247425,16933093666737702996,temporal_jerk_difference,0.0015868984628468752
gpu_1,contrastive,clean/put_bottles_dustbin/episode_000006/0_549,put_bottles_dustbin,episode_000006,clean,,,,final_action,gamma,1.2,,,,569836324477247425,12625001604940726536,action_relative_l2,0.028119055554270744
gpu_1,contrastive,clean/put_bottles_dustbin/episode_000006/0_549,put_bottles_dustbin,episode_000006,clean,,,,final_action,gamma,1.2,,,,569836324477247425,12625001604940726536,action_mean_abs,0.003810014808550477
gpu_1,contrastive,clean/put_bottles_dustbin/episode_000006/0_549,put_bottles_dustbin,episode_000006,clean,,,,final_action,gamma,1.2,,,,569836324477247425,12625001604940726536,action_relative_l2/first_25pct,0.0
gpu_1,contrastive,clean/put_bottles_dustbin/episode_000006/0_549,put_bottles_dustbin,episode_000006,clean,,,,final_action,gamma,1.2,,,,569836324477247425,12625001604940726536,action_relative_l2/last_75pct,0.029121046885848045
gpu_1,contrastive,clean/put_bottles_dustbin/episode_000006/0_549,put_bottles_dustbin,episode_000006,clean,,,,final_action,gamma,1.2,,,,569836324477247425,12625001604940726536,endpoint_l2/left_position,0.0283354539424181
gpu_1,contrastive,clean/put_bottles_dustbin/episode_000006/0_549,put_bottles_dustbin,episode_000006,clean,,,,final_action,gamma,1.2,,,,569836324477247425,12625001604940726536,endpoint_l2/right_position,0.04415435343980789
gpu_1,contrastive,clean/put_bottles_dustbin/episode_000006/0_549,put_bottles_dustbin,episode_000006,clean,,,,final_action,gamma,1.2,,,,569836324477247425,12625001604940726536,rotation_geodesic/left_rotation,0.011447771452367306
gpu_1,contrastive,clean/put_bottles_dustbin/episode_000006/0_549,put_bottles_dustbin,episode_000006,clean,,,,final_action,gamma,1.2,,,,569836324477247425,12625001604940726536,rotation_geodesic/right_rotation,0.04157157242298126
gpu_1,contrastive,clean/put_bottles_dustbin/episode_000006/0_549,put_bottles_dustbin,episode_000006,clean,,,,final_action,gamma,1.2,,,,569836324477247425,12625001604940726536,gripper_flip_rate,0.0
gpu_1,contrastive,clean/put_bottles_dustbin/episode_000006/0_549,put_bottles_dustbin,episode_000006,clean,,,,final_action,gamma,1.2,,,,569836324477247425,12625001604940726536,temporal_jerk_difference,0.001900087227113545
gpu_1,contrastive,clean/put_bottles_dustbin/episode_000006/0_549,put_bottles_dustbin,episode_000006,clean,,,,final_action,gaussian_blur_sigma,0.5,,,,569836324477247425,12482998238198523405,action_relative_l2,0.010199157521128654
gpu_1,contrastive,clean/put_bottles_dustbin/episode_000006/0_549,put_bottles_dustbin,episode_000006,clean,,,,final_action,gaussian_blur_sigma,0.5,,,,569836324477247425,12482998238198523405,action_mean_abs,0.0012670920696109533
gpu_1,contrastive,clean/put_bottles_dustbin/episode_000006/0_549,put_bottles_dustbin,episode_000006,clean,,,,final_action,gaussian_blur_sigma,0.5,,,,569836324477247425,12482998238198523405,action_relative_l2/first_25pct,0.0
gpu_1,contrastive,clean/put_bottles_dustbin/episode_000006/0_549,put_bottles_dustbin,episode_000006,clean,,,,final_action,gaussian_blur_sigma,0.5,,,,569836324477247425,12482998238198523405,action_relative_l2/last_75pct,0.0105625931173563
gpu_1,contrastive,clean/put_bottles_dustbin/episode_000006/0_549,put_bottles_dustbin,episode_000006,clean,,,,final_action,gaussian_blur_sigma,0.5,,,,569836324477247425,12482998238198523405,endpoint_l2/left_position,0.0056641967967152596
gpu_1,contrastive,clean/put_bottles_dustbin/episode_000006/0_549,put_bottles_dustbin,episode_000006,clean,,,,final_action,gaussian_blur_sigma,0.5,,,,569836324477247425,12482998238198523405,endpoint_l2/right_position,0.01771208643913269
gpu_1,contrastive,clean/put_bottles_dustbin/episode_000006/0_549,put_bottles_dustbin,episode_000006,clean,,,,final_action,gaussian_blur_sigma,0.5,,,,569836324477247425,12482998238198523405,rotation_geodesic/left_rotation,0.004530640318989754
gpu_1,contrastive,clean/put_bottles_dustbin/episode_000006/0_549,put_bottles_dustbin,episode_000006,clean,,,,final_action,gaussian_blur_sigma,0.5,,,,569836324477247425,12482998238198523405,rotation_geodesic/right_rotation,0.0134121710434556
gpu_1,contrastive,clean/put_bottles_dustbin/episode_000006/0_549,put_bottles_dustbin,episode_000006,clean,,,,final_action,gaussian_blur_sigma,0.5,,,,569836324477247425,12482998238198523405,gripper_flip_rate,0.0
gpu_1,contrastive,clean/put_bottles_dustbin/episode_000006/0_549,put_bottles_dustbin,episode_000006,clean,,,,final_action,gaussian_blur_sigma,0.5,,,,569836324477247425,12482998238198523405,temporal_jerk_difference,0.0012578738387674093
gpu_1,contrastive,clean/put_bottles_dustbin/episode_000006/0_549,put_bottles_dustbin,episode_000006,clean,,,,final_action,gaussian_blur_sigma,1.0,,,,569836324477247425,2603120455614262532,action_relative_l2,0.019540682435035706
gpu_1,contrastive,clean/put_bottles_dustbin/episode_000006/0_549,put_bottles_dustbin,episode_000006,clean,,,,final_action,gaussian_blur_sigma,1.0,,,,569836324477247425,2603120455614262532,action_mean_abs,0.0033002414274960756
gpu_1,contrastive,clean/put_bottles_dustbin/episode_000006/0_549,put_bottles_dustbin,episode_000006,clean,,,,final_action,gaussian_blur_sigma,1.0,,,,569836324477247425,2603120455614262532,action_relative_l2/first_25pct,0.0
gpu_1,contrastive,clean/put_bottles_dustbin/episode_000006/0_549,put_bottles_dustbin,episode_000006,clean,,,,final_action,gaussian_blur_sigma,1.0,,,,569836324477247425,2603120455614262532,action_relative_l2/last_75pct,0.020236993208527565
gpu_1,contrastive,clean/put_bottles_dustbin/episode_000006/0_549,put_bottles_dustbin,episode_000006,clean,,,,final_action,gaussian_blur_sigma,1.0,,,,569836324477247425,2603120455614262532,endpoint_l2/left_position,0.023085245862603188
gpu_1,contrastive,clean/put_bottles_dustbin/episode_000006/0_549,put_bottles_dustbin,episode_000006,clean,,,,final_action,gaussian_blur_sigma,1.0,,,,569836324477247425,2603120455614262532,endpoint_l2/right_position,0.016908522695302963
gpu_1,contrastive,clean/put_bottles_dustbin/episode_000006/0_549,put_bottles_dustbin,episode_000006,clean,,,,final_action,gaussian_blur_sigma,1.0,,,,569836324477247425,2603120455614262532,rotation_geodesic/left_rotation,0.023389143869280815
gpu_1,contrastive,clean/put_bottles_dustbin/episode_000006/0_549,put_bottles_dustbin,episode_000006,clean,,,,final_action,gaussian_blur_sigma,1.0,,,,569836324477247425,2603120455614262532,rotation_geodesic/right_rotation,0.01775268092751503
gpu_1,contrastive,clean/put_bottles_dustbin/episode_000006/0_549,put_bottles_dustbin,episode_000006,clean,,,,final_action,gaussian_blur_sigma,1.0,,,,569836324477247425,2603120455614262532,gripper_flip_rate,0.0
gpu_1,contrastive,clean/put_bottles_dustbin/episode_000006/0_549,put_bottles_dustbin,episode_000006,clean,,,,final_action,gaussian_blur_sigma,1.0,,,,569836324477247425,2603120455614262532,temporal_jerk_difference,0.0018207512330263853
gpu_1,contrastive,clean/put_bottles_dustbin/episode_000006/0_549,put_bottles_dustbin,episode_000006,clean,,,,final_action,gaussian_noise_std,0.01,,,,569836324477247425,9490953497224402498,action_relative_l2,0.043539922684431076
gpu_1,contrastive,clean/put_bottles_dustbin/episode_000006/0_549,put_bottles_dustbin,episode_000006,clean,,,,final_action,gaussian_noise_std,0.01,,,,569836324477247425,9490953497224402498,action_mean_abs,0.005942226387560368
gpu_1,contrastive,clean/put_bottles_dustbin/episode_000006/0_549,put_bottles_dustbin,episode_000006,clean,,,,final_action,gaussian_noise_std,0.01,,,,569836324477247425,9490953497224402498,action_relative_l2/first_25pct,0.0
gpu_1,contrastive,clean/put_bottles_dustbin/episode_000006/0_549,put_bottles_dustbin,episode_000006,clean,,,,final_action,gaussian_noise_std,0.01,,,,569836324477247425,9490953497224402498,action_relative_l2/last_75pct,0.0450914204120636
gpu_1,contrastive,clean/put_bottles_dustbin/episode_000006/0_549,put_bottles_dustbin,episode_000006,clean,,,,final_action,gaussian_noise_std,0.01,,,,569836324477247425,9490953497224402498,endpoint_l2/left_position,0.0758516862988472
gpu_1,contrastive,clean/put_bottles_dustbin/episode_000006/0_549,put_bottles_dustbin,episode_000006,clean,,,,final_action,gaussian_noise_std,0.01,,,,569836324477247425,9490953497224402498,endpoint_l2/right_position,0.06817431002855301
gpu_1,contrastive,clean/put_bottles_dustbin/episode_000006/0_549,put_bottles_dustbin,episode_000006,clean,,,,final_action,gaussian_noise_std,0.01,,,,569836324477247425,9490953497224402498,rotation_geodesic/left_rotation,0.01628311350941658
gpu_1,contrastive,clean/put_bottles_dustbin/episode_000006/0_549,put_bottles_dustbin,episode_000006,clean,,,,final_action,gaussian_noise_std,0.01,,,,569836324477247425,9490953497224402498,rotation_geodesic/right_rotation,0.06145871430635452
gpu_1,contrastive,clean/put_bottles_dustbin/episode_000006/0_549,put_bottles_dustbin,episode_000006,clean,,,,final_action,gaussian_noise_std,0.01,,,,569836324477247425,9490953497224402498,gripper_flip_rate,0.0
gpu_1,contrastive,clean/put_bottles_dustbin/episode_000006/0_549,put_bottles_dustbin,episode_000006,clean,,,,final_action,gaussian_noise_std,0.01,,,,569836324477247425,9490953497224402498,temporal_jerk_difference,0.0020829210989177227
gpu_1,contrastive,clean/put_bottles_dustbin/episode_000006/0_549,put_bottles_dustbin,episode_000006,clean,,,,final_action,gaussian_noise_std,0.03,,,,569836324477247425,16403314817068746778,action_relative_l2,0.04539318382740021
gpu_1,contrastive,clean/put_bottles_dustbin/episode_000006/0_549,put_bottles_dustbin,episode_000006,clean,,,,final_action,gaussian_noise_std,0.03,,,,569836324477247425,16403314817068746778,action_mean_abs,0.006306947208940983
gpu_1,contrastive,clean/put_bottles_dustbin/episode_000006/0_549,put_bottles_dustbin,episode_000006,clean,,,,final_action,gaussian_noise_std,0.03,,,,569836324477247425,16403314817068746778,action_relative_l2/first_25pct,0.0
gpu_1,contrastive,clean/put_bottles_dustbin/episode_000006/0_549,put_bottles_dustbin,episode_000006,clean,,,,final_action,gaussian_noise_std,0.03,,,,569836324477247425,16403314817068746778,action_relative_l2/last_75pct,0.047010719776153564
gpu_1,contrastive,clean/put_bottles_dustbin/episode_000006/0_549,put_bottles_dustbin,episode_000006,clean,,,,final_action,gaussian_noise_std,0.03,,,,569836324477247425,16403314817068746778,endpoint_l2/left_position,0.07932012528181076
gpu_1,contrastive,clean/put_bottles_dustbin/episode_000006/0_549,put_bottles_dustbin,episode_000006,clean,,,,final_action,gaussian_noise_std,0.03,,,,569836324477247425,16403314817068746778,endpoint_l2/right_position,0.07071880996227264
gpu_1,contrastive,clean/put_bottles_dustbin/episode_000006/0_549,put_bottles_dustbin,episode_000006,clean,,,,final_action,gaussian_noise_std,0.03,,,,569836324477247425,16403314817068746778,rotation_geodesic/left_rotation,0.02455105632543564
gpu_1,contrastive,clean/put_bottles_dustbin/episode_000006/0_549,put_bottles_dustbin,episode_000006,clean,,,,final_action,gaussian_noise_std,0.03,,,,569836324477247425,16403314817068746778,rotation_geodesic/right_rotation,0.06149153411388397
gpu_1,contrastive,clean/put_bottles_dustbin/episode_000006/0_549,put_bottles_dustbin,episode_000006,clean,,,,final_action,gaussian_noise_std,0.03,,,,569836324477247425,16403314817068746778,gripper_flip_rate,0.0
gpu_1,contrastive,clean/put_bottles_dustbin/episode_000006/0_549,put_bottles_dustbin,episode_000006,clean,,,,final_action,gaussian_noise_std,0.03,,,,569836324477247425,16403314817068746778,temporal_jerk_difference,0.002183743054047227
gpu_1,contrastive,clean/put_bottles_dustbin/episode_000006/0_549,put_bottles_dustbin,episode_000006,clean,,,,final_action,identity,0.0,,,,569836324477247425,,action_relative_l2,0.0
gpu_1,contrastive,clean/put_bottles_dustbin/episode_000006/0_549,put_bottles_dustbin,episode_000006,clean,,,,final_action,identity,0.0,,,,569836324477247425,,action_mean_abs,0.0
gpu_1,contrastive,clean/put_bottles_dustbin/episode_000006/0_549,put_bottles_dustbin,episode_000006,clean,,,,final_action,identity,0.0,,,,569836324477247425,,action_relative_l2/first_25pct,0.0
gpu_1,contrastive,clean/put_bottles_dustbin/episode_000006/0_549,put_bottles_dustbin,episode_000006,clean,,,,final_action,identity,0.0,,,,569836324477247425,,action_relative_l2/last_75pct,0.0
gpu_1,contrastive,clean/put_bottles_dustbin/episode_000006/0_549,put_bottles_dustbin,episode_000006,clean,,,,final_action,identity,0.0,,,,569836324477247425,,endpoint_l2/left_position,0.0
gpu_1,contrastive,clean/put_bottles_dustbin/episode_000006/0_549,put_bottles_dustbin,episode_000006,clean,,,,final_action,identity,0.0,,,,569836324477247425,,endpoint_l2/right_position,0.0
gpu_1,contrastive,clean/put_bottles_dustbin/episode_000006/0_549,put_bottles_dustbin,episode_000006,clean,,,,final_action,identity,0.0,,,,569836324477247425,,rotation_geodesic/left_rotation,8.26143441372551e-05
gpu_1,contrastive,clean/put_bottles_dustbin/episode_000006/0_549,put_bottles_dustbin,episode_000006,clean,,,,final_action,identity,0.0,,,,569836324477247425,,rotation_geodesic/right_rotation,0.00019944865198340267
gpu_1,contrastive,clean/put_bottles_dustbin/episode_000006/0_549,put_bottles_dustbin,episode_000006,clean,,,,final_action,identity,0.0,,,,569836324477247425,,gripper_flip_rate,0.0
gpu_1,contrastive,clean/put_bottles_dustbin/episode_000006/0_549,put_bottles_dustbin,episode_000006,clean,,,,final_action,identity,0.0,,,,569836324477247425,,temporal_jerk_difference,0.0
gpu_1,contrastive,clean/turn_switch/episode_000047/0_98,turn_switch,episode_000047,clean,,,,final_action,brightness,0.8,,,,16604683412220122174,2894186492195837140,action_relative_l2,0.0071312482468783855
gpu_1,contrastive,clean/turn_switch/episode_000047/0_98,turn_switch,episode_000047,clean,,,,final_action,brightness,0.8,,,,16604683412220122174,2894186492195837140,action_mean_abs,0.0010135173797607422
gpu_1,contrastive,clean/turn_switch/episode_000047/0_98,turn_switch,episode_000047,clean,,,,final_action,brightness,0.8,,,,16604683412220122174,2894186492195837140,action_relative_l2/first_25pct,0.0
gpu_1,contrastive,clean/turn_switch/episode_000047/0_98,turn_switch,episode_000047,clean,,,,final_action,brightness,0.8,,,,16604683412220122174,2894186492195837140,action_relative_l2/last_75pct,0.007435138337314129
gpu_1,contrastive,clean/turn_switch/episode_000047/0_98,turn_switch,episode_000047,clean,,,,final_action,brightness,0.8,,,,16604683412220122174,2894186492195837140,endpoint_l2/left_position,0.0025564441457390785
gpu_1,contrastive,clean/turn_switch/episode_000047/0_98,turn_switch,episode_000047,clean,,,,final_action,brightness,0.8,,,,16604683412220122174,2894186492195837140,endpoint_l2/right_position,0.004832088015973568
gpu_1,contrastive,clean/turn_switch/episode_000047/0_98,turn_switch,episode_000047,clean,,,,final_action,brightness,0.8,,,,16604683412220122174,2894186492195837140,rotation_geodesic/left_rotation,0.0035685531329363585
gpu_1,contrastive,clean/turn_switch/episode_000047/0_98,turn_switch,episode_000047,clean,,,,final_action,brightness,0.8,,,,16604683412220122174,2894186492195837140,rotation_geodesic/right_rotation,0.005923060700297356
gpu_1,contrastive,clean/turn_switch/episode_000047/0_98,turn_switch,episode_000047,clean,,,,final_action,brightness,0.8,,,,16604683412220122174,2894186492195837140,gripper_flip_rate,0.0
gpu_1,contrastive,clean/turn_switch/episode_000047/0_98,turn_switch,episode_000047,clean,,,,final_action,brightness,0.8,,,,16604683412220122174,2894186492195837140,temporal_jerk_difference,0.001473939511924982
gpu_1,contrastive,clean/turn_switch/episode_000047/0_98,turn_switch,episode_000047,clean,,,,final_action,brightness,1.2,,,,16604683412220122174,3109882623584244822,action_relative_l2,0.01650926098227501
gpu_1,contrastive,clean/turn_switch/episode_000047/0_98,turn_switch,episode_000047,clean,,,,final_action,brightness,1.2,,,,16604683412220122174,3109882623584244822,action_mean_abs,0.001854744739830494
gpu_1,contrastive,clean/turn_switch/episode_000047/0_98,turn_switch,episode_000047,clean,,,,final_action,brightness,1.2,,,,16604683412220122174,3109882623584244822,action_relative_l2/first_25pct,0.0
gpu_1,contrastive,clean/turn_switch/episode_000047/0_98,turn_switch,episode_000047,clean,,,,final_action,brightness,1.2,,,,16604683412220122174,3109882623584244822,action_relative_l2/last_75pct,0.01721278391778469
gpu_1,contrastive,clean/turn_switch/episode_000047/0_98,turn_switch,episode_000047,clean,,,,final_action,brightness,1.2,,,,16604683412220122174,3109882623584244822,endpoint_l2/left_position,0.0025400435552001
gpu_1,contrastive,clean/turn_switch/episode_000047/0_98,turn_switch,episode_000047,clean,,,,final_action,brightness,1.2,,,,16604683412220122174,3109882623584244822,endpoint_l2/right_position,0.0011679083108901978
gpu_1,contrastive,clean/turn_switch/episode_000047/0_98,turn_switch,episode_000047,clean,,,,final_action,brightness,1.2,,,,16604683412220122174,3109882623584244822,rotation_geodesic/left_rotation,0.007395590655505657
gpu_1,contrastive,clean/turn_switch/episode_000047/0_98,turn_switch,episode_000047,clean,,,,final_action,brightness,1.2,,,,16604683412220122174,3109882623584244822,rotation_geodesic/right_rotation,0.007075578905642033
gpu_1,contrastive,clean/turn_switch/episode_000047/0_98,turn_switch,episode_000047,clean,,,,final_action,brightness,1.2,,,,16604683412220122174,3109882623584244822,gripper_flip_rate,0.015625
gpu_1,contrastive,clean/turn_switch/episode_000047/0_98,turn_switch,episode_000047,clean,,,,final_action,brightness,1.2,,,,16604683412220122174,3109882623584244822,temporal_jerk_difference,0.0016771076479926705
gpu_1,contrastive,clean/turn_switch/episode_000047/0_98,turn_switch,episode_000047,clean,,,,final_action,color_temperature,-0.1,,,,16604683412220122174,13981428570655036527,action_relative_l2,0.0054248315282166
gpu_1,contrastive,clean/turn_switch/episode_000047/0_98,turn_switch,episode_000047,clean,,,,final_action,color_temperature,-0.1,,,,16604683412220122174,13981428570655036527,action_mean_abs,0.0006778432289138436
gpu_1,contrastive,clean/turn_switch/episode_000047/0_98,turn_switch,episode_000047,clean,,,,final_action,color_temperature,-0.1,,,,16604683412220122174,13981428570655036527,action_relative_l2/first_25pct,0.0
gpu_1,contrastive,clean/turn_switch/episode_000047/0_98,turn_switch,episode_000047,clean,,,,final_action,color_temperature,-0.1,,,,16604683412220122174,13981428570655036527,action_relative_l2/last_75pct,0.0056560044176876545
gpu_1,contrastive,clean/turn_switch/episode_000047/0_98,turn_switch,episode_000047,clean,,,,final_action,color_temperature,-0.1,,,,16604683412220122174,13981428570655036527,endpoint_l2/left_position,0.0018331739120185375
gpu_1,contrastive,clean/turn_switch/episode_000047/0_98,turn_switch,episode_000047,clean,,,,final_action,color_temperature,-0.1,,,,16604683412220122174,13981428570655036527,endpoint_l2/right_position,0.0023667053319513798
gpu_1,contrastive,clean/turn_switch/episode_000047/0_98,turn_switch,episode_000047,clean,,,,final_action,color_temperature,-0.1,,,,16604683412220122174,13981428570655036527,rotation_geodesic/left_rotation,0.0035004769451916218
gpu_1,contrastive,clean/turn_switch/episode_000047/0_98,turn_switch,episode_000047,clean,,,,final_action,color_temperature,-0.1,,,,16604683412220122174,13981428570655036527,rotation_geodesic/right_rotation,0.003879556432366371
gpu_1,contrastive,clean/turn_switch/episode_000047/0_98,turn_switch,episode_000047,clean,,,,final_action,color_temperature,-0.1,,,,16604683412220122174,13981428570655036527,gripper_flip_rate,0.0
gpu_1,contrastive,clean/turn_switch/episode_000047/0_98,turn_switch,episode_000047,clean,,,,final_action,color_temperature,-0.1,,,,16604683412220122174,13981428570655036527,temporal_jerk_difference,0.0010524089448153973
gpu_1,contrastive,clean/turn_switch/episode_000047/0_98,turn_switch,episode_000047,clean,,,,final_action,color_temperature,0.1,,,,16604683412220122174,7431615385873627060,action_relative_l2,0.006482131313532591
gpu_1,contrastive,clean/turn_switch/episode_000047/0_98,turn_switch,episode_000047,clean,,,,final_action,color_temperature,0.1,,,,16604683412220122174,7431615385873627060,action_mean_abs,0.0008176957489922643
gpu_1,contrastive,clean/turn_switch/episode_000047/0_98,turn_switch,episode_000047,clean,,,,final_action,color_temperature,0.1,,,,16604683412220122174,7431615385873627060,action_relative_l2/first_25pct,0.0
gpu_1,contrastive,clean/turn_switch/episode_000047/0_98,turn_switch,episode_000047,clean,,,,final_action,color_temperature,0.1,,,,16604683412220122174,7431615385873627060,action_relative_l2/last_75pct,0.0067583597265183926
gpu_1,contrastive,clean/turn_switch/episode_000047/0_98,turn_switch,episode_000047,clean,,,,final_action,color_temperature,0.1,,,,16604683412220122174,7431615385873627060,endpoint_l2/left_position,0.003470533760264516
gpu_1,contrastive,clean/turn_switch/episode_000047/0_98,turn_switch,episode_000047,clean,,,,final_action,color_temperature,0.1,,,,16604683412220122174,7431615385873627060,endpoint_l2/right_position,0.0013958761701360345
gpu_1,contrastive,clean/turn_switch/episode_000047/0_98,turn_switch,episode_000047,clean,,,,final_action,color_temperature,0.1,,,,16604683412220122174,7431615385873627060,rotation_geodesic/left_rotation,0.005642510484904051
gpu_1,contrastive,clean/turn_switch/episode_000047/0_98,turn_switch,episode_000047,clean,,,,final_action,color_temperature,0.1,,,,16604683412220122174,7431615385873627060,rotation_geodesic/right_rotation,0.0023800500202924013
gpu_1,contrastive,clean/turn_switch/episode_000047/0_98,turn_switch,episode_000047,clean,,,,final_action,color_temperature,0.1,,,,16604683412220122174,7431615385873627060,gripper_flip_rate,0.0
gpu_1,contrastive,clean/turn_switch/episode_000047/0_98,turn_switch,episode_000047,clean,,,,final_action,color_temperature,0.1,,,,16604683412220122174,7431615385873627060,temporal_jerk_difference,0.0014692062977701426
gpu_1,contrastive,clean/turn_switch/episode_000047/0_98,turn_switch,episode_000047,clean,,,,final_action,gamma,0.8,,,,16604683412220122174,8944454782225478405,action_relative_l2,0.0025834189727902412
gpu_1,contrastive,clean/turn_switch/episode_000047/0_98,turn_switch,episode_000047,clean,,,,final_action,gamma,0.8,,,,16604683412220122174,8944454782225478405,action_mean_abs,0.0001904133678181097
gpu_1,contrastive,clean/turn_switch/episode_000047/0_98,turn_switch,episode_000047,clean,,,,final_action,gamma,0.8,,,,16604683412220122174,8944454782225478405,action_relative_l2/first_25pct,0.0
gpu_1,contrastive,clean/turn_switch/episode_000047/0_98,turn_switch,episode_000047,clean,,,,final_action,gamma,0.8,,,,16604683412220122174,8944454782225478405,action_relative_l2/last_75pct,0.0026935082860291004
gpu_1,contrastive,clean/turn_switch/episode_000047/0_98,turn_switch,episode_000047,clean,,,,final_action,gamma,0.8,,,,16604683412220122174,8944454782225478405,endpoint_l2/left_position,0.0007806755602359772
gpu_1,contrastive,clean/turn_switch/episode_000047/0_98,turn_switch,episode_000047,clean,,,,final_action,gamma,0.8,,,,16604683412220122174,8944454782225478405,endpoint_l2/right_position,0.0
gpu_1,contrastive,clean/turn_switch/episode_000047/0_98,turn_switch,episode_000047,clean,,,,final_action,gamma,0.8,,,,16604683412220122174,8944454782225478405,rotation_geodesic/left_rotation,0.00021579183521680534
gpu_1,contrastive,clean/turn_switch/episode_000047/0_98,turn_switch,episode_000047,clean,,,,final_action,gamma,0.8,,,,16604683412220122174,8944454782225478405,rotation_geodesic/right_rotation,0.00212548254057765
gpu_1,contrastive,clean/turn_switch/episode_000047/0_98,turn_switch,episode_000047,clean,,,,final_action,gamma,0.8,,,,16604683412220122174,8944454782225478405,gripper_flip_rate,0.0
gpu_1,contrastive,clean/turn_switch/episode_000047/0_98,turn_switch,episode_000047,clean,,,,final_action,gamma,0.8,,,,16604683412220122174,8944454782225478405,temporal_jerk_difference,0.0004785995406564325
gpu_1,contrastive,clean/turn_switch/episode_000047/0_98,turn_switch,episode_000047,clean,,,,final_action,gamma,1.2,,,,16604683412220122174,12775208076006040830,action_relative_l2,0.0030722771771252155
gpu_1,contrastive,clean/turn_switch/episode_000047/0_98,turn_switch,episode_000047,clean,,,,final_action,gamma,1.2,,,,16604683412220122174,12775208076006040830,action_mean_abs,0.00022832470131106675
gpu_1,contrastive,clean/turn_switch/episode_000047/0_98,turn_switch,episode_000047,clean,,,,final_action,gamma,1.2,,,,16604683412220122174,12775208076006040830,action_relative_l2/first_25pct,0.0
gpu_1,contrastive,clean/turn_switch/episode_000047/0_98,turn_switch,episode_000047,clean,,,,final_action,gamma,1.2,,,,16604683412220122174,12775208076006040830,action_relative_l2/last_75pct,0.003203198779374361
gpu_1,contrastive,clean/turn_switch/episode_000047/0_98,turn_switch,episode_000047,clean,,,,final_action,gamma,1.2,,,,16604683412220122174,12775208076006040830,endpoint_l2/left_position,0.0007806755602359772
gpu_1,contrastive,clean/turn_switch/episode_000047/0_98,turn_switch,episode_000047,clean,,,,final_action,gamma,1.2,,,,16604683412220122174,12775208076006040830,endpoint_l2/right_position,0.0007645115256309509
gpu_1,contrastive,clean/turn_switch/episode_000047/0_98,turn_switch,episode_000047,clean,,,,final_action,gamma,1.2,,,,16604683412220122174,12775208076006040830,rotation_geodesic/left_rotation,0.0011914027854800224
gpu_1,contrastive,clean/turn_switch/episode_000047/0_98,turn_switch,episode_000047,clean,,,,final_action,gamma,1.2,,,,16604683412220122174,12775208076006040830,rotation_geodesic/right_rotation,0.0024278471246361732
gpu_1,contrastive,clean/turn_switch/episode_000047/0_98,turn_switch,episode_000047,clean,,,,final_action,gamma,1.2,,,,16604683412220122174,12775208076006040830,gripper_flip_rate,0.0
gpu_1,contrastive,clean/turn_switch/episode_000047/0_98,turn_switch,episode_000047,clean,,,,final_action,gamma,1.2,,,,16604683412220122174,12775208076006040830,temporal_jerk_difference,0.0006971778930164874
gpu_1,contrastive,clean/turn_switch/episode_000047/0_98,turn_switch,episode_000047,clean,,,,final_action,gaussian_blur_sigma,0.5,,,,16604683412220122174,17406867596367059733,action_relative_l2,0.001971588935703039
gpu_1,contrastive,clean/turn_switch/episode_000047/0_98,turn_switch,episode_000047,clean,,,,final_action,gaussian_blur_sigma,0.5,,,,16604683412220122174,17406867596367059733,action_mean_abs,0.0001022847936837934
gpu_1,contrastive,clean/turn_switch/episode_000047/0_98,turn_switch,episode_000047,clean,,,,final_action,gaussian_blur_sigma,0.5,,,,16604683412220122174,17406867596367059733,action_relative_l2/first_25pct,0.0
gpu_1,contrastive,clean/turn_switch/episode_000047/0_98,turn_switch,episode_000047,clean,,,,final_action,gaussian_blur_sigma,0.5,,,,16604683412220122174,17406867596367059733,action_relative_l2/last_75pct,0.002055605873465538
gpu_1,contrastive,clean/turn_switch/episode_000047/0_98,turn_switch,episode_000047,clean,,,,final_action,gaussian_blur_sigma,0.5,,,,16604683412220122174,17406867596367059733,endpoint_l2/left_position,0.0009058930445462465
gpu_1,contrastive,clean/turn_switch/episode_000047/0_98,turn_switch,episode_000047,clean,,,,final_action,gaussian_blur_sigma,0.5,,,,16604683412220122174,17406867596367059733,endpoint_l2/right_position,0.0
gpu_1,contrastive,clean/turn_switch/episode_000047/0_98,turn_switch,episode_000047,clean,,,,final_action,gaussian_blur_sigma,0.5,,,,16604683412220122174,17406867596367059733,rotation_geodesic/left_rotation,0.0007035973249003291
gpu_1,contrastive,clean/turn_switch/episode_000047/0_98,turn_switch,episode_000047,clean,,,,final_action,gaussian_blur_sigma,0.5,,,,16604683412220122174,17406867596367059733,rotation_geodesic/right_rotation,0.0007121144444681704
gpu_1,contrastive,clean/turn_switch/episode_000047/0_98,turn_switch,episode_000047,clean,,,,final_action,gaussian_blur_sigma,0.5,,,,16604683412220122174,17406867596367059733,gripper_flip_rate,0.0
gpu_1,contrastive,clean/turn_switch/episode_000047/0_98,turn_switch,episode_000047,clean,,,,final_action,gaussian_blur_sigma,0.5,,,,16604683412220122174,17406867596367059733,temporal_jerk_difference,0.00034842026070691645
gpu_1,contrastive,clean/turn_switch/episode_000047/0_98,turn_switch,episode_000047,clean,,,,final_action,gaussian_blur_sigma,1.0,,,,16604683412220122174,1591302671540779324,action_relative_l2,0.0031824142206460238
gpu_1,contrastive,clean/turn_switch/episode_000047/0_98,turn_switch,episode_000047,clean,,,,final_action,gaussian_blur_sigma,1.0,,,,16604683412220122174,1591302671540779324,action_mean_abs,0.00023960981343407184
gpu_1,contrastive,clean/turn_switch/episode_000047/0_98,turn_switch,episode_000047,clean,,,,final_action,gaussian_blur_sigma,1.0,,,,16604683412220122174,1591302671540779324,action_relative_l2/first_25pct,0.0
gpu_1,contrastive,clean/turn_switch/episode_000047/0_98,turn_switch,episode_000047,clean,,,,final_action,gaussian_blur_sigma,1.0,,,,16604683412220122174,1591302671540779324,action_relative_l2/last_75pct,0.0033180289901793003
gpu_1,contrastive,clean/turn_switch/episode_000047/0_98,turn_switch,episode_000047,clean,,,,final_action,gaussian_blur_sigma,1.0,,,,16604683412220122174,1591302671540779324,endpoint_l2/left_position,0.0
gpu_1,contrastive,clean/turn_switch/episode_000047/0_98,turn_switch,episode_000047,clean,,,,final_action,gaussian_blur_sigma,1.0,,,,16604683412220122174,1591302671540779324,endpoint_l2/right_position,0.0
gpu_1,contrastive,clean/turn_switch/episode_000047/0_98,turn_switch,episode_000047,clean,,,,final_action,gaussian_blur_sigma,1.0,,,,16604683412220122174,1591302671540779324,rotation_geodesic/left_rotation,0.0021670134738087654
gpu_1,contrastive,clean/turn_switch/episode_000047/0_98,turn_switch,episode_000047,clean,,,,final_action,gaussian_blur_sigma,1.0,,,,16604683412220122174,1591302671540779324,rotation_geodesic/right_rotation,0.0021929345093667507
gpu_1,contrastive,clean/turn_switch/episode_000047/0_98,turn_switch,episode_000047,clean,,,,final_action,gaussian_blur_sigma,1.0,,,,16604683412220122174,1591302671540779324,gripper_flip_rate,0.0
gpu_1,contrastive,clean/turn_switch/episode_000047/0_98,turn_switch,episode_000047,clean,,,,final_action,gaussian_blur_sigma,1.0,,,,16604683412220122174,1591302671540779324,temporal_jerk_difference,0.0007043795776553452
gpu_1,contrastive,clean/turn_switch/episode_000047/0_98,turn_switch,episode_000047,clean,,,,final_action,gaussian_noise_std,0.01,,,,16604683412220122174,12285946054869263813,action_relative_l2,0.005929775070399046
gpu_1,contrastive,clean/turn_switch/episode_000047/0_98,turn_switch,episode_000047,clean,,,,final_action,gaussian_noise_std,0.01,,,,16604683412220122174,12285946054869263813,action_mean_abs,0.0007783855544403195
gpu_1,contrastive,clean/turn_switch/episode_000047/0_98,turn_switch,episode_000047,clean,,,,final_action,gaussian_noise_std,0.01,,,,16604683412220122174,12285946054869263813,action_relative_l2/first_25pct,0.0
gpu_1,contrastive,clean/turn_switch/episode_000047/0_98,turn_switch,episode_000047,clean,,,,final_action,gaussian_noise_std,0.01,,,,16604683412220122174,12285946054869263813,action_relative_l2/last_75pct,0.006182465236634016
gpu_1,contrastive,clean/turn_switch/episode_000047/0_98,turn_switch,episode_000047,clean,,,,final_action,gaussian_noise_std,0.01,,,,16604683412220122174,12285946054869263813,endpoint_l2/left_position,0.002231075195595622
gpu_1,contrastive,clean/turn_switch/episode_000047/0_98,turn_switch,episode_000047,clean,,,,final_action,gaussian_noise_std,0.01,,,,16604683412220122174,12285946054869263813,endpoint_l2/right_position,0.0019162386888638139
gpu_1,contrastive,clean/turn_switch/episode_000047/0_98,turn_switch,episode_000047,clean,,,,final_action,gaussian_noise_std,0.01,,,,16604683412220122174,12285946054869263813,rotation_geodesic/left_rotation,0.002368733286857605
gpu_1,contrastive,clean/turn_switch/episode_000047/0_98,turn_switch,episode_000047,clean,,,,final_action,gaussian_noise_std,0.01,,,,16604683412220122174,12285946054869263813,rotation_geodesic/right_rotation,0.00597333163022995
gpu_1,contrastive,clean/turn_switch/episode_000047/0_98,turn_switch,episode_000047,clean,,,,final_action,gaussian_noise_std,0.01,,,,16604683412220122174,12285946054869263813,gripper_flip_rate,0.0
gpu_1,contrastive,clean/turn_switch/episode_000047/0_98,turn_switch,episode_000047,clean,,,,final_action,gaussian_noise_std,0.01,,,,16604683412220122174,12285946054869263813,temporal_jerk_difference,0.0013972102897241712
gpu_1,contrastive,clean/turn_switch/episode_000047/0_98,turn_switch,episode_000047,clean,,,,final_action,gaussian_noise_std,0.03,,,,16604683412220122174,11263194624413296043,action_relative_l2,0.007819059304893017
gpu_1,contrastive,clean/turn_switch/episode_000047/0_98,turn_switch,episode_000047,clean,,,,final_action,gaussian_noise_std,0.03,,,,16604683412220122174,11263194624413296043,action_mean_abs,0.0011226648930460215
gpu_1,contrastive,clean/turn_switch/episode_000047/0_98,turn_switch,episode_000047,clean,,,,final_action,gaussian_noise_std,0.03,,,,16604683412220122174,11263194624413296043,action_relative_l2/first_25pct,0.0
gpu_1,contrastive,clean/turn_switch/episode_000047/0_98,turn_switch,episode_000047,clean,,,,final_action,gaussian_noise_std,0.03,,,,16604683412220122174,11263194624413296043,action_relative_l2/last_75pct,0.008152259513735771
gpu_1,contrastive,clean/turn_switch/episode_000047/0_98,turn_switch,episode_000047,clean,,,,final_action,gaussian_noise_std,0.03,,,,16604683412220122174,11263194624413296043,endpoint_l2/left_position,0.0018331739120185375
gpu_1,contrastive,clean/turn_switch/episode_000047/0_98,turn_switch,episode_000047,clean,,,,final_action,gaussian_noise_std,0.03,,,,16604683412220122174,11263194624413296043,endpoint_l2/right_position,0.002441608579829335
gpu_1,contrastive,clean/turn_switch/episode_000047/0_98,turn_switch,episode_000047,clean,,,,final_action,gaussian_noise_std,0.03,,,,16604683412220122174,11263194624413296043,rotation_geodesic/left_rotation,0.003142624394968152
gpu_1,contrastive,clean/turn_switch/episode_000047/0_98,turn_switch,episode_000047,clean,,,,final_action,gaussian_noise_std,0.03,,,,16604683412220122174,11263194624413296043,rotation_geodesic/right_rotation,0.008551492355763912
gpu_1,contrastive,clean/turn_switch/episode_000047/0_98,turn_switch,episode_000047,clean,,,,final_action,gaussian_noise_std,0.03,,,,16604683412220122174,11263194624413296043,gripper_flip_rate,0.0
gpu_1,contrastive,clean/turn_switch/episode_000047/0_98,turn_switch,episode_000047,clean,,,,final_action,gaussian_noise_std,0.03,,,,16604683412220122174,11263194624413296043,temporal_jerk_difference,0.0013843316119164228
gpu_1,contrastive,clean/turn_switch/episode_000047/0_98,turn_switch,episode_000047,clean,,,,final_action,identity,0.0,,,,16604683412220122174,,action_relative_l2,0.0
gpu_1,contrastive,clean/turn_switch/episode_000047/0_98,turn_switch,episode_000047,clean,,,,final_action,identity,0.0,,,,16604683412220122174,,action_mean_abs,0.0
gpu_1,contrastive,clean/turn_switch/episode_000047/0_98,turn_switch,episode_000047,clean,,,,final_action,identity,0.0,,,,16604683412220122174,,action_relative_l2/first_25pct,0.0
gpu_1,contrastive,clean/turn_switch/episode_000047/0_98,turn_switch,episode_000047,clean,,,,final_action,identity,0.0,,,,16604683412220122174,,action_relative_l2/last_75pct,0.0
gpu_1,contrastive,clean/turn_switch/episode_000047/0_98,turn_switch,episode_000047,clean,,,,final_action,identity,0.0,,,,16604683412220122174,,endpoint_l2/left_position,0.0
gpu_1,contrastive,clean/turn_switch/episode_000047/0_98,turn_switch,episode_000047,clean,,,,final_action,identity,0.0,,,,16604683412220122174,,endpoint_l2/right_position,0.0
gpu_1,contrastive,clean/turn_switch/episode_000047/0_98,turn_switch,episode_000047,clean,,,,final_action,identity,0.0,,,,16604683412220122174,,rotation_geodesic/left_rotation,0.00021579183521680534
gpu_1,contrastive,clean/turn_switch/episode_000047/0_98,turn_switch,episode_000047,clean,,,,final_action,identity,0.0,,,,16604683412220122174,,rotation_geodesic/right_rotation,0.00023737104493193328
gpu_1,contrastive,clean/turn_switch/episode_000047/0_98,turn_switch,episode_000047,clean,,,,final_action,identity,0.0,,,,16604683412220122174,,gripper_flip_rate,0.0
gpu_1,contrastive,clean/turn_switch/episode_000047/0_98,turn_switch,episode_000047,clean,,,,final_action,identity,0.0,,,,16604683412220122174,,temporal_jerk_difference,0.0
