run_id,checkpoint,sample_id,task,episode_or_seed,domain,c2r_split,progress_bin,layer,token_group,perturbation,severity,timestep_quantile,timestep,sigma,noise_seed,transform_seed,metric_name,metric_value,direction_group
stage0_contrastive_bs8_fn4_001,base,clean/adjust_bottle/episode_000044/0_139,adjust_bottle,episode_000044,clean,,,,action_velocity,direction_photo,0.5,0.25,750.0,0.75,13788209987369430635,,centered_directional_fd,0.0,nuisance
stage0_contrastive_bs8_fn4_001,base,clean/adjust_bottle/episode_000044/0_139,adjust_bottle,episode_000044,clean,,,,action_velocity,direction_photo,0.5,0.5,500.0,0.5,13788209987369430635,,centered_directional_fd,0.0,nuisance
stage0_contrastive_bs8_fn4_001,base,clean/adjust_bottle/episode_000044/0_139,adjust_bottle,episode_000044,clean,,,,action_velocity,direction_photo,0.5,0.75,251.00001525878906,0.2510000169277191,13788209987369430635,,centered_directional_fd,0.0,nuisance
stage0_contrastive_bs8_fn4_001,base,clean/adjust_bottle/episode_000044/0_139,adjust_bottle,episode_000044,clean,,,,action_velocity,direction_photo,1.0,0.25,750.0,0.75,13788209987369430635,,centered_directional_fd,0.0,nuisance
stage0_contrastive_bs8_fn4_001,base,clean/adjust_bottle/episode_000044/0_139,adjust_bottle,episode_000044,clean,,,,action_velocity,direction_photo,1.0,0.5,500.0,0.5,13788209987369430635,,centered_directional_fd,0.0,nuisance
stage0_contrastive_bs8_fn4_001,base,clean/adjust_bottle/episode_000044/0_139,adjust_bottle,episode_000044,clean,,,,action_velocity,direction_photo,1.0,0.75,251.00001525878906,0.2510000169277191,13788209987369430635,,centered_directional_fd,0.0,nuisance
stage0_contrastive_bs8_fn4_001,base,clean/adjust_bottle/episode_000044/0_139,adjust_bottle,episode_000044,clean,,,,action_velocity,direction_geometry,0.5,0.25,750.0,0.75,13788209987369430635,,centered_directional_fd,0.1774146556854248,signal
stage0_contrastive_bs8_fn4_001,base,clean/adjust_bottle/episode_000044/0_139,adjust_bottle,episode_000044,clean,,,,action_velocity,direction_geometry,0.5,0.5,500.0,0.5,13788209987369430635,,centered_directional_fd,0.1949368268251419,signal
stage0_contrastive_bs8_fn4_001,base,clean/adjust_bottle/episode_000044/0_139,adjust_bottle,episode_000044,clean,,,,action_velocity,direction_geometry,0.5,0.75,251.00001525878906,0.2510000169277191,13788209987369430635,,centered_directional_fd,0.2634735107421875,signal
stage0_contrastive_bs8_fn4_001,base,clean/adjust_bottle/episode_000044/0_139,adjust_bottle,episode_000044,clean,,,,action_velocity,direction_geometry,1.0,0.25,750.0,0.75,13788209987369430635,,centered_directional_fd,0.09984663873910904,signal
stage0_contrastive_bs8_fn4_001,base,clean/adjust_bottle/episode_000044/0_139,adjust_bottle,episode_000044,clean,,,,action_velocity,direction_geometry,1.0,0.5,500.0,0.5,13788209987369430635,,centered_directional_fd,0.10185432434082031,signal
stage0_contrastive_bs8_fn4_001,base,clean/adjust_bottle/episode_000044/0_139,adjust_bottle,episode_000044,clean,,,,action_velocity,direction_geometry,1.0,0.75,251.00001525878906,0.2510000169277191,13788209987369430635,,centered_directional_fd,0.1702406257390976,signal
stage0_contrastive_bs8_fn4_001,base,clean/adjust_bottle/episode_000044/0_139,adjust_bottle,episode_000044,clean,,,,action_velocity,,0.5,0.25,,,,,directional_selectivity,177414655685.4248,
stage0_contrastive_bs8_fn4_001,base,clean/adjust_bottle/episode_000044/0_139,adjust_bottle,episode_000044,clean,,,,action_velocity,,0.5,0.25,,,,,directional_selectivity,177414655685.4248,
stage0_contrastive_bs8_fn4_001,base,clean/adjust_bottle/episode_000044/0_139,adjust_bottle,episode_000044,clean,,,,action_velocity,,1.0,0.25,,,,,directional_selectivity,99846638739.10904,
stage0_contrastive_bs8_fn4_001,base,clean/adjust_bottle/episode_000044/0_139,adjust_bottle,episode_000044,clean,,,,action_velocity,,1.0,0.25,,,,,directional_selectivity,99846638739.10904,
stage0_contrastive_bs8_fn4_001,base,clean/adjust_bottle/episode_000044/0_139,adjust_bottle,episode_000044,clean,,,,action_velocity,,0.5,0.5,,,,,directional_selectivity,194936826825.1419,
stage0_contrastive_bs8_fn4_001,base,clean/adjust_bottle/episode_000044/0_139,adjust_bottle,episode_000044,clean,,,,action_velocity,,0.5,0.5,,,,,directional_selectivity,194936826825.1419,
stage0_contrastive_bs8_fn4_001,base,clean/adjust_bottle/episode_000044/0_139,adjust_bottle,episode_000044,clean,,,,action_velocity,,1.0,0.5,,,,,directional_selectivity,101854324340.82031,
stage0_contrastive_bs8_fn4_001,base,clean/adjust_bottle/episode_000044/0_139,adjust_bottle,episode_000044,clean,,,,action_velocity,,1.0,0.5,,,,,directional_selectivity,101854324340.82031,
stage0_contrastive_bs8_fn4_001,base,clean/adjust_bottle/episode_000044/0_139,adjust_bottle,episode_000044,clean,,,,action_velocity,,0.5,0.75,,,,,directional_selectivity,263473510742.1875,
stage0_contrastive_bs8_fn4_001,base,clean/adjust_bottle/episode_000044/0_139,adjust_bottle,episode_000044,clean,,,,action_velocity,,0.5,0.75,,,,,directional_selectivity,263473510742.1875,
stage0_contrastive_bs8_fn4_001,base,clean/adjust_bottle/episode_000044/0_139,adjust_bottle,episode_000044,clean,,,,action_velocity,,1.0,0.75,,,,,directional_selectivity,170240625739.0976,
stage0_contrastive_bs8_fn4_001,base,clean/adjust_bottle/episode_000044/0_139,adjust_bottle,episode_000044,clean,,,,action_velocity,,1.0,0.75,,,,,directional_selectivity,170240625739.0976,
stage0_contrastive_bs8_fn4_001,base,clean/beat_block_hammer/episode_000035/0_109,beat_block_hammer,episode_000035,clean,,,,action_velocity,direction_photo,0.5,0.25,750.0,0.75,6638251237087193106,,centered_directional_fd,0.0,nuisance
stage0_contrastive_bs8_fn4_001,base,clean/beat_block_hammer/episode_000035/0_109,beat_block_hammer,episode_000035,clean,,,,action_velocity,direction_photo,0.5,0.5,500.0,0.5,6638251237087193106,,centered_directional_fd,0.0,nuisance
stage0_contrastive_bs8_fn4_001,base,clean/beat_block_hammer/episode_000035/0_109,beat_block_hammer,episode_000035,clean,,,,action_velocity,direction_photo,0.5,0.75,251.00001525878906,0.2510000169277191,6638251237087193106,,centered_directional_fd,0.0,nuisance
stage0_contrastive_bs8_fn4_001,base,clean/beat_block_hammer/episode_000035/0_109,beat_block_hammer,episode_000035,clean,,,,action_velocity,direction_photo,1.0,0.25,750.0,0.75,6638251237087193106,,centered_directional_fd,0.0,nuisance
stage0_contrastive_bs8_fn4_001,base,clean/beat_block_hammer/episode_000035/0_109,beat_block_hammer,episode_000035,clean,,,,action_velocity,direction_photo,1.0,0.5,500.0,0.5,6638251237087193106,,centered_directional_fd,0.0,nuisance
stage0_contrastive_bs8_fn4_001,base,clean/beat_block_hammer/episode_000035/0_109,beat_block_hammer,episode_000035,clean,,,,action_velocity,direction_photo,1.0,0.75,251.00001525878906,0.2510000169277191,6638251237087193106,,centered_directional_fd,0.0,nuisance
stage0_contrastive_bs8_fn4_001,base,clean/beat_block_hammer/episode_000035/0_109,beat_block_hammer,episode_000035,clean,,,,action_velocity,direction_geometry,0.5,0.25,750.0,0.75,6638251237087193106,,centered_directional_fd,0.18614386022090912,signal
stage0_contrastive_bs8_fn4_001,base,clean/beat_block_hammer/episode_000035/0_109,beat_block_hammer,episode_000035,clean,,,,action_velocity,direction_geometry,0.5,0.5,500.0,0.5,6638251237087193106,,centered_directional_fd,0.19532440602779388,signal
stage0_contrastive_bs8_fn4_001,base,clean/beat_block_hammer/episode_000035/0_109,beat_block_hammer,episode_000035,clean,,,,action_velocity,direction_geometry,0.5,0.75,251.00001525878906,0.2510000169277191,6638251237087193106,,centered_directional_fd,0.2830088436603546,signal
stage0_contrastive_bs8_fn4_001,base,clean/beat_block_hammer/episode_000035/0_109,beat_block_hammer,episode_000035,clean,,,,action_velocity,direction_geometry,1.0,0.25,750.0,0.75,6638251237087193106,,centered_directional_fd,0.08599813282489777,signal
stage0_contrastive_bs8_fn4_001,base,clean/beat_block_hammer/episode_000035/0_109,beat_block_hammer,episode_000035,clean,,,,action_velocity,direction_geometry,1.0,0.5,500.0,0.5,6638251237087193106,,centered_directional_fd,0.0978555977344513,signal
stage0_contrastive_bs8_fn4_001,base,clean/beat_block_hammer/episode_000035/0_109,beat_block_hammer,episode_000035,clean,,,,action_velocity,direction_geometry,1.0,0.75,251.00001525878906,0.2510000169277191,6638251237087193106,,centered_directional_fd,0.13476167619228363,signal
stage0_contrastive_bs8_fn4_001,base,clean/beat_block_hammer/episode_000035/0_109,beat_block_hammer,episode_000035,clean,,,,action_velocity,,0.5,0.25,,,,,directional_selectivity,186143860220.90912,
stage0_contrastive_bs8_fn4_001,base,clean/beat_block_hammer/episode_000035/0_109,beat_block_hammer,episode_000035,clean,,,,action_velocity,,0.5,0.25,,,,,directional_selectivity,186143860220.90912,
stage0_contrastive_bs8_fn4_001,base,clean/beat_block_hammer/episode_000035/0_109,beat_block_hammer,episode_000035,clean,,,,action_velocity,,1.0,0.25,,,,,directional_selectivity,85998132824.89777,
stage0_contrastive_bs8_fn4_001,base,clean/beat_block_hammer/episode_000035/0_109,beat_block_hammer,episode_000035,clean,,,,action_velocity,,1.0,0.25,,,,,directional_selectivity,85998132824.89777,
stage0_contrastive_bs8_fn4_001,base,clean/beat_block_hammer/episode_000035/0_109,beat_block_hammer,episode_000035,clean,,,,action_velocity,,0.5,0.5,,,,,directional_selectivity,195324406027.79388,
stage0_contrastive_bs8_fn4_001,base,clean/beat_block_hammer/episode_000035/0_109,beat_block_hammer,episode_000035,clean,,,,action_velocity,,0.5,0.5,,,,,directional_selectivity,195324406027.79388,
stage0_contrastive_bs8_fn4_001,base,clean/beat_block_hammer/episode_000035/0_109,beat_block_hammer,episode_000035,clean,,,,action_velocity,,1.0,0.5,,,,,directional_selectivity,97855597734.4513,
stage0_contrastive_bs8_fn4_001,base,clean/beat_block_hammer/episode_000035/0_109,beat_block_hammer,episode_000035,clean,,,,action_velocity,,1.0,0.5,,,,,directional_selectivity,97855597734.4513,
stage0_contrastive_bs8_fn4_001,base,clean/beat_block_hammer/episode_000035/0_109,beat_block_hammer,episode_000035,clean,,,,action_velocity,,0.5,0.75,,,,,directional_selectivity,283008843660.3546,
stage0_contrastive_bs8_fn4_001,base,clean/beat_block_hammer/episode_000035/0_109,beat_block_hammer,episode_000035,clean,,,,action_velocity,,0.5,0.75,,,,,directional_selectivity,283008843660.3546,
stage0_contrastive_bs8_fn4_001,base,clean/beat_block_hammer/episode_000035/0_109,beat_block_hammer,episode_000035,clean,,,,action_velocity,,1.0,0.75,,,,,directional_selectivity,134761676192.28363,
stage0_contrastive_bs8_fn4_001,base,clean/beat_block_hammer/episode_000035/0_109,beat_block_hammer,episode_000035,clean,,,,action_velocity,,1.0,0.75,,,,,directional_selectivity,134761676192.28363,
stage0_contrastive_bs8_fn4_001,base,clean/blocks_ranking_rgb/episode_000039/0_464,blocks_ranking_rgb,episode_000039,clean,,,,action_velocity,direction_photo,0.5,0.25,750.0,0.75,2852135134852260049,,centered_directional_fd,0.0,nuisance
stage0_contrastive_bs8_fn4_001,base,clean/blocks_ranking_rgb/episode_000039/0_464,blocks_ranking_rgb,episode_000039,clean,,,,action_velocity,direction_photo,0.5,0.5,500.0,0.5,2852135134852260049,,centered_directional_fd,0.0,nuisance
stage0_contrastive_bs8_fn4_001,base,clean/blocks_ranking_rgb/episode_000039/0_464,blocks_ranking_rgb,episode_000039,clean,,,,action_velocity,direction_photo,0.5,0.75,251.00001525878906,0.2510000169277191,2852135134852260049,,centered_directional_fd,0.0,nuisance
stage0_contrastive_bs8_fn4_001,base,clean/blocks_ranking_rgb/episode_000039/0_464,blocks_ranking_rgb,episode_000039,clean,,,,action_velocity,direction_photo,1.0,0.25,750.0,0.75,2852135134852260049,,centered_directional_fd,0.0,nuisance
stage0_contrastive_bs8_fn4_001,base,clean/blocks_ranking_rgb/episode_000039/0_464,blocks_ranking_rgb,episode_000039,clean,,,,action_velocity,direction_photo,1.0,0.5,500.0,0.5,2852135134852260049,,centered_directional_fd,0.0,nuisance
stage0_contrastive_bs8_fn4_001,base,clean/blocks_ranking_rgb/episode_000039/0_464,blocks_ranking_rgb,episode_000039,clean,,,,action_velocity,direction_photo,1.0,0.75,251.00001525878906,0.2510000169277191,2852135134852260049,,centered_directional_fd,0.0,nuisance
stage0_contrastive_bs8_fn4_001,base,clean/blocks_ranking_rgb/episode_000039/0_464,blocks_ranking_rgb,episode_000039,clean,,,,action_velocity,direction_geometry,0.5,0.25,750.0,0.75,2852135134852260049,,centered_directional_fd,0.0,signal
stage0_contrastive_bs8_fn4_001,base,clean/blocks_ranking_rgb/episode_000039/0_464,blocks_ranking_rgb,episode_000039,clean,,,,action_velocity,direction_geometry,0.5,0.5,500.0,0.5,2852135134852260049,,centered_directional_fd,0.0,signal
stage0_contrastive_bs8_fn4_001,base,clean/blocks_ranking_rgb/episode_000039/0_464,blocks_ranking_rgb,episode_000039,clean,,,,action_velocity,direction_geometry,0.5,0.75,251.00001525878906,0.2510000169277191,2852135134852260049,,centered_directional_fd,0.0,signal
stage0_contrastive_bs8_fn4_001,base,clean/blocks_ranking_rgb/episode_000039/0_464,blocks_ranking_rgb,episode_000039,clean,,,,action_velocity,direction_geometry,1.0,0.25,750.0,0.75,2852135134852260049,,centered_directional_fd,0.1920005977153778,signal
stage0_contrastive_bs8_fn4_001,base,clean/blocks_ranking_rgb/episode_000039/0_464,blocks_ranking_rgb,episode_000039,clean,,,,action_velocity,direction_geometry,1.0,0.5,500.0,0.5,2852135134852260049,,centered_directional_fd,0.2056330442428589,signal
stage0_contrastive_bs8_fn4_001,base,clean/blocks_ranking_rgb/episode_000039/0_464,blocks_ranking_rgb,episode_000039,clean,,,,action_velocity,direction_geometry,1.0,0.75,251.00001525878906,0.2510000169277191,2852135134852260049,,centered_directional_fd,0.2564980387687683,signal
stage0_contrastive_bs8_fn4_001,base,clean/blocks_ranking_rgb/episode_000039/0_464,blocks_ranking_rgb,episode_000039,clean,,,,action_velocity,,0.5,0.25,,,,,directional_selectivity,0.0,
stage0_contrastive_bs8_fn4_001,base,clean/blocks_ranking_rgb/episode_000039/0_464,blocks_ranking_rgb,episode_000039,clean,,,,action_velocity,,0.5,0.25,,,,,directional_selectivity,0.0,
stage0_contrastive_bs8_fn4_001,base,clean/blocks_ranking_rgb/episode_000039/0_464,blocks_ranking_rgb,episode_000039,clean,,,,action_velocity,,1.0,0.25,,,,,directional_selectivity,192000597715.3778,
stage0_contrastive_bs8_fn4_001,base,clean/blocks_ranking_rgb/episode_000039/0_464,blocks_ranking_rgb,episode_000039,clean,,,,action_velocity,,1.0,0.25,,,,,directional_selectivity,192000597715.3778,
stage0_contrastive_bs8_fn4_001,base,clean/blocks_ranking_rgb/episode_000039/0_464,blocks_ranking_rgb,episode_000039,clean,,,,action_velocity,,0.5,0.5,,,,,directional_selectivity,0.0,
stage0_contrastive_bs8_fn4_001,base,clean/blocks_ranking_rgb/episode_000039/0_464,blocks_ranking_rgb,episode_000039,clean,,,,action_velocity,,0.5,0.5,,,,,directional_selectivity,0.0,
stage0_contrastive_bs8_fn4_001,base,clean/blocks_ranking_rgb/episode_000039/0_464,blocks_ranking_rgb,episode_000039,clean,,,,action_velocity,,1.0,0.5,,,,,directional_selectivity,205633044242.8589,
stage0_contrastive_bs8_fn4_001,base,clean/blocks_ranking_rgb/episode_000039/0_464,blocks_ranking_rgb,episode_000039,clean,,,,action_velocity,,1.0,0.5,,,,,directional_selectivity,205633044242.8589,
stage0_contrastive_bs8_fn4_001,base,clean/blocks_ranking_rgb/episode_000039/0_464,blocks_ranking_rgb,episode_000039,clean,,,,action_velocity,,0.5,0.75,,,,,directional_selectivity,0.0,
stage0_contrastive_bs8_fn4_001,base,clean/blocks_ranking_rgb/episode_000039/0_464,blocks_ranking_rgb,episode_000039,clean,,,,action_velocity,,0.5,0.75,,,,,directional_selectivity,0.0,
stage0_contrastive_bs8_fn4_001,base,clean/blocks_ranking_rgb/episode_000039/0_464,blocks_ranking_rgb,episode_000039,clean,,,,action_velocity,,1.0,0.75,,,,,directional_selectivity,256498038768.7683,
stage0_contrastive_bs8_fn4_001,base,clean/blocks_ranking_rgb/episode_000039/0_464,blocks_ranking_rgb,episode_000039,clean,,,,action_velocity,,1.0,0.75,,,,,directional_selectivity,256498038768.7683,
stage0_contrastive_bs8_fn4_001,base,clean/blocks_ranking_size/episode_000042/0_478,blocks_ranking_size,episode_000042,clean,,,,action_velocity,direction_photo,0.5,0.25,750.0,0.75,12174564400862382112,,centered_directional_fd,0.0,nuisance
stage0_contrastive_bs8_fn4_001,base,clean/blocks_ranking_size/episode_000042/0_478,blocks_ranking_size,episode_000042,clean,,,,action_velocity,direction_photo,0.5,0.5,500.0,0.5,12174564400862382112,,centered_directional_fd,0.0,nuisance
stage0_contrastive_bs8_fn4_001,base,clean/blocks_ranking_size/episode_000042/0_478,blocks_ranking_size,episode_000042,clean,,,,action_velocity,direction_photo,0.5,0.75,251.00001525878906,0.2510000169277191,12174564400862382112,,centered_directional_fd,0.0,nuisance
stage0_contrastive_bs8_fn4_001,base,clean/blocks_ranking_size/episode_000042/0_478,blocks_ranking_size,episode_000042,clean,,,,action_velocity,direction_photo,1.0,0.25,750.0,0.75,12174564400862382112,,centered_directional_fd,0.0,nuisance
stage0_contrastive_bs8_fn4_001,base,clean/blocks_ranking_size/episode_000042/0_478,blocks_ranking_size,episode_000042,clean,,,,action_velocity,direction_photo,1.0,0.5,500.0,0.5,12174564400862382112,,centered_directional_fd,0.0,nuisance
stage0_contrastive_bs8_fn4_001,base,clean/blocks_ranking_size/episode_000042/0_478,blocks_ranking_size,episode_000042,clean,,,,action_velocity,direction_photo,1.0,0.75,251.00001525878906,0.2510000169277191,12174564400862382112,,centered_directional_fd,0.0,nuisance
stage0_contrastive_bs8_fn4_001,base,clean/blocks_ranking_size/episode_000042/0_478,blocks_ranking_size,episode_000042,clean,,,,action_velocity,direction_geometry,0.5,0.25,750.0,0.75,12174564400862382112,,centered_directional_fd,0.0,signal
stage0_contrastive_bs8_fn4_001,base,clean/blocks_ranking_size/episode_000042/0_478,blocks_ranking_size,episode_000042,clean,,,,action_velocity,direction_geometry,0.5,0.5,500.0,0.5,12174564400862382112,,centered_directional_fd,0.0,signal
stage0_contrastive_bs8_fn4_001,base,clean/blocks_ranking_size/episode_000042/0_478,blocks_ranking_size,episode_000042,clean,,,,action_velocity,direction_geometry,0.5,0.75,251.00001525878906,0.2510000169277191,12174564400862382112,,centered_directional_fd,0.0,signal
stage0_contrastive_bs8_fn4_001,base,clean/blocks_ranking_size/episode_000042/0_478,blocks_ranking_size,episode_000042,clean,,,,action_velocity,direction_geometry,1.0,0.25,750.0,0.75,12174564400862382112,,centered_directional_fd,0.20957735180854797,signal
stage0_contrastive_bs8_fn4_001,base,clean/blocks_ranking_size/episode_000042/0_478,blocks_ranking_size,episode_000042,clean,,,,action_velocity,direction_geometry,1.0,0.5,500.0,0.5,12174564400862382112,,centered_directional_fd,0.23323120176792145,signal
stage0_contrastive_bs8_fn4_001,base,clean/blocks_ranking_size/episode_000042/0_478,blocks_ranking_size,episode_000042,clean,,,,action_velocity,direction_geometry,1.0,0.75,251.00001525878906,0.2510000169277191,12174564400862382112,,centered_directional_fd,0.3510324954986572,signal
stage0_contrastive_bs8_fn4_001,base,clean/blocks_ranking_size/episode_000042/0_478,blocks_ranking_size,episode_000042,clean,,,,action_velocity,,0.5,0.25,,,,,directional_selectivity,0.0,
stage0_contrastive_bs8_fn4_001,base,clean/blocks_ranking_size/episode_000042/0_478,blocks_ranking_size,episode_000042,clean,,,,action_velocity,,0.5,0.25,,,,,directional_selectivity,0.0,
stage0_contrastive_bs8_fn4_001,base,clean/blocks_ranking_size/episode_000042/0_478,blocks_ranking_size,episode_000042,clean,,,,action_velocity,,1.0,0.25,,,,,directional_selectivity,209577351808.54797,
stage0_contrastive_bs8_fn4_001,base,clean/blocks_ranking_size/episode_000042/0_478,blocks_ranking_size,episode_000042,clean,,,,action_velocity,,1.0,0.25,,,,,directional_selectivity,209577351808.54797,
stage0_contrastive_bs8_fn4_001,base,clean/blocks_ranking_size/episode_000042/0_478,blocks_ranking_size,episode_000042,clean,,,,action_velocity,,0.5,0.5,,,,,directional_selectivity,0.0,
stage0_contrastive_bs8_fn4_001,base,clean/blocks_ranking_size/episode_000042/0_478,blocks_ranking_size,episode_000042,clean,,,,action_velocity,,0.5,0.5,,,,,directional_selectivity,0.0,
stage0_contrastive_bs8_fn4_001,base,clean/blocks_ranking_size/episode_000042/0_478,blocks_ranking_size,episode_000042,clean,,,,action_velocity,,1.0,0.5,,,,,directional_selectivity,233231201767.92145,
stage0_contrastive_bs8_fn4_001,base,clean/blocks_ranking_size/episode_000042/0_478,blocks_ranking_size,episode_000042,clean,,,,action_velocity,,1.0,0.5,,,,,directional_selectivity,233231201767.92145,
stage0_contrastive_bs8_fn4_001,base,clean/blocks_ranking_size/episode_000042/0_478,blocks_ranking_size,episode_000042,clean,,,,action_velocity,,0.5,0.75,,,,,directional_selectivity,0.0,
stage0_contrastive_bs8_fn4_001,base,clean/blocks_ranking_size/episode_000042/0_478,blocks_ranking_size,episode_000042,clean,,,,action_velocity,,0.5,0.75,,,,,directional_selectivity,0.0,
stage0_contrastive_bs8_fn4_001,base,clean/blocks_ranking_size/episode_000042/0_478,blocks_ranking_size,episode_000042,clean,,,,action_velocity,,1.0,0.75,,,,,directional_selectivity,351032495498.6572,
stage0_contrastive_bs8_fn4_001,base,clean/blocks_ranking_size/episode_000042/0_478,blocks_ranking_size,episode_000042,clean,,,,action_velocity,,1.0,0.75,,,,,directional_selectivity,351032495498.6572,
stage0_contrastive_bs8_fn4_001,base,clean/click_alarmclock/episode_000040/0_76,click_alarmclock,episode_000040,clean,,,,action_velocity,direction_photo,0.5,0.25,750.0,0.75,3456786071859825307,,centered_directional_fd,0.0,nuisance
stage0_contrastive_bs8_fn4_001,base,clean/click_alarmclock/episode_000040/0_76,click_alarmclock,episode_000040,clean,,,,action_velocity,direction_photo,0.5,0.5,500.0,0.5,3456786071859825307,,centered_directional_fd,0.0,nuisance
stage0_contrastive_bs8_fn4_001,base,clean/click_alarmclock/episode_000040/0_76,click_alarmclock,episode_000040,clean,,,,action_velocity,direction_photo,0.5,0.75,251.00001525878906,0.2510000169277191,3456786071859825307,,centered_directional_fd,0.0,nuisance
stage0_contrastive_bs8_fn4_001,base,clean/click_alarmclock/episode_000040/0_76,click_alarmclock,episode_000040,clean,,,,action_velocity,direction_photo,1.0,0.25,750.0,0.75,3456786071859825307,,centered_directional_fd,0.0,nuisance
stage0_contrastive_bs8_fn4_001,base,clean/click_alarmclock/episode_000040/0_76,click_alarmclock,episode_000040,clean,,,,action_velocity,direction_photo,1.0,0.5,500.0,0.5,3456786071859825307,,centered_directional_fd,0.0,nuisance
stage0_contrastive_bs8_fn4_001,base,clean/click_alarmclock/episode_000040/0_76,click_alarmclock,episode_000040,clean,,,,action_velocity,direction_photo,1.0,0.75,251.00001525878906,0.2510000169277191,3456786071859825307,,centered_directional_fd,0.0,nuisance
stage0_contrastive_bs8_fn4_001,base,clean/click_alarmclock/episode_000040/0_76,click_alarmclock,episode_000040,clean,,,,action_velocity,direction_geometry,0.5,0.25,750.0,0.75,3456786071859825307,,centered_directional_fd,0.1326824277639389,signal
stage0_contrastive_bs8_fn4_001,base,clean/click_alarmclock/episode_000040/0_76,click_alarmclock,episode_000040,clean,,,,action_velocity,direction_geometry,0.5,0.5,500.0,0.5,3456786071859825307,,centered_directional_fd,0.15348079800605774,signal
stage0_contrastive_bs8_fn4_001,base,clean/click_alarmclock/episode_000040/0_76,click_alarmclock,episode_000040,clean,,,,action_velocity,direction_geometry,0.5,0.75,251.00001525878906,0.2510000169277191,3456786071859825307,,centered_directional_fd,0.24194568395614624,signal
stage0_contrastive_bs8_fn4_001,base,clean/click_alarmclock/episode_000040/0_76,click_alarmclock,episode_000040,clean,,,,action_velocity,direction_geometry,1.0,0.25,750.0,0.75,3456786071859825307,,centered_directional_fd,0.07133625447750092,signal
stage0_contrastive_bs8_fn4_001,base,clean/click_alarmclock/episode_000040/0_76,click_alarmclock,episode_000040,clean,,,,action_velocity,direction_geometry,1.0,0.5,500.0,0.5,3456786071859825307,,centered_directional_fd,0.08206111192703247,signal
stage0_contrastive_bs8_fn4_001,base,clean/click_alarmclock/episode_000040/0_76,click_alarmclock,episode_000040,clean,,,,action_velocity,direction_geometry,1.0,0.75,251.00001525878906,0.2510000169277191,3456786071859825307,,centered_directional_fd,0.11991230398416519,signal
stage0_contrastive_bs8_fn4_001,base,clean/click_alarmclock/episode_000040/0_76,click_alarmclock,episode_000040,clean,,,,action_velocity,,0.5,0.25,,,,,directional_selectivity,132682427763.9389,
stage0_contrastive_bs8_fn4_001,base,clean/click_alarmclock/episode_000040/0_76,click_alarmclock,episode_000040,clean,,,,action_velocity,,0.5,0.25,,,,,directional_selectivity,132682427763.9389,
stage0_contrastive_bs8_fn4_001,base,clean/click_alarmclock/episode_000040/0_76,click_alarmclock,episode_000040,clean,,,,action_velocity,,1.0,0.25,,,,,directional_selectivity,71336254477.50092,
stage0_contrastive_bs8_fn4_001,base,clean/click_alarmclock/episode_000040/0_76,click_alarmclock,episode_000040,clean,,,,action_velocity,,1.0,0.25,,,,,directional_selectivity,71336254477.50092,
stage0_contrastive_bs8_fn4_001,base,clean/click_alarmclock/episode_000040/0_76,click_alarmclock,episode_000040,clean,,,,action_velocity,,0.5,0.5,,,,,directional_selectivity,153480798006.05774,
stage0_contrastive_bs8_fn4_001,base,clean/click_alarmclock/episode_000040/0_76,click_alarmclock,episode_000040,clean,,,,action_velocity,,0.5,0.5,,,,,directional_selectivity,153480798006.05774,
stage0_contrastive_bs8_fn4_001,base,clean/click_alarmclock/episode_000040/0_76,click_alarmclock,episode_000040,clean,,,,action_velocity,,1.0,0.5,,,,,directional_selectivity,82061111927.03247,
stage0_contrastive_bs8_fn4_001,base,clean/click_alarmclock/episode_000040/0_76,click_alarmclock,episode_000040,clean,,,,action_velocity,,1.0,0.5,,,,,directional_selectivity,82061111927.03247,
stage0_contrastive_bs8_fn4_001,base,clean/click_alarmclock/episode_000040/0_76,click_alarmclock,episode_000040,clean,,,,action_velocity,,0.5,0.75,,,,,directional_selectivity,241945683956.14624,
stage0_contrastive_bs8_fn4_001,base,clean/click_alarmclock/episode_000040/0_76,click_alarmclock,episode_000040,clean,,,,action_velocity,,0.5,0.75,,,,,directional_selectivity,241945683956.14624,
stage0_contrastive_bs8_fn4_001,base,clean/click_alarmclock/episode_000040/0_76,click_alarmclock,episode_000040,clean,,,,action_velocity,,1.0,0.75,,,,,directional_selectivity,119912303984.16519,
stage0_contrastive_bs8_fn4_001,base,clean/click_alarmclock/episode_000040/0_76,click_alarmclock,episode_000040,clean,,,,action_velocity,,1.0,0.75,,,,,directional_selectivity,119912303984.16519,
stage0_contrastive_bs8_fn4_001,base,clean/click_bell/episode_000027/0_74,click_bell,episode_000027,clean,,,,action_velocity,direction_photo,0.5,0.25,750.0,0.75,16822075493149087319,,centered_directional_fd,0.0,nuisance
stage0_contrastive_bs8_fn4_001,base,clean/click_bell/episode_000027/0_74,click_bell,episode_000027,clean,,,,action_velocity,direction_photo,0.5,0.5,500.0,0.5,16822075493149087319,,centered_directional_fd,0.0,nuisance
stage0_contrastive_bs8_fn4_001,base,clean/click_bell/episode_000027/0_74,click_bell,episode_000027,clean,,,,action_velocity,direction_photo,0.5,0.75,251.00001525878906,0.2510000169277191,16822075493149087319,,centered_directional_fd,0.0,nuisance
stage0_contrastive_bs8_fn4_001,base,clean/click_bell/episode_000027/0_74,click_bell,episode_000027,clean,,,,action_velocity,direction_photo,1.0,0.25,750.0,0.75,16822075493149087319,,centered_directional_fd,0.0,nuisance
stage0_contrastive_bs8_fn4_001,base,clean/click_bell/episode_000027/0_74,click_bell,episode_000027,clean,,,,action_velocity,direction_photo,1.0,0.5,500.0,0.5,16822075493149087319,,centered_directional_fd,0.0,nuisance
stage0_contrastive_bs8_fn4_001,base,clean/click_bell/episode_000027/0_74,click_bell,episode_000027,clean,,,,action_velocity,direction_photo,1.0,0.75,251.00001525878906,0.2510000169277191,16822075493149087319,,centered_directional_fd,0.0,nuisance
stage0_contrastive_bs8_fn4_001,base,clean/click_bell/episode_000027/0_74,click_bell,episode_000027,clean,,,,action_velocity,direction_geometry,0.5,0.25,750.0,0.75,16822075493149087319,,centered_directional_fd,0.19972126185894012,signal
stage0_contrastive_bs8_fn4_001,base,clean/click_bell/episode_000027/0_74,click_bell,episode_000027,clean,,,,action_velocity,direction_geometry,0.5,0.5,500.0,0.5,16822075493149087319,,centered_directional_fd,0.3211155831813812,signal
stage0_contrastive_bs8_fn4_001,base,clean/click_bell/episode_000027/0_74,click_bell,episode_000027,clean,,,,action_velocity,direction_geometry,0.5,0.75,251.00001525878906,0.2510000169277191,16822075493149087319,,centered_directional_fd,0.44729068875312805,signal
stage0_contrastive_bs8_fn4_001,base,clean/click_bell/episode_000027/0_74,click_bell,episode_000027,clean,,,,action_velocity,direction_geometry,1.0,0.25,750.0,0.75,16822075493149087319,,centered_directional_fd,0.09407210350036621,signal
stage0_contrastive_bs8_fn4_001,base,clean/click_bell/episode_000027/0_74,click_bell,episode_000027,clean,,,,action_velocity,direction_geometry,1.0,0.5,500.0,0.5,16822075493149087319,,centered_directional_fd,0.15975289046764374,signal
stage0_contrastive_bs8_fn4_001,base,clean/click_bell/episode_000027/0_74,click_bell,episode_000027,clean,,,,action_velocity,direction_geometry,1.0,0.75,251.00001525878906,0.2510000169277191,16822075493149087319,,centered_directional_fd,0.24516524374485016,signal
stage0_contrastive_bs8_fn4_001,base,clean/click_bell/episode_000027/0_74,click_bell,episode_000027,clean,,,,action_velocity,,0.5,0.25,,,,,directional_selectivity,199721261858.94012,
stage0_contrastive_bs8_fn4_001,base,clean/click_bell/episode_000027/0_74,click_bell,episode_000027,clean,,,,action_velocity,,0.5,0.25,,,,,directional_selectivity,199721261858.94012,
stage0_contrastive_bs8_fn4_001,base,clean/click_bell/episode_000027/0_74,click_bell,episode_000027,clean,,,,action_velocity,,1.0,0.25,,,,,directional_selectivity,94072103500.36621,
stage0_contrastive_bs8_fn4_001,base,clean/click_bell/episode_000027/0_74,click_bell,episode_000027,clean,,,,action_velocity,,1.0,0.25,,,,,directional_selectivity,94072103500.36621,
stage0_contrastive_bs8_fn4_001,base,clean/click_bell/episode_000027/0_74,click_bell,episode_000027,clean,,,,action_velocity,,0.5,0.5,,,,,directional_selectivity,321115583181.3812,
stage0_contrastive_bs8_fn4_001,base,clean/click_bell/episode_000027/0_74,click_bell,episode_000027,clean,,,,action_velocity,,0.5,0.5,,,,,directional_selectivity,321115583181.3812,
stage0_contrastive_bs8_fn4_001,base,clean/click_bell/episode_000027/0_74,click_bell,episode_000027,clean,,,,action_velocity,,1.0,0.5,,,,,directional_selectivity,159752890467.64374,
stage0_contrastive_bs8_fn4_001,base,clean/click_bell/episode_000027/0_74,click_bell,episode_000027,clean,,,,action_velocity,,1.0,0.5,,,,,directional_selectivity,159752890467.64374,
stage0_contrastive_bs8_fn4_001,base,clean/click_bell/episode_000027/0_74,click_bell,episode_000027,clean,,,,action_velocity,,0.5,0.75,,,,,directional_selectivity,447290688753.12805,
stage0_contrastive_bs8_fn4_001,base,clean/click_bell/episode_000027/0_74,click_bell,episode_000027,clean,,,,action_velocity,,0.5,0.75,,,,,directional_selectivity,447290688753.12805,
stage0_contrastive_bs8_fn4_001,base,clean/click_bell/episode_000027/0_74,click_bell,episode_000027,clean,,,,action_velocity,,1.0,0.75,,,,,directional_selectivity,245165243744.85016,
stage0_contrastive_bs8_fn4_001,base,clean/click_bell/episode_000027/0_74,click_bell,episode_000027,clean,,,,action_velocity,,1.0,0.75,,,,,directional_selectivity,245165243744.85016,
stage0_contrastive_bs8_fn4_001,base,clean/dump_bin_bigbin/episode_000003/0_173,dump_bin_bigbin,episode_000003,clean,,,,action_velocity,direction_photo,0.5,0.25,750.0,0.75,9694063702409483369,,centered_directional_fd,0.0,nuisance
stage0_contrastive_bs8_fn4_001,base,clean/dump_bin_bigbin/episode_000003/0_173,dump_bin_bigbin,episode_000003,clean,,,,action_velocity,direction_photo,0.5,0.5,500.0,0.5,9694063702409483369,,centered_directional_fd,0.0,nuisance
stage0_contrastive_bs8_fn4_001,base,clean/dump_bin_bigbin/episode_000003/0_173,dump_bin_bigbin,episode_000003,clean,,,,action_velocity,direction_photo,0.5,0.75,251.00001525878906,0.2510000169277191,9694063702409483369,,centered_directional_fd,0.0,nuisance
stage0_contrastive_bs8_fn4_001,base,clean/dump_bin_bigbin/episode_000003/0_173,dump_bin_bigbin,episode_000003,clean,,,,action_velocity,direction_photo,1.0,0.25,750.0,0.75,9694063702409483369,,centered_directional_fd,0.0,nuisance
stage0_contrastive_bs8_fn4_001,base,clean/dump_bin_bigbin/episode_000003/0_173,dump_bin_bigbin,episode_000003,clean,,,,action_velocity,direction_photo,1.0,0.5,500.0,0.5,9694063702409483369,,centered_directional_fd,0.0,nuisance
stage0_contrastive_bs8_fn4_001,base,clean/dump_bin_bigbin/episode_000003/0_173,dump_bin_bigbin,episode_000003,clean,,,,action_velocity,direction_photo,1.0,0.75,251.00001525878906,0.2510000169277191,9694063702409483369,,centered_directional_fd,0.0,nuisance
stage0_contrastive_bs8_fn4_001,base,clean/dump_bin_bigbin/episode_000003/0_173,dump_bin_bigbin,episode_000003,clean,,,,action_velocity,direction_geometry,0.5,0.25,750.0,0.75,9694063702409483369,,centered_directional_fd,0.22668513655662537,signal
stage0_contrastive_bs8_fn4_001,base,clean/dump_bin_bigbin/episode_000003/0_173,dump_bin_bigbin,episode_000003,clean,,,,action_velocity,direction_geometry,0.5,0.5,500.0,0.5,9694063702409483369,,centered_directional_fd,0.24776284396648407,signal
stage0_contrastive_bs8_fn4_001,base,clean/dump_bin_bigbin/episode_000003/0_173,dump_bin_bigbin,episode_000003,clean,,,,action_velocity,direction_geometry,0.5,0.75,251.00001525878906,0.2510000169277191,9694063702409483369,,centered_directional_fd,0.3110252320766449,signal
stage0_contrastive_bs8_fn4_001,base,clean/dump_bin_bigbin/episode_000003/0_173,dump_bin_bigbin,episode_000003,clean,,,,action_velocity,direction_geometry,1.0,0.25,750.0,0.75,9694063702409483369,,centered_directional_fd,0.12077439576387405,signal
stage0_contrastive_bs8_fn4_001,base,clean/dump_bin_bigbin/episode_000003/0_173,dump_bin_bigbin,episode_000003,clean,,,,action_velocity,direction_geometry,1.0,0.5,500.0,0.5,9694063702409483369,,centered_directional_fd,0.13347145915031433,signal
stage0_contrastive_bs8_fn4_001,base,clean/dump_bin_bigbin/episode_000003/0_173,dump_bin_bigbin,episode_000003,clean,,,,action_velocity,direction_geometry,1.0,0.75,251.00001525878906,0.2510000169277191,9694063702409483369,,centered_directional_fd,0.16679421067237854,signal
stage0_contrastive_bs8_fn4_001,base,clean/dump_bin_bigbin/episode_000003/0_173,dump_bin_bigbin,episode_000003,clean,,,,action_velocity,,0.5,0.25,,,,,directional_selectivity,226685136556.62537,
stage0_contrastive_bs8_fn4_001,base,clean/dump_bin_bigbin/episode_000003/0_173,dump_bin_bigbin,episode_000003,clean,,,,action_velocity,,0.5,0.25,,,,,directional_selectivity,226685136556.62537,
stage0_contrastive_bs8_fn4_001,base,clean/dump_bin_bigbin/episode_000003/0_173,dump_bin_bigbin,episode_000003,clean,,,,action_velocity,,1.0,0.25,,,,,directional_selectivity,120774395763.87405,
stage0_contrastive_bs8_fn4_001,base,clean/dump_bin_bigbin/episode_000003/0_173,dump_bin_bigbin,episode_000003,clean,,,,action_velocity,,1.0,0.25,,,,,directional_selectivity,120774395763.87405,
stage0_contrastive_bs8_fn4_001,base,clean/dump_bin_bigbin/episode_000003/0_173,dump_bin_bigbin,episode_000003,clean,,,,action_velocity,,0.5,0.5,,,,,directional_selectivity,247762843966.48407,
stage0_contrastive_bs8_fn4_001,base,clean/dump_bin_bigbin/episode_000003/0_173,dump_bin_bigbin,episode_000003,clean,,,,action_velocity,,0.5,0.5,,,,,directional_selectivity,247762843966.48407,
stage0_contrastive_bs8_fn4_001,base,clean/dump_bin_bigbin/episode_000003/0_173,dump_bin_bigbin,episode_000003,clean,,,,action_velocity,,1.0,0.5,,,,,directional_selectivity,133471459150.31433,
stage0_contrastive_bs8_fn4_001,base,clean/dump_bin_bigbin/episode_000003/0_173,dump_bin_bigbin,episode_000003,clean,,,,action_velocity,,1.0,0.5,,,,,directional_selectivity,133471459150.31433,
stage0_contrastive_bs8_fn4_001,base,clean/dump_bin_bigbin/episode_000003/0_173,dump_bin_bigbin,episode_000003,clean,,,,action_velocity,,0.5,0.75,,,,,directional_selectivity,311025232076.6449,
stage0_contrastive_bs8_fn4_001,base,clean/dump_bin_bigbin/episode_000003/0_173,dump_bin_bigbin,episode_000003,clean,,,,action_velocity,,0.5,0.75,,,,,directional_selectivity,311025232076.6449,
stage0_contrastive_bs8_fn4_001,base,clean/dump_bin_bigbin/episode_000003/0_173,dump_bin_bigbin,episode_000003,clean,,,,action_velocity,,1.0,0.75,,,,,directional_selectivity,166794210672.37854,
stage0_contrastive_bs8_fn4_001,base,clean/dump_bin_bigbin/episode_000003/0_173,dump_bin_bigbin,episode_000003,clean,,,,action_velocity,,1.0,0.75,,,,,directional_selectivity,166794210672.37854,
stage0_contrastive_bs8_fn4_001,base,clean/grab_roller/episode_000003/0_95,grab_roller,episode_000003,clean,,,,action_velocity,direction_photo,0.5,0.25,750.0,0.75,16834811967688122419,,centered_directional_fd,0.0,nuisance
stage0_contrastive_bs8_fn4_001,base,clean/grab_roller/episode_000003/0_95,grab_roller,episode_000003,clean,,,,action_velocity,direction_photo,0.5,0.5,500.0,0.5,16834811967688122419,,centered_directional_fd,0.0,nuisance
stage0_contrastive_bs8_fn4_001,base,clean/grab_roller/episode_000003/0_95,grab_roller,episode_000003,clean,,,,action_velocity,direction_photo,0.5,0.75,251.00001525878906,0.2510000169277191,16834811967688122419,,centered_directional_fd,0.0,nuisance
stage0_contrastive_bs8_fn4_001,base,clean/grab_roller/episode_000003/0_95,grab_roller,episode_000003,clean,,,,action_velocity,direction_photo,1.0,0.25,750.0,0.75,16834811967688122419,,centered_directional_fd,0.0,nuisance
stage0_contrastive_bs8_fn4_001,base,clean/grab_roller/episode_000003/0_95,grab_roller,episode_000003,clean,,,,action_velocity,direction_photo,1.0,0.5,500.0,0.5,16834811967688122419,,centered_directional_fd,0.0,nuisance
stage0_contrastive_bs8_fn4_001,base,clean/grab_roller/episode_000003/0_95,grab_roller,episode_000003,clean,,,,action_velocity,direction_photo,1.0,0.75,251.00001525878906,0.2510000169277191,16834811967688122419,,centered_directional_fd,0.0,nuisance
stage0_contrastive_bs8_fn4_001,base,clean/grab_roller/episode_000003/0_95,grab_roller,episode_000003,clean,,,,action_velocity,direction_geometry,0.5,0.25,750.0,0.75,16834811967688122419,,centered_directional_fd,0.21118611097335815,signal
stage0_contrastive_bs8_fn4_001,base,clean/grab_roller/episode_000003/0_95,grab_roller,episode_000003,clean,,,,action_velocity,direction_geometry,0.5,0.5,500.0,0.5,16834811967688122419,,centered_directional_fd,0.20798975229263306,signal
stage0_contrastive_bs8_fn4_001,base,clean/grab_roller/episode_000003/0_95,grab_roller,episode_000003,clean,,,,action_velocity,direction_geometry,0.5,0.75,251.00001525878906,0.2510000169277191,16834811967688122419,,centered_directional_fd,0.3694787323474884,signal
stage0_contrastive_bs8_fn4_001,base,clean/grab_roller/episode_000003/0_95,grab_roller,episode_000003,clean,,,,action_velocity,direction_geometry,1.0,0.25,750.0,0.75,16834811967688122419,,centered_directional_fd,0.09116353839635849,signal
stage0_contrastive_bs8_fn4_001,base,clean/grab_roller/episode_000003/0_95,grab_roller,episode_000003,clean,,,,action_velocity,direction_geometry,1.0,0.5,500.0,0.5,16834811967688122419,,centered_directional_fd,0.0928962454199791,signal
stage0_contrastive_bs8_fn4_001,base,clean/grab_roller/episode_000003/0_95,grab_roller,episode_000003,clean,,,,action_velocity,direction_geometry,1.0,0.75,251.00001525878906,0.2510000169277191,16834811967688122419,,centered_directional_fd,0.11938730627298355,signal
stage0_contrastive_bs8_fn4_001,base,clean/grab_roller/episode_000003/0_95,grab_roller,episode_000003,clean,,,,action_velocity,,0.5,0.25,,,,,directional_selectivity,211186110973.35815,
stage0_contrastive_bs8_fn4_001,base,clean/grab_roller/episode_000003/0_95,grab_roller,episode_000003,clean,,,,action_velocity,,0.5,0.25,,,,,directional_selectivity,211186110973.35815,
stage0_contrastive_bs8_fn4_001,base,clean/grab_roller/episode_000003/0_95,grab_roller,episode_000003,clean,,,,action_velocity,,1.0,0.25,,,,,directional_selectivity,91163538396.35849,
stage0_contrastive_bs8_fn4_001,base,clean/grab_roller/episode_000003/0_95,grab_roller,episode_000003,clean,,,,action_velocity,,1.0,0.25,,,,,directional_selectivity,91163538396.35849,
stage0_contrastive_bs8_fn4_001,base,clean/grab_roller/episode_000003/0_95,grab_roller,episode_000003,clean,,,,action_velocity,,0.5,0.5,,,,,directional_selectivity,207989752292.63306,
stage0_contrastive_bs8_fn4_001,base,clean/grab_roller/episode_000003/0_95,grab_roller,episode_000003,clean,,,,action_velocity,,0.5,0.5,,,,,directional_selectivity,207989752292.63306,
stage0_contrastive_bs8_fn4_001,base,clean/grab_roller/episode_000003/0_95,grab_roller,episode_000003,clean,,,,action_velocity,,1.0,0.5,,,,,directional_selectivity,92896245419.9791,
stage0_contrastive_bs8_fn4_001,base,clean/grab_roller/episode_000003/0_95,grab_roller,episode_000003,clean,,,,action_velocity,,1.0,0.5,,,,,directional_selectivity,92896245419.9791,
stage0_contrastive_bs8_fn4_001,base,clean/grab_roller/episode_000003/0_95,grab_roller,episode_000003,clean,,,,action_velocity,,0.5,0.75,,,,,directional_selectivity,369478732347.4884,
stage0_contrastive_bs8_fn4_001,base,clean/grab_roller/episode_000003/0_95,grab_roller,episode_000003,clean,,,,action_velocity,,0.5,0.75,,,,,directional_selectivity,369478732347.4884,
stage0_contrastive_bs8_fn4_001,base,clean/grab_roller/episode_000003/0_95,grab_roller,episode_000003,clean,,,,action_velocity,,1.0,0.75,,,,,directional_selectivity,119387306272.98355,
stage0_contrastive_bs8_fn4_001,base,clean/grab_roller/episode_000003/0_95,grab_roller,episode_000003,clean,,,,action_velocity,,1.0,0.75,,,,,directional_selectivity,119387306272.98355,
stage0_contrastive_bs8_fn4_001,base,clean/handover_block/episode_000000/0_276,handover_block,episode_000000,clean,,,,action_velocity,direction_photo,0.5,0.25,750.0,0.75,11669328836656501378,,centered_directional_fd,0.0,nuisance
stage0_contrastive_bs8_fn4_001,base,clean/handover_block/episode_000000/0_276,handover_block,episode_000000,clean,,,,action_velocity,direction_photo,0.5,0.5,500.0,0.5,11669328836656501378,,centered_directional_fd,0.0,nuisance
stage0_contrastive_bs8_fn4_001,base,clean/handover_block/episode_000000/0_276,handover_block,episode_000000,clean,,,,action_velocity,direction_photo,0.5,0.75,251.00001525878906,0.2510000169277191,11669328836656501378,,centered_directional_fd,0.0,nuisance
stage0_contrastive_bs8_fn4_001,base,clean/handover_block/episode_000000/0_276,handover_block,episode_000000,clean,,,,action_velocity,direction_photo,1.0,0.25,750.0,0.75,11669328836656501378,,centered_directional_fd,0.0,nuisance
stage0_contrastive_bs8_fn4_001,base,clean/handover_block/episode_000000/0_276,handover_block,episode_000000,clean,,,,action_velocity,direction_photo,1.0,0.5,500.0,0.5,11669328836656501378,,centered_directional_fd,0.0,nuisance
stage0_contrastive_bs8_fn4_001,base,clean/handover_block/episode_000000/0_276,handover_block,episode_000000,clean,,,,action_velocity,direction_photo,1.0,0.75,251.00001525878906,0.2510000169277191,11669328836656501378,,centered_directional_fd,0.0,nuisance
stage0_contrastive_bs8_fn4_001,base,clean/handover_block/episode_000000/0_276,handover_block,episode_000000,clean,,,,action_velocity,direction_geometry,0.5,0.25,750.0,0.75,11669328836656501378,,centered_directional_fd,0.0,signal
stage0_contrastive_bs8_fn4_001,base,clean/handover_block/episode_000000/0_276,handover_block,episode_000000,clean,,,,action_velocity,direction_geometry,0.5,0.5,500.0,0.5,11669328836656501378,,centered_directional_fd,0.0,signal
stage0_contrastive_bs8_fn4_001,base,clean/handover_block/episode_000000/0_276,handover_block,episode_000000,clean,,,,action_velocity,direction_geometry,0.5,0.75,251.00001525878906,0.2510000169277191,11669328836656501378,,centered_directional_fd,0.0,signal
stage0_contrastive_bs8_fn4_001,base,clean/handover_block/episode_000000/0_276,handover_block,episode_000000,clean,,,,action_velocity,direction_geometry,1.0,0.25,750.0,0.75,11669328836656501378,,centered_directional_fd,0.15599875152111053,signal
stage0_contrastive_bs8_fn4_001,base,clean/handover_block/episode_000000/0_276,handover_block,episode_000000,clean,,,,action_velocity,direction_geometry,1.0,0.5,500.0,0.5,11669328836656501378,,centered_directional_fd,0.17046694457530975,signal
stage0_contrastive_bs8_fn4_001,base,clean/handover_block/episode_000000/0_276,handover_block,episode_000000,clean,,,,action_velocity,direction_geometry,1.0,0.75,251.00001525878906,0.2510000169277191,11669328836656501378,,centered_directional_fd,0.24782054126262665,signal
stage0_contrastive_bs8_fn4_001,base,clean/handover_block/episode_000000/0_276,handover_block,episode_000000,clean,,,,action_velocity,,0.5,0.25,,,,,directional_selectivity,0.0,
stage0_contrastive_bs8_fn4_001,base,clean/handover_block/episode_000000/0_276,handover_block,episode_000000,clean,,,,action_velocity,,0.5,0.25,,,,,directional_selectivity,0.0,
stage0_contrastive_bs8_fn4_001,base,clean/handover_block/episode_000000/0_276,handover_block,episode_000000,clean,,,,action_velocity,,1.0,0.25,,,,,directional_selectivity,155998751521.11053,
stage0_contrastive_bs8_fn4_001,base,clean/handover_block/episode_000000/0_276,handover_block,episode_000000,clean,,,,action_velocity,,1.0,0.25,,,,,directional_selectivity,155998751521.11053,
stage0_contrastive_bs8_fn4_001,base,clean/handover_block/episode_000000/0_276,handover_block,episode_000000,clean,,,,action_velocity,,0.5,0.5,,,,,directional_selectivity,0.0,
stage0_contrastive_bs8_fn4_001,base,clean/handover_block/episode_000000/0_276,handover_block,episode_000000,clean,,,,action_velocity,,0.5,0.5,,,,,directional_selectivity,0.0,
stage0_contrastive_bs8_fn4_001,base,clean/handover_block/episode_000000/0_276,handover_block,episode_000000,clean,,,,action_velocity,,1.0,0.5,,,,,directional_selectivity,170466944575.30975,
stage0_contrastive_bs8_fn4_001,base,clean/handover_block/episode_000000/0_276,handover_block,episode_000000,clean,,,,action_velocity,,1.0,0.5,,,,,directional_selectivity,170466944575.30975,
stage0_contrastive_bs8_fn4_001,base,clean/handover_block/episode_000000/0_276,handover_block,episode_000000,clean,,,,action_velocity,,0.5,0.75,,,,,directional_selectivity,0.0,
stage0_contrastive_bs8_fn4_001,base,clean/handover_block/episode_000000/0_276,handover_block,episode_000000,clean,,,,action_velocity,,0.5,0.75,,,,,directional_selectivity,0.0,
stage0_contrastive_bs8_fn4_001,base,clean/handover_block/episode_000000/0_276,handover_block,episode_000000,clean,,,,action_velocity,,1.0,0.75,,,,,directional_selectivity,247820541262.62665,
stage0_contrastive_bs8_fn4_001,base,clean/handover_block/episode_000000/0_276,handover_block,episode_000000,clean,,,,action_velocity,,1.0,0.75,,,,,directional_selectivity,247820541262.62665,
stage0_contrastive_bs8_fn4_001,base,clean/handover_mic/episode_000028/0_222,handover_mic,episode_000028,clean,,,,action_velocity,direction_photo,0.5,0.25,750.0,0.75,92542508949322640,,centered_directional_fd,0.0,nuisance
stage0_contrastive_bs8_fn4_001,base,clean/handover_mic/episode_000028/0_222,handover_mic,episode_000028,clean,,,,action_velocity,direction_photo,0.5,0.5,500.0,0.5,92542508949322640,,centered_directional_fd,0.0,nuisance
stage0_contrastive_bs8_fn4_001,base,clean/handover_mic/episode_000028/0_222,handover_mic,episode_000028,clean,,,,action_velocity,direction_photo,0.5,0.75,251.00001525878906,0.2510000169277191,92542508949322640,,centered_directional_fd,0.0,nuisance
stage0_contrastive_bs8_fn4_001,base,clean/handover_mic/episode_000028/0_222,handover_mic,episode_000028,clean,,,,action_velocity,direction_photo,1.0,0.25,750.0,0.75,92542508949322640,,centered_directional_fd,0.0,nuisance
stage0_contrastive_bs8_fn4_001,base,clean/handover_mic/episode_000028/0_222,handover_mic,episode_000028,clean,,,,action_velocity,direction_photo,1.0,0.5,500.0,0.5,92542508949322640,,centered_directional_fd,0.0,nuisance
stage0_contrastive_bs8_fn4_001,base,clean/handover_mic/episode_000028/0_222,handover_mic,episode_000028,clean,,,,action_velocity,direction_photo,1.0,0.75,251.00001525878906,0.2510000169277191,92542508949322640,,centered_directional_fd,0.0,nuisance
stage0_contrastive_bs8_fn4_001,base,clean/handover_mic/episode_000028/0_222,handover_mic,episode_000028,clean,,,,action_velocity,direction_geometry,0.5,0.25,750.0,0.75,92542508949322640,,centered_directional_fd,0.0,signal
stage0_contrastive_bs8_fn4_001,base,clean/handover_mic/episode_000028/0_222,handover_mic,episode_000028,clean,,,,action_velocity,direction_geometry,0.5,0.5,500.0,0.5,92542508949322640,,centered_directional_fd,0.0,signal
stage0_contrastive_bs8_fn4_001,base,clean/handover_mic/episode_000028/0_222,handover_mic,episode_000028,clean,,,,action_velocity,direction_geometry,0.5,0.75,251.00001525878906,0.2510000169277191,92542508949322640,,centered_directional_fd,0.0,signal
stage0_contrastive_bs8_fn4_001,base,clean/handover_mic/episode_000028/0_222,handover_mic,episode_000028,clean,,,,action_velocity,direction_geometry,1.0,0.25,750.0,0.75,92542508949322640,,centered_directional_fd,0.19931265711784363,signal
stage0_contrastive_bs8_fn4_001,base,clean/handover_mic/episode_000028/0_222,handover_mic,episode_000028,clean,,,,action_velocity,direction_geometry,1.0,0.5,500.0,0.5,92542508949322640,,centered_directional_fd,0.12558361887931824,signal
stage0_contrastive_bs8_fn4_001,base,clean/handover_mic/episode_000028/0_222,handover_mic,episode_000028,clean,,,,action_velocity,direction_geometry,1.0,0.75,251.00001525878906,0.2510000169277191,92542508949322640,,centered_directional_fd,0.16655965149402618,signal
stage0_contrastive_bs8_fn4_001,base,clean/handover_mic/episode_000028/0_222,handover_mic,episode_000028,clean,,,,action_velocity,,0.5,0.25,,,,,directional_selectivity,0.0,
stage0_contrastive_bs8_fn4_001,base,clean/handover_mic/episode_000028/0_222,handover_mic,episode_000028,clean,,,,action_velocity,,0.5,0.25,,,,,directional_selectivity,0.0,
stage0_contrastive_bs8_fn4_001,base,clean/handover_mic/episode_000028/0_222,handover_mic,episode_000028,clean,,,,action_velocity,,1.0,0.25,,,,,directional_selectivity,199312657117.84363,
stage0_contrastive_bs8_fn4_001,base,clean/handover_mic/episode_000028/0_222,handover_mic,episode_000028,clean,,,,action_velocity,,1.0,0.25,,,,,directional_selectivity,199312657117.84363,
stage0_contrastive_bs8_fn4_001,base,clean/handover_mic/episode_000028/0_222,handover_mic,episode_000028,clean,,,,action_velocity,,0.5,0.5,,,,,directional_selectivity,0.0,
stage0_contrastive_bs8_fn4_001,base,clean/handover_mic/episode_000028/0_222,handover_mic,episode_000028,clean,,,,action_velocity,,0.5,0.5,,,,,directional_selectivity,0.0,
stage0_contrastive_bs8_fn4_001,base,clean/handover_mic/episode_000028/0_222,handover_mic,episode_000028,clean,,,,action_velocity,,1.0,0.5,,,,,directional_selectivity,125583618879.31824,
stage0_contrastive_bs8_fn4_001,base,clean/handover_mic/episode_000028/0_222,handover_mic,episode_000028,clean,,,,action_velocity,,1.0,0.5,,,,,directional_selectivity,125583618879.31824,
stage0_contrastive_bs8_fn4_001,base,clean/handover_mic/episode_000028/0_222,handover_mic,episode_000028,clean,,,,action_velocity,,0.5,0.75,,,,,directional_selectivity,0.0,
stage0_contrastive_bs8_fn4_001,base,clean/handover_mic/episode_000028/0_222,handover_mic,episode_000028,clean,,,,action_velocity,,0.5,0.75,,,,,directional_selectivity,0.0,
stage0_contrastive_bs8_fn4_001,base,clean/handover_mic/episode_000028/0_222,handover_mic,episode_000028,clean,,,,action_velocity,,1.0,0.75,,,,,directional_selectivity,166559651494.02618,
stage0_contrastive_bs8_fn4_001,base,clean/handover_mic/episode_000028/0_222,handover_mic,episode_000028,clean,,,,action_velocity,,1.0,0.75,,,,,directional_selectivity,166559651494.02618,
stage0_contrastive_bs8_fn4_001,clean,clean/adjust_bottle/episode_000044/0_139,adjust_bottle,episode_000044,clean,,,,action_velocity,direction_photo,0.5,0.25,750.0,0.75,13788209987369430635,,centered_directional_fd,0.0,nuisance
stage0_contrastive_bs8_fn4_001,clean,clean/adjust_bottle/episode_000044/0_139,adjust_bottle,episode_000044,clean,,,,action_velocity,direction_photo,0.5,0.5,500.0,0.5,13788209987369430635,,centered_directional_fd,0.0,nuisance
stage0_contrastive_bs8_fn4_001,clean,clean/adjust_bottle/episode_000044/0_139,adjust_bottle,episode_000044,clean,,,,action_velocity,direction_photo,0.5,0.75,251.00001525878906,0.2510000169277191,13788209987369430635,,centered_directional_fd,0.0,nuisance
stage0_contrastive_bs8_fn4_001,clean,clean/adjust_bottle/episode_000044/0_139,adjust_bottle,episode_000044,clean,,,,action_velocity,direction_photo,1.0,0.25,750.0,0.75,13788209987369430635,,centered_directional_fd,0.0,nuisance
stage0_contrastive_bs8_fn4_001,clean,clean/adjust_bottle/episode_000044/0_139,adjust_bottle,episode_000044,clean,,,,action_velocity,direction_photo,1.0,0.5,500.0,0.5,13788209987369430635,,centered_directional_fd,0.0,nuisance
stage0_contrastive_bs8_fn4_001,clean,clean/adjust_bottle/episode_000044/0_139,adjust_bottle,episode_000044,clean,,,,action_velocity,direction_photo,1.0,0.75,251.00001525878906,0.2510000169277191,13788209987369430635,,centered_directional_fd,0.0,nuisance
stage0_contrastive_bs8_fn4_001,clean,clean/adjust_bottle/episode_000044/0_139,adjust_bottle,episode_000044,clean,,,,action_velocity,direction_geometry,0.5,0.25,750.0,0.75,13788209987369430635,,centered_directional_fd,0.1613922417163849,signal
stage0_contrastive_bs8_fn4_001,clean,clean/adjust_bottle/episode_000044/0_139,adjust_bottle,episode_000044,clean,,,,action_velocity,direction_geometry,0.5,0.5,500.0,0.5,13788209987369430635,,centered_directional_fd,0.17680257558822632,signal
stage0_contrastive_bs8_fn4_001,clean,clean/adjust_bottle/episode_000044/0_139,adjust_bottle,episode_000044,clean,,,,action_velocity,direction_geometry,0.5,0.75,251.00001525878906,0.2510000169277191,13788209987369430635,,centered_directional_fd,0.21128028631210327,signal
stage0_contrastive_bs8_fn4_001,clean,clean/adjust_bottle/episode_000044/0_139,adjust_bottle,episode_000044,clean,,,,action_velocity,direction_geometry,1.0,0.25,750.0,0.75,13788209987369430635,,centered_directional_fd,0.08187589794397354,signal
stage0_contrastive_bs8_fn4_001,clean,clean/adjust_bottle/episode_000044/0_139,adjust_bottle,episode_000044,clean,,,,action_velocity,direction_geometry,1.0,0.5,500.0,0.5,13788209987369430635,,centered_directional_fd,0.09397410601377487,signal
stage0_contrastive_bs8_fn4_001,clean,clean/adjust_bottle/episode_000044/0_139,adjust_bottle,episode_000044,clean,,,,action_velocity,direction_geometry,1.0,0.75,251.00001525878906,0.2510000169277191,13788209987369430635,,centered_directional_fd,0.10746113210916519,signal
stage0_contrastive_bs8_fn4_001,clean,clean/adjust_bottle/episode_000044/0_139,adjust_bottle,episode_000044,clean,,,,action_velocity,,0.5,0.25,,,,,directional_selectivity,161392241716.3849,
stage0_contrastive_bs8_fn4_001,clean,clean/adjust_bottle/episode_000044/0_139,adjust_bottle,episode_000044,clean,,,,action_velocity,,0.5,0.25,,,,,directional_selectivity,161392241716.3849,
stage0_contrastive_bs8_fn4_001,clean,clean/adjust_bottle/episode_000044/0_139,adjust_bottle,episode_000044,clean,,,,action_velocity,,1.0,0.25,,,,,directional_selectivity,81875897943.97354,
stage0_contrastive_bs8_fn4_001,clean,clean/adjust_bottle/episode_000044/0_139,adjust_bottle,episode_000044,clean,,,,action_velocity,,1.0,0.25,,,,,directional_selectivity,81875897943.97354,
stage0_contrastive_bs8_fn4_001,clean,clean/adjust_bottle/episode_000044/0_139,adjust_bottle,episode_000044,clean,,,,action_velocity,,0.5,0.5,,,,,directional_selectivity,176802575588.22632,
stage0_contrastive_bs8_fn4_001,clean,clean/adjust_bottle/episode_000044/0_139,adjust_bottle,episode_000044,clean,,,,action_velocity,,0.5,0.5,,,,,directional_selectivity,176802575588.22632,
stage0_contrastive_bs8_fn4_001,clean,clean/adjust_bottle/episode_000044/0_139,adjust_bottle,episode_000044,clean,,,,action_velocity,,1.0,0.5,,,,,directional_selectivity,93974106013.77487,
stage0_contrastive_bs8_fn4_001,clean,clean/adjust_bottle/episode_000044/0_139,adjust_bottle,episode_000044,clean,,,,action_velocity,,1.0,0.5,,,,,directional_selectivity,93974106013.77487,
stage0_contrastive_bs8_fn4_001,clean,clean/adjust_bottle/episode_000044/0_139,adjust_bottle,episode_000044,clean,,,,action_velocity,,0.5,0.75,,,,,directional_selectivity,211280286312.10327,
stage0_contrastive_bs8_fn4_001,clean,clean/adjust_bottle/episode_000044/0_139,adjust_bottle,episode_000044,clean,,,,action_velocity,,0.5,0.75,,,,,directional_selectivity,211280286312.10327,
stage0_contrastive_bs8_fn4_001,clean,clean/adjust_bottle/episode_000044/0_139,adjust_bottle,episode_000044,clean,,,,action_velocity,,1.0,0.75,,,,,directional_selectivity,107461132109.16519,
stage0_contrastive_bs8_fn4_001,clean,clean/adjust_bottle/episode_000044/0_139,adjust_bottle,episode_000044,clean,,,,action_velocity,,1.0,0.75,,,,,directional_selectivity,107461132109.16519,
stage0_contrastive_bs8_fn4_001,clean,clean/beat_block_hammer/episode_000035/0_109,beat_block_hammer,episode_000035,clean,,,,action_velocity,direction_photo,0.5,0.25,750.0,0.75,6638251237087193106,,centered_directional_fd,0.0,nuisance
stage0_contrastive_bs8_fn4_001,clean,clean/beat_block_hammer/episode_000035/0_109,beat_block_hammer,episode_000035,clean,,,,action_velocity,direction_photo,0.5,0.5,500.0,0.5,6638251237087193106,,centered_directional_fd,0.0,nuisance
stage0_contrastive_bs8_fn4_001,clean,clean/beat_block_hammer/episode_000035/0_109,beat_block_hammer,episode_000035,clean,,,,action_velocity,direction_photo,0.5,0.75,251.00001525878906,0.2510000169277191,6638251237087193106,,centered_directional_fd,0.0,nuisance
stage0_contrastive_bs8_fn4_001,clean,clean/beat_block_hammer/episode_000035/0_109,beat_block_hammer,episode_000035,clean,,,,action_velocity,direction_photo,1.0,0.25,750.0,0.75,6638251237087193106,,centered_directional_fd,0.0,nuisance
stage0_contrastive_bs8_fn4_001,clean,clean/beat_block_hammer/episode_000035/0_109,beat_block_hammer,episode_000035,clean,,,,action_velocity,direction_photo,1.0,0.5,500.0,0.5,6638251237087193106,,centered_directional_fd,0.0,nuisance
stage0_contrastive_bs8_fn4_001,clean,clean/beat_block_hammer/episode_000035/0_109,beat_block_hammer,episode_000035,clean,,,,action_velocity,direction_photo,1.0,0.75,251.00001525878906,0.2510000169277191,6638251237087193106,,centered_directional_fd,0.0,nuisance
stage0_contrastive_bs8_fn4_001,clean,clean/beat_block_hammer/episode_000035/0_109,beat_block_hammer,episode_000035,clean,,,,action_velocity,direction_geometry,0.5,0.25,750.0,0.75,6638251237087193106,,centered_directional_fd,0.1457812637090683,signal
stage0_contrastive_bs8_fn4_001,clean,clean/beat_block_hammer/episode_000035/0_109,beat_block_hammer,episode_000035,clean,,,,action_velocity,direction_geometry,0.5,0.5,500.0,0.5,6638251237087193106,,centered_directional_fd,0.15589813888072968,signal
stage0_contrastive_bs8_fn4_001,clean,clean/beat_block_hammer/episode_000035/0_109,beat_block_hammer,episode_000035,clean,,,,action_velocity,direction_geometry,0.5,0.75,251.00001525878906,0.2510000169277191,6638251237087193106,,centered_directional_fd,0.19098041951656342,signal
stage0_contrastive_bs8_fn4_001,clean,clean/beat_block_hammer/episode_000035/0_109,beat_block_hammer,episode_000035,clean,,,,action_velocity,direction_geometry,1.0,0.25,750.0,0.75,6638251237087193106,,centered_directional_fd,0.071247398853302,signal
stage0_contrastive_bs8_fn4_001,clean,clean/beat_block_hammer/episode_000035/0_109,beat_block_hammer,episode_000035,clean,,,,action_velocity,direction_geometry,1.0,0.5,500.0,0.5,6638251237087193106,,centered_directional_fd,0.08525770157575607,signal
stage0_contrastive_bs8_fn4_001,clean,clean/beat_block_hammer/episode_000035/0_109,beat_block_hammer,episode_000035,clean,,,,action_velocity,direction_geometry,1.0,0.75,251.00001525878906,0.2510000169277191,6638251237087193106,,centered_directional_fd,0.10265128314495087,signal
stage0_contrastive_bs8_fn4_001,clean,clean/beat_block_hammer/episode_000035/0_109,beat_block_hammer,episode_000035,clean,,,,action_velocity,,0.5,0.25,,,,,directional_selectivity,145781263709.0683,
stage0_contrastive_bs8_fn4_001,clean,clean/beat_block_hammer/episode_000035/0_109,beat_block_hammer,episode_000035,clean,,,,action_velocity,,0.5,0.25,,,,,directional_selectivity,145781263709.0683,
stage0_contrastive_bs8_fn4_001,clean,clean/beat_block_hammer/episode_000035/0_109,beat_block_hammer,episode_000035,clean,,,,action_velocity,,1.0,0.25,,,,,directional_selectivity,71247398853.302,
stage0_contrastive_bs8_fn4_001,clean,clean/beat_block_hammer/episode_000035/0_109,beat_block_hammer,episode_000035,clean,,,,action_velocity,,1.0,0.25,,,,,directional_selectivity,71247398853.302,
stage0_contrastive_bs8_fn4_001,clean,clean/beat_block_hammer/episode_000035/0_109,beat_block_hammer,episode_000035,clean,,,,action_velocity,,0.5,0.5,,,,,directional_selectivity,155898138880.72968,
stage0_contrastive_bs8_fn4_001,clean,clean/beat_block_hammer/episode_000035/0_109,beat_block_hammer,episode_000035,clean,,,,action_velocity,,0.5,0.5,,,,,directional_selectivity,155898138880.72968,
stage0_contrastive_bs8_fn4_001,clean,clean/beat_block_hammer/episode_000035/0_109,beat_block_hammer,episode_000035,clean,,,,action_velocity,,1.0,0.5,,,,,directional_selectivity,85257701575.75607,
stage0_contrastive_bs8_fn4_001,clean,clean/beat_block_hammer/episode_000035/0_109,beat_block_hammer,episode_000035,clean,,,,action_velocity,,1.0,0.5,,,,,directional_selectivity,85257701575.75607,
stage0_contrastive_bs8_fn4_001,clean,clean/beat_block_hammer/episode_000035/0_109,beat_block_hammer,episode_000035,clean,,,,action_velocity,,0.5,0.75,,,,,directional_selectivity,190980419516.56342,
stage0_contrastive_bs8_fn4_001,clean,clean/beat_block_hammer/episode_000035/0_109,beat_block_hammer,episode_000035,clean,,,,action_velocity,,0.5,0.75,,,,,directional_selectivity,190980419516.56342,
stage0_contrastive_bs8_fn4_001,clean,clean/beat_block_hammer/episode_000035/0_109,beat_block_hammer,episode_000035,clean,,,,action_velocity,,1.0,0.75,,,,,directional_selectivity,102651283144.95087,
stage0_contrastive_bs8_fn4_001,clean,clean/beat_block_hammer/episode_000035/0_109,beat_block_hammer,episode_000035,clean,,,,action_velocity,,1.0,0.75,,,,,directional_selectivity,102651283144.95087,
stage0_contrastive_bs8_fn4_001,clean,clean/blocks_ranking_rgb/episode_000039/0_464,blocks_ranking_rgb,episode_000039,clean,,,,action_velocity,direction_photo,0.5,0.25,750.0,0.75,2852135134852260049,,centered_directional_fd,0.0,nuisance
stage0_contrastive_bs8_fn4_001,clean,clean/blocks_ranking_rgb/episode_000039/0_464,blocks_ranking_rgb,episode_000039,clean,,,,action_velocity,direction_photo,0.5,0.5,500.0,0.5,2852135134852260049,,centered_directional_fd,0.0,nuisance
stage0_contrastive_bs8_fn4_001,clean,clean/blocks_ranking_rgb/episode_000039/0_464,blocks_ranking_rgb,episode_000039,clean,,,,action_velocity,direction_photo,0.5,0.75,251.00001525878906,0.2510000169277191,2852135134852260049,,centered_directional_fd,0.0,nuisance
stage0_contrastive_bs8_fn4_001,clean,clean/blocks_ranking_rgb/episode_000039/0_464,blocks_ranking_rgb,episode_000039,clean,,,,action_velocity,direction_photo,1.0,0.25,750.0,0.75,2852135134852260049,,centered_directional_fd,0.0,nuisance
stage0_contrastive_bs8_fn4_001,clean,clean/blocks_ranking_rgb/episode_000039/0_464,blocks_ranking_rgb,episode_000039,clean,,,,action_velocity,direction_photo,1.0,0.5,500.0,0.5,2852135134852260049,,centered_directional_fd,0.0,nuisance
stage0_contrastive_bs8_fn4_001,clean,clean/blocks_ranking_rgb/episode_000039/0_464,blocks_ranking_rgb,episode_000039,clean,,,,action_velocity,direction_photo,1.0,0.75,251.00001525878906,0.2510000169277191,2852135134852260049,,centered_directional_fd,0.0,nuisance
stage0_contrastive_bs8_fn4_001,clean,clean/blocks_ranking_rgb/episode_000039/0_464,blocks_ranking_rgb,episode_000039,clean,,,,action_velocity,direction_geometry,0.5,0.25,750.0,0.75,2852135134852260049,,centered_directional_fd,0.0,signal
stage0_contrastive_bs8_fn4_001,clean,clean/blocks_ranking_rgb/episode_000039/0_464,blocks_ranking_rgb,episode_000039,clean,,,,action_velocity,direction_geometry,0.5,0.5,500.0,0.5,2852135134852260049,,centered_directional_fd,0.0,signal
stage0_contrastive_bs8_fn4_001,clean,clean/blocks_ranking_rgb/episode_000039/0_464,blocks_ranking_rgb,episode_000039,clean,,,,action_velocity,direction_geometry,0.5,0.75,251.00001525878906,0.2510000169277191,2852135134852260049,,centered_directional_fd,0.0,signal
stage0_contrastive_bs8_fn4_001,clean,clean/blocks_ranking_rgb/episode_000039/0_464,blocks_ranking_rgb,episode_000039,clean,,,,action_velocity,direction_geometry,1.0,0.25,750.0,0.75,2852135134852260049,,centered_directional_fd,0.14401064813137054,signal
stage0_contrastive_bs8_fn4_001,clean,clean/blocks_ranking_rgb/episode_000039/0_464,blocks_ranking_rgb,episode_000039,clean,,,,action_velocity,direction_geometry,1.0,0.5,500.0,0.5,2852135134852260049,,centered_directional_fd,0.1633138805627823,signal
stage0_contrastive_bs8_fn4_001,clean,clean/blocks_ranking_rgb/episode_000039/0_464,blocks_ranking_rgb,episode_000039,clean,,,,action_velocity,direction_geometry,1.0,0.75,251.00001525878906,0.2510000169277191,2852135134852260049,,centered_directional_fd,0.2049483358860016,signal
stage0_contrastive_bs8_fn4_001,clean,clean/blocks_ranking_rgb/episode_000039/0_464,blocks_ranking_rgb,episode_000039,clean,,,,action_velocity,,0.5,0.25,,,,,directional_selectivity,0.0,
stage0_contrastive_bs8_fn4_001,clean,clean/blocks_ranking_rgb/episode_000039/0_464,blocks_ranking_rgb,episode_000039,clean,,,,action_velocity,,0.5,0.25,,,,,directional_selectivity,0.0,
stage0_contrastive_bs8_fn4_001,clean,clean/blocks_ranking_rgb/episode_000039/0_464,blocks_ranking_rgb,episode_000039,clean,,,,action_velocity,,1.0,0.25,,,,,directional_selectivity,144010648131.37054,
stage0_contrastive_bs8_fn4_001,clean,clean/blocks_ranking_rgb/episode_000039/0_464,blocks_ranking_rgb,episode_000039,clean,,,,action_velocity,,1.0,0.25,,,,,directional_selectivity,144010648131.37054,
stage0_contrastive_bs8_fn4_001,clean,clean/blocks_ranking_rgb/episode_000039/0_464,blocks_ranking_rgb,episode_000039,clean,,,,action_velocity,,0.5,0.5,,,,,directional_selectivity,0.0,
stage0_contrastive_bs8_fn4_001,clean,clean/blocks_ranking_rgb/episode_000039/0_464,blocks_ranking_rgb,episode_000039,clean,,,,action_velocity,,0.5,0.5,,,,,directional_selectivity,0.0,
stage0_contrastive_bs8_fn4_001,clean,clean/blocks_ranking_rgb/episode_000039/0_464,blocks_ranking_rgb,episode_000039,clean,,,,action_velocity,,1.0,0.5,,,,,directional_selectivity,163313880562.7823,
stage0_contrastive_bs8_fn4_001,clean,clean/blocks_ranking_rgb/episode_000039/0_464,blocks_ranking_rgb,episode_000039,clean,,,,action_velocity,,1.0,0.5,,,,,directional_selectivity,163313880562.7823,
stage0_contrastive_bs8_fn4_001,clean,clean/blocks_ranking_rgb/episode_000039/0_464,blocks_ranking_rgb,episode_000039,clean,,,,action_velocity,,0.5,0.75,,,,,directional_selectivity,0.0,
stage0_contrastive_bs8_fn4_001,clean,clean/blocks_ranking_rgb/episode_000039/0_464,blocks_ranking_rgb,episode_000039,clean,,,,action_velocity,,0.5,0.75,,,,,directional_selectivity,0.0,
stage0_contrastive_bs8_fn4_001,clean,clean/blocks_ranking_rgb/episode_000039/0_464,blocks_ranking_rgb,episode_000039,clean,,,,action_velocity,,1.0,0.75,,,,,directional_selectivity,204948335886.0016,
stage0_contrastive_bs8_fn4_001,clean,clean/blocks_ranking_rgb/episode_000039/0_464,blocks_ranking_rgb,episode_000039,clean,,,,action_velocity,,1.0,0.75,,,,,directional_selectivity,204948335886.0016,
stage0_contrastive_bs8_fn4_001,clean,clean/blocks_ranking_size/episode_000042/0_478,blocks_ranking_size,episode_000042,clean,,,,action_velocity,direction_photo,0.5,0.25,750.0,0.75,12174564400862382112,,centered_directional_fd,0.0,nuisance
stage0_contrastive_bs8_fn4_001,clean,clean/blocks_ranking_size/episode_000042/0_478,blocks_ranking_size,episode_000042,clean,,,,action_velocity,direction_photo,0.5,0.5,500.0,0.5,12174564400862382112,,centered_directional_fd,0.0,nuisance
stage0_contrastive_bs8_fn4_001,clean,clean/blocks_ranking_size/episode_000042/0_478,blocks_ranking_size,episode_000042,clean,,,,action_velocity,direction_photo,0.5,0.75,251.00001525878906,0.2510000169277191,12174564400862382112,,centered_directional_fd,0.0,nuisance
stage0_contrastive_bs8_fn4_001,clean,clean/blocks_ranking_size/episode_000042/0_478,blocks_ranking_size,episode_000042,clean,,,,action_velocity,direction_photo,1.0,0.25,750.0,0.75,12174564400862382112,,centered_directional_fd,0.0,nuisance
stage0_contrastive_bs8_fn4_001,clean,clean/blocks_ranking_size/episode_000042/0_478,blocks_ranking_size,episode_000042,clean,,,,action_velocity,direction_photo,1.0,0.5,500.0,0.5,12174564400862382112,,centered_directional_fd,0.0,nuisance
stage0_contrastive_bs8_fn4_001,clean,clean/blocks_ranking_size/episode_000042/0_478,blocks_ranking_size,episode_000042,clean,,,,action_velocity,direction_photo,1.0,0.75,251.00001525878906,0.2510000169277191,12174564400862382112,,centered_directional_fd,0.0,nuisance
stage0_contrastive_bs8_fn4_001,clean,clean/blocks_ranking_size/episode_000042/0_478,blocks_ranking_size,episode_000042,clean,,,,action_velocity,direction_geometry,0.5,0.25,750.0,0.75,12174564400862382112,,centered_directional_fd,0.0,signal
stage0_contrastive_bs8_fn4_001,clean,clean/blocks_ranking_size/episode_000042/0_478,blocks_ranking_size,episode_000042,clean,,,,action_velocity,direction_geometry,0.5,0.5,500.0,0.5,12174564400862382112,,centered_directional_fd,0.0,signal
stage0_contrastive_bs8_fn4_001,clean,clean/blocks_ranking_size/episode_000042/0_478,blocks_ranking_size,episode_000042,clean,,,,action_velocity,direction_geometry,0.5,0.75,251.00001525878906,0.2510000169277191,12174564400862382112,,centered_directional_fd,0.0,signal
stage0_contrastive_bs8_fn4_001,clean,clean/blocks_ranking_size/episode_000042/0_478,blocks_ranking_size,episode_000042,clean,,,,action_velocity,direction_geometry,1.0,0.25,750.0,0.75,12174564400862382112,,centered_directional_fd,0.15820907056331635,signal
stage0_contrastive_bs8_fn4_001,clean,clean/blocks_ranking_size/episode_000042/0_478,blocks_ranking_size,episode_000042,clean,,,,action_velocity,direction_geometry,1.0,0.5,500.0,0.5,12174564400862382112,,centered_directional_fd,0.17663602530956268,signal
stage0_contrastive_bs8_fn4_001,clean,clean/blocks_ranking_size/episode_000042/0_478,blocks_ranking_size,episode_000042,clean,,,,action_velocity,direction_geometry,1.0,0.75,251.00001525878906,0.2510000169277191,12174564400862382112,,centered_directional_fd,0.2200453281402588,signal
stage0_contrastive_bs8_fn4_001,clean,clean/blocks_ranking_size/episode_000042/0_478,blocks_ranking_size,episode_000042,clean,,,,action_velocity,,0.5,0.25,,,,,directional_selectivity,0.0,
stage0_contrastive_bs8_fn4_001,clean,clean/blocks_ranking_size/episode_000042/0_478,blocks_ranking_size,episode_000042,clean,,,,action_velocity,,0.5,0.25,,,,,directional_selectivity,0.0,
stage0_contrastive_bs8_fn4_001,clean,clean/blocks_ranking_size/episode_000042/0_478,blocks_ranking_size,episode_000042,clean,,,,action_velocity,,1.0,0.25,,,,,directional_selectivity,158209070563.31635,
stage0_contrastive_bs8_fn4_001,clean,clean/blocks_ranking_size/episode_000042/0_478,blocks_ranking_size,episode_000042,clean,,,,action_velocity,,1.0,0.25,,,,,directional_selectivity,158209070563.31635,
stage0_contrastive_bs8_fn4_001,clean,clean/blocks_ranking_size/episode_000042/0_478,blocks_ranking_size,episode_000042,clean,,,,action_velocity,,0.5,0.5,,,,,directional_selectivity,0.0,
stage0_contrastive_bs8_fn4_001,clean,clean/blocks_ranking_size/episode_000042/0_478,blocks_ranking_size,episode_000042,clean,,,,action_velocity,,0.5,0.5,,,,,directional_selectivity,0.0,
stage0_contrastive_bs8_fn4_001,clean,clean/blocks_ranking_size/episode_000042/0_478,blocks_ranking_size,episode_000042,clean,,,,action_velocity,,1.0,0.5,,,,,directional_selectivity,176636025309.56268,
stage0_contrastive_bs8_fn4_001,clean,clean/blocks_ranking_size/episode_000042/0_478,blocks_ranking_size,episode_000042,clean,,,,action_velocity,,1.0,0.5,,,,,directional_selectivity,176636025309.56268,
stage0_contrastive_bs8_fn4_001,clean,clean/blocks_ranking_size/episode_000042/0_478,blocks_ranking_size,episode_000042,clean,,,,action_velocity,,0.5,0.75,,,,,directional_selectivity,0.0,
stage0_contrastive_bs8_fn4_001,clean,clean/blocks_ranking_size/episode_000042/0_478,blocks_ranking_size,episode_000042,clean,,,,action_velocity,,0.5,0.75,,,,,directional_selectivity,0.0,
stage0_contrastive_bs8_fn4_001,clean,clean/blocks_ranking_size/episode_000042/0_478,blocks_ranking_size,episode_000042,clean,,,,action_velocity,,1.0,0.75,,,,,directional_selectivity,220045328140.2588,
stage0_contrastive_bs8_fn4_001,clean,clean/blocks_ranking_size/episode_000042/0_478,blocks_ranking_size,episode_000042,clean,,,,action_velocity,,1.0,0.75,,,,,directional_selectivity,220045328140.2588,
stage0_contrastive_bs8_fn4_001,clean,clean/click_alarmclock/episode_000040/0_76,click_alarmclock,episode_000040,clean,,,,action_velocity,direction_photo,0.5,0.25,750.0,0.75,3456786071859825307,,centered_directional_fd,0.0,nuisance
stage0_contrastive_bs8_fn4_001,clean,clean/click_alarmclock/episode_000040/0_76,click_alarmclock,episode_000040,clean,,,,action_velocity,direction_photo,0.5,0.5,500.0,0.5,3456786071859825307,,centered_directional_fd,0.0,nuisance
stage0_contrastive_bs8_fn4_001,clean,clean/click_alarmclock/episode_000040/0_76,click_alarmclock,episode_000040,clean,,,,action_velocity,direction_photo,0.5,0.75,251.00001525878906,0.2510000169277191,3456786071859825307,,centered_directional_fd,0.0,nuisance
stage0_contrastive_bs8_fn4_001,clean,clean/click_alarmclock/episode_000040/0_76,click_alarmclock,episode_000040,clean,,,,action_velocity,direction_photo,1.0,0.25,750.0,0.75,3456786071859825307,,centered_directional_fd,0.0,nuisance
stage0_contrastive_bs8_fn4_001,clean,clean/click_alarmclock/episode_000040/0_76,click_alarmclock,episode_000040,clean,,,,action_velocity,direction_photo,1.0,0.5,500.0,0.5,3456786071859825307,,centered_directional_fd,0.0,nuisance
stage0_contrastive_bs8_fn4_001,clean,clean/click_alarmclock/episode_000040/0_76,click_alarmclock,episode_000040,clean,,,,action_velocity,direction_photo,1.0,0.75,251.00001525878906,0.2510000169277191,3456786071859825307,,centered_directional_fd,0.0,nuisance
stage0_contrastive_bs8_fn4_001,clean,clean/click_alarmclock/episode_000040/0_76,click_alarmclock,episode_000040,clean,,,,action_velocity,direction_geometry,0.5,0.25,750.0,0.75,3456786071859825307,,centered_directional_fd,0.1401466280221939,signal
stage0_contrastive_bs8_fn4_001,clean,clean/click_alarmclock/episode_000040/0_76,click_alarmclock,episode_000040,clean,,,,action_velocity,direction_geometry,0.5,0.5,500.0,0.5,3456786071859825307,,centered_directional_fd,0.14897257089614868,signal
stage0_contrastive_bs8_fn4_001,clean,clean/click_alarmclock/episode_000040/0_76,click_alarmclock,episode_000040,clean,,,,action_velocity,direction_geometry,0.5,0.75,251.00001525878906,0.2510000169277191,3456786071859825307,,centered_directional_fd,0.19472253322601318,signal
stage0_contrastive_bs8_fn4_001,clean,clean/click_alarmclock/episode_000040/0_76,click_alarmclock,episode_000040,clean,,,,action_velocity,direction_geometry,1.0,0.25,750.0,0.75,3456786071859825307,,centered_directional_fd,0.06401530653238297,signal
stage0_contrastive_bs8_fn4_001,clean,clean/click_alarmclock/episode_000040/0_76,click_alarmclock,episode_000040,clean,,,,action_velocity,direction_geometry,1.0,0.5,500.0,0.5,3456786071859825307,,centered_directional_fd,0.06469519436359406,signal
stage0_contrastive_bs8_fn4_001,clean,clean/click_alarmclock/episode_000040/0_76,click_alarmclock,episode_000040,clean,,,,action_velocity,direction_geometry,1.0,0.75,251.00001525878906,0.2510000169277191,3456786071859825307,,centered_directional_fd,0.08731981366872787,signal
stage0_contrastive_bs8_fn4_001,clean,clean/click_alarmclock/episode_000040/0_76,click_alarmclock,episode_000040,clean,,,,action_velocity,,0.5,0.25,,,,,directional_selectivity,140146628022.1939,
stage0_contrastive_bs8_fn4_001,clean,clean/click_alarmclock/episode_000040/0_76,click_alarmclock,episode_000040,clean,,,,action_velocity,,0.5,0.25,,,,,directional_selectivity,140146628022.1939,
stage0_contrastive_bs8_fn4_001,clean,clean/click_alarmclock/episode_000040/0_76,click_alarmclock,episode_000040,clean,,,,action_velocity,,1.0,0.25,,,,,directional_selectivity,64015306532.382965,
stage0_contrastive_bs8_fn4_001,clean,clean/click_alarmclock/episode_000040/0_76,click_alarmclock,episode_000040,clean,,,,action_velocity,,1.0,0.25,,,,,directional_selectivity,64015306532.382965,
stage0_contrastive_bs8_fn4_001,clean,clean/click_alarmclock/episode_000040/0_76,click_alarmclock,episode_000040,clean,,,,action_velocity,,0.5,0.5,,,,,directional_selectivity,148972570896.14868,
stage0_contrastive_bs8_fn4_001,clean,clean/click_alarmclock/episode_000040/0_76,click_alarmclock,episode_000040,clean,,,,action_velocity,,0.5,0.5,,,,,directional_selectivity,148972570896.14868,
stage0_contrastive_bs8_fn4_001,clean,clean/click_alarmclock/episode_000040/0_76,click_alarmclock,episode_000040,clean,,,,action_velocity,,1.0,0.5,,,,,directional_selectivity,64695194363.594055,
stage0_contrastive_bs8_fn4_001,clean,clean/click_alarmclock/episode_000040/0_76,click_alarmclock,episode_000040,clean,,,,action_velocity,,1.0,0.5,,,,,directional_selectivity,64695194363.594055,
stage0_contrastive_bs8_fn4_001,clean,clean/click_alarmclock/episode_000040/0_76,click_alarmclock,episode_000040,clean,,,,action_velocity,,0.5,0.75,,,,,directional_selectivity,194722533226.01318,
stage0_contrastive_bs8_fn4_001,clean,clean/click_alarmclock/episode_000040/0_76,click_alarmclock,episode_000040,clean,,,,action_velocity,,0.5,0.75,,,,,directional_selectivity,194722533226.01318,
stage0_contrastive_bs8_fn4_001,clean,clean/click_alarmclock/episode_000040/0_76,click_alarmclock,episode_000040,clean,,,,action_velocity,,1.0,0.75,,,,,directional_selectivity,87319813668.72787,
stage0_contrastive_bs8_fn4_001,clean,clean/click_alarmclock/episode_000040/0_76,click_alarmclock,episode_000040,clean,,,,action_velocity,,1.0,0.75,,,,,directional_selectivity,87319813668.72787,
stage0_contrastive_bs8_fn4_001,clean,clean/click_bell/episode_000027/0_74,click_bell,episode_000027,clean,,,,action_velocity,direction_photo,0.5,0.25,750.0,0.75,16822075493149087319,,centered_directional_fd,0.0,nuisance
stage0_contrastive_bs8_fn4_001,clean,clean/click_bell/episode_000027/0_74,click_bell,episode_000027,clean,,,,action_velocity,direction_photo,0.5,0.5,500.0,0.5,16822075493149087319,,centered_directional_fd,0.0,nuisance
stage0_contrastive_bs8_fn4_001,clean,clean/click_bell/episode_000027/0_74,click_bell,episode_000027,clean,,,,action_velocity,direction_photo,0.5,0.75,251.00001525878906,0.2510000169277191,16822075493149087319,,centered_directional_fd,0.0,nuisance
stage0_contrastive_bs8_fn4_001,clean,clean/click_bell/episode_000027/0_74,click_bell,episode_000027,clean,,,,action_velocity,direction_photo,1.0,0.25,750.0,0.75,16822075493149087319,,centered_directional_fd,0.0,nuisance
stage0_contrastive_bs8_fn4_001,clean,clean/click_bell/episode_000027/0_74,click_bell,episode_000027,clean,,,,action_velocity,direction_photo,1.0,0.5,500.0,0.5,16822075493149087319,,centered_directional_fd,0.0,nuisance
stage0_contrastive_bs8_fn4_001,clean,clean/click_bell/episode_000027/0_74,click_bell,episode_000027,clean,,,,action_velocity,direction_photo,1.0,0.75,251.00001525878906,0.2510000169277191,16822075493149087319,,centered_directional_fd,0.0,nuisance
stage0_contrastive_bs8_fn4_001,clean,clean/click_bell/episode_000027/0_74,click_bell,episode_000027,clean,,,,action_velocity,direction_geometry,0.5,0.25,750.0,0.75,16822075493149087319,,centered_directional_fd,0.12166283279657364,signal
stage0_contrastive_bs8_fn4_001,clean,clean/click_bell/episode_000027/0_74,click_bell,episode_000027,clean,,,,action_velocity,direction_geometry,0.5,0.5,500.0,0.5,16822075493149087319,,centered_directional_fd,0.12200981378555298,signal
stage0_contrastive_bs8_fn4_001,clean,clean/click_bell/episode_000027/0_74,click_bell,episode_000027,clean,,,,action_velocity,direction_geometry,0.5,0.75,251.00001525878906,0.2510000169277191,16822075493149087319,,centered_directional_fd,0.15915535390377045,signal
stage0_contrastive_bs8_fn4_001,clean,clean/click_bell/episode_000027/0_74,click_bell,episode_000027,clean,,,,action_velocity,direction_geometry,1.0,0.25,750.0,0.75,16822075493149087319,,centered_directional_fd,0.06286074966192245,signal
stage0_contrastive_bs8_fn4_001,clean,clean/click_bell/episode_000027/0_74,click_bell,episode_000027,clean,,,,action_velocity,direction_geometry,1.0,0.5,500.0,0.5,16822075493149087319,,centered_directional_fd,0.059474293142557144,signal
stage0_contrastive_bs8_fn4_001,clean,clean/click_bell/episode_000027/0_74,click_bell,episode_000027,clean,,,,action_velocity,direction_geometry,1.0,0.75,251.00001525878906,0.2510000169277191,16822075493149087319,,centered_directional_fd,0.07818592339754105,signal
stage0_contrastive_bs8_fn4_001,clean,clean/click_bell/episode_000027/0_74,click_bell,episode_000027,clean,,,,action_velocity,,0.5,0.25,,,,,directional_selectivity,121662832796.57364,
stage0_contrastive_bs8_fn4_001,clean,clean/click_bell/episode_000027/0_74,click_bell,episode_000027,clean,,,,action_velocity,,0.5,0.25,,,,,directional_selectivity,121662832796.57364,
stage0_contrastive_bs8_fn4_001,clean,clean/click_bell/episode_000027/0_74,click_bell,episode_000027,clean,,,,action_velocity,,1.0,0.25,,,,,directional_selectivity,62860749661.922455,
stage0_contrastive_bs8_fn4_001,clean,clean/click_bell/episode_000027/0_74,click_bell,episode_000027,clean,,,,action_velocity,,1.0,0.25,,,,,directional_selectivity,62860749661.922455,
stage0_contrastive_bs8_fn4_001,clean,clean/click_bell/episode_000027/0_74,click_bell,episode_000027,clean,,,,action_velocity,,0.5,0.5,,,,,directional_selectivity,122009813785.55298,
stage0_contrastive_bs8_fn4_001,clean,clean/click_bell/episode_000027/0_74,click_bell,episode_000027,clean,,,,action_velocity,,0.5,0.5,,,,,directional_selectivity,122009813785.55298,
stage0_contrastive_bs8_fn4_001,clean,clean/click_bell/episode_000027/0_74,click_bell,episode_000027,clean,,,,action_velocity,,1.0,0.5,,,,,directional_selectivity,59474293142.557144,
stage0_contrastive_bs8_fn4_001,clean,clean/click_bell/episode_000027/0_74,click_bell,episode_000027,clean,,,,action_velocity,,1.0,0.5,,,,,directional_selectivity,59474293142.557144,
stage0_contrastive_bs8_fn4_001,clean,clean/click_bell/episode_000027/0_74,click_bell,episode_000027,clean,,,,action_velocity,,0.5,0.75,,,,,directional_selectivity,159155353903.77045,
stage0_contrastive_bs8_fn4_001,clean,clean/click_bell/episode_000027/0_74,click_bell,episode_000027,clean,,,,action_velocity,,0.5,0.75,,,,,directional_selectivity,159155353903.77045,
stage0_contrastive_bs8_fn4_001,clean,clean/click_bell/episode_000027/0_74,click_bell,episode_000027,clean,,,,action_velocity,,1.0,0.75,,,,,directional_selectivity,78185923397.54105,
stage0_contrastive_bs8_fn4_001,clean,clean/click_bell/episode_000027/0_74,click_bell,episode_000027,clean,,,,action_velocity,,1.0,0.75,,,,,directional_selectivity,78185923397.54105,
stage0_contrastive_bs8_fn4_001,clean,clean/dump_bin_bigbin/episode_000003/0_173,dump_bin_bigbin,episode_000003,clean,,,,action_velocity,direction_photo,0.5,0.25,750.0,0.75,9694063702409483369,,centered_directional_fd,0.0,nuisance
stage0_contrastive_bs8_fn4_001,clean,clean/dump_bin_bigbin/episode_000003/0_173,dump_bin_bigbin,episode_000003,clean,,,,action_velocity,direction_photo,0.5,0.5,500.0,0.5,9694063702409483369,,centered_directional_fd,0.0,nuisance
stage0_contrastive_bs8_fn4_001,clean,clean/dump_bin_bigbin/episode_000003/0_173,dump_bin_bigbin,episode_000003,clean,,,,action_velocity,direction_photo,0.5,0.75,251.00001525878906,0.2510000169277191,9694063702409483369,,centered_directional_fd,0.0,nuisance
stage0_contrastive_bs8_fn4_001,clean,clean/dump_bin_bigbin/episode_000003/0_173,dump_bin_bigbin,episode_000003,clean,,,,action_velocity,direction_photo,1.0,0.25,750.0,0.75,9694063702409483369,,centered_directional_fd,0.0,nuisance
stage0_contrastive_bs8_fn4_001,clean,clean/dump_bin_bigbin/episode_000003/0_173,dump_bin_bigbin,episode_000003,clean,,,,action_velocity,direction_photo,1.0,0.5,500.0,0.5,9694063702409483369,,centered_directional_fd,0.0,nuisance
stage0_contrastive_bs8_fn4_001,clean,clean/dump_bin_bigbin/episode_000003/0_173,dump_bin_bigbin,episode_000003,clean,,,,action_velocity,direction_photo,1.0,0.75,251.00001525878906,0.2510000169277191,9694063702409483369,,centered_directional_fd,0.0,nuisance
stage0_contrastive_bs8_fn4_001,clean,clean/dump_bin_bigbin/episode_000003/0_173,dump_bin_bigbin,episode_000003,clean,,,,action_velocity,direction_geometry,0.5,0.25,750.0,0.75,9694063702409483369,,centered_directional_fd,0.18958619236946106,signal
stage0_contrastive_bs8_fn4_001,clean,clean/dump_bin_bigbin/episode_000003/0_173,dump_bin_bigbin,episode_000003,clean,,,,action_velocity,direction_geometry,0.5,0.5,500.0,0.5,9694063702409483369,,centered_directional_fd,0.22312815487384796,signal
stage0_contrastive_bs8_fn4_001,clean,clean/dump_bin_bigbin/episode_000003/0_173,dump_bin_bigbin,episode_000003,clean,,,,action_velocity,direction_geometry,0.5,0.75,251.00001525878906,0.2510000169277191,9694063702409483369,,centered_directional_fd,0.2720053493976593,signal
stage0_contrastive_bs8_fn4_001,clean,clean/dump_bin_bigbin/episode_000003/0_173,dump_bin_bigbin,episode_000003,clean,,,,action_velocity,direction_geometry,1.0,0.25,750.0,0.75,9694063702409483369,,centered_directional_fd,0.0975680872797966,signal
stage0_contrastive_bs8_fn4_001,clean,clean/dump_bin_bigbin/episode_000003/0_173,dump_bin_bigbin,episode_000003,clean,,,,action_velocity,direction_geometry,1.0,0.5,500.0,0.5,9694063702409483369,,centered_directional_fd,0.0985926017165184,signal
stage0_contrastive_bs8_fn4_001,clean,clean/dump_bin_bigbin/episode_000003/0_173,dump_bin_bigbin,episode_000003,clean,,,,action_velocity,direction_geometry,1.0,0.75,251.00001525878906,0.2510000169277191,9694063702409483369,,centered_directional_fd,0.12390647083520889,signal
stage0_contrastive_bs8_fn4_001,clean,clean/dump_bin_bigbin/episode_000003/0_173,dump_bin_bigbin,episode_000003,clean,,,,action_velocity,,0.5,0.25,,,,,directional_selectivity,189586192369.46106,
stage0_contrastive_bs8_fn4_001,clean,clean/dump_bin_bigbin/episode_000003/0_173,dump_bin_bigbin,episode_000003,clean,,,,action_velocity,,0.5,0.25,,,,,directional_selectivity,189586192369.46106,
stage0_contrastive_bs8_fn4_001,clean,clean/dump_bin_bigbin/episode_000003/0_173,dump_bin_bigbin,episode_000003,clean,,,,action_velocity,,1.0,0.25,,,,,directional_selectivity,97568087279.7966,
stage0_contrastive_bs8_fn4_001,clean,clean/dump_bin_bigbin/episode_000003/0_173,dump_bin_bigbin,episode_000003,clean,,,,action_velocity,,1.0,0.25,,,,,directional_selectivity,97568087279.7966,
stage0_contrastive_bs8_fn4_001,clean,clean/dump_bin_bigbin/episode_000003/0_173,dump_bin_bigbin,episode_000003,clean,,,,action_velocity,,0.5,0.5,,,,,directional_selectivity,223128154873.84796,
stage0_contrastive_bs8_fn4_001,clean,clean/dump_bin_bigbin/episode_000003/0_173,dump_bin_bigbin,episode_000003,clean,,,,action_velocity,,0.5,0.5,,,,,directional_selectivity,223128154873.84796,
stage0_contrastive_bs8_fn4_001,clean,clean/dump_bin_bigbin/episode_000003/0_173,dump_bin_bigbin,episode_000003,clean,,,,action_velocity,,1.0,0.5,,,,,directional_selectivity,98592601716.5184,
stage0_contrastive_bs8_fn4_001,clean,clean/dump_bin_bigbin/episode_000003/0_173,dump_bin_bigbin,episode_000003,clean,,,,action_velocity,,1.0,0.5,,,,,directional_selectivity,98592601716.5184,
stage0_contrastive_bs8_fn4_001,clean,clean/dump_bin_bigbin/episode_000003/0_173,dump_bin_bigbin,episode_000003,clean,,,,action_velocity,,0.5,0.75,,,,,directional_selectivity,272005349397.6593,
stage0_contrastive_bs8_fn4_001,clean,clean/dump_bin_bigbin/episode_000003/0_173,dump_bin_bigbin,episode_000003,clean,,,,action_velocity,,0.5,0.75,,,,,directional_selectivity,272005349397.6593,
stage0_contrastive_bs8_fn4_001,clean,clean/dump_bin_bigbin/episode_000003/0_173,dump_bin_bigbin,episode_000003,clean,,,,action_velocity,,1.0,0.75,,,,,directional_selectivity,123906470835.2089,
stage0_contrastive_bs8_fn4_001,clean,clean/dump_bin_bigbin/episode_000003/0_173,dump_bin_bigbin,episode_000003,clean,,,,action_velocity,,1.0,0.75,,,,,directional_selectivity,123906470835.2089,
stage0_contrastive_bs8_fn4_001,clean,clean/grab_roller/episode_000003/0_95,grab_roller,episode_000003,clean,,,,action_velocity,direction_photo,0.5,0.25,750.0,0.75,16834811967688122419,,centered_directional_fd,0.0,nuisance
stage0_contrastive_bs8_fn4_001,clean,clean/grab_roller/episode_000003/0_95,grab_roller,episode_000003,clean,,,,action_velocity,direction_photo,0.5,0.5,500.0,0.5,16834811967688122419,,centered_directional_fd,0.0,nuisance
stage0_contrastive_bs8_fn4_001,clean,clean/grab_roller/episode_000003/0_95,grab_roller,episode_000003,clean,,,,action_velocity,direction_photo,0.5,0.75,251.00001525878906,0.2510000169277191,16834811967688122419,,centered_directional_fd,0.0,nuisance
stage0_contrastive_bs8_fn4_001,clean,clean/grab_roller/episode_000003/0_95,grab_roller,episode_000003,clean,,,,action_velocity,direction_photo,1.0,0.25,750.0,0.75,16834811967688122419,,centered_directional_fd,0.0,nuisance
stage0_contrastive_bs8_fn4_001,clean,clean/grab_roller/episode_000003/0_95,grab_roller,episode_000003,clean,,,,action_velocity,direction_photo,1.0,0.5,500.0,0.5,16834811967688122419,,centered_directional_fd,0.0,nuisance
stage0_contrastive_bs8_fn4_001,clean,clean/grab_roller/episode_000003/0_95,grab_roller,episode_000003,clean,,,,action_velocity,direction_photo,1.0,0.75,251.00001525878906,0.2510000169277191,16834811967688122419,,centered_directional_fd,0.0,nuisance
stage0_contrastive_bs8_fn4_001,clean,clean/grab_roller/episode_000003/0_95,grab_roller,episode_000003,clean,,,,action_velocity,direction_geometry,0.5,0.25,750.0,0.75,16834811967688122419,,centered_directional_fd,0.14017356932163239,signal
stage0_contrastive_bs8_fn4_001,clean,clean/grab_roller/episode_000003/0_95,grab_roller,episode_000003,clean,,,,action_velocity,direction_geometry,0.5,0.5,500.0,0.5,16834811967688122419,,centered_directional_fd,0.16279660165309906,signal
stage0_contrastive_bs8_fn4_001,clean,clean/grab_roller/episode_000003/0_95,grab_roller,episode_000003,clean,,,,action_velocity,direction_geometry,0.5,0.75,251.00001525878906,0.2510000169277191,16834811967688122419,,centered_directional_fd,0.193839892745018,signal
stage0_contrastive_bs8_fn4_001,clean,clean/grab_roller/episode_000003/0_95,grab_roller,episode_000003,clean,,,,action_velocity,direction_geometry,1.0,0.25,750.0,0.75,16834811967688122419,,centered_directional_fd,0.068418487906456,signal
stage0_contrastive_bs8_fn4_001,clean,clean/grab_roller/episode_000003/0_95,grab_roller,episode_000003,clean,,,,action_velocity,direction_geometry,1.0,0.5,500.0,0.5,16834811967688122419,,centered_directional_fd,0.07685837149620056,signal
stage0_contrastive_bs8_fn4_001,clean,clean/grab_roller/episode_000003/0_95,grab_roller,episode_000003,clean,,,,action_velocity,direction_geometry,1.0,0.75,251.00001525878906,0.2510000169277191,16834811967688122419,,centered_directional_fd,0.0892106294631958,signal
stage0_contrastive_bs8_fn4_001,clean,clean/grab_roller/episode_000003/0_95,grab_roller,episode_000003,clean,,,,action_velocity,,0.5,0.25,,,,,directional_selectivity,140173569321.6324,
stage0_contrastive_bs8_fn4_001,clean,clean/grab_roller/episode_000003/0_95,grab_roller,episode_000003,clean,,,,action_velocity,,0.5,0.25,,,,,directional_selectivity,140173569321.6324,
stage0_contrastive_bs8_fn4_001,clean,clean/grab_roller/episode_000003/0_95,grab_roller,episode_000003,clean,,,,action_velocity,,1.0,0.25,,,,,directional_selectivity,68418487906.45599,
stage0_contrastive_bs8_fn4_001,clean,clean/grab_roller/episode_000003/0_95,grab_roller,episode_000003,clean,,,,action_velocity,,1.0,0.25,,,,,directional_selectivity,68418487906.45599,
stage0_contrastive_bs8_fn4_001,clean,clean/grab_roller/episode_000003/0_95,grab_roller,episode_000003,clean,,,,action_velocity,,0.5,0.5,,,,,directional_selectivity,162796601653.09906,
stage0_contrastive_bs8_fn4_001,clean,clean/grab_roller/episode_000003/0_95,grab_roller,episode_000003,clean,,,,action_velocity,,0.5,0.5,,,,,directional_selectivity,162796601653.09906,
stage0_contrastive_bs8_fn4_001,clean,clean/grab_roller/episode_000003/0_95,grab_roller,episode_000003,clean,,,,action_velocity,,1.0,0.5,,,,,directional_selectivity,76858371496.20056,
stage0_contrastive_bs8_fn4_001,clean,clean/grab_roller/episode_000003/0_95,grab_roller,episode_000003,clean,,,,action_velocity,,1.0,0.5,,,,,directional_selectivity,76858371496.20056,
stage0_contrastive_bs8_fn4_001,clean,clean/grab_roller/episode_000003/0_95,grab_roller,episode_000003,clean,,,,action_velocity,,0.5,0.75,,,,,directional_selectivity,193839892745.018,
stage0_contrastive_bs8_fn4_001,clean,clean/grab_roller/episode_000003/0_95,grab_roller,episode_000003,clean,,,,action_velocity,,0.5,0.75,,,,,directional_selectivity,193839892745.018,
stage0_contrastive_bs8_fn4_001,clean,clean/grab_roller/episode_000003/0_95,grab_roller,episode_000003,clean,,,,action_velocity,,1.0,0.75,,,,,directional_selectivity,89210629463.1958,
stage0_contrastive_bs8_fn4_001,clean,clean/grab_roller/episode_000003/0_95,grab_roller,episode_000003,clean,,,,action_velocity,,1.0,0.75,,,,,directional_selectivity,89210629463.1958,
stage0_contrastive_bs8_fn4_001,clean,clean/handover_block/episode_000000/0_276,handover_block,episode_000000,clean,,,,action_velocity,direction_photo,0.5,0.25,750.0,0.75,11669328836656501378,,centered_directional_fd,0.0,nuisance
stage0_contrastive_bs8_fn4_001,clean,clean/handover_block/episode_000000/0_276,handover_block,episode_000000,clean,,,,action_velocity,direction_photo,0.5,0.5,500.0,0.5,11669328836656501378,,centered_directional_fd,0.0,nuisance
stage0_contrastive_bs8_fn4_001,clean,clean/handover_block/episode_000000/0_276,handover_block,episode_000000,clean,,,,action_velocity,direction_photo,0.5,0.75,251.00001525878906,0.2510000169277191,11669328836656501378,,centered_directional_fd,0.0,nuisance
stage0_contrastive_bs8_fn4_001,clean,clean/handover_block/episode_000000/0_276,handover_block,episode_000000,clean,,,,action_velocity,direction_photo,1.0,0.25,750.0,0.75,11669328836656501378,,centered_directional_fd,0.0,nuisance
stage0_contrastive_bs8_fn4_001,clean,clean/handover_block/episode_000000/0_276,handover_block,episode_000000,clean,,,,action_velocity,direction_photo,1.0,0.5,500.0,0.5,11669328836656501378,,centered_directional_fd,0.0,nuisance
stage0_contrastive_bs8_fn4_001,clean,clean/handover_block/episode_000000/0_276,handover_block,episode_000000,clean,,,,action_velocity,direction_photo,1.0,0.75,251.00001525878906,0.2510000169277191,11669328836656501378,,centered_directional_fd,0.0,nuisance
stage0_contrastive_bs8_fn4_001,clean,clean/handover_block/episode_000000/0_276,handover_block,episode_000000,clean,,,,action_velocity,direction_geometry,0.5,0.25,750.0,0.75,11669328836656501378,,centered_directional_fd,0.0,signal
stage0_contrastive_bs8_fn4_001,clean,clean/handover_block/episode_000000/0_276,handover_block,episode_000000,clean,,,,action_velocity,direction_geometry,0.5,0.5,500.0,0.5,11669328836656501378,,centered_directional_fd,0.0,signal
stage0_contrastive_bs8_fn4_001,clean,clean/handover_block/episode_000000/0_276,handover_block,episode_000000,clean,,,,action_velocity,direction_geometry,0.5,0.75,251.00001525878906,0.2510000169277191,11669328836656501378,,centered_directional_fd,0.0,signal
stage0_contrastive_bs8_fn4_001,clean,clean/handover_block/episode_000000/0_276,handover_block,episode_000000,clean,,,,action_velocity,direction_geometry,1.0,0.25,750.0,0.75,11669328836656501378,,centered_directional_fd,0.11812641471624374,signal
stage0_contrastive_bs8_fn4_001,clean,clean/handover_block/episode_000000/0_276,handover_block,episode_000000,clean,,,,action_velocity,direction_geometry,1.0,0.5,500.0,0.5,11669328836656501378,,centered_directional_fd,0.13136820495128632,signal
stage0_contrastive_bs8_fn4_001,clean,clean/handover_block/episode_000000/0_276,handover_block,episode_000000,clean,,,,action_velocity,direction_geometry,1.0,0.75,251.00001525878906,0.2510000169277191,11669328836656501378,,centered_directional_fd,0.1643708348274231,signal
stage0_contrastive_bs8_fn4_001,clean,clean/handover_block/episode_000000/0_276,handover_block,episode_000000,clean,,,,action_velocity,,0.5,0.25,,,,,directional_selectivity,0.0,
stage0_contrastive_bs8_fn4_001,clean,clean/handover_block/episode_000000/0_276,handover_block,episode_000000,clean,,,,action_velocity,,0.5,0.25,,,,,directional_selectivity,0.0,
stage0_contrastive_bs8_fn4_001,clean,clean/handover_block/episode_000000/0_276,handover_block,episode_000000,clean,,,,action_velocity,,1.0,0.25,,,,,directional_selectivity,118126414716.24374,
stage0_contrastive_bs8_fn4_001,clean,clean/handover_block/episode_000000/0_276,handover_block,episode_000000,clean,,,,action_velocity,,1.0,0.25,,,,,directional_selectivity,118126414716.24374,
stage0_contrastive_bs8_fn4_001,clean,clean/handover_block/episode_000000/0_276,handover_block,episode_000000,clean,,,,action_velocity,,0.5,0.5,,,,,directional_selectivity,0.0,
stage0_contrastive_bs8_fn4_001,clean,clean/handover_block/episode_000000/0_276,handover_block,episode_000000,clean,,,,action_velocity,,0.5,0.5,,,,,directional_selectivity,0.0,
stage0_contrastive_bs8_fn4_001,clean,clean/handover_block/episode_000000/0_276,handover_block,episode_000000,clean,,,,action_velocity,,1.0,0.5,,,,,directional_selectivity,131368204951.28632,
stage0_contrastive_bs8_fn4_001,clean,clean/handover_block/episode_000000/0_276,handover_block,episode_000000,clean,,,,action_velocity,,1.0,0.5,,,,,directional_selectivity,131368204951.28632,
stage0_contrastive_bs8_fn4_001,clean,clean/handover_block/episode_000000/0_276,handover_block,episode_000000,clean,,,,action_velocity,,0.5,0.75,,,,,directional_selectivity,0.0,
stage0_contrastive_bs8_fn4_001,clean,clean/handover_block/episode_000000/0_276,handover_block,episode_000000,clean,,,,action_velocity,,0.5,0.75,,,,,directional_selectivity,0.0,
stage0_contrastive_bs8_fn4_001,clean,clean/handover_block/episode_000000/0_276,handover_block,episode_000000,clean,,,,action_velocity,,1.0,0.75,,,,,directional_selectivity,164370834827.4231,
stage0_contrastive_bs8_fn4_001,clean,clean/handover_block/episode_000000/0_276,handover_block,episode_000000,clean,,,,action_velocity,,1.0,0.75,,,,,directional_selectivity,164370834827.4231,
stage0_contrastive_bs8_fn4_001,clean,clean/handover_mic/episode_000028/0_222,handover_mic,episode_000028,clean,,,,action_velocity,direction_photo,0.5,0.25,750.0,0.75,92542508949322640,,centered_directional_fd,0.0,nuisance
stage0_contrastive_bs8_fn4_001,clean,clean/handover_mic/episode_000028/0_222,handover_mic,episode_000028,clean,,,,action_velocity,direction_photo,0.5,0.5,500.0,0.5,92542508949322640,,centered_directional_fd,0.0,nuisance
stage0_contrastive_bs8_fn4_001,clean,clean/handover_mic/episode_000028/0_222,handover_mic,episode_000028,clean,,,,action_velocity,direction_photo,0.5,0.75,251.00001525878906,0.2510000169277191,92542508949322640,,centered_directional_fd,0.0,nuisance
stage0_contrastive_bs8_fn4_001,clean,clean/handover_mic/episode_000028/0_222,handover_mic,episode_000028,clean,,,,action_velocity,direction_photo,1.0,0.25,750.0,0.75,92542508949322640,,centered_directional_fd,0.0,nuisance
stage0_contrastive_bs8_fn4_001,clean,clean/handover_mic/episode_000028/0_222,handover_mic,episode_000028,clean,,,,action_velocity,direction_photo,1.0,0.5,500.0,0.5,92542508949322640,,centered_directional_fd,0.0,nuisance
stage0_contrastive_bs8_fn4_001,clean,clean/handover_mic/episode_000028/0_222,handover_mic,episode_000028,clean,,,,action_velocity,direction_photo,1.0,0.75,251.00001525878906,0.2510000169277191,92542508949322640,,centered_directional_fd,0.0,nuisance
stage0_contrastive_bs8_fn4_001,clean,clean/handover_mic/episode_000028/0_222,handover_mic,episode_000028,clean,,,,action_velocity,direction_geometry,0.5,0.25,750.0,0.75,92542508949322640,,centered_directional_fd,0.0,signal
stage0_contrastive_bs8_fn4_001,clean,clean/handover_mic/episode_000028/0_222,handover_mic,episode_000028,clean,,,,action_velocity,direction_geometry,0.5,0.5,500.0,0.5,92542508949322640,,centered_directional_fd,0.0,signal
stage0_contrastive_bs8_fn4_001,clean,clean/handover_mic/episode_000028/0_222,handover_mic,episode_000028,clean,,,,action_velocity,direction_geometry,0.5,0.75,251.00001525878906,0.2510000169277191,92542508949322640,,centered_directional_fd,0.0,signal
stage0_contrastive_bs8_fn4_001,clean,clean/handover_mic/episode_000028/0_222,handover_mic,episode_000028,clean,,,,action_velocity,direction_geometry,1.0,0.25,750.0,0.75,92542508949322640,,centered_directional_fd,0.10350960493087769,signal
stage0_contrastive_bs8_fn4_001,clean,clean/handover_mic/episode_000028/0_222,handover_mic,episode_000028,clean,,,,action_velocity,direction_geometry,1.0,0.5,500.0,0.5,92542508949322640,,centered_directional_fd,0.10915342718362808,signal
stage0_contrastive_bs8_fn4_001,clean,clean/handover_mic/episode_000028/0_222,handover_mic,episode_000028,clean,,,,action_velocity,direction_geometry,1.0,0.75,251.00001525878906,0.2510000169277191,92542508949322640,,centered_directional_fd,0.13809913396835327,signal
stage0_contrastive_bs8_fn4_001,clean,clean/handover_mic/episode_000028/0_222,handover_mic,episode_000028,clean,,,,action_velocity,,0.5,0.25,,,,,directional_selectivity,0.0,
stage0_contrastive_bs8_fn4_001,clean,clean/handover_mic/episode_000028/0_222,handover_mic,episode_000028,clean,,,,action_velocity,,0.5,0.25,,,,,directional_selectivity,0.0,
stage0_contrastive_bs8_fn4_001,clean,clean/handover_mic/episode_000028/0_222,handover_mic,episode_000028,clean,,,,action_velocity,,1.0,0.25,,,,,directional_selectivity,103509604930.87769,
stage0_contrastive_bs8_fn4_001,clean,clean/handover_mic/episode_000028/0_222,handover_mic,episode_000028,clean,,,,action_velocity,,1.0,0.25,,,,,directional_selectivity,103509604930.87769,
stage0_contrastive_bs8_fn4_001,clean,clean/handover_mic/episode_000028/0_222,handover_mic,episode_000028,clean,,,,action_velocity,,0.5,0.5,,,,,directional_selectivity,0.0,
stage0_contrastive_bs8_fn4_001,clean,clean/handover_mic/episode_000028/0_222,handover_mic,episode_000028,clean,,,,action_velocity,,0.5,0.5,,,,,directional_selectivity,0.0,
stage0_contrastive_bs8_fn4_001,clean,clean/handover_mic/episode_000028/0_222,handover_mic,episode_000028,clean,,,,action_velocity,,1.0,0.5,,,,,directional_selectivity,109153427183.62808,
stage0_contrastive_bs8_fn4_001,clean,clean/handover_mic/episode_000028/0_222,handover_mic,episode_000028,clean,,,,action_velocity,,1.0,0.5,,,,,directional_selectivity,109153427183.62808,
stage0_contrastive_bs8_fn4_001,clean,clean/handover_mic/episode_000028/0_222,handover_mic,episode_000028,clean,,,,action_velocity,,0.5,0.75,,,,,directional_selectivity,0.0,
stage0_contrastive_bs8_fn4_001,clean,clean/handover_mic/episode_000028/0_222,handover_mic,episode_000028,clean,,,,action_velocity,,0.5,0.75,,,,,directional_selectivity,0.0,
stage0_contrastive_bs8_fn4_001,clean,clean/handover_mic/episode_000028/0_222,handover_mic,episode_000028,clean,,,,action_velocity,,1.0,0.75,,,,,directional_selectivity,138099133968.35327,
stage0_contrastive_bs8_fn4_001,clean,clean/handover_mic/episode_000028/0_222,handover_mic,episode_000028,clean,,,,action_velocity,,1.0,0.75,,,,,directional_selectivity,138099133968.35327,
stage0_contrastive_bs8_fn4_001,contrastive,clean/adjust_bottle/episode_000044/0_139,adjust_bottle,episode_000044,clean,,,,action_velocity,direction_photo,0.5,0.25,750.0,0.75,13788209987369430635,,centered_directional_fd,0.0,nuisance
stage0_contrastive_bs8_fn4_001,contrastive,clean/adjust_bottle/episode_000044/0_139,adjust_bottle,episode_000044,clean,,,,action_velocity,direction_photo,0.5,0.5,500.0,0.5,13788209987369430635,,centered_directional_fd,0.0,nuisance
stage0_contrastive_bs8_fn4_001,contrastive,clean/adjust_bottle/episode_000044/0_139,adjust_bottle,episode_000044,clean,,,,action_velocity,direction_photo,0.5,0.75,251.00001525878906,0.2510000169277191,13788209987369430635,,centered_directional_fd,0.0,nuisance
stage0_contrastive_bs8_fn4_001,contrastive,clean/adjust_bottle/episode_000044/0_139,adjust_bottle,episode_000044,clean,,,,action_velocity,direction_photo,1.0,0.25,750.0,0.75,13788209987369430635,,centered_directional_fd,0.0,nuisance
stage0_contrastive_bs8_fn4_001,contrastive,clean/adjust_bottle/episode_000044/0_139,adjust_bottle,episode_000044,clean,,,,action_velocity,direction_photo,1.0,0.5,500.0,0.5,13788209987369430635,,centered_directional_fd,0.0,nuisance
stage0_contrastive_bs8_fn4_001,contrastive,clean/adjust_bottle/episode_000044/0_139,adjust_bottle,episode_000044,clean,,,,action_velocity,direction_photo,1.0,0.75,251.00001525878906,0.2510000169277191,13788209987369430635,,centered_directional_fd,0.0,nuisance
stage0_contrastive_bs8_fn4_001,contrastive,clean/adjust_bottle/episode_000044/0_139,adjust_bottle,episode_000044,clean,,,,action_velocity,direction_geometry,0.5,0.25,750.0,0.75,13788209987369430635,,centered_directional_fd,0.1645507663488388,signal
stage0_contrastive_bs8_fn4_001,contrastive,clean/adjust_bottle/episode_000044/0_139,adjust_bottle,episode_000044,clean,,,,action_velocity,direction_geometry,0.5,0.5,500.0,0.5,13788209987369430635,,centered_directional_fd,0.18408741056919098,signal
stage0_contrastive_bs8_fn4_001,contrastive,clean/adjust_bottle/episode_000044/0_139,adjust_bottle,episode_000044,clean,,,,action_velocity,direction_geometry,0.5,0.75,251.00001525878906,0.2510000169277191,13788209987369430635,,centered_directional_fd,0.2148900181055069,signal
stage0_contrastive_bs8_fn4_001,contrastive,clean/adjust_bottle/episode_000044/0_139,adjust_bottle,episode_000044,clean,,,,action_velocity,direction_geometry,1.0,0.25,750.0,0.75,13788209987369430635,,centered_directional_fd,0.08376505225896835,signal
stage0_contrastive_bs8_fn4_001,contrastive,clean/adjust_bottle/episode_000044/0_139,adjust_bottle,episode_000044,clean,,,,action_velocity,direction_geometry,1.0,0.5,500.0,0.5,13788209987369430635,,centered_directional_fd,0.08981073647737503,signal
stage0_contrastive_bs8_fn4_001,contrastive,clean/adjust_bottle/episode_000044/0_139,adjust_bottle,episode_000044,clean,,,,action_velocity,direction_geometry,1.0,0.75,251.00001525878906,0.2510000169277191,13788209987369430635,,centered_directional_fd,0.11643192172050476,signal
stage0_contrastive_bs8_fn4_001,contrastive,clean/adjust_bottle/episode_000044/0_139,adjust_bottle,episode_000044,clean,,,,action_velocity,,0.5,0.25,,,,,directional_selectivity,164550766348.8388,
stage0_contrastive_bs8_fn4_001,contrastive,clean/adjust_bottle/episode_000044/0_139,adjust_bottle,episode_000044,clean,,,,action_velocity,,0.5,0.25,,,,,directional_selectivity,164550766348.8388,
stage0_contrastive_bs8_fn4_001,contrastive,clean/adjust_bottle/episode_000044/0_139,adjust_bottle,episode_000044,clean,,,,action_velocity,,1.0,0.25,,,,,directional_selectivity,83765052258.96835,
stage0_contrastive_bs8_fn4_001,contrastive,clean/adjust_bottle/episode_000044/0_139,adjust_bottle,episode_000044,clean,,,,action_velocity,,1.0,0.25,,,,,directional_selectivity,83765052258.96835,
stage0_contrastive_bs8_fn4_001,contrastive,clean/adjust_bottle/episode_000044/0_139,adjust_bottle,episode_000044,clean,,,,action_velocity,,0.5,0.5,,,,,directional_selectivity,184087410569.19098,
stage0_contrastive_bs8_fn4_001,contrastive,clean/adjust_bottle/episode_000044/0_139,adjust_bottle,episode_000044,clean,,,,action_velocity,,0.5,0.5,,,,,directional_selectivity,184087410569.19098,
stage0_contrastive_bs8_fn4_001,contrastive,clean/adjust_bottle/episode_000044/0_139,adjust_bottle,episode_000044,clean,,,,action_velocity,,1.0,0.5,,,,,directional_selectivity,89810736477.37503,
stage0_contrastive_bs8_fn4_001,contrastive,clean/adjust_bottle/episode_000044/0_139,adjust_bottle,episode_000044,clean,,,,action_velocity,,1.0,0.5,,,,,directional_selectivity,89810736477.37503,
stage0_contrastive_bs8_fn4_001,contrastive,clean/adjust_bottle/episode_000044/0_139,adjust_bottle,episode_000044,clean,,,,action_velocity,,0.5,0.75,,,,,directional_selectivity,214890018105.5069,
stage0_contrastive_bs8_fn4_001,contrastive,clean/adjust_bottle/episode_000044/0_139,adjust_bottle,episode_000044,clean,,,,action_velocity,,0.5,0.75,,,,,directional_selectivity,214890018105.5069,
stage0_contrastive_bs8_fn4_001,contrastive,clean/adjust_bottle/episode_000044/0_139,adjust_bottle,episode_000044,clean,,,,action_velocity,,1.0,0.75,,,,,directional_selectivity,116431921720.50476,
stage0_contrastive_bs8_fn4_001,contrastive,clean/adjust_bottle/episode_000044/0_139,adjust_bottle,episode_000044,clean,,,,action_velocity,,1.0,0.75,,,,,directional_selectivity,116431921720.50476,
stage0_contrastive_bs8_fn4_001,contrastive,clean/beat_block_hammer/episode_000035/0_109,beat_block_hammer,episode_000035,clean,,,,action_velocity,direction_photo,0.5,0.25,750.0,0.75,6638251237087193106,,centered_directional_fd,0.0,nuisance
stage0_contrastive_bs8_fn4_001,contrastive,clean/beat_block_hammer/episode_000035/0_109,beat_block_hammer,episode_000035,clean,,,,action_velocity,direction_photo,0.5,0.5,500.0,0.5,6638251237087193106,,centered_directional_fd,0.0,nuisance
stage0_contrastive_bs8_fn4_001,contrastive,clean/beat_block_hammer/episode_000035/0_109,beat_block_hammer,episode_000035,clean,,,,action_velocity,direction_photo,0.5,0.75,251.00001525878906,0.2510000169277191,6638251237087193106,,centered_directional_fd,0.0,nuisance
stage0_contrastive_bs8_fn4_001,contrastive,clean/beat_block_hammer/episode_000035/0_109,beat_block_hammer,episode_000035,clean,,,,action_velocity,direction_photo,1.0,0.25,750.0,0.75,6638251237087193106,,centered_directional_fd,0.0,nuisance
stage0_contrastive_bs8_fn4_001,contrastive,clean/beat_block_hammer/episode_000035/0_109,beat_block_hammer,episode_000035,clean,,,,action_velocity,direction_photo,1.0,0.5,500.0,0.5,6638251237087193106,,centered_directional_fd,0.0,nuisance
stage0_contrastive_bs8_fn4_001,contrastive,clean/beat_block_hammer/episode_000035/0_109,beat_block_hammer,episode_000035,clean,,,,action_velocity,direction_photo,1.0,0.75,251.00001525878906,0.2510000169277191,6638251237087193106,,centered_directional_fd,0.0,nuisance
stage0_contrastive_bs8_fn4_001,contrastive,clean/beat_block_hammer/episode_000035/0_109,beat_block_hammer,episode_000035,clean,,,,action_velocity,direction_geometry,0.5,0.25,750.0,0.75,6638251237087193106,,centered_directional_fd,0.14408496022224426,signal
stage0_contrastive_bs8_fn4_001,contrastive,clean/beat_block_hammer/episode_000035/0_109,beat_block_hammer,episode_000035,clean,,,,action_velocity,direction_geometry,0.5,0.5,500.0,0.5,6638251237087193106,,centered_directional_fd,0.16234157979488373,signal
stage0_contrastive_bs8_fn4_001,contrastive,clean/beat_block_hammer/episode_000035/0_109,beat_block_hammer,episode_000035,clean,,,,action_velocity,direction_geometry,0.5,0.75,251.00001525878906,0.2510000169277191,6638251237087193106,,centered_directional_fd,0.18799224495887756,signal
stage0_contrastive_bs8_fn4_001,contrastive,clean/beat_block_hammer/episode_000035/0_109,beat_block_hammer,episode_000035,clean,,,,action_velocity,direction_geometry,1.0,0.25,750.0,0.75,6638251237087193106,,centered_directional_fd,0.07642673701047897,signal
stage0_contrastive_bs8_fn4_001,contrastive,clean/beat_block_hammer/episode_000035/0_109,beat_block_hammer,episode_000035,clean,,,,action_velocity,direction_geometry,1.0,0.5,500.0,0.5,6638251237087193106,,centered_directional_fd,0.08216332644224167,signal
stage0_contrastive_bs8_fn4_001,contrastive,clean/beat_block_hammer/episode_000035/0_109,beat_block_hammer,episode_000035,clean,,,,action_velocity,direction_geometry,1.0,0.75,251.00001525878906,0.2510000169277191,6638251237087193106,,centered_directional_fd,0.09367328137159348,signal
stage0_contrastive_bs8_fn4_001,contrastive,clean/beat_block_hammer/episode_000035/0_109,beat_block_hammer,episode_000035,clean,,,,action_velocity,,0.5,0.25,,,,,directional_selectivity,144084960222.24426,
stage0_contrastive_bs8_fn4_001,contrastive,clean/beat_block_hammer/episode_000035/0_109,beat_block_hammer,episode_000035,clean,,,,action_velocity,,0.5,0.25,,,,,directional_selectivity,144084960222.24426,
stage0_contrastive_bs8_fn4_001,contrastive,clean/beat_block_hammer/episode_000035/0_109,beat_block_hammer,episode_000035,clean,,,,action_velocity,,1.0,0.25,,,,,directional_selectivity,76426737010.47897,
stage0_contrastive_bs8_fn4_001,contrastive,clean/beat_block_hammer/episode_000035/0_109,beat_block_hammer,episode_000035,clean,,,,action_velocity,,1.0,0.25,,,,,directional_selectivity,76426737010.47897,
stage0_contrastive_bs8_fn4_001,contrastive,clean/beat_block_hammer/episode_000035/0_109,beat_block_hammer,episode_000035,clean,,,,action_velocity,,0.5,0.5,,,,,directional_selectivity,162341579794.88373,
stage0_contrastive_bs8_fn4_001,contrastive,clean/beat_block_hammer/episode_000035/0_109,beat_block_hammer,episode_000035,clean,,,,action_velocity,,0.5,0.5,,,,,directional_selectivity,162341579794.88373,
stage0_contrastive_bs8_fn4_001,contrastive,clean/beat_block_hammer/episode_000035/0_109,beat_block_hammer,episode_000035,clean,,,,action_velocity,,1.0,0.5,,,,,directional_selectivity,82163326442.24167,
stage0_contrastive_bs8_fn4_001,contrastive,clean/beat_block_hammer/episode_000035/0_109,beat_block_hammer,episode_000035,clean,,,,action_velocity,,1.0,0.5,,,,,directional_selectivity,82163326442.24167,
stage0_contrastive_bs8_fn4_001,contrastive,clean/beat_block_hammer/episode_000035/0_109,beat_block_hammer,episode_000035,clean,,,,action_velocity,,0.5,0.75,,,,,directional_selectivity,187992244958.87756,
stage0_contrastive_bs8_fn4_001,contrastive,clean/beat_block_hammer/episode_000035/0_109,beat_block_hammer,episode_000035,clean,,,,action_velocity,,0.5,0.75,,,,,directional_selectivity,187992244958.87756,
stage0_contrastive_bs8_fn4_001,contrastive,clean/beat_block_hammer/episode_000035/0_109,beat_block_hammer,episode_000035,clean,,,,action_velocity,,1.0,0.75,,,,,directional_selectivity,93673281371.59348,
stage0_contrastive_bs8_fn4_001,contrastive,clean/beat_block_hammer/episode_000035/0_109,beat_block_hammer,episode_000035,clean,,,,action_velocity,,1.0,0.75,,,,,directional_selectivity,93673281371.59348,
stage0_contrastive_bs8_fn4_001,contrastive,clean/blocks_ranking_rgb/episode_000039/0_464,blocks_ranking_rgb,episode_000039,clean,,,,action_velocity,direction_photo,0.5,0.25,750.0,0.75,2852135134852260049,,centered_directional_fd,0.0,nuisance
stage0_contrastive_bs8_fn4_001,contrastive,clean/blocks_ranking_rgb/episode_000039/0_464,blocks_ranking_rgb,episode_000039,clean,,,,action_velocity,direction_photo,0.5,0.5,500.0,0.5,2852135134852260049,,centered_directional_fd,0.0,nuisance
stage0_contrastive_bs8_fn4_001,contrastive,clean/blocks_ranking_rgb/episode_000039/0_464,blocks_ranking_rgb,episode_000039,clean,,,,action_velocity,direction_photo,0.5,0.75,251.00001525878906,0.2510000169277191,2852135134852260049,,centered_directional_fd,0.0,nuisance
stage0_contrastive_bs8_fn4_001,contrastive,clean/blocks_ranking_rgb/episode_000039/0_464,blocks_ranking_rgb,episode_000039,clean,,,,action_velocity,direction_photo,1.0,0.25,750.0,0.75,2852135134852260049,,centered_directional_fd,0.0,nuisance
stage0_contrastive_bs8_fn4_001,contrastive,clean/blocks_ranking_rgb/episode_000039/0_464,blocks_ranking_rgb,episode_000039,clean,,,,action_velocity,direction_photo,1.0,0.5,500.0,0.5,2852135134852260049,,centered_directional_fd,0.0,nuisance
stage0_contrastive_bs8_fn4_001,contrastive,clean/blocks_ranking_rgb/episode_000039/0_464,blocks_ranking_rgb,episode_000039,clean,,,,action_velocity,direction_photo,1.0,0.75,251.00001525878906,0.2510000169277191,2852135134852260049,,centered_directional_fd,0.0,nuisance
stage0_contrastive_bs8_fn4_001,contrastive,clean/blocks_ranking_rgb/episode_000039/0_464,blocks_ranking_rgb,episode_000039,clean,,,,action_velocity,direction_geometry,0.5,0.25,750.0,0.75,2852135134852260049,,centered_directional_fd,0.0,signal
stage0_contrastive_bs8_fn4_001,contrastive,clean/blocks_ranking_rgb/episode_000039/0_464,blocks_ranking_rgb,episode_000039,clean,,,,action_velocity,direction_geometry,0.5,0.5,500.0,0.5,2852135134852260049,,centered_directional_fd,0.0,signal
stage0_contrastive_bs8_fn4_001,contrastive,clean/blocks_ranking_rgb/episode_000039/0_464,blocks_ranking_rgb,episode_000039,clean,,,,action_velocity,direction_geometry,0.5,0.75,251.00001525878906,0.2510000169277191,2852135134852260049,,centered_directional_fd,0.0,signal
stage0_contrastive_bs8_fn4_001,contrastive,clean/blocks_ranking_rgb/episode_000039/0_464,blocks_ranking_rgb,episode_000039,clean,,,,action_velocity,direction_geometry,1.0,0.25,750.0,0.75,2852135134852260049,,centered_directional_fd,0.14835917949676514,signal
stage0_contrastive_bs8_fn4_001,contrastive,clean/blocks_ranking_rgb/episode_000039/0_464,blocks_ranking_rgb,episode_000039,clean,,,,action_velocity,direction_geometry,1.0,0.5,500.0,0.5,2852135134852260049,,centered_directional_fd,0.1643841713666916,signal
stage0_contrastive_bs8_fn4_001,contrastive,clean/blocks_ranking_rgb/episode_000039/0_464,blocks_ranking_rgb,episode_000039,clean,,,,action_velocity,direction_geometry,1.0,0.75,251.00001525878906,0.2510000169277191,2852135134852260049,,centered_directional_fd,0.203444242477417,signal
stage0_contrastive_bs8_fn4_001,contrastive,clean/blocks_ranking_rgb/episode_000039/0_464,blocks_ranking_rgb,episode_000039,clean,,,,action_velocity,,0.5,0.25,,,,,directional_selectivity,0.0,
stage0_contrastive_bs8_fn4_001,contrastive,clean/blocks_ranking_rgb/episode_000039/0_464,blocks_ranking_rgb,episode_000039,clean,,,,action_velocity,,0.5,0.25,,,,,directional_selectivity,0.0,
stage0_contrastive_bs8_fn4_001,contrastive,clean/blocks_ranking_rgb/episode_000039/0_464,blocks_ranking_rgb,episode_000039,clean,,,,action_velocity,,1.0,0.25,,,,,directional_selectivity,148359179496.76514,
stage0_contrastive_bs8_fn4_001,contrastive,clean/blocks_ranking_rgb/episode_000039/0_464,blocks_ranking_rgb,episode_000039,clean,,,,action_velocity,,1.0,0.25,,,,,directional_selectivity,148359179496.76514,
stage0_contrastive_bs8_fn4_001,contrastive,clean/blocks_ranking_rgb/episode_000039/0_464,blocks_ranking_rgb,episode_000039,clean,,,,action_velocity,,0.5,0.5,,,,,directional_selectivity,0.0,
stage0_contrastive_bs8_fn4_001,contrastive,clean/blocks_ranking_rgb/episode_000039/0_464,blocks_ranking_rgb,episode_000039,clean,,,,action_velocity,,0.5,0.5,,,,,directional_selectivity,0.0,
stage0_contrastive_bs8_fn4_001,contrastive,clean/blocks_ranking_rgb/episode_000039/0_464,blocks_ranking_rgb,episode_000039,clean,,,,action_velocity,,1.0,0.5,,,,,directional_selectivity,164384171366.6916,
stage0_contrastive_bs8_fn4_001,contrastive,clean/blocks_ranking_rgb/episode_000039/0_464,blocks_ranking_rgb,episode_000039,clean,,,,action_velocity,,1.0,0.5,,,,,directional_selectivity,164384171366.6916,
stage0_contrastive_bs8_fn4_001,contrastive,clean/blocks_ranking_rgb/episode_000039/0_464,blocks_ranking_rgb,episode_000039,clean,,,,action_velocity,,0.5,0.75,,,,,directional_selectivity,0.0,
stage0_contrastive_bs8_fn4_001,contrastive,clean/blocks_ranking_rgb/episode_000039/0_464,blocks_ranking_rgb,episode_000039,clean,,,,action_velocity,,0.5,0.75,,,,,directional_selectivity,0.0,
stage0_contrastive_bs8_fn4_001,contrastive,clean/blocks_ranking_rgb/episode_000039/0_464,blocks_ranking_rgb,episode_000039,clean,,,,action_velocity,,1.0,0.75,,,,,directional_selectivity,203444242477.417,
stage0_contrastive_bs8_fn4_001,contrastive,clean/blocks_ranking_rgb/episode_000039/0_464,blocks_ranking_rgb,episode_000039,clean,,,,action_velocity,,1.0,0.75,,,,,directional_selectivity,203444242477.417,
stage0_contrastive_bs8_fn4_001,contrastive,clean/blocks_ranking_size/episode_000042/0_478,blocks_ranking_size,episode_000042,clean,,,,action_velocity,direction_photo,0.5,0.25,750.0,0.75,12174564400862382112,,centered_directional_fd,0.0,nuisance
stage0_contrastive_bs8_fn4_001,contrastive,clean/blocks_ranking_size/episode_000042/0_478,blocks_ranking_size,episode_000042,clean,,,,action_velocity,direction_photo,0.5,0.5,500.0,0.5,12174564400862382112,,centered_directional_fd,0.0,nuisance
stage0_contrastive_bs8_fn4_001,contrastive,clean/blocks_ranking_size/episode_000042/0_478,blocks_ranking_size,episode_000042,clean,,,,action_velocity,direction_photo,0.5,0.75,251.00001525878906,0.2510000169277191,12174564400862382112,,centered_directional_fd,0.0,nuisance
stage0_contrastive_bs8_fn4_001,contrastive,clean/blocks_ranking_size/episode_000042/0_478,blocks_ranking_size,episode_000042,clean,,,,action_velocity,direction_photo,1.0,0.25,750.0,0.75,12174564400862382112,,centered_directional_fd,0.0,nuisance
stage0_contrastive_bs8_fn4_001,contrastive,clean/blocks_ranking_size/episode_000042/0_478,blocks_ranking_size,episode_000042,clean,,,,action_velocity,direction_photo,1.0,0.5,500.0,0.5,12174564400862382112,,centered_directional_fd,0.0,nuisance
stage0_contrastive_bs8_fn4_001,contrastive,clean/blocks_ranking_size/episode_000042/0_478,blocks_ranking_size,episode_000042,clean,,,,action_velocity,direction_photo,1.0,0.75,251.00001525878906,0.2510000169277191,12174564400862382112,,centered_directional_fd,0.0,nuisance
stage0_contrastive_bs8_fn4_001,contrastive,clean/blocks_ranking_size/episode_000042/0_478,blocks_ranking_size,episode_000042,clean,,,,action_velocity,direction_geometry,0.5,0.25,750.0,0.75,12174564400862382112,,centered_directional_fd,0.0,signal
stage0_contrastive_bs8_fn4_001,contrastive,clean/blocks_ranking_size/episode_000042/0_478,blocks_ranking_size,episode_000042,clean,,,,action_velocity,direction_geometry,0.5,0.5,500.0,0.5,12174564400862382112,,centered_directional_fd,0.0,signal
stage0_contrastive_bs8_fn4_001,contrastive,clean/blocks_ranking_size/episode_000042/0_478,blocks_ranking_size,episode_000042,clean,,,,action_velocity,direction_geometry,0.5,0.75,251.00001525878906,0.2510000169277191,12174564400862382112,,centered_directional_fd,0.0,signal
stage0_contrastive_bs8_fn4_001,contrastive,clean/blocks_ranking_size/episode_000042/0_478,blocks_ranking_size,episode_000042,clean,,,,action_velocity,direction_geometry,1.0,0.25,750.0,0.75,12174564400862382112,,centered_directional_fd,0.15156637132167816,signal
stage0_contrastive_bs8_fn4_001,contrastive,clean/blocks_ranking_size/episode_000042/0_478,blocks_ranking_size,episode_000042,clean,,,,action_velocity,direction_geometry,1.0,0.5,500.0,0.5,12174564400862382112,,centered_directional_fd,0.1716906726360321,signal
stage0_contrastive_bs8_fn4_001,contrastive,clean/blocks_ranking_size/episode_000042/0_478,blocks_ranking_size,episode_000042,clean,,,,action_velocity,direction_geometry,1.0,0.75,251.00001525878906,0.2510000169277191,12174564400862382112,,centered_directional_fd,0.21701286733150482,signal
stage0_contrastive_bs8_fn4_001,contrastive,clean/blocks_ranking_size/episode_000042/0_478,blocks_ranking_size,episode_000042,clean,,,,action_velocity,,0.5,0.25,,,,,directional_selectivity,0.0,
stage0_contrastive_bs8_fn4_001,contrastive,clean/blocks_ranking_size/episode_000042/0_478,blocks_ranking_size,episode_000042,clean,,,,action_velocity,,0.5,0.25,,,,,directional_selectivity,0.0,
stage0_contrastive_bs8_fn4_001,contrastive,clean/blocks_ranking_size/episode_000042/0_478,blocks_ranking_size,episode_000042,clean,,,,action_velocity,,1.0,0.25,,,,,directional_selectivity,151566371321.67816,
stage0_contrastive_bs8_fn4_001,contrastive,clean/blocks_ranking_size/episode_000042/0_478,blocks_ranking_size,episode_000042,clean,,,,action_velocity,,1.0,0.25,,,,,directional_selectivity,151566371321.67816,
stage0_contrastive_bs8_fn4_001,contrastive,clean/blocks_ranking_size/episode_000042/0_478,blocks_ranking_size,episode_000042,clean,,,,action_velocity,,0.5,0.5,,,,,directional_selectivity,0.0,
stage0_contrastive_bs8_fn4_001,contrastive,clean/blocks_ranking_size/episode_000042/0_478,blocks_ranking_size,episode_000042,clean,,,,action_velocity,,0.5,0.5,,,,,directional_selectivity,0.0,
stage0_contrastive_bs8_fn4_001,contrastive,clean/blocks_ranking_size/episode_000042/0_478,blocks_ranking_size,episode_000042,clean,,,,action_velocity,,1.0,0.5,,,,,directional_selectivity,171690672636.0321,
stage0_contrastive_bs8_fn4_001,contrastive,clean/blocks_ranking_size/episode_000042/0_478,blocks_ranking_size,episode_000042,clean,,,,action_velocity,,1.0,0.5,,,,,directional_selectivity,171690672636.0321,
stage0_contrastive_bs8_fn4_001,contrastive,clean/blocks_ranking_size/episode_000042/0_478,blocks_ranking_size,episode_000042,clean,,,,action_velocity,,0.5,0.75,,,,,directional_selectivity,0.0,
stage0_contrastive_bs8_fn4_001,contrastive,clean/blocks_ranking_size/episode_000042/0_478,blocks_ranking_size,episode_000042,clean,,,,action_velocity,,0.5,0.75,,,,,directional_selectivity,0.0,
stage0_contrastive_bs8_fn4_001,contrastive,clean/blocks_ranking_size/episode_000042/0_478,blocks_ranking_size,episode_000042,clean,,,,action_velocity,,1.0,0.75,,,,,directional_selectivity,217012867331.50482,
stage0_contrastive_bs8_fn4_001,contrastive,clean/blocks_ranking_size/episode_000042/0_478,blocks_ranking_size,episode_000042,clean,,,,action_velocity,,1.0,0.75,,,,,directional_selectivity,217012867331.50482,
stage0_contrastive_bs8_fn4_001,contrastive,clean/click_alarmclock/episode_000040/0_76,click_alarmclock,episode_000040,clean,,,,action_velocity,direction_photo,0.5,0.25,750.0,0.75,3456786071859825307,,centered_directional_fd,0.0,nuisance
stage0_contrastive_bs8_fn4_001,contrastive,clean/click_alarmclock/episode_000040/0_76,click_alarmclock,episode_000040,clean,,,,action_velocity,direction_photo,0.5,0.5,500.0,0.5,3456786071859825307,,centered_directional_fd,0.0,nuisance
stage0_contrastive_bs8_fn4_001,contrastive,clean/click_alarmclock/episode_000040/0_76,click_alarmclock,episode_000040,clean,,,,action_velocity,direction_photo,0.5,0.75,251.00001525878906,0.2510000169277191,3456786071859825307,,centered_directional_fd,0.0,nuisance
stage0_contrastive_bs8_fn4_001,contrastive,clean/click_alarmclock/episode_000040/0_76,click_alarmclock,episode_000040,clean,,,,action_velocity,direction_photo,1.0,0.25,750.0,0.75,3456786071859825307,,centered_directional_fd,0.0,nuisance
stage0_contrastive_bs8_fn4_001,contrastive,clean/click_alarmclock/episode_000040/0_76,click_alarmclock,episode_000040,clean,,,,action_velocity,direction_photo,1.0,0.5,500.0,0.5,3456786071859825307,,centered_directional_fd,0.0,nuisance
stage0_contrastive_bs8_fn4_001,contrastive,clean/click_alarmclock/episode_000040/0_76,click_alarmclock,episode_000040,clean,,,,action_velocity,direction_photo,1.0,0.75,251.00001525878906,0.2510000169277191,3456786071859825307,,centered_directional_fd,0.0,nuisance
stage0_contrastive_bs8_fn4_001,contrastive,clean/click_alarmclock/episode_000040/0_76,click_alarmclock,episode_000040,clean,,,,action_velocity,direction_geometry,0.5,0.25,750.0,0.75,3456786071859825307,,centered_directional_fd,0.1408751904964447,signal
stage0_contrastive_bs8_fn4_001,contrastive,clean/click_alarmclock/episode_000040/0_76,click_alarmclock,episode_000040,clean,,,,action_velocity,direction_geometry,0.5,0.5,500.0,0.5,3456786071859825307,,centered_directional_fd,0.12305968999862671,signal
stage0_contrastive_bs8_fn4_001,contrastive,clean/click_alarmclock/episode_000040/0_76,click_alarmclock,episode_000040,clean,,,,action_velocity,direction_geometry,0.5,0.75,251.00001525878906,0.2510000169277191,3456786071859825307,,centered_directional_fd,0.16570428013801575,signal
stage0_contrastive_bs8_fn4_001,contrastive,clean/click_alarmclock/episode_000040/0_76,click_alarmclock,episode_000040,clean,,,,action_velocity,direction_geometry,1.0,0.25,750.0,0.75,3456786071859825307,,centered_directional_fd,0.06485159695148468,signal
stage0_contrastive_bs8_fn4_001,contrastive,clean/click_alarmclock/episode_000040/0_76,click_alarmclock,episode_000040,clean,,,,action_velocity,direction_geometry,1.0,0.5,500.0,0.5,3456786071859825307,,centered_directional_fd,0.06312739104032516,signal
stage0_contrastive_bs8_fn4_001,contrastive,clean/click_alarmclock/episode_000040/0_76,click_alarmclock,episode_000040,clean,,,,action_velocity,direction_geometry,1.0,0.75,251.00001525878906,0.2510000169277191,3456786071859825307,,centered_directional_fd,0.08206003904342651,signal
stage0_contrastive_bs8_fn4_001,contrastive,clean/click_alarmclock/episode_000040/0_76,click_alarmclock,episode_000040,clean,,,,action_velocity,,0.5,0.25,,,,,directional_selectivity,140875190496.4447,
stage0_contrastive_bs8_fn4_001,contrastive,clean/click_alarmclock/episode_000040/0_76,click_alarmclock,episode_000040,clean,,,,action_velocity,,0.5,0.25,,,,,directional_selectivity,140875190496.4447,
stage0_contrastive_bs8_fn4_001,contrastive,clean/click_alarmclock/episode_000040/0_76,click_alarmclock,episode_000040,clean,,,,action_velocity,,1.0,0.25,,,,,directional_selectivity,64851596951.48468,
stage0_contrastive_bs8_fn4_001,contrastive,clean/click_alarmclock/episode_000040/0_76,click_alarmclock,episode_000040,clean,,,,action_velocity,,1.0,0.25,,,,,directional_selectivity,64851596951.48468,
stage0_contrastive_bs8_fn4_001,contrastive,clean/click_alarmclock/episode_000040/0_76,click_alarmclock,episode_000040,clean,,,,action_velocity,,0.5,0.5,,,,,directional_selectivity,123059689998.62671,
stage0_contrastive_bs8_fn4_001,contrastive,clean/click_alarmclock/episode_000040/0_76,click_alarmclock,episode_000040,clean,,,,action_velocity,,0.5,0.5,,,,,directional_selectivity,123059689998.62671,
stage0_contrastive_bs8_fn4_001,contrastive,clean/click_alarmclock/episode_000040/0_76,click_alarmclock,episode_000040,clean,,,,action_velocity,,1.0,0.5,,,,,directional_selectivity,63127391040.325165,
stage0_contrastive_bs8_fn4_001,contrastive,clean/click_alarmclock/episode_000040/0_76,click_alarmclock,episode_000040,clean,,,,action_velocity,,1.0,0.5,,,,,directional_selectivity,63127391040.325165,
stage0_contrastive_bs8_fn4_001,contrastive,clean/click_alarmclock/episode_000040/0_76,click_alarmclock,episode_000040,clean,,,,action_velocity,,0.5,0.75,,,,,directional_selectivity,165704280138.01575,
stage0_contrastive_bs8_fn4_001,contrastive,clean/click_alarmclock/episode_000040/0_76,click_alarmclock,episode_000040,clean,,,,action_velocity,,0.5,0.75,,,,,directional_selectivity,165704280138.01575,
stage0_contrastive_bs8_fn4_001,contrastive,clean/click_alarmclock/episode_000040/0_76,click_alarmclock,episode_000040,clean,,,,action_velocity,,1.0,0.75,,,,,directional_selectivity,82060039043.42651,
stage0_contrastive_bs8_fn4_001,contrastive,clean/click_alarmclock/episode_000040/0_76,click_alarmclock,episode_000040,clean,,,,action_velocity,,1.0,0.75,,,,,directional_selectivity,82060039043.42651,
stage0_contrastive_bs8_fn4_001,contrastive,clean/click_bell/episode_000027/0_74,click_bell,episode_000027,clean,,,,action_velocity,direction_photo,0.5,0.25,750.0,0.75,16822075493149087319,,centered_directional_fd,0.0,nuisance
stage0_contrastive_bs8_fn4_001,contrastive,clean/click_bell/episode_000027/0_74,click_bell,episode_000027,clean,,,,action_velocity,direction_photo,0.5,0.5,500.0,0.5,16822075493149087319,,centered_directional_fd,0.0,nuisance
stage0_contrastive_bs8_fn4_001,contrastive,clean/click_bell/episode_000027/0_74,click_bell,episode_000027,clean,,,,action_velocity,direction_photo,0.5,0.75,251.00001525878906,0.2510000169277191,16822075493149087319,,centered_directional_fd,0.0,nuisance
stage0_contrastive_bs8_fn4_001,contrastive,clean/click_bell/episode_000027/0_74,click_bell,episode_000027,clean,,,,action_velocity,direction_photo,1.0,0.25,750.0,0.75,16822075493149087319,,centered_directional_fd,0.0,nuisance
stage0_contrastive_bs8_fn4_001,contrastive,clean/click_bell/episode_000027/0_74,click_bell,episode_000027,clean,,,,action_velocity,direction_photo,1.0,0.5,500.0,0.5,16822075493149087319,,centered_directional_fd,0.0,nuisance
stage0_contrastive_bs8_fn4_001,contrastive,clean/click_bell/episode_000027/0_74,click_bell,episode_000027,clean,,,,action_velocity,direction_photo,1.0,0.75,251.00001525878906,0.2510000169277191,16822075493149087319,,centered_directional_fd,0.0,nuisance
stage0_contrastive_bs8_fn4_001,contrastive,clean/click_bell/episode_000027/0_74,click_bell,episode_000027,clean,,,,action_velocity,direction_geometry,0.5,0.25,750.0,0.75,16822075493149087319,,centered_directional_fd,0.12995971739292145,signal
stage0_contrastive_bs8_fn4_001,contrastive,clean/click_bell/episode_000027/0_74,click_bell,episode_000027,clean,,,,action_velocity,direction_geometry,0.5,0.5,500.0,0.5,16822075493149087319,,centered_directional_fd,0.12690293788909912,signal
stage0_contrastive_bs8_fn4_001,contrastive,clean/click_bell/episode_000027/0_74,click_bell,episode_000027,clean,,,,action_velocity,direction_geometry,0.5,0.75,251.00001525878906,0.2510000169277191,16822075493149087319,,centered_directional_fd,0.16511839628219604,signal
stage0_contrastive_bs8_fn4_001,contrastive,clean/click_bell/episode_000027/0_74,click_bell,episode_000027,clean,,,,action_velocity,direction_geometry,1.0,0.25,750.0,0.75,16822075493149087319,,centered_directional_fd,0.0627685934305191,signal
stage0_contrastive_bs8_fn4_001,contrastive,clean/click_bell/episode_000027/0_74,click_bell,episode_000027,clean,,,,action_velocity,direction_geometry,1.0,0.5,500.0,0.5,16822075493149087319,,centered_directional_fd,0.06998838484287262,signal
stage0_contrastive_bs8_fn4_001,contrastive,clean/click_bell/episode_000027/0_74,click_bell,episode_000027,clean,,,,action_velocity,direction_geometry,1.0,0.75,251.00001525878906,0.2510000169277191,16822075493149087319,,centered_directional_fd,0.08650905638933182,signal
stage0_contrastive_bs8_fn4_001,contrastive,clean/click_bell/episode_000027/0_74,click_bell,episode_000027,clean,,,,action_velocity,,0.5,0.25,,,,,directional_selectivity,129959717392.92145,
stage0_contrastive_bs8_fn4_001,contrastive,clean/click_bell/episode_000027/0_74,click_bell,episode_000027,clean,,,,action_velocity,,0.5,0.25,,,,,directional_selectivity,129959717392.92145,
stage0_contrastive_bs8_fn4_001,contrastive,clean/click_bell/episode_000027/0_74,click_bell,episode_000027,clean,,,,action_velocity,,1.0,0.25,,,,,directional_selectivity,62768593430.519104,
stage0_contrastive_bs8_fn4_001,contrastive,clean/click_bell/episode_000027/0_74,click_bell,episode_000027,clean,,,,action_velocity,,1.0,0.25,,,,,directional_selectivity,62768593430.519104,
stage0_contrastive_bs8_fn4_001,contrastive,clean/click_bell/episode_000027/0_74,click_bell,episode_000027,clean,,,,action_velocity,,0.5,0.5,,,,,directional_selectivity,126902937889.09912,
stage0_contrastive_bs8_fn4_001,contrastive,clean/click_bell/episode_000027/0_74,click_bell,episode_000027,clean,,,,action_velocity,,0.5,0.5,,,,,directional_selectivity,126902937889.09912,
stage0_contrastive_bs8_fn4_001,contrastive,clean/click_bell/episode_000027/0_74,click_bell,episode_000027,clean,,,,action_velocity,,1.0,0.5,,,,,directional_selectivity,69988384842.87262,
stage0_contrastive_bs8_fn4_001,contrastive,clean/click_bell/episode_000027/0_74,click_bell,episode_000027,clean,,,,action_velocity,,1.0,0.5,,,,,directional_selectivity,69988384842.87262,
stage0_contrastive_bs8_fn4_001,contrastive,clean/click_bell/episode_000027/0_74,click_bell,episode_000027,clean,,,,action_velocity,,0.5,0.75,,,,,directional_selectivity,165118396282.19604,
stage0_contrastive_bs8_fn4_001,contrastive,clean/click_bell/episode_000027/0_74,click_bell,episode_000027,clean,,,,action_velocity,,0.5,0.75,,,,,directional_selectivity,165118396282.19604,
stage0_contrastive_bs8_fn4_001,contrastive,clean/click_bell/episode_000027/0_74,click_bell,episode_000027,clean,,,,action_velocity,,1.0,0.75,,,,,directional_selectivity,86509056389.33182,
stage0_contrastive_bs8_fn4_001,contrastive,clean/click_bell/episode_000027/0_74,click_bell,episode_000027,clean,,,,action_velocity,,1.0,0.75,,,,,directional_selectivity,86509056389.33182,
stage0_contrastive_bs8_fn4_001,contrastive,clean/dump_bin_bigbin/episode_000003/0_173,dump_bin_bigbin,episode_000003,clean,,,,action_velocity,direction_photo,0.5,0.25,750.0,0.75,9694063702409483369,,centered_directional_fd,0.0,nuisance
stage0_contrastive_bs8_fn4_001,contrastive,clean/dump_bin_bigbin/episode_000003/0_173,dump_bin_bigbin,episode_000003,clean,,,,action_velocity,direction_photo,0.5,0.5,500.0,0.5,9694063702409483369,,centered_directional_fd,0.0,nuisance
stage0_contrastive_bs8_fn4_001,contrastive,clean/dump_bin_bigbin/episode_000003/0_173,dump_bin_bigbin,episode_000003,clean,,,,action_velocity,direction_photo,0.5,0.75,251.00001525878906,0.2510000169277191,9694063702409483369,,centered_directional_fd,0.0,nuisance
stage0_contrastive_bs8_fn4_001,contrastive,clean/dump_bin_bigbin/episode_000003/0_173,dump_bin_bigbin,episode_000003,clean,,,,action_velocity,direction_photo,1.0,0.25,750.0,0.75,9694063702409483369,,centered_directional_fd,0.0,nuisance
stage0_contrastive_bs8_fn4_001,contrastive,clean/dump_bin_bigbin/episode_000003/0_173,dump_bin_bigbin,episode_000003,clean,,,,action_velocity,direction_photo,1.0,0.5,500.0,0.5,9694063702409483369,,centered_directional_fd,0.0,nuisance
stage0_contrastive_bs8_fn4_001,contrastive,clean/dump_bin_bigbin/episode_000003/0_173,dump_bin_bigbin,episode_000003,clean,,,,action_velocity,direction_photo,1.0,0.75,251.00001525878906,0.2510000169277191,9694063702409483369,,centered_directional_fd,0.0,nuisance
stage0_contrastive_bs8_fn4_001,contrastive,clean/dump_bin_bigbin/episode_000003/0_173,dump_bin_bigbin,episode_000003,clean,,,,action_velocity,direction_geometry,0.5,0.25,750.0,0.75,9694063702409483369,,centered_directional_fd,0.190859854221344,signal
stage0_contrastive_bs8_fn4_001,contrastive,clean/dump_bin_bigbin/episode_000003/0_173,dump_bin_bigbin,episode_000003,clean,,,,action_velocity,direction_geometry,0.5,0.5,500.0,0.5,9694063702409483369,,centered_directional_fd,0.19833390414714813,signal
stage0_contrastive_bs8_fn4_001,contrastive,clean/dump_bin_bigbin/episode_000003/0_173,dump_bin_bigbin,episode_000003,clean,,,,action_velocity,direction_geometry,0.5,0.75,251.00001525878906,0.2510000169277191,9694063702409483369,,centered_directional_fd,0.25781822204589844,signal
stage0_contrastive_bs8_fn4_001,contrastive,clean/dump_bin_bigbin/episode_000003/0_173,dump_bin_bigbin,episode_000003,clean,,,,action_velocity,direction_geometry,1.0,0.25,750.0,0.75,9694063702409483369,,centered_directional_fd,0.0937923789024353,signal
stage0_contrastive_bs8_fn4_001,contrastive,clean/dump_bin_bigbin/episode_000003/0_173,dump_bin_bigbin,episode_000003,clean,,,,action_velocity,direction_geometry,1.0,0.5,500.0,0.5,9694063702409483369,,centered_directional_fd,0.09972874820232391,signal
stage0_contrastive_bs8_fn4_001,contrastive,clean/dump_bin_bigbin/episode_000003/0_173,dump_bin_bigbin,episode_000003,clean,,,,action_velocity,direction_geometry,1.0,0.75,251.00001525878906,0.2510000169277191,9694063702409483369,,centered_directional_fd,0.12540142238140106,signal
stage0_contrastive_bs8_fn4_001,contrastive,clean/dump_bin_bigbin/episode_000003/0_173,dump_bin_bigbin,episode_000003,clean,,,,action_velocity,,0.5,0.25,,,,,directional_selectivity,190859854221.344,
stage0_contrastive_bs8_fn4_001,contrastive,clean/dump_bin_bigbin/episode_000003/0_173,dump_bin_bigbin,episode_000003,clean,,,,action_velocity,,0.5,0.25,,,,,directional_selectivity,190859854221.344,
stage0_contrastive_bs8_fn4_001,contrastive,clean/dump_bin_bigbin/episode_000003/0_173,dump_bin_bigbin,episode_000003,clean,,,,action_velocity,,1.0,0.25,,,,,directional_selectivity,93792378902.4353,
stage0_contrastive_bs8_fn4_001,contrastive,clean/dump_bin_bigbin/episode_000003/0_173,dump_bin_bigbin,episode_000003,clean,,,,action_velocity,,1.0,0.25,,,,,directional_selectivity,93792378902.4353,
stage0_contrastive_bs8_fn4_001,contrastive,clean/dump_bin_bigbin/episode_000003/0_173,dump_bin_bigbin,episode_000003,clean,,,,action_velocity,,0.5,0.5,,,,,directional_selectivity,198333904147.14813,
stage0_contrastive_bs8_fn4_001,contrastive,clean/dump_bin_bigbin/episode_000003/0_173,dump_bin_bigbin,episode_000003,clean,,,,action_velocity,,0.5,0.5,,,,,directional_selectivity,198333904147.14813,
stage0_contrastive_bs8_fn4_001,contrastive,clean/dump_bin_bigbin/episode_000003/0_173,dump_bin_bigbin,episode_000003,clean,,,,action_velocity,,1.0,0.5,,,,,directional_selectivity,99728748202.32391,
stage0_contrastive_bs8_fn4_001,contrastive,clean/dump_bin_bigbin/episode_000003/0_173,dump_bin_bigbin,episode_000003,clean,,,,action_velocity,,1.0,0.5,,,,,directional_selectivity,99728748202.32391,
stage0_contrastive_bs8_fn4_001,contrastive,clean/dump_bin_bigbin/episode_000003/0_173,dump_bin_bigbin,episode_000003,clean,,,,action_velocity,,0.5,0.75,,,,,directional_selectivity,257818222045.89844,
stage0_contrastive_bs8_fn4_001,contrastive,clean/dump_bin_bigbin/episode_000003/0_173,dump_bin_bigbin,episode_000003,clean,,,,action_velocity,,0.5,0.75,,,,,directional_selectivity,257818222045.89844,
stage0_contrastive_bs8_fn4_001,contrastive,clean/dump_bin_bigbin/episode_000003/0_173,dump_bin_bigbin,episode_000003,clean,,,,action_velocity,,1.0,0.75,,,,,directional_selectivity,125401422381.40106,
stage0_contrastive_bs8_fn4_001,contrastive,clean/dump_bin_bigbin/episode_000003/0_173,dump_bin_bigbin,episode_000003,clean,,,,action_velocity,,1.0,0.75,,,,,directional_selectivity,125401422381.40106,
stage0_contrastive_bs8_fn4_001,contrastive,clean/grab_roller/episode_000003/0_95,grab_roller,episode_000003,clean,,,,action_velocity,direction_photo,0.5,0.25,750.0,0.75,16834811967688122419,,centered_directional_fd,0.0,nuisance
stage0_contrastive_bs8_fn4_001,contrastive,clean/grab_roller/episode_000003/0_95,grab_roller,episode_000003,clean,,,,action_velocity,direction_photo,0.5,0.5,500.0,0.5,16834811967688122419,,centered_directional_fd,0.0,nuisance
stage0_contrastive_bs8_fn4_001,contrastive,clean/grab_roller/episode_000003/0_95,grab_roller,episode_000003,clean,,,,action_velocity,direction_photo,0.5,0.75,251.00001525878906,0.2510000169277191,16834811967688122419,,centered_directional_fd,0.0,nuisance
stage0_contrastive_bs8_fn4_001,contrastive,clean/grab_roller/episode_000003/0_95,grab_roller,episode_000003,clean,,,,action_velocity,direction_photo,1.0,0.25,750.0,0.75,16834811967688122419,,centered_directional_fd,0.0,nuisance
stage0_contrastive_bs8_fn4_001,contrastive,clean/grab_roller/episode_000003/0_95,grab_roller,episode_000003,clean,,,,action_velocity,direction_photo,1.0,0.5,500.0,0.5,16834811967688122419,,centered_directional_fd,0.0,nuisance
stage0_contrastive_bs8_fn4_001,contrastive,clean/grab_roller/episode_000003/0_95,grab_roller,episode_000003,clean,,,,action_velocity,direction_photo,1.0,0.75,251.00001525878906,0.2510000169277191,16834811967688122419,,centered_directional_fd,0.0,nuisance
stage0_contrastive_bs8_fn4_001,contrastive,clean/grab_roller/episode_000003/0_95,grab_roller,episode_000003,clean,,,,action_velocity,direction_geometry,0.5,0.25,750.0,0.75,16834811967688122419,,centered_directional_fd,0.13758109509944916,signal
stage0_contrastive_bs8_fn4_001,contrastive,clean/grab_roller/episode_000003/0_95,grab_roller,episode_000003,clean,,,,action_velocity,direction_geometry,0.5,0.5,500.0,0.5,16834811967688122419,,centered_directional_fd,0.14320337772369385,signal
stage0_contrastive_bs8_fn4_001,contrastive,clean/grab_roller/episode_000003/0_95,grab_roller,episode_000003,clean,,,,action_velocity,direction_geometry,0.5,0.75,251.00001525878906,0.2510000169277191,16834811967688122419,,centered_directional_fd,0.1963019073009491,signal
stage0_contrastive_bs8_fn4_001,contrastive,clean/grab_roller/episode_000003/0_95,grab_roller,episode_000003,clean,,,,action_velocity,direction_geometry,1.0,0.25,750.0,0.75,16834811967688122419,,centered_directional_fd,0.07268732041120529,signal
stage0_contrastive_bs8_fn4_001,contrastive,clean/grab_roller/episode_000003/0_95,grab_roller,episode_000003,clean,,,,action_velocity,direction_geometry,1.0,0.5,500.0,0.5,16834811967688122419,,centered_directional_fd,0.07577989995479584,signal
stage0_contrastive_bs8_fn4_001,contrastive,clean/grab_roller/episode_000003/0_95,grab_roller,episode_000003,clean,,,,action_velocity,direction_geometry,1.0,0.75,251.00001525878906,0.2510000169277191,16834811967688122419,,centered_directional_fd,0.09661498665809631,signal
stage0_contrastive_bs8_fn4_001,contrastive,clean/grab_roller/episode_000003/0_95,grab_roller,episode_000003,clean,,,,action_velocity,,0.5,0.25,,,,,directional_selectivity,137581095099.44916,
stage0_contrastive_bs8_fn4_001,contrastive,clean/grab_roller/episode_000003/0_95,grab_roller,episode_000003,clean,,,,action_velocity,,0.5,0.25,,,,,directional_selectivity,137581095099.44916,
stage0_contrastive_bs8_fn4_001,contrastive,clean/grab_roller/episode_000003/0_95,grab_roller,episode_000003,clean,,,,action_velocity,,1.0,0.25,,,,,directional_selectivity,72687320411.20529,
stage0_contrastive_bs8_fn4_001,contrastive,clean/grab_roller/episode_000003/0_95,grab_roller,episode_000003,clean,,,,action_velocity,,1.0,0.25,,,,,directional_selectivity,72687320411.20529,
stage0_contrastive_bs8_fn4_001,contrastive,clean/grab_roller/episode_000003/0_95,grab_roller,episode_000003,clean,,,,action_velocity,,0.5,0.5,,,,,directional_selectivity,143203377723.69385,
stage0_contrastive_bs8_fn4_001,contrastive,clean/grab_roller/episode_000003/0_95,grab_roller,episode_000003,clean,,,,action_velocity,,0.5,0.5,,,,,directional_selectivity,143203377723.69385,
stage0_contrastive_bs8_fn4_001,contrastive,clean/grab_roller/episode_000003/0_95,grab_roller,episode_000003,clean,,,,action_velocity,,1.0,0.5,,,,,directional_selectivity,75779899954.79584,
stage0_contrastive_bs8_fn4_001,contrastive,clean/grab_roller/episode_000003/0_95,grab_roller,episode_000003,clean,,,,action_velocity,,1.0,0.5,,,,,directional_selectivity,75779899954.79584,
stage0_contrastive_bs8_fn4_001,contrastive,clean/grab_roller/episode_000003/0_95,grab_roller,episode_000003,clean,,,,action_velocity,,0.5,0.75,,,,,directional_selectivity,196301907300.9491,
stage0_contrastive_bs8_fn4_001,contrastive,clean/grab_roller/episode_000003/0_95,grab_roller,episode_000003,clean,,,,action_velocity,,0.5,0.75,,,,,directional_selectivity,196301907300.9491,
stage0_contrastive_bs8_fn4_001,contrastive,clean/grab_roller/episode_000003/0_95,grab_roller,episode_000003,clean,,,,action_velocity,,1.0,0.75,,,,,directional_selectivity,96614986658.09631,
stage0_contrastive_bs8_fn4_001,contrastive,clean/grab_roller/episode_000003/0_95,grab_roller,episode_000003,clean,,,,action_velocity,,1.0,0.75,,,,,directional_selectivity,96614986658.09631,
stage0_contrastive_bs8_fn4_001,contrastive,clean/handover_block/episode_000000/0_276,handover_block,episode_000000,clean,,,,action_velocity,direction_photo,0.5,0.25,750.0,0.75,11669328836656501378,,centered_directional_fd,0.0,nuisance
stage0_contrastive_bs8_fn4_001,contrastive,clean/handover_block/episode_000000/0_276,handover_block,episode_000000,clean,,,,action_velocity,direction_photo,0.5,0.5,500.0,0.5,11669328836656501378,,centered_directional_fd,0.0,nuisance
stage0_contrastive_bs8_fn4_001,contrastive,clean/handover_block/episode_000000/0_276,handover_block,episode_000000,clean,,,,action_velocity,direction_photo,0.5,0.75,251.00001525878906,0.2510000169277191,11669328836656501378,,centered_directional_fd,0.0,nuisance
stage0_contrastive_bs8_fn4_001,contrastive,clean/handover_block/episode_000000/0_276,handover_block,episode_000000,clean,,,,action_velocity,direction_photo,1.0,0.25,750.0,0.75,11669328836656501378,,centered_directional_fd,0.0,nuisance
stage0_contrastive_bs8_fn4_001,contrastive,clean/handover_block/episode_000000/0_276,handover_block,episode_000000,clean,,,,action_velocity,direction_photo,1.0,0.5,500.0,0.5,11669328836656501378,,centered_directional_fd,0.0,nuisance
stage0_contrastive_bs8_fn4_001,contrastive,clean/handover_block/episode_000000/0_276,handover_block,episode_000000,clean,,,,action_velocity,direction_photo,1.0,0.75,251.00001525878906,0.2510000169277191,11669328836656501378,,centered_directional_fd,0.0,nuisance
stage0_contrastive_bs8_fn4_001,contrastive,clean/handover_block/episode_000000/0_276,handover_block,episode_000000,clean,,,,action_velocity,direction_geometry,0.5,0.25,750.0,0.75,11669328836656501378,,centered_directional_fd,0.0,signal
stage0_contrastive_bs8_fn4_001,contrastive,clean/handover_block/episode_000000/0_276,handover_block,episode_000000,clean,,,,action_velocity,direction_geometry,0.5,0.5,500.0,0.5,11669328836656501378,,centered_directional_fd,0.0,signal
stage0_contrastive_bs8_fn4_001,contrastive,clean/handover_block/episode_000000/0_276,handover_block,episode_000000,clean,,,,action_velocity,direction_geometry,0.5,0.75,251.00001525878906,0.2510000169277191,11669328836656501378,,centered_directional_fd,0.0,signal
stage0_contrastive_bs8_fn4_001,contrastive,clean/handover_block/episode_000000/0_276,handover_block,episode_000000,clean,,,,action_velocity,direction_geometry,1.0,0.25,750.0,0.75,11669328836656501378,,centered_directional_fd,0.11588077992200851,signal
stage0_contrastive_bs8_fn4_001,contrastive,clean/handover_block/episode_000000/0_276,handover_block,episode_000000,clean,,,,action_velocity,direction_geometry,1.0,0.5,500.0,0.5,11669328836656501378,,centered_directional_fd,0.12489410489797592,signal
stage0_contrastive_bs8_fn4_001,contrastive,clean/handover_block/episode_000000/0_276,handover_block,episode_000000,clean,,,,action_velocity,direction_geometry,1.0,0.75,251.00001525878906,0.2510000169277191,11669328836656501378,,centered_directional_fd,0.1610865294933319,signal
stage0_contrastive_bs8_fn4_001,contrastive,clean/handover_block/episode_000000/0_276,handover_block,episode_000000,clean,,,,action_velocity,,0.5,0.25,,,,,directional_selectivity,0.0,
stage0_contrastive_bs8_fn4_001,contrastive,clean/handover_block/episode_000000/0_276,handover_block,episode_000000,clean,,,,action_velocity,,0.5,0.25,,,,,directional_selectivity,0.0,
stage0_contrastive_bs8_fn4_001,contrastive,clean/handover_block/episode_000000/0_276,handover_block,episode_000000,clean,,,,action_velocity,,1.0,0.25,,,,,directional_selectivity,115880779922.00851,
stage0_contrastive_bs8_fn4_001,contrastive,clean/handover_block/episode_000000/0_276,handover_block,episode_000000,clean,,,,action_velocity,,1.0,0.25,,,,,directional_selectivity,115880779922.00851,
stage0_contrastive_bs8_fn4_001,contrastive,clean/handover_block/episode_000000/0_276,handover_block,episode_000000,clean,,,,action_velocity,,0.5,0.5,,,,,directional_selectivity,0.0,
stage0_contrastive_bs8_fn4_001,contrastive,clean/handover_block/episode_000000/0_276,handover_block,episode_000000,clean,,,,action_velocity,,0.5,0.5,,,,,directional_selectivity,0.0,
stage0_contrastive_bs8_fn4_001,contrastive,clean/handover_block/episode_000000/0_276,handover_block,episode_000000,clean,,,,action_velocity,,1.0,0.5,,,,,directional_selectivity,124894104897.97592,
stage0_contrastive_bs8_fn4_001,contrastive,clean/handover_block/episode_000000/0_276,handover_block,episode_000000,clean,,,,action_velocity,,1.0,0.5,,,,,directional_selectivity,124894104897.97592,
stage0_contrastive_bs8_fn4_001,contrastive,clean/handover_block/episode_000000/0_276,handover_block,episode_000000,clean,,,,action_velocity,,0.5,0.75,,,,,directional_selectivity,0.0,
stage0_contrastive_bs8_fn4_001,contrastive,clean/handover_block/episode_000000/0_276,handover_block,episode_000000,clean,,,,action_velocity,,0.5,0.75,,,,,directional_selectivity,0.0,
stage0_contrastive_bs8_fn4_001,contrastive,clean/handover_block/episode_000000/0_276,handover_block,episode_000000,clean,,,,action_velocity,,1.0,0.75,,,,,directional_selectivity,161086529493.3319,
stage0_contrastive_bs8_fn4_001,contrastive,clean/handover_block/episode_000000/0_276,handover_block,episode_000000,clean,,,,action_velocity,,1.0,0.75,,,,,directional_selectivity,161086529493.3319,
stage0_contrastive_bs8_fn4_001,contrastive,clean/handover_mic/episode_000028/0_222,handover_mic,episode_000028,clean,,,,action_velocity,direction_photo,0.5,0.25,750.0,0.75,92542508949322640,,centered_directional_fd,0.0,nuisance
stage0_contrastive_bs8_fn4_001,contrastive,clean/handover_mic/episode_000028/0_222,handover_mic,episode_000028,clean,,,,action_velocity,direction_photo,0.5,0.5,500.0,0.5,92542508949322640,,centered_directional_fd,0.0,nuisance
stage0_contrastive_bs8_fn4_001,contrastive,clean/handover_mic/episode_000028/0_222,handover_mic,episode_000028,clean,,,,action_velocity,direction_photo,0.5,0.75,251.00001525878906,0.2510000169277191,92542508949322640,,centered_directional_fd,0.0,nuisance
stage0_contrastive_bs8_fn4_001,contrastive,clean/handover_mic/episode_000028/0_222,handover_mic,episode_000028,clean,,,,action_velocity,direction_photo,1.0,0.25,750.0,0.75,92542508949322640,,centered_directional_fd,0.0,nuisance
stage0_contrastive_bs8_fn4_001,contrastive,clean/handover_mic/episode_000028/0_222,handover_mic,episode_000028,clean,,,,action_velocity,direction_photo,1.0,0.5,500.0,0.5,92542508949322640,,centered_directional_fd,0.0,nuisance
stage0_contrastive_bs8_fn4_001,contrastive,clean/handover_mic/episode_000028/0_222,handover_mic,episode_000028,clean,,,,action_velocity,direction_photo,1.0,0.75,251.00001525878906,0.2510000169277191,92542508949322640,,centered_directional_fd,0.0,nuisance
stage0_contrastive_bs8_fn4_001,contrastive,clean/handover_mic/episode_000028/0_222,handover_mic,episode_000028,clean,,,,action_velocity,direction_geometry,0.5,0.25,750.0,0.75,92542508949322640,,centered_directional_fd,0.0,signal
stage0_contrastive_bs8_fn4_001,contrastive,clean/handover_mic/episode_000028/0_222,handover_mic,episode_000028,clean,,,,action_velocity,direction_geometry,0.5,0.5,500.0,0.5,92542508949322640,,centered_directional_fd,0.0,signal
stage0_contrastive_bs8_fn4_001,contrastive,clean/handover_mic/episode_000028/0_222,handover_mic,episode_000028,clean,,,,action_velocity,direction_geometry,0.5,0.75,251.00001525878906,0.2510000169277191,92542508949322640,,centered_directional_fd,0.0,signal
stage0_contrastive_bs8_fn4_001,contrastive,clean/handover_mic/episode_000028/0_222,handover_mic,episode_000028,clean,,,,action_velocity,direction_geometry,1.0,0.25,750.0,0.75,92542508949322640,,centered_directional_fd,0.09696966409683228,signal
stage0_contrastive_bs8_fn4_001,contrastive,clean/handover_mic/episode_000028/0_222,handover_mic,episode_000028,clean,,,,action_velocity,direction_geometry,1.0,0.5,500.0,0.5,92542508949322640,,centered_directional_fd,0.10697343945503235,signal
stage0_contrastive_bs8_fn4_001,contrastive,clean/handover_mic/episode_000028/0_222,handover_mic,episode_000028,clean,,,,action_velocity,direction_geometry,1.0,0.75,251.00001525878906,0.2510000169277191,92542508949322640,,centered_directional_fd,0.13353770971298218,signal
stage0_contrastive_bs8_fn4_001,contrastive,clean/handover_mic/episode_000028/0_222,handover_mic,episode_000028,clean,,,,action_velocity,,0.5,0.25,,,,,directional_selectivity,0.0,
stage0_contrastive_bs8_fn4_001,contrastive,clean/handover_mic/episode_000028/0_222,handover_mic,episode_000028,clean,,,,action_velocity,,0.5,0.25,,,,,directional_selectivity,0.0,
stage0_contrastive_bs8_fn4_001,contrastive,clean/handover_mic/episode_000028/0_222,handover_mic,episode_000028,clean,,,,action_velocity,,1.0,0.25,,,,,directional_selectivity,96969664096.83228,
stage0_contrastive_bs8_fn4_001,contrastive,clean/handover_mic/episode_000028/0_222,handover_mic,episode_000028,clean,,,,action_velocity,,1.0,0.25,,,,,directional_selectivity,96969664096.83228,
stage0_contrastive_bs8_fn4_001,contrastive,clean/handover_mic/episode_000028/0_222,handover_mic,episode_000028,clean,,,,action_velocity,,0.5,0.5,,,,,directional_selectivity,0.0,
stage0_contrastive_bs8_fn4_001,contrastive,clean/handover_mic/episode_000028/0_222,handover_mic,episode_000028,clean,,,,action_velocity,,0.5,0.5,,,,,directional_selectivity,0.0,
stage0_contrastive_bs8_fn4_001,contrastive,clean/handover_mic/episode_000028/0_222,handover_mic,episode_000028,clean,,,,action_velocity,,1.0,0.5,,,,,directional_selectivity,106973439455.03235,
stage0_contrastive_bs8_fn4_001,contrastive,clean/handover_mic/episode_000028/0_222,handover_mic,episode_000028,clean,,,,action_velocity,,1.0,0.5,,,,,directional_selectivity,106973439455.03235,
stage0_contrastive_bs8_fn4_001,contrastive,clean/handover_mic/episode_000028/0_222,handover_mic,episode_000028,clean,,,,action_velocity,,0.5,0.75,,,,,directional_selectivity,0.0,
stage0_contrastive_bs8_fn4_001,contrastive,clean/handover_mic/episode_000028/0_222,handover_mic,episode_000028,clean,,,,action_velocity,,0.5,0.75,,,,,directional_selectivity,0.0,
stage0_contrastive_bs8_fn4_001,contrastive,clean/handover_mic/episode_000028/0_222,handover_mic,episode_000028,clean,,,,action_velocity,,1.0,0.75,,,,,directional_selectivity,133537709712.98218,
stage0_contrastive_bs8_fn4_001,contrastive,clean/handover_mic/episode_000028/0_222,handover_mic,episode_000028,clean,,,,action_velocity,,1.0,0.75,,,,,directional_selectivity,133537709712.98218,
