run_id,checkpoint,sample_id,task,episode_or_seed,domain,c2r_split,progress_bin,layer,token_group,perturbation,severity,timestep_quantile,timestep,sigma,noise_seed,transform_seed,metric_name,metric_value
stage0_contrastive_bs8_fn4_001,base,c2r/background/stack_bowls_three/seed_27804535/progress_000,stack_bowls_three,seed_27804535,c2r,background,0.0,0,condition_video,,,,,,,,knn_k1,0.40481066703796387
stage0_contrastive_bs8_fn4_001,base,c2r/background/handover_block/seed_120650234/progress_000,handover_block,seed_120650234,c2r,background,0.0,0,condition_video,,,,,,,,knn_k1,0.4094708561897278
stage0_contrastive_bs8_fn4_001,base,c2r/background/hanging_mug/seed_538778923/progress_000,hanging_mug,seed_538778923,c2r,background,0.0,0,condition_video,,,,,,,,knn_k1,0.37997856736183167
stage0_contrastive_bs8_fn4_001,base,c2r/background/scan_object/seed_262761732/progress_000,scan_object,seed_262761732,c2r,background,0.0,0,condition_video,,,,,,,,knn_k1,0.3259694576263428
stage0_contrastive_bs8_fn4_001,base,c2r/background/lift_pot/seed_710924868/progress_000,lift_pot,seed_710924868,c2r,background,0.0,0,condition_video,,,,,,,,knn_k1,0.3280877470970154
stage0_contrastive_bs8_fn4_001,base,c2r/background/put_object_cabinet/seed_13370600/progress_000,put_object_cabinet,seed_13370600,c2r,background,0.0,0,condition_video,,,,,,,,knn_k1,0.27280309796333313
stage0_contrastive_bs8_fn4_001,base,c2r/background/stack_blocks_three/seed_822087810/progress_000,stack_blocks_three,seed_822087810,c2r,background,0.0,0,condition_video,,,,,,,,knn_k1,0.4514000415802002
stage0_contrastive_bs8_fn4_001,base,c2r/background/place_shoe/seed_676166693/progress_000,place_shoe,seed_676166693,c2r,background,0.0,0,condition_video,,,,,,,,knn_k1,0.36765122413635254
stage0_contrastive_bs8_fn4_001,base,c2r/background/adjust_bottle/seed_863397555/progress_000,adjust_bottle,seed_863397555,c2r,background,0.0,0,condition_video,,,,,,,,knn_k1,0.3752095401287079
stage0_contrastive_bs8_fn4_001,base,c2r/background/place_mouse_pad/seed_457852611/progress_000,place_mouse_pad,seed_457852611,c2r,background,0.0,0,condition_video,,,,,,,,knn_k1,0.38622942566871643
stage0_contrastive_bs8_fn4_001,base,c2r/background/dump_bin_bigbin/seed_773111305/progress_000,dump_bin_bigbin,seed_773111305,c2r,background,0.0,0,condition_video,,,,,,,,knn_k1,0.39361053705215454
stage0_contrastive_bs8_fn4_001,base,c2r/background/move_pillbottle_pad/seed_568983342/progress_000,move_pillbottle_pad,seed_568983342,c2r,background,0.0,0,condition_video,,,,,,,,knn_k1,0.43247219920158386
stage0_contrastive_bs8_fn4_001,base,c2r/background/pick_dual_bottles/seed_117166061/progress_000,pick_dual_bottles,seed_117166061,c2r,background,0.0,0,condition_video,,,,,,,,knn_k1,0.32823336124420166
stage0_contrastive_bs8_fn4_001,base,c2r/background/shake_bottle/seed_331965946/progress_000,shake_bottle,seed_331965946,c2r,background,0.0,0,condition_video,,,,,,,,knn_k1,0.4787936508655548
stage0_contrastive_bs8_fn4_001,base,c2r/background/place_fan/seed_543070044/progress_000,place_fan,seed_543070044,c2r,background,0.0,0,condition_video,,,,,,,,knn_k1,0.4098166227340698
stage0_contrastive_bs8_fn4_001,base,c2r/background/turn_switch/seed_489873751/progress_000,turn_switch,seed_489873751,c2r,background,0.0,0,condition_video,,,,,,,,knn_k1,0.39461609721183777
stage0_contrastive_bs8_fn4_001,base,c2r/background/shake_bottle_horizontally/seed_319358196/progress_000,shake_bottle_horizontally,seed_319358196,c2r,background,0.0,0,condition_video,,,,,,,,knn_k1,0.3803723454475403
stage0_contrastive_bs8_fn4_001,base,c2r/background/place_container_plate/seed_14431598/progress_000,place_container_plate,seed_14431598,c2r,background,0.0,0,condition_video,,,,,,,,knn_k1,0.4010154604911804
stage0_contrastive_bs8_fn4_001,base,c2r/background/rotate_qrcode/seed_372345110/progress_000,rotate_qrcode,seed_372345110,c2r,background,0.0,0,condition_video,,,,,,,,knn_k1,0.355339914560318
stage0_contrastive_bs8_fn4_001,base,c2r/background/place_object_stand/seed_715864988/progress_000,place_object_stand,seed_715864988,c2r,background,0.0,0,condition_video,,,,,,,,knn_k1,0.3454216718673706
stage0_contrastive_bs8_fn4_001,base,c2r/background/put_bottles_dustbin/seed_455479075/progress_000,put_bottles_dustbin,seed_455479075,c2r,background,0.0,0,condition_video,,,,,,,,knn_k1,0.4626196026802063
stage0_contrastive_bs8_fn4_001,base,c2r/background/move_stapler_pad/seed_453776751/progress_000,move_stapler_pad,seed_453776751,c2r,background,0.0,0,condition_video,,,,,,,,knn_k1,0.42695653438568115
stage0_contrastive_bs8_fn4_001,base,c2r/background/place_burger_fries/seed_165469501/progress_000,place_burger_fries,seed_165469501,c2r,background,0.0,0,condition_video,,,,,,,,knn_k1,0.4078065752983093
stage0_contrastive_bs8_fn4_001,base,c2r/background/place_bread_basket/seed_490234398/progress_000,place_bread_basket,seed_490234398,c2r,background,0.0,0,condition_video,,,,,,,,knn_k1,0.3655754029750824
stage0_contrastive_bs8_fn4_001,base,c2r/background/pick_diverse_bottles/seed_886697844/progress_000,pick_diverse_bottles,seed_886697844,c2r,background,0.0,0,condition_video,,,,,,,,knn_k1,0.3254029154777527
stage0_contrastive_bs8_fn4_001,base,c2r/background/open_microwave/seed_443701932/progress_000,open_microwave,seed_443701932,c2r,background,0.0,0,condition_video,,,,,,,,knn_k1,0.3440523147583008
stage0_contrastive_bs8_fn4_001,base,c2r/background/beat_block_hammer/seed_797298394/progress_000,beat_block_hammer,seed_797298394,c2r,background,0.0,0,condition_video,,,,,,,,knn_k1,0.3733791410923004
stage0_contrastive_bs8_fn4_001,base,c2r/background/press_stapler/seed_262831721/progress_000,press_stapler,seed_262831721,c2r,background,0.0,0,condition_video,,,,,,,,knn_k1,0.36800599098205566
stage0_contrastive_bs8_fn4_001,base,c2r/background/click_bell/seed_748992159/progress_000,click_bell,seed_748992159,c2r,background,0.0,0,condition_video,,,,,,,,knn_k1,0.40166762471199036
stage0_contrastive_bs8_fn4_001,base,c2r/background/move_playingcard_away/seed_114732817/progress_000,move_playingcard_away,seed_114732817,c2r,background,0.0,0,condition_video,,,,,,,,knn_k1,0.4097127914428711
stage0_contrastive_bs8_fn4_001,base,c2r/background/open_laptop/seed_121410776/progress_000,open_laptop,seed_121410776,c2r,background,0.0,0,condition_video,,,,,,,,knn_k1,0.40615221858024597
stage0_contrastive_bs8_fn4_001,base,c2r/background/move_can_pot/seed_600430797/progress_000,move_can_pot,seed_600430797,c2r,background,0.0,0,condition_video,,,,,,,,knn_k1,0.4245474636554718
stage0_contrastive_bs8_fn4_001,base,c2r/background/stack_bowls_two/seed_444040936/progress_000,stack_bowls_two,seed_444040936,c2r,background,0.0,0,condition_video,,,,,,,,knn_k1,0.4094773232936859
stage0_contrastive_bs8_fn4_001,base,c2r/background/place_a2b_right/seed_550624350/progress_000,place_a2b_right,seed_550624350,c2r,background,0.0,0,condition_video,,,,,,,,knn_k1,0.3636897802352905
stage0_contrastive_bs8_fn4_001,base,c2r/background/stamp_seal/seed_373032052/progress_000,stamp_seal,seed_373032052,c2r,background,0.0,0,condition_video,,,,,,,,knn_k1,0.39978891611099243
stage0_contrastive_bs8_fn4_001,base,c2r/background/place_object_basket/seed_13972055/progress_000,place_object_basket,seed_13972055,c2r,background,0.0,0,condition_video,,,,,,,,knn_k1,0.4035593867301941
stage0_contrastive_bs8_fn4_001,base,c2r/background/handover_mic/seed_791372736/progress_000,handover_mic,seed_791372736,c2r,background,0.0,0,condition_video,,,,,,,,knn_k1,0.35170087218284607
stage0_contrastive_bs8_fn4_001,base,c2r/background/place_bread_skillet/seed_682411729/progress_000,place_bread_skillet,seed_682411729,c2r,background,0.0,0,condition_video,,,,,,,,knn_k1,0.34709852933883667
stage0_contrastive_bs8_fn4_001,base,c2r/background/stack_blocks_two/seed_325046254/progress_000,stack_blocks_two,seed_325046254,c2r,background,0.0,0,condition_video,,,,,,,,knn_k1,0.44039031863212585
stage0_contrastive_bs8_fn4_001,base,c2r/background/place_cans_plasticbox/seed_851474539/progress_000,place_cans_plasticbox,seed_851474539,c2r,background,0.0,0,condition_video,,,,,,,,knn_k1,0.37410101294517517
stage0_contrastive_bs8_fn4_001,base,c2r/background/click_alarmclock/seed_597249174/progress_000,click_alarmclock,seed_597249174,c2r,background,0.0,0,condition_video,,,,,,,,knn_k1,0.3367682993412018
stage0_contrastive_bs8_fn4_001,base,c2r/background/blocks_ranking_size/seed_483186537/progress_000,blocks_ranking_size,seed_483186537,c2r,background,0.0,0,condition_video,,,,,,,,knn_k1,0.4565868079662323
stage0_contrastive_bs8_fn4_001,base,c2r/background/place_phone_stand/seed_844715882/progress_000,place_phone_stand,seed_844715882,c2r,background,0.0,0,condition_video,,,,,,,,knn_k1,0.3460586667060852
stage0_contrastive_bs8_fn4_001,base,c2r/background/place_can_basket/seed_873890208/progress_000,place_can_basket,seed_873890208,c2r,background,0.0,0,condition_video,,,,,,,,knn_k1,0.3967585563659668
stage0_contrastive_bs8_fn4_001,base,c2r/background/place_object_scale/seed_28989601/progress_000,place_object_scale,seed_28989601,c2r,background,0.0,0,condition_video,,,,,,,,knn_k1,0.4028787314891815
stage0_contrastive_bs8_fn4_001,base,c2r/background/place_a2b_left/seed_494714106/progress_000,place_a2b_left,seed_494714106,c2r,background,0.0,0,condition_video,,,,,,,,knn_k1,0.39815518260002136
stage0_contrastive_bs8_fn4_001,base,c2r/background/grab_roller/seed_274067892/progress_000,grab_roller,seed_274067892,c2r,background,0.0,0,condition_video,,,,,,,,knn_k1,0.30489692091941833
stage0_contrastive_bs8_fn4_001,base,c2r/background/place_dual_shoes/seed_100946921/progress_000,place_dual_shoes,seed_100946921,c2r,background,0.0,0,condition_video,,,,,,,,knn_k1,0.2952149510383606
stage0_contrastive_bs8_fn4_001,base,c2r/background/place_empty_cup/seed_66017520/progress_000,place_empty_cup,seed_66017520,c2r,background,0.0,0,condition_video,,,,,,,,knn_k1,0.43774572014808655
stage0_contrastive_bs8_fn4_001,base,c2r/background/blocks_ranking_rgb/seed_392877897/progress_000,blocks_ranking_rgb,seed_392877897,c2r,background,0.0,0,condition_video,,,,,,,,knn_k1,0.45866721868515015
stage0_contrastive_bs8_fn4_001,base,aggregate,all,all,c2r,background,,0,condition_video,,,,,,,,knn_k1_mean,0.3852143651247025
stage0_contrastive_bs8_fn4_001,base,aggregate,all,group_split,c2r,background,,0,condition_video,,,,,,,,domain_balanced_accuracy,0.5
stage0_contrastive_bs8_fn4_001,base,aggregate,all,group_split,c2r,background,,0,condition_video,,,,,,,,domain_auroc,1.0
stage0_contrastive_bs8_fn4_001,base,c2r/clutter/stack_bowls_three/seed_761954913/progress_000,stack_bowls_three,seed_761954913,c2r,clutter,0.0,0,condition_video,,,,,,,,knn_k1,0.41038936376571655
stage0_contrastive_bs8_fn4_001,base,c2r/clutter/handover_block/seed_624737248/progress_000,handover_block,seed_624737248,c2r,clutter,0.0,0,condition_video,,,,,,,,knn_k1,0.41019147634506226
stage0_contrastive_bs8_fn4_001,base,c2r/clutter/hanging_mug/seed_853936167/progress_000,hanging_mug,seed_853936167,c2r,clutter,0.0,0,condition_video,,,,,,,,knn_k1,0.3871484696865082
stage0_contrastive_bs8_fn4_001,base,c2r/clutter/scan_object/seed_200154928/progress_000,scan_object,seed_200154928,c2r,clutter,0.0,0,condition_video,,,,,,,,knn_k1,0.32558929920196533
stage0_contrastive_bs8_fn4_001,base,c2r/clutter/lift_pot/seed_36841133/progress_000,lift_pot,seed_36841133,c2r,clutter,0.0,0,condition_video,,,,,,,,knn_k1,0.32795920968055725
stage0_contrastive_bs8_fn4_001,base,c2r/clutter/put_object_cabinet/seed_213141741/progress_000,put_object_cabinet,seed_213141741,c2r,clutter,0.0,0,condition_video,,,,,,,,knn_k1,0.27263903617858887
stage0_contrastive_bs8_fn4_001,base,c2r/clutter/stack_blocks_three/seed_885782772/progress_000,stack_blocks_three,seed_885782772,c2r,clutter,0.0,0,condition_video,,,,,,,,knn_k1,0.4484354257583618
stage0_contrastive_bs8_fn4_001,base,c2r/clutter/place_shoe/seed_148930251/progress_000,place_shoe,seed_148930251,c2r,clutter,0.0,0,condition_video,,,,,,,,knn_k1,0.3725968599319458
stage0_contrastive_bs8_fn4_001,base,c2r/clutter/adjust_bottle/seed_487447292/progress_000,adjust_bottle,seed_487447292,c2r,clutter,0.0,0,condition_video,,,,,,,,knn_k1,0.3741653859615326
stage0_contrastive_bs8_fn4_001,base,c2r/clutter/place_mouse_pad/seed_782913939/progress_000,place_mouse_pad,seed_782913939,c2r,clutter,0.0,0,condition_video,,,,,,,,knn_k1,0.38504236936569214
stage0_contrastive_bs8_fn4_001,base,c2r/clutter/dump_bin_bigbin/seed_48286788/progress_000,dump_bin_bigbin,seed_48286788,c2r,clutter,0.0,0,condition_video,,,,,,,,knn_k1,0.3932196795940399
stage0_contrastive_bs8_fn4_001,base,c2r/clutter/move_pillbottle_pad/seed_170572259/progress_000,move_pillbottle_pad,seed_170572259,c2r,clutter,0.0,0,condition_video,,,,,,,,knn_k1,0.4315638840198517
stage0_contrastive_bs8_fn4_001,base,c2r/clutter/pick_dual_bottles/seed_4182488/progress_000,pick_dual_bottles,seed_4182488,c2r,clutter,0.0,0,condition_video,,,,,,,,knn_k1,0.3254309594631195
stage0_contrastive_bs8_fn4_001,base,c2r/clutter/shake_bottle/seed_509663030/progress_000,shake_bottle,seed_509663030,c2r,clutter,0.0,0,condition_video,,,,,,,,knn_k1,0.4739500880241394
stage0_contrastive_bs8_fn4_001,base,c2r/clutter/place_fan/seed_847307321/progress_000,place_fan,seed_847307321,c2r,clutter,0.0,0,condition_video,,,,,,,,knn_k1,0.407050758600235
stage0_contrastive_bs8_fn4_001,base,c2r/clutter/turn_switch/seed_106540409/progress_000,turn_switch,seed_106540409,c2r,clutter,0.0,0,condition_video,,,,,,,,knn_k1,0.40493351221084595
stage0_contrastive_bs8_fn4_001,base,c2r/clutter/shake_bottle_horizontally/seed_491429438/progress_000,shake_bottle_horizontally,seed_491429438,c2r,clutter,0.0,0,condition_video,,,,,,,,knn_k1,0.3768351376056671
stage0_contrastive_bs8_fn4_001,base,c2r/clutter/place_container_plate/seed_594486020/progress_000,place_container_plate,seed_594486020,c2r,clutter,0.0,0,condition_video,,,,,,,,knn_k1,0.4070199131965637
stage0_contrastive_bs8_fn4_001,base,c2r/clutter/rotate_qrcode/seed_362674036/progress_000,rotate_qrcode,seed_362674036,c2r,clutter,0.0,0,condition_video,,,,,,,,knn_k1,0.36085009574890137
stage0_contrastive_bs8_fn4_001,base,c2r/clutter/place_object_stand/seed_162697052/progress_000,place_object_stand,seed_162697052,c2r,clutter,0.0,0,condition_video,,,,,,,,knn_k1,0.3480660617351532
stage0_contrastive_bs8_fn4_001,base,c2r/clutter/put_bottles_dustbin/seed_148690198/progress_000,put_bottles_dustbin,seed_148690198,c2r,clutter,0.0,0,condition_video,,,,,,,,knn_k1,0.4493130147457123
stage0_contrastive_bs8_fn4_001,base,c2r/clutter/move_stapler_pad/seed_744409618/progress_000,move_stapler_pad,seed_744409618,c2r,clutter,0.0,0,condition_video,,,,,,,,knn_k1,0.4233141541481018
stage0_contrastive_bs8_fn4_001,base,c2r/clutter/place_burger_fries/seed_303636962/progress_000,place_burger_fries,seed_303636962,c2r,clutter,0.0,0,condition_video,,,,,,,,knn_k1,0.4082547724246979
stage0_contrastive_bs8_fn4_001,base,c2r/clutter/place_bread_basket/seed_105344671/progress_000,place_bread_basket,seed_105344671,c2r,clutter,0.0,0,condition_video,,,,,,,,knn_k1,0.3598504960536957
stage0_contrastive_bs8_fn4_001,base,c2r/clutter/pick_diverse_bottles/seed_21321356/progress_000,pick_diverse_bottles,seed_21321356,c2r,clutter,0.0,0,condition_video,,,,,,,,knn_k1,0.3329920172691345
stage0_contrastive_bs8_fn4_001,base,c2r/clutter/open_microwave/seed_136410473/progress_000,open_microwave,seed_136410473,c2r,clutter,0.0,0,condition_video,,,,,,,,knn_k1,0.34787192940711975
stage0_contrastive_bs8_fn4_001,base,c2r/clutter/beat_block_hammer/seed_36693999/progress_000,beat_block_hammer,seed_36693999,c2r,clutter,0.0,0,condition_video,,,,,,,,knn_k1,0.37309908866882324
stage0_contrastive_bs8_fn4_001,base,c2r/clutter/press_stapler/seed_880007787/progress_000,press_stapler,seed_880007787,c2r,clutter,0.0,0,condition_video,,,,,,,,knn_k1,0.3685323894023895
stage0_contrastive_bs8_fn4_001,base,c2r/clutter/click_bell/seed_539095014/progress_000,click_bell,seed_539095014,c2r,clutter,0.0,0,condition_video,,,,,,,,knn_k1,0.4005431830883026
stage0_contrastive_bs8_fn4_001,base,c2r/clutter/move_playingcard_away/seed_385288247/progress_000,move_playingcard_away,seed_385288247,c2r,clutter,0.0,0,condition_video,,,,,,,,knn_k1,0.40592658519744873
stage0_contrastive_bs8_fn4_001,base,c2r/clutter/open_laptop/seed_260421436/progress_000,open_laptop,seed_260421436,c2r,clutter,0.0,0,condition_video,,,,,,,,knn_k1,0.41494783759117126
stage0_contrastive_bs8_fn4_001,base,c2r/clutter/move_can_pot/seed_445842829/progress_000,move_can_pot,seed_445842829,c2r,clutter,0.0,0,condition_video,,,,,,,,knn_k1,0.4160279929637909
stage0_contrastive_bs8_fn4_001,base,c2r/clutter/stack_bowls_two/seed_408127787/progress_000,stack_bowls_two,seed_408127787,c2r,clutter,0.0,0,condition_video,,,,,,,,knn_k1,0.3969147205352783
stage0_contrastive_bs8_fn4_001,base,c2r/clutter/place_a2b_right/seed_298826397/progress_000,place_a2b_right,seed_298826397,c2r,clutter,0.0,0,condition_video,,,,,,,,knn_k1,0.36369892954826355
stage0_contrastive_bs8_fn4_001,base,c2r/clutter/stamp_seal/seed_748150648/progress_000,stamp_seal,seed_748150648,c2r,clutter,0.0,0,condition_video,,,,,,,,knn_k1,0.3942537307739258
stage0_contrastive_bs8_fn4_001,base,c2r/clutter/place_object_basket/seed_455727417/progress_000,place_object_basket,seed_455727417,c2r,clutter,0.0,0,condition_video,,,,,,,,knn_k1,0.417079895734787
stage0_contrastive_bs8_fn4_001,base,c2r/clutter/handover_mic/seed_27533572/progress_000,handover_mic,seed_27533572,c2r,clutter,0.0,0,condition_video,,,,,,,,knn_k1,0.3516477048397064
stage0_contrastive_bs8_fn4_001,base,c2r/clutter/place_bread_skillet/seed_470829968/progress_000,place_bread_skillet,seed_470829968,c2r,clutter,0.0,0,condition_video,,,,,,,,knn_k1,0.35495829582214355
stage0_contrastive_bs8_fn4_001,base,c2r/clutter/stack_blocks_two/seed_193292576/progress_000,stack_blocks_two,seed_193292576,c2r,clutter,0.0,0,condition_video,,,,,,,,knn_k1,0.43962398171424866
stage0_contrastive_bs8_fn4_001,base,c2r/clutter/place_cans_plasticbox/seed_552905247/progress_000,place_cans_plasticbox,seed_552905247,c2r,clutter,0.0,0,condition_video,,,,,,,,knn_k1,0.37472063302993774
stage0_contrastive_bs8_fn4_001,base,c2r/clutter/click_alarmclock/seed_257639388/progress_000,click_alarmclock,seed_257639388,c2r,clutter,0.0,0,condition_video,,,,,,,,knn_k1,0.3465818464756012
stage0_contrastive_bs8_fn4_001,base,c2r/clutter/blocks_ranking_size/seed_676842534/progress_000,blocks_ranking_size,seed_676842534,c2r,clutter,0.0,0,condition_video,,,,,,,,knn_k1,0.45370006561279297
stage0_contrastive_bs8_fn4_001,base,c2r/clutter/place_phone_stand/seed_560963078/progress_000,place_phone_stand,seed_560963078,c2r,clutter,0.0,0,condition_video,,,,,,,,knn_k1,0.3459707200527191
stage0_contrastive_bs8_fn4_001,base,c2r/clutter/place_can_basket/seed_578149817/progress_000,place_can_basket,seed_578149817,c2r,clutter,0.0,0,condition_video,,,,,,,,knn_k1,0.3903737962245941
stage0_contrastive_bs8_fn4_001,base,c2r/clutter/place_object_scale/seed_142945748/progress_000,place_object_scale,seed_142945748,c2r,clutter,0.0,0,condition_video,,,,,,,,knn_k1,0.4050738513469696
stage0_contrastive_bs8_fn4_001,base,c2r/clutter/place_a2b_left/seed_712001400/progress_000,place_a2b_left,seed_712001400,c2r,clutter,0.0,0,condition_video,,,,,,,,knn_k1,0.3997390568256378
stage0_contrastive_bs8_fn4_001,base,c2r/clutter/grab_roller/seed_489372951/progress_000,grab_roller,seed_489372951,c2r,clutter,0.0,0,condition_video,,,,,,,,knn_k1,0.30599743127822876
stage0_contrastive_bs8_fn4_001,base,c2r/clutter/place_dual_shoes/seed_486785621/progress_000,place_dual_shoes,seed_486785621,c2r,clutter,0.0,0,condition_video,,,,,,,,knn_k1,0.2960658371448517
stage0_contrastive_bs8_fn4_001,base,c2r/clutter/place_empty_cup/seed_270996463/progress_000,place_empty_cup,seed_270996463,c2r,clutter,0.0,0,condition_video,,,,,,,,knn_k1,0.43322789669036865
stage0_contrastive_bs8_fn4_001,base,c2r/clutter/blocks_ranking_rgb/seed_350545820/progress_000,blocks_ranking_rgb,seed_350545820,c2r,clutter,0.0,0,condition_video,,,,,,,,knn_k1,0.45536959171295166
stage0_contrastive_bs8_fn4_001,base,aggregate,all,all,c2r,clutter,,0,condition_video,,,,,,,,knn_k1_mean,0.38537496864795684
stage0_contrastive_bs8_fn4_001,base,aggregate,all,group_split,c2r,clutter,,0,condition_video,,,,,,,,domain_balanced_accuracy,0.5
stage0_contrastive_bs8_fn4_001,base,aggregate,all,group_split,c2r,clutter,,0,condition_video,,,,,,,,domain_auroc,1.0
stage0_contrastive_bs8_fn4_001,base,c2r/height/stack_bowls_three/seed_777107145/progress_000,stack_bowls_three,seed_777107145,c2r,height,0.0,0,condition_video,,,,,,,,knn_k1,0.399385005235672
stage0_contrastive_bs8_fn4_001,base,c2r/height/handover_block/seed_153931416/progress_000,handover_block,seed_153931416,c2r,height,0.0,0,condition_video,,,,,,,,knn_k1,0.41751357913017273
stage0_contrastive_bs8_fn4_001,base,c2r/height/hanging_mug/seed_797626889/progress_000,hanging_mug,seed_797626889,c2r,height,0.0,0,condition_video,,,,,,,,knn_k1,0.3867429196834564
stage0_contrastive_bs8_fn4_001,base,c2r/height/scan_object/seed_86820161/progress_000,scan_object,seed_86820161,c2r,height,0.0,0,condition_video,,,,,,,,knn_k1,0.32780835032463074
stage0_contrastive_bs8_fn4_001,base,c2r/height/lift_pot/seed_358880989/progress_000,lift_pot,seed_358880989,c2r,height,0.0,0,condition_video,,,,,,,,knn_k1,0.3279743790626526
stage0_contrastive_bs8_fn4_001,base,c2r/height/put_object_cabinet/seed_579804476/progress_000,put_object_cabinet,seed_579804476,c2r,height,0.0,0,condition_video,,,,,,,,knn_k1,0.2717841863632202
stage0_contrastive_bs8_fn4_001,base,c2r/height/stack_blocks_three/seed_510834284/progress_000,stack_blocks_three,seed_510834284,c2r,height,0.0,0,condition_video,,,,,,,,knn_k1,0.4508815407752991
stage0_contrastive_bs8_fn4_001,base,c2r/height/place_shoe/seed_547565528/progress_000,place_shoe,seed_547565528,c2r,height,0.0,0,condition_video,,,,,,,,knn_k1,0.35883817076683044
stage0_contrastive_bs8_fn4_001,base,c2r/height/adjust_bottle/seed_455908385/progress_000,adjust_bottle,seed_455908385,c2r,height,0.0,0,condition_video,,,,,,,,knn_k1,0.37121111154556274
stage0_contrastive_bs8_fn4_001,base,c2r/height/place_mouse_pad/seed_747588073/progress_000,place_mouse_pad,seed_747588073,c2r,height,0.0,0,condition_video,,,,,,,,knn_k1,0.37855178117752075
stage0_contrastive_bs8_fn4_001,base,c2r/height/dump_bin_bigbin/seed_609125485/progress_000,dump_bin_bigbin,seed_609125485,c2r,height,0.0,0,condition_video,,,,,,,,knn_k1,0.40495288372039795
stage0_contrastive_bs8_fn4_001,base,c2r/height/move_pillbottle_pad/seed_454258712/progress_000,move_pillbottle_pad,seed_454258712,c2r,height,0.0,0,condition_video,,,,,,,,knn_k1,0.43576857447624207
stage0_contrastive_bs8_fn4_001,base,c2r/height/pick_dual_bottles/seed_625462229/progress_000,pick_dual_bottles,seed_625462229,c2r,height,0.0,0,condition_video,,,,,,,,knn_k1,0.32283544540405273
stage0_contrastive_bs8_fn4_001,base,c2r/height/shake_bottle/seed_11397417/progress_000,shake_bottle,seed_11397417,c2r,height,0.0,0,condition_video,,,,,,,,knn_k1,0.4662885367870331
stage0_contrastive_bs8_fn4_001,base,c2r/height/place_fan/seed_562359323/progress_000,place_fan,seed_562359323,c2r,height,0.0,0,condition_video,,,,,,,,knn_k1,0.4039978086948395
stage0_contrastive_bs8_fn4_001,base,c2r/height/turn_switch/seed_388598700/progress_000,turn_switch,seed_388598700,c2r,height,0.0,0,condition_video,,,,,,,,knn_k1,0.40739336609840393
stage0_contrastive_bs8_fn4_001,base,c2r/height/shake_bottle_horizontally/seed_506817488/progress_000,shake_bottle_horizontally,seed_506817488,c2r,height,0.0,0,condition_video,,,,,,,,knn_k1,0.39047569036483765
stage0_contrastive_bs8_fn4_001,base,c2r/height/place_container_plate/seed_661154812/progress_000,place_container_plate,seed_661154812,c2r,height,0.0,0,condition_video,,,,,,,,knn_k1,0.4038029909133911
stage0_contrastive_bs8_fn4_001,base,c2r/height/rotate_qrcode/seed_391550427/progress_000,rotate_qrcode,seed_391550427,c2r,height,0.0,0,condition_video,,,,,,,,knn_k1,0.36831751465797424
stage0_contrastive_bs8_fn4_001,base,c2r/height/place_object_stand/seed_520492387/progress_000,place_object_stand,seed_520492387,c2r,height,0.0,0,condition_video,,,,,,,,knn_k1,0.3503038287162781
stage0_contrastive_bs8_fn4_001,base,c2r/height/put_bottles_dustbin/seed_833796020/progress_000,put_bottles_dustbin,seed_833796020,c2r,height,0.0,0,condition_video,,,,,,,,knn_k1,0.4526173770427704
stage0_contrastive_bs8_fn4_001,base,c2r/height/move_stapler_pad/seed_626979943/progress_000,move_stapler_pad,seed_626979943,c2r,height,0.0,0,condition_video,,,,,,,,knn_k1,0.4258321225643158
stage0_contrastive_bs8_fn4_001,base,c2r/height/place_burger_fries/seed_44486756/progress_000,place_burger_fries,seed_44486756,c2r,height,0.0,0,condition_video,,,,,,,,knn_k1,0.36899712681770325
stage0_contrastive_bs8_fn4_001,base,c2r/height/place_bread_basket/seed_769514620/progress_000,place_bread_basket,seed_769514620,c2r,height,0.0,0,condition_video,,,,,,,,knn_k1,0.3689482510089874
stage0_contrastive_bs8_fn4_001,base,c2r/height/pick_diverse_bottles/seed_202104734/progress_000,pick_diverse_bottles,seed_202104734,c2r,height,0.0,0,condition_video,,,,,,,,knn_k1,0.32737255096435547
stage0_contrastive_bs8_fn4_001,base,c2r/height/open_microwave/seed_670586037/progress_000,open_microwave,seed_670586037,c2r,height,0.0,0,condition_video,,,,,,,,knn_k1,0.34774619340896606
stage0_contrastive_bs8_fn4_001,base,c2r/height/beat_block_hammer/seed_146228030/progress_000,beat_block_hammer,seed_146228030,c2r,height,0.0,0,condition_video,,,,,,,,knn_k1,0.3743901550769806
stage0_contrastive_bs8_fn4_001,base,c2r/height/press_stapler/seed_623879527/progress_000,press_stapler,seed_623879527,c2r,height,0.0,0,condition_video,,,,,,,,knn_k1,0.38042354583740234
stage0_contrastive_bs8_fn4_001,base,c2r/height/click_bell/seed_576942388/progress_000,click_bell,seed_576942388,c2r,height,0.0,0,condition_video,,,,,,,,knn_k1,0.4118359684944153
stage0_contrastive_bs8_fn4_001,base,c2r/height/move_playingcard_away/seed_468245999/progress_000,move_playingcard_away,seed_468245999,c2r,height,0.0,0,condition_video,,,,,,,,knn_k1,0.416098952293396
stage0_contrastive_bs8_fn4_001,base,c2r/height/open_laptop/seed_273582622/progress_000,open_laptop,seed_273582622,c2r,height,0.0,0,condition_video,,,,,,,,knn_k1,0.42003104090690613
stage0_contrastive_bs8_fn4_001,base,c2r/height/move_can_pot/seed_285658487/progress_000,move_can_pot,seed_285658487,c2r,height,0.0,0,condition_video,,,,,,,,knn_k1,0.42734426259994507
stage0_contrastive_bs8_fn4_001,base,c2r/height/stack_bowls_two/seed_116018094/progress_000,stack_bowls_two,seed_116018094,c2r,height,0.0,0,condition_video,,,,,,,,knn_k1,0.3939274847507477
stage0_contrastive_bs8_fn4_001,base,c2r/height/place_a2b_right/seed_803724289/progress_000,place_a2b_right,seed_803724289,c2r,height,0.0,0,condition_video,,,,,,,,knn_k1,0.3872523605823517
stage0_contrastive_bs8_fn4_001,base,c2r/height/stamp_seal/seed_391510540/progress_000,stamp_seal,seed_391510540,c2r,height,0.0,0,condition_video,,,,,,,,knn_k1,0.3972395360469818
stage0_contrastive_bs8_fn4_001,base,c2r/height/place_object_basket/seed_760526045/progress_000,place_object_basket,seed_760526045,c2r,height,0.0,0,condition_video,,,,,,,,knn_k1,0.4028671979904175
stage0_contrastive_bs8_fn4_001,base,c2r/height/handover_mic/seed_537376167/progress_000,handover_mic,seed_537376167,c2r,height,0.0,0,condition_video,,,,,,,,knn_k1,0.3477327823638916
stage0_contrastive_bs8_fn4_001,base,c2r/height/place_bread_skillet/seed_394408374/progress_000,place_bread_skillet,seed_394408374,c2r,height,0.0,0,condition_video,,,,,,,,knn_k1,0.345980167388916
stage0_contrastive_bs8_fn4_001,base,c2r/height/stack_blocks_two/seed_639631926/progress_000,stack_blocks_two,seed_639631926,c2r,height,0.0,0,condition_video,,,,,,,,knn_k1,0.44004109501838684
stage0_contrastive_bs8_fn4_001,base,c2r/height/place_cans_plasticbox/seed_514553626/progress_000,place_cans_plasticbox,seed_514553626,c2r,height,0.0,0,condition_video,,,,,,,,knn_k1,0.37708738446235657
stage0_contrastive_bs8_fn4_001,base,c2r/height/click_alarmclock/seed_789543505/progress_000,click_alarmclock,seed_789543505,c2r,height,0.0,0,condition_video,,,,,,,,knn_k1,0.3587058484554291
stage0_contrastive_bs8_fn4_001,base,c2r/height/blocks_ranking_size/seed_3661514/progress_000,blocks_ranking_size,seed_3661514,c2r,height,0.0,0,condition_video,,,,,,,,knn_k1,0.4530820846557617
stage0_contrastive_bs8_fn4_001,base,c2r/height/place_phone_stand/seed_39116909/progress_000,place_phone_stand,seed_39116909,c2r,height,0.0,0,condition_video,,,,,,,,knn_k1,0.349778950214386
stage0_contrastive_bs8_fn4_001,base,c2r/height/place_can_basket/seed_788353025/progress_000,place_can_basket,seed_788353025,c2r,height,0.0,0,condition_video,,,,,,,,knn_k1,0.38347265124320984
stage0_contrastive_bs8_fn4_001,base,c2r/height/place_object_scale/seed_603032508/progress_000,place_object_scale,seed_603032508,c2r,height,0.0,0,condition_video,,,,,,,,knn_k1,0.4025733470916748
stage0_contrastive_bs8_fn4_001,base,c2r/height/place_a2b_left/seed_240483131/progress_000,place_a2b_left,seed_240483131,c2r,height,0.0,0,condition_video,,,,,,,,knn_k1,0.3921864628791809
stage0_contrastive_bs8_fn4_001,base,c2r/height/grab_roller/seed_452075745/progress_000,grab_roller,seed_452075745,c2r,height,0.0,0,condition_video,,,,,,,,knn_k1,0.30321404337882996
stage0_contrastive_bs8_fn4_001,base,c2r/height/place_dual_shoes/seed_890676601/progress_000,place_dual_shoes,seed_890676601,c2r,height,0.0,0,condition_video,,,,,,,,knn_k1,0.3042770028114319
stage0_contrastive_bs8_fn4_001,base,c2r/height/place_empty_cup/seed_859277454/progress_000,place_empty_cup,seed_859277454,c2r,height,0.0,0,condition_video,,,,,,,,knn_k1,0.43308645486831665
stage0_contrastive_bs8_fn4_001,base,c2r/height/blocks_ranking_rgb/seed_114117740/progress_000,blocks_ranking_rgb,seed_114117740,c2r,height,0.0,0,condition_video,,,,,,,,knn_k1,0.4587934613227844
stage0_contrastive_bs8_fn4_001,base,aggregate,all,all,c2r,height,,0,condition_video,,,,,,,,knn_k1_mean,0.38595527052879336
stage0_contrastive_bs8_fn4_001,base,aggregate,all,group_split,c2r,height,,0,condition_video,,,,,,,,domain_balanced_accuracy,0.5
stage0_contrastive_bs8_fn4_001,base,aggregate,all,group_split,c2r,height,,0,condition_video,,,,,,,,domain_auroc,1.0
stage0_contrastive_bs8_fn4_001,base,c2r/light/stack_bowls_three/seed_317869620/progress_000,stack_bowls_three,seed_317869620,c2r,light,0.0,0,condition_video,,,,,,,,knn_k1,0.5046398639678955
stage0_contrastive_bs8_fn4_001,base,c2r/light/handover_block/seed_879311662/progress_000,handover_block,seed_879311662,c2r,light,0.0,0,condition_video,,,,,,,,knn_k1,0.5850902795791626
stage0_contrastive_bs8_fn4_001,base,c2r/light/hanging_mug/seed_459299139/progress_000,hanging_mug,seed_459299139,c2r,light,0.0,0,condition_video,,,,,,,,knn_k1,0.5746155977249146
stage0_contrastive_bs8_fn4_001,base,c2r/light/scan_object/seed_289038431/progress_000,scan_object,seed_289038431,c2r,light,0.0,0,condition_video,,,,,,,,knn_k1,0.4801715016365051
stage0_contrastive_bs8_fn4_001,base,c2r/light/lift_pot/seed_185598812/progress_000,lift_pot,seed_185598812,c2r,light,0.0,0,condition_video,,,,,,,,knn_k1,0.3831033408641815
stage0_contrastive_bs8_fn4_001,base,c2r/light/put_object_cabinet/seed_644929938/progress_000,put_object_cabinet,seed_644929938,c2r,light,0.0,0,condition_video,,,,,,,,knn_k1,0.3549543023109436
stage0_contrastive_bs8_fn4_001,base,c2r/light/stack_blocks_three/seed_314814982/progress_000,stack_blocks_three,seed_314814982,c2r,light,0.0,0,condition_video,,,,,,,,knn_k1,0.6390329003334045
stage0_contrastive_bs8_fn4_001,base,c2r/light/place_shoe/seed_259707623/progress_000,place_shoe,seed_259707623,c2r,light,0.0,0,condition_video,,,,,,,,knn_k1,0.47847598791122437
stage0_contrastive_bs8_fn4_001,base,c2r/light/adjust_bottle/seed_218427993/progress_000,adjust_bottle,seed_218427993,c2r,light,0.0,0,condition_video,,,,,,,,knn_k1,0.4821060299873352
stage0_contrastive_bs8_fn4_001,base,c2r/light/place_mouse_pad/seed_866209002/progress_000,place_mouse_pad,seed_866209002,c2r,light,0.0,0,condition_video,,,,,,,,knn_k1,0.5684664249420166
stage0_contrastive_bs8_fn4_001,base,c2r/light/dump_bin_bigbin/seed_423840151/progress_000,dump_bin_bigbin,seed_423840151,c2r,light,0.0,0,condition_video,,,,,,,,knn_k1,0.5295997262001038
stage0_contrastive_bs8_fn4_001,base,c2r/light/move_pillbottle_pad/seed_635002489/progress_000,move_pillbottle_pad,seed_635002489,c2r,light,0.0,0,condition_video,,,,,,,,knn_k1,0.644519031047821
stage0_contrastive_bs8_fn4_001,base,c2r/light/pick_dual_bottles/seed_7690756/progress_000,pick_dual_bottles,seed_7690756,c2r,light,0.0,0,condition_video,,,,,,,,knn_k1,0.4469573199748993
stage0_contrastive_bs8_fn4_001,base,c2r/light/shake_bottle/seed_716268860/progress_000,shake_bottle,seed_716268860,c2r,light,0.0,0,condition_video,,,,,,,,knn_k1,0.6715951561927795
stage0_contrastive_bs8_fn4_001,base,c2r/light/place_fan/seed_519267369/progress_000,place_fan,seed_519267369,c2r,light,0.0,0,condition_video,,,,,,,,knn_k1,0.5794565677642822
stage0_contrastive_bs8_fn4_001,base,c2r/light/turn_switch/seed_493838736/progress_000,turn_switch,seed_493838736,c2r,light,0.0,0,condition_video,,,,,,,,knn_k1,0.6152308583259583
stage0_contrastive_bs8_fn4_001,base,c2r/light/shake_bottle_horizontally/seed_497389386/progress_000,shake_bottle_horizontally,seed_497389386,c2r,light,0.0,0,condition_video,,,,,,,,knn_k1,0.5231432914733887
stage0_contrastive_bs8_fn4_001,base,c2r/light/place_container_plate/seed_252210122/progress_000,place_container_plate,seed_252210122,c2r,light,0.0,0,condition_video,,,,,,,,knn_k1,0.5812101364135742
stage0_contrastive_bs8_fn4_001,base,c2r/light/rotate_qrcode/seed_24255504/progress_000,rotate_qrcode,seed_24255504,c2r,light,0.0,0,condition_video,,,,,,,,knn_k1,0.5780007243156433
stage0_contrastive_bs8_fn4_001,base,c2r/light/place_object_stand/seed_603755546/progress_000,place_object_stand,seed_603755546,c2r,light,0.0,0,condition_video,,,,,,,,knn_k1,0.45365849137306213
stage0_contrastive_bs8_fn4_001,base,c2r/light/put_bottles_dustbin/seed_473207494/progress_000,put_bottles_dustbin,seed_473207494,c2r,light,0.0,0,condition_video,,,,,,,,knn_k1,0.6063960194587708
stage0_contrastive_bs8_fn4_001,base,c2r/light/move_stapler_pad/seed_724544048/progress_000,move_stapler_pad,seed_724544048,c2r,light,0.0,0,condition_video,,,,,,,,knn_k1,0.7260596752166748
stage0_contrastive_bs8_fn4_001,base,c2r/light/place_burger_fries/seed_764956105/progress_000,place_burger_fries,seed_764956105,c2r,light,0.0,0,condition_video,,,,,,,,knn_k1,0.4889317452907562
stage0_contrastive_bs8_fn4_001,base,c2r/light/place_bread_basket/seed_548994270/progress_000,place_bread_basket,seed_548994270,c2r,light,0.0,0,condition_video,,,,,,,,knn_k1,0.4699697196483612
stage0_contrastive_bs8_fn4_001,base,c2r/light/pick_diverse_bottles/seed_469296516/progress_000,pick_diverse_bottles,seed_469296516,c2r,light,0.0,0,condition_video,,,,,,,,knn_k1,0.3789968192577362
stage0_contrastive_bs8_fn4_001,base,c2r/light/open_microwave/seed_126026794/progress_000,open_microwave,seed_126026794,c2r,light,0.0,0,condition_video,,,,,,,,knn_k1,0.4087224006652832
stage0_contrastive_bs8_fn4_001,base,c2r/light/beat_block_hammer/seed_190785939/progress_000,beat_block_hammer,seed_190785939,c2r,light,0.0,0,condition_video,,,,,,,,knn_k1,0.4903944730758667
stage0_contrastive_bs8_fn4_001,base,c2r/light/press_stapler/seed_645584852/progress_000,press_stapler,seed_645584852,c2r,light,0.0,0,condition_video,,,,,,,,knn_k1,0.5108116865158081
stage0_contrastive_bs8_fn4_001,base,c2r/light/click_bell/seed_611142223/progress_000,click_bell,seed_611142223,c2r,light,0.0,0,condition_video,,,,,,,,knn_k1,0.5203160643577576
stage0_contrastive_bs8_fn4_001,base,c2r/light/move_playingcard_away/seed_698951458/progress_000,move_playingcard_away,seed_698951458,c2r,light,0.0,0,condition_video,,,,,,,,knn_k1,0.4449395537376404
stage0_contrastive_bs8_fn4_001,base,c2r/light/open_laptop/seed_627389206/progress_000,open_laptop,seed_627389206,c2r,light,0.0,0,condition_video,,,,,,,,knn_k1,0.5021321773529053
stage0_contrastive_bs8_fn4_001,base,c2r/light/move_can_pot/seed_248023816/progress_000,move_can_pot,seed_248023816,c2r,light,0.0,0,condition_video,,,,,,,,knn_k1,0.46360304951667786
stage0_contrastive_bs8_fn4_001,base,c2r/light/stack_bowls_two/seed_656246828/progress_000,stack_bowls_two,seed_656246828,c2r,light,0.0,0,condition_video,,,,,,,,knn_k1,0.5345028638839722
stage0_contrastive_bs8_fn4_001,base,c2r/light/place_a2b_right/seed_803416018/progress_000,place_a2b_right,seed_803416018,c2r,light,0.0,0,condition_video,,,,,,,,knn_k1,0.45221447944641113
stage0_contrastive_bs8_fn4_001,base,c2r/light/stamp_seal/seed_203079918/progress_000,stamp_seal,seed_203079918,c2r,light,0.0,0,condition_video,,,,,,,,knn_k1,0.5094574689865112
stage0_contrastive_bs8_fn4_001,base,c2r/light/place_object_basket/seed_241125908/progress_000,place_object_basket,seed_241125908,c2r,light,0.0,0,condition_video,,,,,,,,knn_k1,0.612371027469635
stage0_contrastive_bs8_fn4_001,base,c2r/light/handover_mic/seed_283323218/progress_000,handover_mic,seed_283323218,c2r,light,0.0,0,condition_video,,,,,,,,knn_k1,0.6123906970024109
stage0_contrastive_bs8_fn4_001,base,c2r/light/place_bread_skillet/seed_156686976/progress_000,place_bread_skillet,seed_156686976,c2r,light,0.0,0,condition_video,,,,,,,,knn_k1,0.38377851247787476
stage0_contrastive_bs8_fn4_001,base,c2r/light/stack_blocks_two/seed_803532712/progress_000,stack_blocks_two,seed_803532712,c2r,light,0.0,0,condition_video,,,,,,,,knn_k1,0.6529738306999207
stage0_contrastive_bs8_fn4_001,base,c2r/light/place_cans_plasticbox/seed_577981354/progress_000,place_cans_plasticbox,seed_577981354,c2r,light,0.0,0,condition_video,,,,,,,,knn_k1,0.4863787293434143
stage0_contrastive_bs8_fn4_001,base,c2r/light/click_alarmclock/seed_762866989/progress_000,click_alarmclock,seed_762866989,c2r,light,0.0,0,condition_video,,,,,,,,knn_k1,0.3376278877258301
stage0_contrastive_bs8_fn4_001,base,c2r/light/blocks_ranking_size/seed_505985753/progress_000,blocks_ranking_size,seed_505985753,c2r,light,0.0,0,condition_video,,,,,,,,knn_k1,0.6710912585258484
stage0_contrastive_bs8_fn4_001,base,c2r/light/place_phone_stand/seed_624751721/progress_000,place_phone_stand,seed_624751721,c2r,light,0.0,0,condition_video,,,,,,,,knn_k1,0.4466037154197693
stage0_contrastive_bs8_fn4_001,base,c2r/light/place_can_basket/seed_542145302/progress_000,place_can_basket,seed_542145302,c2r,light,0.0,0,condition_video,,,,,,,,knn_k1,0.44625324010849
stage0_contrastive_bs8_fn4_001,base,c2r/light/place_object_scale/seed_722575534/progress_000,place_object_scale,seed_722575534,c2r,light,0.0,0,condition_video,,,,,,,,knn_k1,0.5936689376831055
stage0_contrastive_bs8_fn4_001,base,c2r/light/place_a2b_left/seed_663079132/progress_000,place_a2b_left,seed_663079132,c2r,light,0.0,0,condition_video,,,,,,,,knn_k1,0.4818562865257263
stage0_contrastive_bs8_fn4_001,base,c2r/light/grab_roller/seed_482689013/progress_000,grab_roller,seed_482689013,c2r,light,0.0,0,condition_video,,,,,,,,knn_k1,0.5373981595039368
stage0_contrastive_bs8_fn4_001,base,c2r/light/place_dual_shoes/seed_319436374/progress_000,place_dual_shoes,seed_319436374,c2r,light,0.0,0,condition_video,,,,,,,,knn_k1,0.3236042559146881
stage0_contrastive_bs8_fn4_001,base,c2r/light/place_empty_cup/seed_606914953/progress_000,place_empty_cup,seed_606914953,c2r,light,0.0,0,condition_video,,,,,,,,knn_k1,0.5718267560005188
stage0_contrastive_bs8_fn4_001,base,c2r/light/blocks_ranking_rgb/seed_339352330/progress_000,blocks_ranking_rgb,seed_339352330,c2r,light,0.0,0,condition_video,,,,,,,,knn_k1,0.5162588953971863
stage0_contrastive_bs8_fn4_001,base,aggregate,all,all,c2r,light,,0,condition_video,,,,,,,,knn_k1_mean,0.5171111583709717
stage0_contrastive_bs8_fn4_001,base,aggregate,all,group_split,c2r,light,,0,condition_video,,,,,,,,domain_balanced_accuracy,0.5
stage0_contrastive_bs8_fn4_001,base,aggregate,all,group_split,c2r,light,,0,condition_video,,,,,,,,domain_auroc,1.0
stage0_contrastive_bs8_fn4_001,base,c2r/background/stack_bowls_three/seed_27804535/progress_000,stack_bowls_three,seed_27804535,c2r,background,0.0,10,condition_video,,,,,,,,knn_k1,0.5639575123786926
stage0_contrastive_bs8_fn4_001,base,c2r/background/handover_block/seed_120650234/progress_000,handover_block,seed_120650234,c2r,background,0.0,10,condition_video,,,,,,,,knn_k1,0.6216832399368286
stage0_contrastive_bs8_fn4_001,base,c2r/background/hanging_mug/seed_538778923/progress_000,hanging_mug,seed_538778923,c2r,background,0.0,10,condition_video,,,,,,,,knn_k1,0.5725921392440796
stage0_contrastive_bs8_fn4_001,base,c2r/background/scan_object/seed_262761732/progress_000,scan_object,seed_262761732,c2r,background,0.0,10,condition_video,,,,,,,,knn_k1,0.5912676453590393
stage0_contrastive_bs8_fn4_001,base,c2r/background/lift_pot/seed_710924868/progress_000,lift_pot,seed_710924868,c2r,background,0.0,10,condition_video,,,,,,,,knn_k1,0.49690473079681396
stage0_contrastive_bs8_fn4_001,base,c2r/background/put_object_cabinet/seed_13370600/progress_000,put_object_cabinet,seed_13370600,c2r,background,0.0,10,condition_video,,,,,,,,knn_k1,0.4708675146102905
stage0_contrastive_bs8_fn4_001,base,c2r/background/stack_blocks_three/seed_822087810/progress_000,stack_blocks_three,seed_822087810,c2r,background,0.0,10,condition_video,,,,,,,,knn_k1,0.6364632248878479
stage0_contrastive_bs8_fn4_001,base,c2r/background/place_shoe/seed_676166693/progress_000,place_shoe,seed_676166693,c2r,background,0.0,10,condition_video,,,,,,,,knn_k1,0.5286329388618469
stage0_contrastive_bs8_fn4_001,base,c2r/background/adjust_bottle/seed_863397555/progress_000,adjust_bottle,seed_863397555,c2r,background,0.0,10,condition_video,,,,,,,,knn_k1,0.4496476650238037
stage0_contrastive_bs8_fn4_001,base,c2r/background/place_mouse_pad/seed_457852611/progress_000,place_mouse_pad,seed_457852611,c2r,background,0.0,10,condition_video,,,,,,,,knn_k1,0.445222407579422
stage0_contrastive_bs8_fn4_001,base,c2r/background/dump_bin_bigbin/seed_773111305/progress_000,dump_bin_bigbin,seed_773111305,c2r,background,0.0,10,condition_video,,,,,,,,knn_k1,0.46615058183670044
stage0_contrastive_bs8_fn4_001,base,c2r/background/move_pillbottle_pad/seed_568983342/progress_000,move_pillbottle_pad,seed_568983342,c2r,background,0.0,10,condition_video,,,,,,,,knn_k1,0.5116764903068542
stage0_contrastive_bs8_fn4_001,base,c2r/background/pick_dual_bottles/seed_117166061/progress_000,pick_dual_bottles,seed_117166061,c2r,background,0.0,10,condition_video,,,,,,,,knn_k1,0.5110910534858704
stage0_contrastive_bs8_fn4_001,base,c2r/background/shake_bottle/seed_331965946/progress_000,shake_bottle,seed_331965946,c2r,background,0.0,10,condition_video,,,,,,,,knn_k1,0.545685350894928
stage0_contrastive_bs8_fn4_001,base,c2r/background/place_fan/seed_543070044/progress_000,place_fan,seed_543070044,c2r,background,0.0,10,condition_video,,,,,,,,knn_k1,0.46774324774742126
stage0_contrastive_bs8_fn4_001,base,c2r/background/turn_switch/seed_489873751/progress_000,turn_switch,seed_489873751,c2r,background,0.0,10,condition_video,,,,,,,,knn_k1,0.4404304027557373
stage0_contrastive_bs8_fn4_001,base,c2r/background/shake_bottle_horizontally/seed_319358196/progress_000,shake_bottle_horizontally,seed_319358196,c2r,background,0.0,10,condition_video,,,,,,,,knn_k1,0.525812566280365
stage0_contrastive_bs8_fn4_001,base,c2r/background/place_container_plate/seed_14431598/progress_000,place_container_plate,seed_14431598,c2r,background,0.0,10,condition_video,,,,,,,,knn_k1,0.4936200678348541
stage0_contrastive_bs8_fn4_001,base,c2r/background/rotate_qrcode/seed_372345110/progress_000,rotate_qrcode,seed_372345110,c2r,background,0.0,10,condition_video,,,,,,,,knn_k1,0.47230809926986694
stage0_contrastive_bs8_fn4_001,base,c2r/background/place_object_stand/seed_715864988/progress_000,place_object_stand,seed_715864988,c2r,background,0.0,10,condition_video,,,,,,,,knn_k1,0.4563118815422058
stage0_contrastive_bs8_fn4_001,base,c2r/background/put_bottles_dustbin/seed_455479075/progress_000,put_bottles_dustbin,seed_455479075,c2r,background,0.0,10,condition_video,,,,,,,,knn_k1,0.6246528625488281
stage0_contrastive_bs8_fn4_001,base,c2r/background/move_stapler_pad/seed_453776751/progress_000,move_stapler_pad,seed_453776751,c2r,background,0.0,10,condition_video,,,,,,,,knn_k1,0.4823158085346222
stage0_contrastive_bs8_fn4_001,base,c2r/background/place_burger_fries/seed_165469501/progress_000,place_burger_fries,seed_165469501,c2r,background,0.0,10,condition_video,,,,,,,,knn_k1,0.6081739664077759
stage0_contrastive_bs8_fn4_001,base,c2r/background/place_bread_basket/seed_490234398/progress_000,place_bread_basket,seed_490234398,c2r,background,0.0,10,condition_video,,,,,,,,knn_k1,0.6294090151786804
stage0_contrastive_bs8_fn4_001,base,c2r/background/pick_diverse_bottles/seed_886697844/progress_000,pick_diverse_bottles,seed_886697844,c2r,background,0.0,10,condition_video,,,,,,,,knn_k1,0.5620137453079224
stage0_contrastive_bs8_fn4_001,base,c2r/background/open_microwave/seed_443701932/progress_000,open_microwave,seed_443701932,c2r,background,0.0,10,condition_video,,,,,,,,knn_k1,0.44331204891204834
stage0_contrastive_bs8_fn4_001,base,c2r/background/beat_block_hammer/seed_797298394/progress_000,beat_block_hammer,seed_797298394,c2r,background,0.0,10,condition_video,,,,,,,,knn_k1,0.47076183557510376
stage0_contrastive_bs8_fn4_001,base,c2r/background/press_stapler/seed_262831721/progress_000,press_stapler,seed_262831721,c2r,background,0.0,10,condition_video,,,,,,,,knn_k1,0.4358632564544678
stage0_contrastive_bs8_fn4_001,base,c2r/background/click_bell/seed_748992159/progress_000,click_bell,seed_748992159,c2r,background,0.0,10,condition_video,,,,,,,,knn_k1,0.3851757347583771
stage0_contrastive_bs8_fn4_001,base,c2r/background/move_playingcard_away/seed_114732817/progress_000,move_playingcard_away,seed_114732817,c2r,background,0.0,10,condition_video,,,,,,,,knn_k1,0.46335527300834656
stage0_contrastive_bs8_fn4_001,base,c2r/background/open_laptop/seed_121410776/progress_000,open_laptop,seed_121410776,c2r,background,0.0,10,condition_video,,,,,,,,knn_k1,0.47971031069755554
stage0_contrastive_bs8_fn4_001,base,c2r/background/move_can_pot/seed_600430797/progress_000,move_can_pot,seed_600430797,c2r,background,0.0,10,condition_video,,,,,,,,knn_k1,0.4863680601119995
stage0_contrastive_bs8_fn4_001,base,c2r/background/stack_bowls_two/seed_444040936/progress_000,stack_bowls_two,seed_444040936,c2r,background,0.0,10,condition_video,,,,,,,,knn_k1,0.5640888810157776
stage0_contrastive_bs8_fn4_001,base,c2r/background/place_a2b_right/seed_550624350/progress_000,place_a2b_right,seed_550624350,c2r,background,0.0,10,condition_video,,,,,,,,knn_k1,0.502801239490509
stage0_contrastive_bs8_fn4_001,base,c2r/background/stamp_seal/seed_373032052/progress_000,stamp_seal,seed_373032052,c2r,background,0.0,10,condition_video,,,,,,,,knn_k1,0.45010340213775635
stage0_contrastive_bs8_fn4_001,base,c2r/background/place_object_basket/seed_13972055/progress_000,place_object_basket,seed_13972055,c2r,background,0.0,10,condition_video,,,,,,,,knn_k1,0.5427364110946655
stage0_contrastive_bs8_fn4_001,base,c2r/background/handover_mic/seed_791372736/progress_000,handover_mic,seed_791372736,c2r,background,0.0,10,condition_video,,,,,,,,knn_k1,0.5417600870132446
stage0_contrastive_bs8_fn4_001,base,c2r/background/place_bread_skillet/seed_682411729/progress_000,place_bread_skillet,seed_682411729,c2r,background,0.0,10,condition_video,,,,,,,,knn_k1,0.5364817380905151
stage0_contrastive_bs8_fn4_001,base,c2r/background/stack_blocks_two/seed_325046254/progress_000,stack_blocks_two,seed_325046254,c2r,background,0.0,10,condition_video,,,,,,,,knn_k1,0.6184900999069214
stage0_contrastive_bs8_fn4_001,base,c2r/background/place_cans_plasticbox/seed_851474539/progress_000,place_cans_plasticbox,seed_851474539,c2r,background,0.0,10,condition_video,,,,,,,,knn_k1,0.621291995048523
stage0_contrastive_bs8_fn4_001,base,c2r/background/click_alarmclock/seed_597249174/progress_000,click_alarmclock,seed_597249174,c2r,background,0.0,10,condition_video,,,,,,,,knn_k1,0.3495781421661377
stage0_contrastive_bs8_fn4_001,base,c2r/background/blocks_ranking_size/seed_483186537/progress_000,blocks_ranking_size,seed_483186537,c2r,background,0.0,10,condition_video,,,,,,,,knn_k1,0.6747138500213623
stage0_contrastive_bs8_fn4_001,base,c2r/background/place_phone_stand/seed_844715882/progress_000,place_phone_stand,seed_844715882,c2r,background,0.0,10,condition_video,,,,,,,,knn_k1,0.460747092962265
stage0_contrastive_bs8_fn4_001,base,c2r/background/place_can_basket/seed_873890208/progress_000,place_can_basket,seed_873890208,c2r,background,0.0,10,condition_video,,,,,,,,knn_k1,0.5180992484092712
stage0_contrastive_bs8_fn4_001,base,c2r/background/place_object_scale/seed_28989601/progress_000,place_object_scale,seed_28989601,c2r,background,0.0,10,condition_video,,,,,,,,knn_k1,0.45103949308395386
stage0_contrastive_bs8_fn4_001,base,c2r/background/place_a2b_left/seed_494714106/progress_000,place_a2b_left,seed_494714106,c2r,background,0.0,10,condition_video,,,,,,,,knn_k1,0.4583304524421692
stage0_contrastive_bs8_fn4_001,base,c2r/background/grab_roller/seed_274067892/progress_000,grab_roller,seed_274067892,c2r,background,0.0,10,condition_video,,,,,,,,knn_k1,0.5693963766098022
stage0_contrastive_bs8_fn4_001,base,c2r/background/place_dual_shoes/seed_100946921/progress_000,place_dual_shoes,seed_100946921,c2r,background,0.0,10,condition_video,,,,,,,,knn_k1,0.5687166452407837
stage0_contrastive_bs8_fn4_001,base,c2r/background/place_empty_cup/seed_66017520/progress_000,place_empty_cup,seed_66017520,c2r,background,0.0,10,condition_video,,,,,,,,knn_k1,0.49246400594711304
stage0_contrastive_bs8_fn4_001,base,c2r/background/blocks_ranking_rgb/seed_392877897/progress_000,blocks_ranking_rgb,seed_392877897,c2r,background,0.0,10,condition_video,,,,,,,,knn_k1,0.6632681488990784
stage0_contrastive_bs8_fn4_001,base,aggregate,all,all,c2r,background,,10,condition_video,,,,,,,,knn_k1_mean,0.5184657597541809
stage0_contrastive_bs8_fn4_001,base,aggregate,all,group_split,c2r,background,,10,condition_video,,,,,,,,domain_balanced_accuracy,0.5
stage0_contrastive_bs8_fn4_001,base,aggregate,all,group_split,c2r,background,,10,condition_video,,,,,,,,domain_auroc,1.0
stage0_contrastive_bs8_fn4_001,base,c2r/clutter/stack_bowls_three/seed_761954913/progress_000,stack_bowls_three,seed_761954913,c2r,clutter,0.0,10,condition_video,,,,,,,,knn_k1,0.566399097442627
stage0_contrastive_bs8_fn4_001,base,c2r/clutter/handover_block/seed_624737248/progress_000,handover_block,seed_624737248,c2r,clutter,0.0,10,condition_video,,,,,,,,knn_k1,0.6259061694145203
stage0_contrastive_bs8_fn4_001,base,c2r/clutter/hanging_mug/seed_853936167/progress_000,hanging_mug,seed_853936167,c2r,clutter,0.0,10,condition_video,,,,,,,,knn_k1,0.5821033120155334
stage0_contrastive_bs8_fn4_001,base,c2r/clutter/scan_object/seed_200154928/progress_000,scan_object,seed_200154928,c2r,clutter,0.0,10,condition_video,,,,,,,,knn_k1,0.5892235636711121
stage0_contrastive_bs8_fn4_001,base,c2r/clutter/lift_pot/seed_36841133/progress_000,lift_pot,seed_36841133,c2r,clutter,0.0,10,condition_video,,,,,,,,knn_k1,0.49389904737472534
stage0_contrastive_bs8_fn4_001,base,c2r/clutter/put_object_cabinet/seed_213141741/progress_000,put_object_cabinet,seed_213141741,c2r,clutter,0.0,10,condition_video,,,,,,,,knn_k1,0.470707505941391
stage0_contrastive_bs8_fn4_001,base,c2r/clutter/stack_blocks_three/seed_885782772/progress_000,stack_blocks_three,seed_885782772,c2r,clutter,0.0,10,condition_video,,,,,,,,knn_k1,0.6299575567245483
stage0_contrastive_bs8_fn4_001,base,c2r/clutter/place_shoe/seed_148930251/progress_000,place_shoe,seed_148930251,c2r,clutter,0.0,10,condition_video,,,,,,,,knn_k1,0.5296692848205566
stage0_contrastive_bs8_fn4_001,base,c2r/clutter/adjust_bottle/seed_487447292/progress_000,adjust_bottle,seed_487447292,c2r,clutter,0.0,10,condition_video,,,,,,,,knn_k1,0.4511568546295166
stage0_contrastive_bs8_fn4_001,base,c2r/clutter/place_mouse_pad/seed_782913939/progress_000,place_mouse_pad,seed_782913939,c2r,clutter,0.0,10,condition_video,,,,,,,,knn_k1,0.4444832503795624
stage0_contrastive_bs8_fn4_001,base,c2r/clutter/dump_bin_bigbin/seed_48286788/progress_000,dump_bin_bigbin,seed_48286788,c2r,clutter,0.0,10,condition_video,,,,,,,,knn_k1,0.462911993265152
stage0_contrastive_bs8_fn4_001,base,c2r/clutter/move_pillbottle_pad/seed_170572259/progress_000,move_pillbottle_pad,seed_170572259,c2r,clutter,0.0,10,condition_video,,,,,,,,knn_k1,0.510141134262085
stage0_contrastive_bs8_fn4_001,base,c2r/clutter/pick_dual_bottles/seed_4182488/progress_000,pick_dual_bottles,seed_4182488,c2r,clutter,0.0,10,condition_video,,,,,,,,knn_k1,0.5075620412826538
stage0_contrastive_bs8_fn4_001,base,c2r/clutter/shake_bottle/seed_509663030/progress_000,shake_bottle,seed_509663030,c2r,clutter,0.0,10,condition_video,,,,,,,,knn_k1,0.542349100112915
stage0_contrastive_bs8_fn4_001,base,c2r/clutter/place_fan/seed_847307321/progress_000,place_fan,seed_847307321,c2r,clutter,0.0,10,condition_video,,,,,,,,knn_k1,0.4608553946018219
stage0_contrastive_bs8_fn4_001,base,c2r/clutter/turn_switch/seed_106540409/progress_000,turn_switch,seed_106540409,c2r,clutter,0.0,10,condition_video,,,,,,,,knn_k1,0.4428931474685669
stage0_contrastive_bs8_fn4_001,base,c2r/clutter/shake_bottle_horizontally/seed_491429438/progress_000,shake_bottle_horizontally,seed_491429438,c2r,clutter,0.0,10,condition_video,,,,,,,,knn_k1,0.5200919508934021
stage0_contrastive_bs8_fn4_001,base,c2r/clutter/place_container_plate/seed_594486020/progress_000,place_container_plate,seed_594486020,c2r,clutter,0.0,10,condition_video,,,,,,,,knn_k1,0.49692827463150024
stage0_contrastive_bs8_fn4_001,base,c2r/clutter/rotate_qrcode/seed_362674036/progress_000,rotate_qrcode,seed_362674036,c2r,clutter,0.0,10,condition_video,,,,,,,,knn_k1,0.47120726108551025
stage0_contrastive_bs8_fn4_001,base,c2r/clutter/place_object_stand/seed_162697052/progress_000,place_object_stand,seed_162697052,c2r,clutter,0.0,10,condition_video,,,,,,,,knn_k1,0.45622357726097107
stage0_contrastive_bs8_fn4_001,base,c2r/clutter/put_bottles_dustbin/seed_148690198/progress_000,put_bottles_dustbin,seed_148690198,c2r,clutter,0.0,10,condition_video,,,,,,,,knn_k1,0.6197680830955505
stage0_contrastive_bs8_fn4_001,base,c2r/clutter/move_stapler_pad/seed_744409618/progress_000,move_stapler_pad,seed_744409618,c2r,clutter,0.0,10,condition_video,,,,,,,,knn_k1,0.4795847535133362
stage0_contrastive_bs8_fn4_001,base,c2r/clutter/place_burger_fries/seed_303636962/progress_000,place_burger_fries,seed_303636962,c2r,clutter,0.0,10,condition_video,,,,,,,,knn_k1,0.6040500998497009
stage0_contrastive_bs8_fn4_001,base,c2r/clutter/place_bread_basket/seed_105344671/progress_000,place_bread_basket,seed_105344671,c2r,clutter,0.0,10,condition_video,,,,,,,,knn_k1,0.6251345276832581
stage0_contrastive_bs8_fn4_001,base,c2r/clutter/pick_diverse_bottles/seed_21321356/progress_000,pick_diverse_bottles,seed_21321356,c2r,clutter,0.0,10,condition_video,,,,,,,,knn_k1,0.5605507493019104
stage0_contrastive_bs8_fn4_001,base,c2r/clutter/open_microwave/seed_136410473/progress_000,open_microwave,seed_136410473,c2r,clutter,0.0,10,condition_video,,,,,,,,knn_k1,0.4424918591976166
stage0_contrastive_bs8_fn4_001,base,c2r/clutter/beat_block_hammer/seed_36693999/progress_000,beat_block_hammer,seed_36693999,c2r,clutter,0.0,10,condition_video,,,,,,,,knn_k1,0.46993952989578247
stage0_contrastive_bs8_fn4_001,base,c2r/clutter/press_stapler/seed_880007787/progress_000,press_stapler,seed_880007787,c2r,clutter,0.0,10,condition_video,,,,,,,,knn_k1,0.4361189901828766
stage0_contrastive_bs8_fn4_001,base,c2r/clutter/click_bell/seed_539095014/progress_000,click_bell,seed_539095014,c2r,clutter,0.0,10,condition_video,,,,,,,,knn_k1,0.38433223962783813
stage0_contrastive_bs8_fn4_001,base,c2r/clutter/move_playingcard_away/seed_385288247/progress_000,move_playingcard_away,seed_385288247,c2r,clutter,0.0,10,condition_video,,,,,,,,knn_k1,0.4614987373352051
stage0_contrastive_bs8_fn4_001,base,c2r/clutter/open_laptop/seed_260421436/progress_000,open_laptop,seed_260421436,c2r,clutter,0.0,10,condition_video,,,,,,,,knn_k1,0.4811696708202362
stage0_contrastive_bs8_fn4_001,base,c2r/clutter/move_can_pot/seed_445842829/progress_000,move_can_pot,seed_445842829,c2r,clutter,0.0,10,condition_video,,,,,,,,knn_k1,0.479481041431427
stage0_contrastive_bs8_fn4_001,base,c2r/clutter/stack_bowls_two/seed_408127787/progress_000,stack_bowls_two,seed_408127787,c2r,clutter,0.0,10,condition_video,,,,,,,,knn_k1,0.5560014247894287
stage0_contrastive_bs8_fn4_001,base,c2r/clutter/place_a2b_right/seed_298826397/progress_000,place_a2b_right,seed_298826397,c2r,clutter,0.0,10,condition_video,,,,,,,,knn_k1,0.4995020031929016
stage0_contrastive_bs8_fn4_001,base,c2r/clutter/stamp_seal/seed_748150648/progress_000,stamp_seal,seed_748150648,c2r,clutter,0.0,10,condition_video,,,,,,,,knn_k1,0.44604039192199707
stage0_contrastive_bs8_fn4_001,base,c2r/clutter/place_object_basket/seed_455727417/progress_000,place_object_basket,seed_455727417,c2r,clutter,0.0,10,condition_video,,,,,,,,knn_k1,0.5416112542152405
stage0_contrastive_bs8_fn4_001,base,c2r/clutter/handover_mic/seed_27533572/progress_000,handover_mic,seed_27533572,c2r,clutter,0.0,10,condition_video,,,,,,,,knn_k1,0.541167676448822
stage0_contrastive_bs8_fn4_001,base,c2r/clutter/place_bread_skillet/seed_470829968/progress_000,place_bread_skillet,seed_470829968,c2r,clutter,0.0,10,condition_video,,,,,,,,knn_k1,0.5376007556915283
stage0_contrastive_bs8_fn4_001,base,c2r/clutter/stack_blocks_two/seed_193292576/progress_000,stack_blocks_two,seed_193292576,c2r,clutter,0.0,10,condition_video,,,,,,,,knn_k1,0.6181597113609314
stage0_contrastive_bs8_fn4_001,base,c2r/clutter/place_cans_plasticbox/seed_552905247/progress_000,place_cans_plasticbox,seed_552905247,c2r,clutter,0.0,10,condition_video,,,,,,,,knn_k1,0.626579225063324
stage0_contrastive_bs8_fn4_001,base,c2r/clutter/click_alarmclock/seed_257639388/progress_000,click_alarmclock,seed_257639388,c2r,clutter,0.0,10,condition_video,,,,,,,,knn_k1,0.3517417013645172
stage0_contrastive_bs8_fn4_001,base,c2r/clutter/blocks_ranking_size/seed_676842534/progress_000,blocks_ranking_size,seed_676842534,c2r,clutter,0.0,10,condition_video,,,,,,,,knn_k1,0.6785295605659485
stage0_contrastive_bs8_fn4_001,base,c2r/clutter/place_phone_stand/seed_560963078/progress_000,place_phone_stand,seed_560963078,c2r,clutter,0.0,10,condition_video,,,,,,,,knn_k1,0.4602712094783783
stage0_contrastive_bs8_fn4_001,base,c2r/clutter/place_can_basket/seed_578149817/progress_000,place_can_basket,seed_578149817,c2r,clutter,0.0,10,condition_video,,,,,,,,knn_k1,0.5028426647186279
stage0_contrastive_bs8_fn4_001,base,c2r/clutter/place_object_scale/seed_142945748/progress_000,place_object_scale,seed_142945748,c2r,clutter,0.0,10,condition_video,,,,,,,,knn_k1,0.4556739032268524
stage0_contrastive_bs8_fn4_001,base,c2r/clutter/place_a2b_left/seed_712001400/progress_000,place_a2b_left,seed_712001400,c2r,clutter,0.0,10,condition_video,,,,,,,,knn_k1,0.45927441120147705
stage0_contrastive_bs8_fn4_001,base,c2r/clutter/grab_roller/seed_489372951/progress_000,grab_roller,seed_489372951,c2r,clutter,0.0,10,condition_video,,,,,,,,knn_k1,0.5696728825569153
stage0_contrastive_bs8_fn4_001,base,c2r/clutter/place_dual_shoes/seed_486785621/progress_000,place_dual_shoes,seed_486785621,c2r,clutter,0.0,10,condition_video,,,,,,,,knn_k1,0.5628402233123779
stage0_contrastive_bs8_fn4_001,base,c2r/clutter/place_empty_cup/seed_270996463/progress_000,place_empty_cup,seed_270996463,c2r,clutter,0.0,10,condition_video,,,,,,,,knn_k1,0.49099504947662354
stage0_contrastive_bs8_fn4_001,base,c2r/clutter/blocks_ranking_rgb/seed_350545820/progress_000,blocks_ranking_rgb,seed_350545820,c2r,clutter,0.0,10,condition_video,,,,,,,,knn_k1,0.6580079197883606
stage0_contrastive_bs8_fn4_001,base,aggregate,all,all,c2r,clutter,,10,condition_video,,,,,,,,knn_k1_mean,0.5171060353517533
stage0_contrastive_bs8_fn4_001,base,aggregate,all,group_split,c2r,clutter,,10,condition_video,,,,,,,,domain_balanced_accuracy,0.5
stage0_contrastive_bs8_fn4_001,base,aggregate,all,group_split,c2r,clutter,,10,condition_video,,,,,,,,domain_auroc,1.0
stage0_contrastive_bs8_fn4_001,base,c2r/height/stack_bowls_three/seed_777107145/progress_000,stack_bowls_three,seed_777107145,c2r,height,0.0,10,condition_video,,,,,,,,knn_k1,0.5631728768348694
stage0_contrastive_bs8_fn4_001,base,c2r/height/handover_block/seed_153931416/progress_000,handover_block,seed_153931416,c2r,height,0.0,10,condition_video,,,,,,,,knn_k1,0.6393389701843262
stage0_contrastive_bs8_fn4_001,base,c2r/height/hanging_mug/seed_797626889/progress_000,hanging_mug,seed_797626889,c2r,height,0.0,10,condition_video,,,,,,,,knn_k1,0.5884379148483276
stage0_contrastive_bs8_fn4_001,base,c2r/height/scan_object/seed_86820161/progress_000,scan_object,seed_86820161,c2r,height,0.0,10,condition_video,,,,,,,,knn_k1,0.5996410846710205
stage0_contrastive_bs8_fn4_001,base,c2r/height/lift_pot/seed_358880989/progress_000,lift_pot,seed_358880989,c2r,height,0.0,10,condition_video,,,,,,,,knn_k1,0.49271848797798157
stage0_contrastive_bs8_fn4_001,base,c2r/height/put_object_cabinet/seed_579804476/progress_000,put_object_cabinet,seed_579804476,c2r,height,0.0,10,condition_video,,,,,,,,knn_k1,0.4714641571044922
stage0_contrastive_bs8_fn4_001,base,c2r/height/stack_blocks_three/seed_510834284/progress_000,stack_blocks_three,seed_510834284,c2r,height,0.0,10,condition_video,,,,,,,,knn_k1,0.631562352180481
stage0_contrastive_bs8_fn4_001,base,c2r/height/place_shoe/seed_547565528/progress_000,place_shoe,seed_547565528,c2r,height,0.0,10,condition_video,,,,,,,,knn_k1,0.5216363668441772
stage0_contrastive_bs8_fn4_001,base,c2r/height/adjust_bottle/seed_455908385/progress_000,adjust_bottle,seed_455908385,c2r,height,0.0,10,condition_video,,,,,,,,knn_k1,0.4540906250476837
stage0_contrastive_bs8_fn4_001,base,c2r/height/place_mouse_pad/seed_747588073/progress_000,place_mouse_pad,seed_747588073,c2r,height,0.0,10,condition_video,,,,,,,,knn_k1,0.4437794089317322
stage0_contrastive_bs8_fn4_001,base,c2r/height/dump_bin_bigbin/seed_609125485/progress_000,dump_bin_bigbin,seed_609125485,c2r,height,0.0,10,condition_video,,,,,,,,knn_k1,0.4810715913772583
stage0_contrastive_bs8_fn4_001,base,c2r/height/move_pillbottle_pad/seed_454258712/progress_000,move_pillbottle_pad,seed_454258712,c2r,height,0.0,10,condition_video,,,,,,,,knn_k1,0.5248085856437683
stage0_contrastive_bs8_fn4_001,base,c2r/height/pick_dual_bottles/seed_625462229/progress_000,pick_dual_bottles,seed_625462229,c2r,height,0.0,10,condition_video,,,,,,,,knn_k1,0.5093697309494019
stage0_contrastive_bs8_fn4_001,base,c2r/height/shake_bottle/seed_11397417/progress_000,shake_bottle,seed_11397417,c2r,height,0.0,10,condition_video,,,,,,,,knn_k1,0.5418161153793335
stage0_contrastive_bs8_fn4_001,base,c2r/height/place_fan/seed_562359323/progress_000,place_fan,seed_562359323,c2r,height,0.0,10,condition_video,,,,,,,,knn_k1,0.4633704423904419
stage0_contrastive_bs8_fn4_001,base,c2r/height/turn_switch/seed_388598700/progress_000,turn_switch,seed_388598700,c2r,height,0.0,10,condition_video,,,,,,,,knn_k1,0.4541233777999878
stage0_contrastive_bs8_fn4_001,base,c2r/height/shake_bottle_horizontally/seed_506817488/progress_000,shake_bottle_horizontally,seed_506817488,c2r,height,0.0,10,condition_video,,,,,,,,knn_k1,0.53458571434021
stage0_contrastive_bs8_fn4_001,base,c2r/height/place_container_plate/seed_661154812/progress_000,place_container_plate,seed_661154812,c2r,height,0.0,10,condition_video,,,,,,,,knn_k1,0.5026735663414001
stage0_contrastive_bs8_fn4_001,base,c2r/height/rotate_qrcode/seed_391550427/progress_000,rotate_qrcode,seed_391550427,c2r,height,0.0,10,condition_video,,,,,,,,knn_k1,0.47456321120262146
stage0_contrastive_bs8_fn4_001,base,c2r/height/place_object_stand/seed_520492387/progress_000,place_object_stand,seed_520492387,c2r,height,0.0,10,condition_video,,,,,,,,knn_k1,0.4672422707080841
stage0_contrastive_bs8_fn4_001,base,c2r/height/put_bottles_dustbin/seed_833796020/progress_000,put_bottles_dustbin,seed_833796020,c2r,height,0.0,10,condition_video,,,,,,,,knn_k1,0.6242181062698364
stage0_contrastive_bs8_fn4_001,base,c2r/height/move_stapler_pad/seed_626979943/progress_000,move_stapler_pad,seed_626979943,c2r,height,0.0,10,condition_video,,,,,,,,knn_k1,0.49351605772972107
stage0_contrastive_bs8_fn4_001,base,c2r/height/place_burger_fries/seed_44486756/progress_000,place_burger_fries,seed_44486756,c2r,height,0.0,10,condition_video,,,,,,,,knn_k1,0.5872521996498108
stage0_contrastive_bs8_fn4_001,base,c2r/height/place_bread_basket/seed_769514620/progress_000,place_bread_basket,seed_769514620,c2r,height,0.0,10,condition_video,,,,,,,,knn_k1,0.6305110454559326
stage0_contrastive_bs8_fn4_001,base,c2r/height/pick_diverse_bottles/seed_202104734/progress_000,pick_diverse_bottles,seed_202104734,c2r,height,0.0,10,condition_video,,,,,,,,knn_k1,0.5592315196990967
stage0_contrastive_bs8_fn4_001,base,c2r/height/open_microwave/seed_670586037/progress_000,open_microwave,seed_670586037,c2r,height,0.0,10,condition_video,,,,,,,,knn_k1,0.4464583396911621
stage0_contrastive_bs8_fn4_001,base,c2r/height/beat_block_hammer/seed_146228030/progress_000,beat_block_hammer,seed_146228030,c2r,height,0.0,10,condition_video,,,,,,,,knn_k1,0.46982330083847046
stage0_contrastive_bs8_fn4_001,base,c2r/height/press_stapler/seed_623879527/progress_000,press_stapler,seed_623879527,c2r,height,0.0,10,condition_video,,,,,,,,knn_k1,0.4499201774597168
stage0_contrastive_bs8_fn4_001,base,c2r/height/click_bell/seed_576942388/progress_000,click_bell,seed_576942388,c2r,height,0.0,10,condition_video,,,,,,,,knn_k1,0.3958236277103424
stage0_contrastive_bs8_fn4_001,base,c2r/height/move_playingcard_away/seed_468245999/progress_000,move_playingcard_away,seed_468245999,c2r,height,0.0,10,condition_video,,,,,,,,knn_k1,0.4724079966545105
stage0_contrastive_bs8_fn4_001,base,c2r/height/open_laptop/seed_273582622/progress_000,open_laptop,seed_273582622,c2r,height,0.0,10,condition_video,,,,,,,,knn_k1,0.4892621338367462
stage0_contrastive_bs8_fn4_001,base,c2r/height/move_can_pot/seed_285658487/progress_000,move_can_pot,seed_285658487,c2r,height,0.0,10,condition_video,,,,,,,,knn_k1,0.49559691548347473
stage0_contrastive_bs8_fn4_001,base,c2r/height/stack_bowls_two/seed_116018094/progress_000,stack_bowls_two,seed_116018094,c2r,height,0.0,10,condition_video,,,,,,,,knn_k1,0.5603355169296265
stage0_contrastive_bs8_fn4_001,base,c2r/height/place_a2b_right/seed_803724289/progress_000,place_a2b_right,seed_803724289,c2r,height,0.0,10,condition_video,,,,,,,,knn_k1,0.5177782773971558
stage0_contrastive_bs8_fn4_001,base,c2r/height/stamp_seal/seed_391510540/progress_000,stamp_seal,seed_391510540,c2r,height,0.0,10,condition_video,,,,,,,,knn_k1,0.45516514778137207
stage0_contrastive_bs8_fn4_001,base,c2r/height/place_object_basket/seed_760526045/progress_000,place_object_basket,seed_760526045,c2r,height,0.0,10,condition_video,,,,,,,,knn_k1,0.5441583395004272
stage0_contrastive_bs8_fn4_001,base,c2r/height/handover_mic/seed_537376167/progress_000,handover_mic,seed_537376167,c2r,height,0.0,10,condition_video,,,,,,,,knn_k1,0.5478083491325378
stage0_contrastive_bs8_fn4_001,base,c2r/height/place_bread_skillet/seed_394408374/progress_000,place_bread_skillet,seed_394408374,c2r,height,0.0,10,condition_video,,,,,,,,knn_k1,0.5339334607124329
stage0_contrastive_bs8_fn4_001,base,c2r/height/stack_blocks_two/seed_639631926/progress_000,stack_blocks_two,seed_639631926,c2r,height,0.0,10,condition_video,,,,,,,,knn_k1,0.6174693703651428
stage0_contrastive_bs8_fn4_001,base,c2r/height/place_cans_plasticbox/seed_514553626/progress_000,place_cans_plasticbox,seed_514553626,c2r,height,0.0,10,condition_video,,,,,,,,knn_k1,0.6237356662750244
stage0_contrastive_bs8_fn4_001,base,c2r/height/click_alarmclock/seed_789543505/progress_000,click_alarmclock,seed_789543505,c2r,height,0.0,10,condition_video,,,,,,,,knn_k1,0.3642498552799225
stage0_contrastive_bs8_fn4_001,base,c2r/height/blocks_ranking_size/seed_3661514/progress_000,blocks_ranking_size,seed_3661514,c2r,height,0.0,10,condition_video,,,,,,,,knn_k1,0.6694999933242798
stage0_contrastive_bs8_fn4_001,base,c2r/height/place_phone_stand/seed_39116909/progress_000,place_phone_stand,seed_39116909,c2r,height,0.0,10,condition_video,,,,,,,,knn_k1,0.4566311538219452
stage0_contrastive_bs8_fn4_001,base,c2r/height/place_can_basket/seed_788353025/progress_000,place_can_basket,seed_788353025,c2r,height,0.0,10,condition_video,,,,,,,,knn_k1,0.5021705627441406
stage0_contrastive_bs8_fn4_001,base,c2r/height/place_object_scale/seed_603032508/progress_000,place_object_scale,seed_603032508,c2r,height,0.0,10,condition_video,,,,,,,,knn_k1,0.4569195806980133
stage0_contrastive_bs8_fn4_001,base,c2r/height/place_a2b_left/seed_240483131/progress_000,place_a2b_left,seed_240483131,c2r,height,0.0,10,condition_video,,,,,,,,knn_k1,0.4596998691558838
stage0_contrastive_bs8_fn4_001,base,c2r/height/grab_roller/seed_452075745/progress_000,grab_roller,seed_452075745,c2r,height,0.0,10,condition_video,,,,,,,,knn_k1,0.5708982348442078
stage0_contrastive_bs8_fn4_001,base,c2r/height/place_dual_shoes/seed_890676601/progress_000,place_dual_shoes,seed_890676601,c2r,height,0.0,10,condition_video,,,,,,,,knn_k1,0.5657545328140259
stage0_contrastive_bs8_fn4_001,base,c2r/height/place_empty_cup/seed_859277454/progress_000,place_empty_cup,seed_859277454,c2r,height,0.0,10,condition_video,,,,,,,,knn_k1,0.4915199875831604
stage0_contrastive_bs8_fn4_001,base,c2r/height/blocks_ranking_rgb/seed_114117740/progress_000,blocks_ranking_rgb,seed_114117740,c2r,height,0.0,10,condition_video,,,,,,,,knn_k1,0.6713100671768188
stage0_contrastive_bs8_fn4_001,base,aggregate,all,all,c2r,height,,10,condition_video,,,,,,,,knn_k1_mean,0.5216505247354507
stage0_contrastive_bs8_fn4_001,base,aggregate,all,group_split,c2r,height,,10,condition_video,,,,,,,,domain_balanced_accuracy,0.5
stage0_contrastive_bs8_fn4_001,base,aggregate,all,group_split,c2r,height,,10,condition_video,,,,,,,,domain_auroc,1.0
stage0_contrastive_bs8_fn4_001,base,c2r/light/stack_bowls_three/seed_317869620/progress_000,stack_bowls_three,seed_317869620,c2r,light,0.0,10,condition_video,,,,,,,,knn_k1,0.6404062509536743
stage0_contrastive_bs8_fn4_001,base,c2r/light/handover_block/seed_879311662/progress_000,handover_block,seed_879311662,c2r,light,0.0,10,condition_video,,,,,,,,knn_k1,0.7576216459274292
stage0_contrastive_bs8_fn4_001,base,c2r/light/hanging_mug/seed_459299139/progress_000,hanging_mug,seed_459299139,c2r,light,0.0,10,condition_video,,,,,,,,knn_k1,0.7144062519073486
stage0_contrastive_bs8_fn4_001,base,c2r/light/scan_object/seed_289038431/progress_000,scan_object,seed_289038431,c2r,light,0.0,10,condition_video,,,,,,,,knn_k1,0.6890753507614136
stage0_contrastive_bs8_fn4_001,base,c2r/light/lift_pot/seed_185598812/progress_000,lift_pot,seed_185598812,c2r,light,0.0,10,condition_video,,,,,,,,knn_k1,0.5340477824211121
stage0_contrastive_bs8_fn4_001,base,c2r/light/put_object_cabinet/seed_644929938/progress_000,put_object_cabinet,seed_644929938,c2r,light,0.0,10,condition_video,,,,,,,,knn_k1,0.5214434862136841
stage0_contrastive_bs8_fn4_001,base,c2r/light/stack_blocks_three/seed_314814982/progress_000,stack_blocks_three,seed_314814982,c2r,light,0.0,10,condition_video,,,,,,,,knn_k1,0.753591001033783
stage0_contrastive_bs8_fn4_001,base,c2r/light/place_shoe/seed_259707623/progress_000,place_shoe,seed_259707623,c2r,light,0.0,10,condition_video,,,,,,,,knn_k1,0.5952950716018677
stage0_contrastive_bs8_fn4_001,base,c2r/light/adjust_bottle/seed_218427993/progress_000,adjust_bottle,seed_218427993,c2r,light,0.0,10,condition_video,,,,,,,,knn_k1,0.5253559947013855
stage0_contrastive_bs8_fn4_001,base,c2r/light/place_mouse_pad/seed_866209002/progress_000,place_mouse_pad,seed_866209002,c2r,light,0.0,10,condition_video,,,,,,,,knn_k1,0.5921459197998047
stage0_contrastive_bs8_fn4_001,base,c2r/light/dump_bin_bigbin/seed_423840151/progress_000,dump_bin_bigbin,seed_423840151,c2r,light,0.0,10,condition_video,,,,,,,,knn_k1,0.5822224020957947
stage0_contrastive_bs8_fn4_001,base,c2r/light/move_pillbottle_pad/seed_635002489/progress_000,move_pillbottle_pad,seed_635002489,c2r,light,0.0,10,condition_video,,,,,,,,knn_k1,0.6761367321014404
stage0_contrastive_bs8_fn4_001,base,c2r/light/pick_dual_bottles/seed_7690756/progress_000,pick_dual_bottles,seed_7690756,c2r,light,0.0,10,condition_video,,,,,,,,knn_k1,0.5918503403663635
stage0_contrastive_bs8_fn4_001,base,c2r/light/shake_bottle/seed_716268860/progress_000,shake_bottle,seed_716268860,c2r,light,0.0,10,condition_video,,,,,,,,knn_k1,0.6860119700431824
stage0_contrastive_bs8_fn4_001,base,c2r/light/place_fan/seed_519267369/progress_000,place_fan,seed_519267369,c2r,light,0.0,10,condition_video,,,,,,,,knn_k1,0.597415030002594
stage0_contrastive_bs8_fn4_001,base,c2r/light/turn_switch/seed_493838736/progress_000,turn_switch,seed_493838736,c2r,light,0.0,10,condition_video,,,,,,,,knn_k1,0.6270014643669128
stage0_contrastive_bs8_fn4_001,base,c2r/light/shake_bottle_horizontally/seed_497389386/progress_000,shake_bottle_horizontally,seed_497389386,c2r,light,0.0,10,condition_video,,,,,,,,knn_k1,0.6223839521408081
stage0_contrastive_bs8_fn4_001,base,c2r/light/place_container_plate/seed_252210122/progress_000,place_container_plate,seed_252210122,c2r,light,0.0,10,condition_video,,,,,,,,knn_k1,0.6451193690299988
stage0_contrastive_bs8_fn4_001,base,c2r/light/rotate_qrcode/seed_24255504/progress_000,rotate_qrcode,seed_24255504,c2r,light,0.0,10,condition_video,,,,,,,,knn_k1,0.6485128402709961
stage0_contrastive_bs8_fn4_001,base,c2r/light/place_object_stand/seed_603755546/progress_000,place_object_stand,seed_603755546,c2r,light,0.0,10,condition_video,,,,,,,,knn_k1,0.5287755131721497
stage0_contrastive_bs8_fn4_001,base,c2r/light/put_bottles_dustbin/seed_473207494/progress_000,put_bottles_dustbin,seed_473207494,c2r,light,0.0,10,condition_video,,,,,,,,knn_k1,0.7348359227180481
stage0_contrastive_bs8_fn4_001,base,c2r/light/move_stapler_pad/seed_724544048/progress_000,move_stapler_pad,seed_724544048,c2r,light,0.0,10,condition_video,,,,,,,,knn_k1,0.7148930430412292
stage0_contrastive_bs8_fn4_001,base,c2r/light/place_burger_fries/seed_764956105/progress_000,place_burger_fries,seed_764956105,c2r,light,0.0,10,condition_video,,,,,,,,knn_k1,0.668084442615509
stage0_contrastive_bs8_fn4_001,base,c2r/light/place_bread_basket/seed_548994270/progress_000,place_bread_basket,seed_548994270,c2r,light,0.0,10,condition_video,,,,,,,,knn_k1,0.7024336457252502
stage0_contrastive_bs8_fn4_001,base,c2r/light/pick_diverse_bottles/seed_469296516/progress_000,pick_diverse_bottles,seed_469296516,c2r,light,0.0,10,condition_video,,,,,,,,knn_k1,0.5910296440124512
stage0_contrastive_bs8_fn4_001,base,c2r/light/open_microwave/seed_126026794/progress_000,open_microwave,seed_126026794,c2r,light,0.0,10,condition_video,,,,,,,,knn_k1,0.5086608529090881
stage0_contrastive_bs8_fn4_001,base,c2r/light/beat_block_hammer/seed_190785939/progress_000,beat_block_hammer,seed_190785939,c2r,light,0.0,10,condition_video,,,,,,,,knn_k1,0.557624876499176
stage0_contrastive_bs8_fn4_001,base,c2r/light/press_stapler/seed_645584852/progress_000,press_stapler,seed_645584852,c2r,light,0.0,10,condition_video,,,,,,,,knn_k1,0.5459803938865662
stage0_contrastive_bs8_fn4_001,base,c2r/light/click_bell/seed_611142223/progress_000,click_bell,seed_611142223,c2r,light,0.0,10,condition_video,,,,,,,,knn_k1,0.4683670997619629
stage0_contrastive_bs8_fn4_001,base,c2r/light/move_playingcard_away/seed_698951458/progress_000,move_playingcard_away,seed_698951458,c2r,light,0.0,10,condition_video,,,,,,,,knn_k1,0.4850488603115082
stage0_contrastive_bs8_fn4_001,base,c2r/light/open_laptop/seed_627389206/progress_000,open_laptop,seed_627389206,c2r,light,0.0,10,condition_video,,,,,,,,knn_k1,0.5296734571456909
stage0_contrastive_bs8_fn4_001,base,c2r/light/move_can_pot/seed_248023816/progress_000,move_can_pot,seed_248023816,c2r,light,0.0,10,condition_video,,,,,,,,knn_k1,0.5200839638710022
stage0_contrastive_bs8_fn4_001,base,c2r/light/stack_bowls_two/seed_656246828/progress_000,stack_bowls_two,seed_656246828,c2r,light,0.0,10,condition_video,,,,,,,,knn_k1,0.6523345708847046
stage0_contrastive_bs8_fn4_001,base,c2r/light/place_a2b_right/seed_803416018/progress_000,place_a2b_right,seed_803416018,c2r,light,0.0,10,condition_video,,,,,,,,knn_k1,0.5575491189956665
stage0_contrastive_bs8_fn4_001,base,c2r/light/stamp_seal/seed_203079918/progress_000,stamp_seal,seed_203079918,c2r,light,0.0,10,condition_video,,,,,,,,knn_k1,0.5287289023399353
stage0_contrastive_bs8_fn4_001,base,c2r/light/place_object_basket/seed_241125908/progress_000,place_object_basket,seed_241125908,c2r,light,0.0,10,condition_video,,,,,,,,knn_k1,0.6994066834449768
stage0_contrastive_bs8_fn4_001,base,c2r/light/handover_mic/seed_283323218/progress_000,handover_mic,seed_283323218,c2r,light,0.0,10,condition_video,,,,,,,,knn_k1,0.7365623712539673
stage0_contrastive_bs8_fn4_001,base,c2r/light/place_bread_skillet/seed_156686976/progress_000,place_bread_skillet,seed_156686976,c2r,light,0.0,10,condition_video,,,,,,,,knn_k1,0.5521066784858704
stage0_contrastive_bs8_fn4_001,base,c2r/light/stack_blocks_two/seed_803532712/progress_000,stack_blocks_two,seed_803532712,c2r,light,0.0,10,condition_video,,,,,,,,knn_k1,0.7753796577453613
stage0_contrastive_bs8_fn4_001,base,c2r/light/place_cans_plasticbox/seed_577981354/progress_000,place_cans_plasticbox,seed_577981354,c2r,light,0.0,10,condition_video,,,,,,,,knn_k1,0.6834731101989746
stage0_contrastive_bs8_fn4_001,base,c2r/light/click_alarmclock/seed_762866989/progress_000,click_alarmclock,seed_762866989,c2r,light,0.0,10,condition_video,,,,,,,,knn_k1,0.3600020706653595
stage0_contrastive_bs8_fn4_001,base,c2r/light/blocks_ranking_size/seed_505985753/progress_000,blocks_ranking_size,seed_505985753,c2r,light,0.0,10,condition_video,,,,,,,,knn_k1,0.8327764272689819
stage0_contrastive_bs8_fn4_001,base,c2r/light/place_phone_stand/seed_624751721/progress_000,place_phone_stand,seed_624751721,c2r,light,0.0,10,condition_video,,,,,,,,knn_k1,0.525333821773529
stage0_contrastive_bs8_fn4_001,base,c2r/light/place_can_basket/seed_542145302/progress_000,place_can_basket,seed_542145302,c2r,light,0.0,10,condition_video,,,,,,,,knn_k1,0.5413247346878052
stage0_contrastive_bs8_fn4_001,base,c2r/light/place_object_scale/seed_722575534/progress_000,place_object_scale,seed_722575534,c2r,light,0.0,10,condition_video,,,,,,,,knn_k1,0.5741319060325623
stage0_contrastive_bs8_fn4_001,base,c2r/light/place_a2b_left/seed_663079132/progress_000,place_a2b_left,seed_663079132,c2r,light,0.0,10,condition_video,,,,,,,,knn_k1,0.500265896320343
stage0_contrastive_bs8_fn4_001,base,c2r/light/grab_roller/seed_482689013/progress_000,grab_roller,seed_482689013,c2r,light,0.0,10,condition_video,,,,,,,,knn_k1,0.7487520575523376
stage0_contrastive_bs8_fn4_001,base,c2r/light/place_dual_shoes/seed_319436374/progress_000,place_dual_shoes,seed_319436374,c2r,light,0.0,10,condition_video,,,,,,,,knn_k1,0.5724865198135376
stage0_contrastive_bs8_fn4_001,base,c2r/light/place_empty_cup/seed_606914953/progress_000,place_empty_cup,seed_606914953,c2r,light,0.0,10,condition_video,,,,,,,,knn_k1,0.5895527005195618
stage0_contrastive_bs8_fn4_001,base,c2r/light/blocks_ranking_rgb/seed_339352330/progress_000,blocks_ranking_rgb,seed_339352330,c2r,light,0.0,10,condition_video,,,,,,,,knn_k1,0.6905052065849304
stage0_contrastive_bs8_fn4_001,base,aggregate,all,all,c2r,light,,10,condition_video,,,,,,,,knn_k1_mean,0.6135241401195526
stage0_contrastive_bs8_fn4_001,base,aggregate,all,group_split,c2r,light,,10,condition_video,,,,,,,,domain_balanced_accuracy,0.5
stage0_contrastive_bs8_fn4_001,base,aggregate,all,group_split,c2r,light,,10,condition_video,,,,,,,,domain_auroc,1.0
stage0_contrastive_bs8_fn4_001,base,c2r/background/stack_bowls_three/seed_27804535/progress_000,stack_bowls_three,seed_27804535,c2r,background,0.0,19,condition_video,,,,,,,,knn_k1,0.40656527876853943
stage0_contrastive_bs8_fn4_001,base,c2r/background/handover_block/seed_120650234/progress_000,handover_block,seed_120650234,c2r,background,0.0,19,condition_video,,,,,,,,knn_k1,0.4198663830757141
stage0_contrastive_bs8_fn4_001,base,c2r/background/hanging_mug/seed_538778923/progress_000,hanging_mug,seed_538778923,c2r,background,0.0,19,condition_video,,,,,,,,knn_k1,0.42582857608795166
stage0_contrastive_bs8_fn4_001,base,c2r/background/scan_object/seed_262761732/progress_000,scan_object,seed_262761732,c2r,background,0.0,19,condition_video,,,,,,,,knn_k1,0.4422604739665985
stage0_contrastive_bs8_fn4_001,base,c2r/background/lift_pot/seed_710924868/progress_000,lift_pot,seed_710924868,c2r,background,0.0,19,condition_video,,,,,,,,knn_k1,0.398684024810791
stage0_contrastive_bs8_fn4_001,base,c2r/background/put_object_cabinet/seed_13370600/progress_000,put_object_cabinet,seed_13370600,c2r,background,0.0,19,condition_video,,,,,,,,knn_k1,0.4010327458381653
stage0_contrastive_bs8_fn4_001,base,c2r/background/stack_blocks_three/seed_822087810/progress_000,stack_blocks_three,seed_822087810,c2r,background,0.0,19,condition_video,,,,,,,,knn_k1,0.42930543422698975
stage0_contrastive_bs8_fn4_001,base,c2r/background/place_shoe/seed_676166693/progress_000,place_shoe,seed_676166693,c2r,background,0.0,19,condition_video,,,,,,,,knn_k1,0.3882260024547577
stage0_contrastive_bs8_fn4_001,base,c2r/background/adjust_bottle/seed_863397555/progress_000,adjust_bottle,seed_863397555,c2r,background,0.0,19,condition_video,,,,,,,,knn_k1,0.3901420831680298
stage0_contrastive_bs8_fn4_001,base,c2r/background/place_mouse_pad/seed_457852611/progress_000,place_mouse_pad,seed_457852611,c2r,background,0.0,19,condition_video,,,,,,,,knn_k1,0.38512131571769714
stage0_contrastive_bs8_fn4_001,base,c2r/background/dump_bin_bigbin/seed_773111305/progress_000,dump_bin_bigbin,seed_773111305,c2r,background,0.0,19,condition_video,,,,,,,,knn_k1,0.37317606806755066
stage0_contrastive_bs8_fn4_001,base,c2r/background/move_pillbottle_pad/seed_568983342/progress_000,move_pillbottle_pad,seed_568983342,c2r,background,0.0,19,condition_video,,,,,,,,knn_k1,0.3903985917568207
stage0_contrastive_bs8_fn4_001,base,c2r/background/pick_dual_bottles/seed_117166061/progress_000,pick_dual_bottles,seed_117166061,c2r,background,0.0,19,condition_video,,,,,,,,knn_k1,0.4393395781517029
stage0_contrastive_bs8_fn4_001,base,c2r/background/shake_bottle/seed_331965946/progress_000,shake_bottle,seed_331965946,c2r,background,0.0,19,condition_video,,,,,,,,knn_k1,0.4165582060813904
stage0_contrastive_bs8_fn4_001,base,c2r/background/place_fan/seed_543070044/progress_000,place_fan,seed_543070044,c2r,background,0.0,19,condition_video,,,,,,,,knn_k1,0.37758487462997437
stage0_contrastive_bs8_fn4_001,base,c2r/background/turn_switch/seed_489873751/progress_000,turn_switch,seed_489873751,c2r,background,0.0,19,condition_video,,,,,,,,knn_k1,0.36336714029312134
stage0_contrastive_bs8_fn4_001,base,c2r/background/shake_bottle_horizontally/seed_319358196/progress_000,shake_bottle_horizontally,seed_319358196,c2r,background,0.0,19,condition_video,,,,,,,,knn_k1,0.4098905920982361
stage0_contrastive_bs8_fn4_001,base,c2r/background/place_container_plate/seed_14431598/progress_000,place_container_plate,seed_14431598,c2r,background,0.0,19,condition_video,,,,,,,,knn_k1,0.38327425718307495
stage0_contrastive_bs8_fn4_001,base,c2r/background/rotate_qrcode/seed_372345110/progress_000,rotate_qrcode,seed_372345110,c2r,background,0.0,19,condition_video,,,,,,,,knn_k1,0.39265623688697815
stage0_contrastive_bs8_fn4_001,base,c2r/background/place_object_stand/seed_715864988/progress_000,place_object_stand,seed_715864988,c2r,background,0.0,19,condition_video,,,,,,,,knn_k1,0.3656724691390991
stage0_contrastive_bs8_fn4_001,base,c2r/background/put_bottles_dustbin/seed_455479075/progress_000,put_bottles_dustbin,seed_455479075,c2r,background,0.0,19,condition_video,,,,,,,,knn_k1,0.43457332253456116
stage0_contrastive_bs8_fn4_001,base,c2r/background/move_stapler_pad/seed_453776751/progress_000,move_stapler_pad,seed_453776751,c2r,background,0.0,19,condition_video,,,,,,,,knn_k1,0.3864697813987732
stage0_contrastive_bs8_fn4_001,base,c2r/background/place_burger_fries/seed_165469501/progress_000,place_burger_fries,seed_165469501,c2r,background,0.0,19,condition_video,,,,,,,,knn_k1,0.42241472005844116
stage0_contrastive_bs8_fn4_001,base,c2r/background/place_bread_basket/seed_490234398/progress_000,place_bread_basket,seed_490234398,c2r,background,0.0,19,condition_video,,,,,,,,knn_k1,0.42819809913635254
stage0_contrastive_bs8_fn4_001,base,c2r/background/pick_diverse_bottles/seed_886697844/progress_000,pick_diverse_bottles,seed_886697844,c2r,background,0.0,19,condition_video,,,,,,,,knn_k1,0.4388807415962219
stage0_contrastive_bs8_fn4_001,base,c2r/background/open_microwave/seed_443701932/progress_000,open_microwave,seed_443701932,c2r,background,0.0,19,condition_video,,,,,,,,knn_k1,0.39979836344718933
stage0_contrastive_bs8_fn4_001,base,c2r/background/beat_block_hammer/seed_797298394/progress_000,beat_block_hammer,seed_797298394,c2r,background,0.0,19,condition_video,,,,,,,,knn_k1,0.4007498323917389
stage0_contrastive_bs8_fn4_001,base,c2r/background/press_stapler/seed_262831721/progress_000,press_stapler,seed_262831721,c2r,background,0.0,19,condition_video,,,,,,,,knn_k1,0.3630674481391907
stage0_contrastive_bs8_fn4_001,base,c2r/background/click_bell/seed_748992159/progress_000,click_bell,seed_748992159,c2r,background,0.0,19,condition_video,,,,,,,,knn_k1,0.3405033051967621
stage0_contrastive_bs8_fn4_001,base,c2r/background/move_playingcard_away/seed_114732817/progress_000,move_playingcard_away,seed_114732817,c2r,background,0.0,19,condition_video,,,,,,,,knn_k1,0.38566353917121887
stage0_contrastive_bs8_fn4_001,base,c2r/background/open_laptop/seed_121410776/progress_000,open_laptop,seed_121410776,c2r,background,0.0,19,condition_video,,,,,,,,knn_k1,0.391684889793396
stage0_contrastive_bs8_fn4_001,base,c2r/background/move_can_pot/seed_600430797/progress_000,move_can_pot,seed_600430797,c2r,background,0.0,19,condition_video,,,,,,,,knn_k1,0.3833584189414978
stage0_contrastive_bs8_fn4_001,base,c2r/background/stack_bowls_two/seed_444040936/progress_000,stack_bowls_two,seed_444040936,c2r,background,0.0,19,condition_video,,,,,,,,knn_k1,0.4047412872314453
stage0_contrastive_bs8_fn4_001,base,c2r/background/place_a2b_right/seed_550624350/progress_000,place_a2b_right,seed_550624350,c2r,background,0.0,19,condition_video,,,,,,,,knn_k1,0.3967432677745819
stage0_contrastive_bs8_fn4_001,base,c2r/background/stamp_seal/seed_373032052/progress_000,stamp_seal,seed_373032052,c2r,background,0.0,19,condition_video,,,,,,,,knn_k1,0.3874029517173767
stage0_contrastive_bs8_fn4_001,base,c2r/background/place_object_basket/seed_13972055/progress_000,place_object_basket,seed_13972055,c2r,background,0.0,19,condition_video,,,,,,,,knn_k1,0.4028097689151764
stage0_contrastive_bs8_fn4_001,base,c2r/background/handover_mic/seed_791372736/progress_000,handover_mic,seed_791372736,c2r,background,0.0,19,condition_video,,,,,,,,knn_k1,0.40642452239990234
stage0_contrastive_bs8_fn4_001,base,c2r/background/place_bread_skillet/seed_682411729/progress_000,place_bread_skillet,seed_682411729,c2r,background,0.0,19,condition_video,,,,,,,,knn_k1,0.416821151971817
stage0_contrastive_bs8_fn4_001,base,c2r/background/stack_blocks_two/seed_325046254/progress_000,stack_blocks_two,seed_325046254,c2r,background,0.0,19,condition_video,,,,,,,,knn_k1,0.4159911274909973
stage0_contrastive_bs8_fn4_001,base,c2r/background/place_cans_plasticbox/seed_851474539/progress_000,place_cans_plasticbox,seed_851474539,c2r,background,0.0,19,condition_video,,,,,,,,knn_k1,0.4359760284423828
stage0_contrastive_bs8_fn4_001,base,c2r/background/click_alarmclock/seed_597249174/progress_000,click_alarmclock,seed_597249174,c2r,background,0.0,19,condition_video,,,,,,,,knn_k1,0.331137478351593
stage0_contrastive_bs8_fn4_001,base,c2r/background/blocks_ranking_size/seed_483186537/progress_000,blocks_ranking_size,seed_483186537,c2r,background,0.0,19,condition_video,,,,,,,,knn_k1,0.43112391233444214
stage0_contrastive_bs8_fn4_001,base,c2r/background/place_phone_stand/seed_844715882/progress_000,place_phone_stand,seed_844715882,c2r,background,0.0,19,condition_video,,,,,,,,knn_k1,0.3711470365524292
stage0_contrastive_bs8_fn4_001,base,c2r/background/place_can_basket/seed_873890208/progress_000,place_can_basket,seed_873890208,c2r,background,0.0,19,condition_video,,,,,,,,knn_k1,0.4090334475040436
stage0_contrastive_bs8_fn4_001,base,c2r/background/place_object_scale/seed_28989601/progress_000,place_object_scale,seed_28989601,c2r,background,0.0,19,condition_video,,,,,,,,knn_k1,0.37800225615501404
stage0_contrastive_bs8_fn4_001,base,c2r/background/place_a2b_left/seed_494714106/progress_000,place_a2b_left,seed_494714106,c2r,background,0.0,19,condition_video,,,,,,,,knn_k1,0.3875914514064789
stage0_contrastive_bs8_fn4_001,base,c2r/background/grab_roller/seed_274067892/progress_000,grab_roller,seed_274067892,c2r,background,0.0,19,condition_video,,,,,,,,knn_k1,0.4133327305316925
stage0_contrastive_bs8_fn4_001,base,c2r/background/place_dual_shoes/seed_100946921/progress_000,place_dual_shoes,seed_100946921,c2r,background,0.0,19,condition_video,,,,,,,,knn_k1,0.4327647089958191
stage0_contrastive_bs8_fn4_001,base,c2r/background/place_empty_cup/seed_66017520/progress_000,place_empty_cup,seed_66017520,c2r,background,0.0,19,condition_video,,,,,,,,knn_k1,0.38376280665397644
stage0_contrastive_bs8_fn4_001,base,c2r/background/blocks_ranking_rgb/seed_392877897/progress_000,blocks_ranking_rgb,seed_392877897,c2r,background,0.0,19,condition_video,,,,,,,,knn_k1,0.4296715557575226
stage0_contrastive_bs8_fn4_001,base,aggregate,all,all,c2r,background,,19,condition_video,,,,,,,,knn_k1_mean,0.40017580568790434
stage0_contrastive_bs8_fn4_001,base,aggregate,all,group_split,c2r,background,,19,condition_video,,,,,,,,domain_balanced_accuracy,0.5
stage0_contrastive_bs8_fn4_001,base,aggregate,all,group_split,c2r,background,,19,condition_video,,,,,,,,domain_auroc,1.0
stage0_contrastive_bs8_fn4_001,base,c2r/clutter/stack_bowls_three/seed_761954913/progress_000,stack_bowls_three,seed_761954913,c2r,clutter,0.0,19,condition_video,,,,,,,,knn_k1,0.41216766834259033
stage0_contrastive_bs8_fn4_001,base,c2r/clutter/handover_block/seed_624737248/progress_000,handover_block,seed_624737248,c2r,clutter,0.0,19,condition_video,,,,,,,,knn_k1,0.4236801564693451
stage0_contrastive_bs8_fn4_001,base,c2r/clutter/hanging_mug/seed_853936167/progress_000,hanging_mug,seed_853936167,c2r,clutter,0.0,19,condition_video,,,,,,,,knn_k1,0.42536023259162903
stage0_contrastive_bs8_fn4_001,base,c2r/clutter/scan_object/seed_200154928/progress_000,scan_object,seed_200154928,c2r,clutter,0.0,19,condition_video,,,,,,,,knn_k1,0.4388222396373749
stage0_contrastive_bs8_fn4_001,base,c2r/clutter/lift_pot/seed_36841133/progress_000,lift_pot,seed_36841133,c2r,clutter,0.0,19,condition_video,,,,,,,,knn_k1,0.39917871356010437
stage0_contrastive_bs8_fn4_001,base,c2r/clutter/put_object_cabinet/seed_213141741/progress_000,put_object_cabinet,seed_213141741,c2r,clutter,0.0,19,condition_video,,,,,,,,knn_k1,0.39757782220840454
stage0_contrastive_bs8_fn4_001,base,c2r/clutter/stack_blocks_three/seed_885782772/progress_000,stack_blocks_three,seed_885782772,c2r,clutter,0.0,19,condition_video,,,,,,,,knn_k1,0.4250952899456024
stage0_contrastive_bs8_fn4_001,base,c2r/clutter/place_shoe/seed_148930251/progress_000,place_shoe,seed_148930251,c2r,clutter,0.0,19,condition_video,,,,,,,,knn_k1,0.3920130729675293
stage0_contrastive_bs8_fn4_001,base,c2r/clutter/adjust_bottle/seed_487447292/progress_000,adjust_bottle,seed_487447292,c2r,clutter,0.0,19,condition_video,,,,,,,,knn_k1,0.395084947347641
stage0_contrastive_bs8_fn4_001,base,c2r/clutter/place_mouse_pad/seed_782913939/progress_000,place_mouse_pad,seed_782913939,c2r,clutter,0.0,19,condition_video,,,,,,,,knn_k1,0.3770504295825958
stage0_contrastive_bs8_fn4_001,base,c2r/clutter/dump_bin_bigbin/seed_48286788/progress_000,dump_bin_bigbin,seed_48286788,c2r,clutter,0.0,19,condition_video,,,,,,,,knn_k1,0.37143969535827637
stage0_contrastive_bs8_fn4_001,base,c2r/clutter/move_pillbottle_pad/seed_170572259/progress_000,move_pillbottle_pad,seed_170572259,c2r,clutter,0.0,19,condition_video,,,,,,,,knn_k1,0.384594589471817
stage0_contrastive_bs8_fn4_001,base,c2r/clutter/pick_dual_bottles/seed_4182488/progress_000,pick_dual_bottles,seed_4182488,c2r,clutter,0.0,19,condition_video,,,,,,,,knn_k1,0.4437975287437439
stage0_contrastive_bs8_fn4_001,base,c2r/clutter/shake_bottle/seed_509663030/progress_000,shake_bottle,seed_509663030,c2r,clutter,0.0,19,condition_video,,,,,,,,knn_k1,0.41372770071029663
stage0_contrastive_bs8_fn4_001,base,c2r/clutter/place_fan/seed_847307321/progress_000,place_fan,seed_847307321,c2r,clutter,0.0,19,condition_video,,,,,,,,knn_k1,0.38121721148490906
stage0_contrastive_bs8_fn4_001,base,c2r/clutter/turn_switch/seed_106540409/progress_000,turn_switch,seed_106540409,c2r,clutter,0.0,19,condition_video,,,,,,,,knn_k1,0.35733598470687866
stage0_contrastive_bs8_fn4_001,base,c2r/clutter/shake_bottle_horizontally/seed_491429438/progress_000,shake_bottle_horizontally,seed_491429438,c2r,clutter,0.0,19,condition_video,,,,,,,,knn_k1,0.40627577900886536
stage0_contrastive_bs8_fn4_001,base,c2r/clutter/place_container_plate/seed_594486020/progress_000,place_container_plate,seed_594486020,c2r,clutter,0.0,19,condition_video,,,,,,,,knn_k1,0.38227203488349915
stage0_contrastive_bs8_fn4_001,base,c2r/clutter/rotate_qrcode/seed_362674036/progress_000,rotate_qrcode,seed_362674036,c2r,clutter,0.0,19,condition_video,,,,,,,,knn_k1,0.3827384114265442
stage0_contrastive_bs8_fn4_001,base,c2r/clutter/place_object_stand/seed_162697052/progress_000,place_object_stand,seed_162697052,c2r,clutter,0.0,19,condition_video,,,,,,,,knn_k1,0.36545029282569885
stage0_contrastive_bs8_fn4_001,base,c2r/clutter/put_bottles_dustbin/seed_148690198/progress_000,put_bottles_dustbin,seed_148690198,c2r,clutter,0.0,19,condition_video,,,,,,,,knn_k1,0.4270622730255127
stage0_contrastive_bs8_fn4_001,base,c2r/clutter/move_stapler_pad/seed_744409618/progress_000,move_stapler_pad,seed_744409618,c2r,clutter,0.0,19,condition_video,,,,,,,,knn_k1,0.38784077763557434
stage0_contrastive_bs8_fn4_001,base,c2r/clutter/place_burger_fries/seed_303636962/progress_000,place_burger_fries,seed_303636962,c2r,clutter,0.0,19,condition_video,,,,,,,,knn_k1,0.42474111914634705
stage0_contrastive_bs8_fn4_001,base,c2r/clutter/place_bread_basket/seed_105344671/progress_000,place_bread_basket,seed_105344671,c2r,clutter,0.0,19,condition_video,,,,,,,,knn_k1,0.42904990911483765
stage0_contrastive_bs8_fn4_001,base,c2r/clutter/pick_diverse_bottles/seed_21321356/progress_000,pick_diverse_bottles,seed_21321356,c2r,clutter,0.0,19,condition_video,,,,,,,,knn_k1,0.42871594429016113
stage0_contrastive_bs8_fn4_001,base,c2r/clutter/open_microwave/seed_136410473/progress_000,open_microwave,seed_136410473,c2r,clutter,0.0,19,condition_video,,,,,,,,knn_k1,0.3980105519294739
stage0_contrastive_bs8_fn4_001,base,c2r/clutter/beat_block_hammer/seed_36693999/progress_000,beat_block_hammer,seed_36693999,c2r,clutter,0.0,19,condition_video,,,,,,,,knn_k1,0.4019230306148529
stage0_contrastive_bs8_fn4_001,base,c2r/clutter/press_stapler/seed_880007787/progress_000,press_stapler,seed_880007787,c2r,clutter,0.0,19,condition_video,,,,,,,,knn_k1,0.36393049359321594
stage0_contrastive_bs8_fn4_001,base,c2r/clutter/click_bell/seed_539095014/progress_000,click_bell,seed_539095014,c2r,clutter,0.0,19,condition_video,,,,,,,,knn_k1,0.3420756757259369
stage0_contrastive_bs8_fn4_001,base,c2r/clutter/move_playingcard_away/seed_385288247/progress_000,move_playingcard_away,seed_385288247,c2r,clutter,0.0,19,condition_video,,,,,,,,knn_k1,0.3817474842071533
stage0_contrastive_bs8_fn4_001,base,c2r/clutter/open_laptop/seed_260421436/progress_000,open_laptop,seed_260421436,c2r,clutter,0.0,19,condition_video,,,,,,,,knn_k1,0.38875359296798706
stage0_contrastive_bs8_fn4_001,base,c2r/clutter/move_can_pot/seed_445842829/progress_000,move_can_pot,seed_445842829,c2r,clutter,0.0,19,condition_video,,,,,,,,knn_k1,0.3817419409751892
stage0_contrastive_bs8_fn4_001,base,c2r/clutter/stack_bowls_two/seed_408127787/progress_000,stack_bowls_two,seed_408127787,c2r,clutter,0.0,19,condition_video,,,,,,,,knn_k1,0.406206339597702
stage0_contrastive_bs8_fn4_001,base,c2r/clutter/place_a2b_right/seed_298826397/progress_000,place_a2b_right,seed_298826397,c2r,clutter,0.0,19,condition_video,,,,,,,,knn_k1,0.3971235156059265
stage0_contrastive_bs8_fn4_001,base,c2r/clutter/stamp_seal/seed_748150648/progress_000,stamp_seal,seed_748150648,c2r,clutter,0.0,19,condition_video,,,,,,,,knn_k1,0.3829140365123749
stage0_contrastive_bs8_fn4_001,base,c2r/clutter/place_object_basket/seed_455727417/progress_000,place_object_basket,seed_455727417,c2r,clutter,0.0,19,condition_video,,,,,,,,knn_k1,0.41089972853660583
stage0_contrastive_bs8_fn4_001,base,c2r/clutter/handover_mic/seed_27533572/progress_000,handover_mic,seed_27533572,c2r,clutter,0.0,19,condition_video,,,,,,,,knn_k1,0.406506210565567
stage0_contrastive_bs8_fn4_001,base,c2r/clutter/place_bread_skillet/seed_470829968/progress_000,place_bread_skillet,seed_470829968,c2r,clutter,0.0,19,condition_video,,,,,,,,knn_k1,0.4094632565975189
stage0_contrastive_bs8_fn4_001,base,c2r/clutter/stack_blocks_two/seed_193292576/progress_000,stack_blocks_two,seed_193292576,c2r,clutter,0.0,19,condition_video,,,,,,,,knn_k1,0.41860833764076233
stage0_contrastive_bs8_fn4_001,base,c2r/clutter/place_cans_plasticbox/seed_552905247/progress_000,place_cans_plasticbox,seed_552905247,c2r,clutter,0.0,19,condition_video,,,,,,,,knn_k1,0.44061508774757385
stage0_contrastive_bs8_fn4_001,base,c2r/clutter/click_alarmclock/seed_257639388/progress_000,click_alarmclock,seed_257639388,c2r,clutter,0.0,19,condition_video,,,,,,,,knn_k1,0.3318191468715668
stage0_contrastive_bs8_fn4_001,base,c2r/clutter/blocks_ranking_size/seed_676842534/progress_000,blocks_ranking_size,seed_676842534,c2r,clutter,0.0,19,condition_video,,,,,,,,knn_k1,0.4348472058773041
stage0_contrastive_bs8_fn4_001,base,c2r/clutter/place_phone_stand/seed_560963078/progress_000,place_phone_stand,seed_560963078,c2r,clutter,0.0,19,condition_video,,,,,,,,knn_k1,0.37115246057510376
stage0_contrastive_bs8_fn4_001,base,c2r/clutter/place_can_basket/seed_578149817/progress_000,place_can_basket,seed_578149817,c2r,clutter,0.0,19,condition_video,,,,,,,,knn_k1,0.3997074067592621
stage0_contrastive_bs8_fn4_001,base,c2r/clutter/place_object_scale/seed_142945748/progress_000,place_object_scale,seed_142945748,c2r,clutter,0.0,19,condition_video,,,,,,,,knn_k1,0.38663700222969055
stage0_contrastive_bs8_fn4_001,base,c2r/clutter/place_a2b_left/seed_712001400/progress_000,place_a2b_left,seed_712001400,c2r,clutter,0.0,19,condition_video,,,,,,,,knn_k1,0.3873903751373291
stage0_contrastive_bs8_fn4_001,base,c2r/clutter/grab_roller/seed_489372951/progress_000,grab_roller,seed_489372951,c2r,clutter,0.0,19,condition_video,,,,,,,,knn_k1,0.4102669060230255
stage0_contrastive_bs8_fn4_001,base,c2r/clutter/place_dual_shoes/seed_486785621/progress_000,place_dual_shoes,seed_486785621,c2r,clutter,0.0,19,condition_video,,,,,,,,knn_k1,0.43705806136131287
stage0_contrastive_bs8_fn4_001,base,c2r/clutter/place_empty_cup/seed_270996463/progress_000,place_empty_cup,seed_270996463,c2r,clutter,0.0,19,condition_video,,,,,,,,knn_k1,0.3842015266418457
stage0_contrastive_bs8_fn4_001,base,c2r/clutter/blocks_ranking_rgb/seed_350545820/progress_000,blocks_ranking_rgb,seed_350545820,c2r,clutter,0.0,19,condition_video,,,,,,,,knn_k1,0.42654281854629517
stage0_contrastive_bs8_fn4_001,base,aggregate,all,all,c2r,clutter,,19,condition_video,,,,,,,,knn_k1_mean,0.3994486403465271
stage0_contrastive_bs8_fn4_001,base,aggregate,all,group_split,c2r,clutter,,19,condition_video,,,,,,,,domain_balanced_accuracy,0.5
stage0_contrastive_bs8_fn4_001,base,aggregate,all,group_split,c2r,clutter,,19,condition_video,,,,,,,,domain_auroc,1.0
stage0_contrastive_bs8_fn4_001,base,c2r/height/stack_bowls_three/seed_777107145/progress_000,stack_bowls_three,seed_777107145,c2r,height,0.0,19,condition_video,,,,,,,,knn_k1,0.40442901849746704
stage0_contrastive_bs8_fn4_001,base,c2r/height/handover_block/seed_153931416/progress_000,handover_block,seed_153931416,c2r,height,0.0,19,condition_video,,,,,,,,knn_k1,0.42385348677635193
stage0_contrastive_bs8_fn4_001,base,c2r/height/hanging_mug/seed_797626889/progress_000,hanging_mug,seed_797626889,c2r,height,0.0,19,condition_video,,,,,,,,knn_k1,0.42206692695617676
stage0_contrastive_bs8_fn4_001,base,c2r/height/scan_object/seed_86820161/progress_000,scan_object,seed_86820161,c2r,height,0.0,19,condition_video,,,,,,,,knn_k1,0.4345092475414276
stage0_contrastive_bs8_fn4_001,base,c2r/height/lift_pot/seed_358880989/progress_000,lift_pot,seed_358880989,c2r,height,0.0,19,condition_video,,,,,,,,knn_k1,0.39668798446655273
stage0_contrastive_bs8_fn4_001,base,c2r/height/put_object_cabinet/seed_579804476/progress_000,put_object_cabinet,seed_579804476,c2r,height,0.0,19,condition_video,,,,,,,,knn_k1,0.39685386419296265
stage0_contrastive_bs8_fn4_001,base,c2r/height/stack_blocks_three/seed_510834284/progress_000,stack_blocks_three,seed_510834284,c2r,height,0.0,19,condition_video,,,,,,,,knn_k1,0.428549200296402
stage0_contrastive_bs8_fn4_001,base,c2r/height/place_shoe/seed_547565528/progress_000,place_shoe,seed_547565528,c2r,height,0.0,19,condition_video,,,,,,,,knn_k1,0.38670215010643005
stage0_contrastive_bs8_fn4_001,base,c2r/height/adjust_bottle/seed_455908385/progress_000,adjust_bottle,seed_455908385,c2r,height,0.0,19,condition_video,,,,,,,,knn_k1,0.3885335922241211
stage0_contrastive_bs8_fn4_001,base,c2r/height/place_mouse_pad/seed_747588073/progress_000,place_mouse_pad,seed_747588073,c2r,height,0.0,19,condition_video,,,,,,,,knn_k1,0.38053178787231445
stage0_contrastive_bs8_fn4_001,base,c2r/height/dump_bin_bigbin/seed_609125485/progress_000,dump_bin_bigbin,seed_609125485,c2r,height,0.0,19,condition_video,,,,,,,,knn_k1,0.37687087059020996
stage0_contrastive_bs8_fn4_001,base,c2r/height/move_pillbottle_pad/seed_454258712/progress_000,move_pillbottle_pad,seed_454258712,c2r,height,0.0,19,condition_video,,,,,,,,knn_k1,0.38830211758613586
stage0_contrastive_bs8_fn4_001,base,c2r/height/pick_dual_bottles/seed_625462229/progress_000,pick_dual_bottles,seed_625462229,c2r,height,0.0,19,condition_video,,,,,,,,knn_k1,0.43604540824890137
stage0_contrastive_bs8_fn4_001,base,c2r/height/shake_bottle/seed_11397417/progress_000,shake_bottle,seed_11397417,c2r,height,0.0,19,condition_video,,,,,,,,knn_k1,0.4120588004589081
stage0_contrastive_bs8_fn4_001,base,c2r/height/place_fan/seed_562359323/progress_000,place_fan,seed_562359323,c2r,height,0.0,19,condition_video,,,,,,,,knn_k1,0.37692856788635254
stage0_contrastive_bs8_fn4_001,base,c2r/height/turn_switch/seed_388598700/progress_000,turn_switch,seed_388598700,c2r,height,0.0,19,condition_video,,,,,,,,knn_k1,0.3635481894016266
stage0_contrastive_bs8_fn4_001,base,c2r/height/shake_bottle_horizontally/seed_506817488/progress_000,shake_bottle_horizontally,seed_506817488,c2r,height,0.0,19,condition_video,,,,,,,,knn_k1,0.4062981605529785
stage0_contrastive_bs8_fn4_001,base,c2r/height/place_container_plate/seed_661154812/progress_000,place_container_plate,seed_661154812,c2r,height,0.0,19,condition_video,,,,,,,,knn_k1,0.38314929604530334
stage0_contrastive_bs8_fn4_001,base,c2r/height/rotate_qrcode/seed_391550427/progress_000,rotate_qrcode,seed_391550427,c2r,height,0.0,19,condition_video,,,,,,,,knn_k1,0.37965282797813416
stage0_contrastive_bs8_fn4_001,base,c2r/height/place_object_stand/seed_520492387/progress_000,place_object_stand,seed_520492387,c2r,height,0.0,19,condition_video,,,,,,,,knn_k1,0.36693075299263
stage0_contrastive_bs8_fn4_001,base,c2r/height/put_bottles_dustbin/seed_833796020/progress_000,put_bottles_dustbin,seed_833796020,c2r,height,0.0,19,condition_video,,,,,,,,knn_k1,0.4281579852104187
stage0_contrastive_bs8_fn4_001,base,c2r/height/move_stapler_pad/seed_626979943/progress_000,move_stapler_pad,seed_626979943,c2r,height,0.0,19,condition_video,,,,,,,,knn_k1,0.3915611803531647
stage0_contrastive_bs8_fn4_001,base,c2r/height/place_burger_fries/seed_44486756/progress_000,place_burger_fries,seed_44486756,c2r,height,0.0,19,condition_video,,,,,,,,knn_k1,0.4209953546524048
stage0_contrastive_bs8_fn4_001,base,c2r/height/place_bread_basket/seed_769514620/progress_000,place_bread_basket,seed_769514620,c2r,height,0.0,19,condition_video,,,,,,,,knn_k1,0.42875468730926514
stage0_contrastive_bs8_fn4_001,base,c2r/height/pick_diverse_bottles/seed_202104734/progress_000,pick_diverse_bottles,seed_202104734,c2r,height,0.0,19,condition_video,,,,,,,,knn_k1,0.4371897280216217
stage0_contrastive_bs8_fn4_001,base,c2r/height/open_microwave/seed_670586037/progress_000,open_microwave,seed_670586037,c2r,height,0.0,19,condition_video,,,,,,,,knn_k1,0.3974997103214264
stage0_contrastive_bs8_fn4_001,base,c2r/height/beat_block_hammer/seed_146228030/progress_000,beat_block_hammer,seed_146228030,c2r,height,0.0,19,condition_video,,,,,,,,knn_k1,0.397868812084198
stage0_contrastive_bs8_fn4_001,base,c2r/height/press_stapler/seed_623879527/progress_000,press_stapler,seed_623879527,c2r,height,0.0,19,condition_video,,,,,,,,knn_k1,0.3660361170768738
stage0_contrastive_bs8_fn4_001,base,c2r/height/click_bell/seed_576942388/progress_000,click_bell,seed_576942388,c2r,height,0.0,19,condition_video,,,,,,,,knn_k1,0.34484627842903137
stage0_contrastive_bs8_fn4_001,base,c2r/height/move_playingcard_away/seed_468245999/progress_000,move_playingcard_away,seed_468245999,c2r,height,0.0,19,condition_video,,,,,,,,knn_k1,0.3841967284679413
stage0_contrastive_bs8_fn4_001,base,c2r/height/open_laptop/seed_273582622/progress_000,open_laptop,seed_273582622,c2r,height,0.0,19,condition_video,,,,,,,,knn_k1,0.39049845933914185
stage0_contrastive_bs8_fn4_001,base,c2r/height/move_can_pot/seed_285658487/progress_000,move_can_pot,seed_285658487,c2r,height,0.0,19,condition_video,,,,,,,,knn_k1,0.3830566704273224
stage0_contrastive_bs8_fn4_001,base,c2r/height/stack_bowls_two/seed_116018094/progress_000,stack_bowls_two,seed_116018094,c2r,height,0.0,19,condition_video,,,,,,,,knn_k1,0.4057040810585022
stage0_contrastive_bs8_fn4_001,base,c2r/height/place_a2b_right/seed_803724289/progress_000,place_a2b_right,seed_803724289,c2r,height,0.0,19,condition_video,,,,,,,,knn_k1,0.3842986822128296
stage0_contrastive_bs8_fn4_001,base,c2r/height/stamp_seal/seed_391510540/progress_000,stamp_seal,seed_391510540,c2r,height,0.0,19,condition_video,,,,,,,,knn_k1,0.38121023774147034
stage0_contrastive_bs8_fn4_001,base,c2r/height/place_object_basket/seed_760526045/progress_000,place_object_basket,seed_760526045,c2r,height,0.0,19,condition_video,,,,,,,,knn_k1,0.4065462052822113
stage0_contrastive_bs8_fn4_001,base,c2r/height/handover_mic/seed_537376167/progress_000,handover_mic,seed_537376167,c2r,height,0.0,19,condition_video,,,,,,,,knn_k1,0.4043869078159332
stage0_contrastive_bs8_fn4_001,base,c2r/height/place_bread_skillet/seed_394408374/progress_000,place_bread_skillet,seed_394408374,c2r,height,0.0,19,condition_video,,,,,,,,knn_k1,0.4082229733467102
stage0_contrastive_bs8_fn4_001,base,c2r/height/stack_blocks_two/seed_639631926/progress_000,stack_blocks_two,seed_639631926,c2r,height,0.0,19,condition_video,,,,,,,,knn_k1,0.41436606645584106
stage0_contrastive_bs8_fn4_001,base,c2r/height/place_cans_plasticbox/seed_514553626/progress_000,place_cans_plasticbox,seed_514553626,c2r,height,0.0,19,condition_video,,,,,,,,knn_k1,0.43439731001853943
stage0_contrastive_bs8_fn4_001,base,c2r/height/click_alarmclock/seed_789543505/progress_000,click_alarmclock,seed_789543505,c2r,height,0.0,19,condition_video,,,,,,,,knn_k1,0.33228403329849243
stage0_contrastive_bs8_fn4_001,base,c2r/height/blocks_ranking_size/seed_3661514/progress_000,blocks_ranking_size,seed_3661514,c2r,height,0.0,19,condition_video,,,,,,,,knn_k1,0.4303071200847626
stage0_contrastive_bs8_fn4_001,base,c2r/height/place_phone_stand/seed_39116909/progress_000,place_phone_stand,seed_39116909,c2r,height,0.0,19,condition_video,,,,,,,,knn_k1,0.367624968290329
stage0_contrastive_bs8_fn4_001,base,c2r/height/place_can_basket/seed_788353025/progress_000,place_can_basket,seed_788353025,c2r,height,0.0,19,condition_video,,,,,,,,knn_k1,0.39746570587158203
stage0_contrastive_bs8_fn4_001,base,c2r/height/place_object_scale/seed_603032508/progress_000,place_object_scale,seed_603032508,c2r,height,0.0,19,condition_video,,,,,,,,knn_k1,0.3857017159461975
stage0_contrastive_bs8_fn4_001,base,c2r/height/place_a2b_left/seed_240483131/progress_000,place_a2b_left,seed_240483131,c2r,height,0.0,19,condition_video,,,,,,,,knn_k1,0.38527199625968933
stage0_contrastive_bs8_fn4_001,base,c2r/height/grab_roller/seed_452075745/progress_000,grab_roller,seed_452075745,c2r,height,0.0,19,condition_video,,,,,,,,knn_k1,0.4110564589500427
stage0_contrastive_bs8_fn4_001,base,c2r/height/place_dual_shoes/seed_890676601/progress_000,place_dual_shoes,seed_890676601,c2r,height,0.0,19,condition_video,,,,,,,,knn_k1,0.4290635287761688
stage0_contrastive_bs8_fn4_001,base,c2r/height/place_empty_cup/seed_859277454/progress_000,place_empty_cup,seed_859277454,c2r,height,0.0,19,condition_video,,,,,,,,knn_k1,0.38472485542297363
stage0_contrastive_bs8_fn4_001,base,c2r/height/blocks_ranking_rgb/seed_114117740/progress_000,blocks_ranking_rgb,seed_114117740,c2r,height,0.0,19,condition_video,,,,,,,,knn_k1,0.4270630180835724
stage0_contrastive_bs8_fn4_001,base,aggregate,all,all,c2r,height,,19,condition_video,,,,,,,,knn_k1_mean,0.3982571965456009
stage0_contrastive_bs8_fn4_001,base,aggregate,all,group_split,c2r,height,,19,condition_video,,,,,,,,domain_balanced_accuracy,0.5
stage0_contrastive_bs8_fn4_001,base,aggregate,all,group_split,c2r,height,,19,condition_video,,,,,,,,domain_auroc,1.0
stage0_contrastive_bs8_fn4_001,base,c2r/light/stack_bowls_three/seed_317869620/progress_000,stack_bowls_three,seed_317869620,c2r,light,0.0,19,condition_video,,,,,,,,knn_k1,0.4666067957878113
stage0_contrastive_bs8_fn4_001,base,c2r/light/handover_block/seed_879311662/progress_000,handover_block,seed_879311662,c2r,light,0.0,19,condition_video,,,,,,,,knn_k1,0.5342216491699219
stage0_contrastive_bs8_fn4_001,base,c2r/light/hanging_mug/seed_459299139/progress_000,hanging_mug,seed_459299139,c2r,light,0.0,19,condition_video,,,,,,,,knn_k1,0.4835353195667267
stage0_contrastive_bs8_fn4_001,base,c2r/light/scan_object/seed_289038431/progress_000,scan_object,seed_289038431,c2r,light,0.0,19,condition_video,,,,,,,,knn_k1,0.4590755105018616
stage0_contrastive_bs8_fn4_001,base,c2r/light/lift_pot/seed_185598812/progress_000,lift_pot,seed_185598812,c2r,light,0.0,19,condition_video,,,,,,,,knn_k1,0.40657418966293335
stage0_contrastive_bs8_fn4_001,base,c2r/light/put_object_cabinet/seed_644929938/progress_000,put_object_cabinet,seed_644929938,c2r,light,0.0,19,condition_video,,,,,,,,knn_k1,0.4240257143974304
stage0_contrastive_bs8_fn4_001,base,c2r/light/stack_blocks_three/seed_314814982/progress_000,stack_blocks_three,seed_314814982,c2r,light,0.0,19,condition_video,,,,,,,,knn_k1,0.49393603205680847
stage0_contrastive_bs8_fn4_001,base,c2r/light/place_shoe/seed_259707623/progress_000,place_shoe,seed_259707623,c2r,light,0.0,19,condition_video,,,,,,,,knn_k1,0.45225954055786133
stage0_contrastive_bs8_fn4_001,base,c2r/light/adjust_bottle/seed_218427993/progress_000,adjust_bottle,seed_218427993,c2r,light,0.0,19,condition_video,,,,,,,,knn_k1,0.43313032388687134
stage0_contrastive_bs8_fn4_001,base,c2r/light/place_mouse_pad/seed_866209002/progress_000,place_mouse_pad,seed_866209002,c2r,light,0.0,19,condition_video,,,,,,,,knn_k1,0.48734408617019653
stage0_contrastive_bs8_fn4_001,base,c2r/light/dump_bin_bigbin/seed_423840151/progress_000,dump_bin_bigbin,seed_423840151,c2r,light,0.0,19,condition_video,,,,,,,,knn_k1,0.47364675998687744
stage0_contrastive_bs8_fn4_001,base,c2r/light/move_pillbottle_pad/seed_635002489/progress_000,move_pillbottle_pad,seed_635002489,c2r,light,0.0,19,condition_video,,,,,,,,knn_k1,0.511033296585083
stage0_contrastive_bs8_fn4_001,base,c2r/light/pick_dual_bottles/seed_7690756/progress_000,pick_dual_bottles,seed_7690756,c2r,light,0.0,19,condition_video,,,,,,,,knn_k1,0.44986826181411743
stage0_contrastive_bs8_fn4_001,base,c2r/light/shake_bottle/seed_716268860/progress_000,shake_bottle,seed_716268860,c2r,light,0.0,19,condition_video,,,,,,,,knn_k1,0.5185496211051941
stage0_contrastive_bs8_fn4_001,base,c2r/light/place_fan/seed_519267369/progress_000,place_fan,seed_519267369,c2r,light,0.0,19,condition_video,,,,,,,,knn_k1,0.46796250343322754
stage0_contrastive_bs8_fn4_001,base,c2r/light/turn_switch/seed_493838736/progress_000,turn_switch,seed_493838736,c2r,light,0.0,19,condition_video,,,,,,,,knn_k1,0.5155184268951416
stage0_contrastive_bs8_fn4_001,base,c2r/light/shake_bottle_horizontally/seed_497389386/progress_000,shake_bottle_horizontally,seed_497389386,c2r,light,0.0,19,condition_video,,,,,,,,knn_k1,0.471212774515152
stage0_contrastive_bs8_fn4_001,base,c2r/light/place_container_plate/seed_252210122/progress_000,place_container_plate,seed_252210122,c2r,light,0.0,19,condition_video,,,,,,,,knn_k1,0.5145460963249207
stage0_contrastive_bs8_fn4_001,base,c2r/light/rotate_qrcode/seed_24255504/progress_000,rotate_qrcode,seed_24255504,c2r,light,0.0,19,condition_video,,,,,,,,knn_k1,0.5273944139480591
stage0_contrastive_bs8_fn4_001,base,c2r/light/place_object_stand/seed_603755546/progress_000,place_object_stand,seed_603755546,c2r,light,0.0,19,condition_video,,,,,,,,knn_k1,0.396562397480011
stage0_contrastive_bs8_fn4_001,base,c2r/light/put_bottles_dustbin/seed_473207494/progress_000,put_bottles_dustbin,seed_473207494,c2r,light,0.0,19,condition_video,,,,,,,,knn_k1,0.4932529926300049
stage0_contrastive_bs8_fn4_001,base,c2r/light/move_stapler_pad/seed_724544048/progress_000,move_stapler_pad,seed_724544048,c2r,light,0.0,19,condition_video,,,,,,,,knn_k1,0.5730513334274292
stage0_contrastive_bs8_fn4_001,base,c2r/light/place_burger_fries/seed_764956105/progress_000,place_burger_fries,seed_764956105,c2r,light,0.0,19,condition_video,,,,,,,,knn_k1,0.47277209162712097
stage0_contrastive_bs8_fn4_001,base,c2r/light/place_bread_basket/seed_548994270/progress_000,place_bread_basket,seed_548994270,c2r,light,0.0,19,condition_video,,,,,,,,knn_k1,0.46668627858161926
stage0_contrastive_bs8_fn4_001,base,c2r/light/pick_diverse_bottles/seed_469296516/progress_000,pick_diverse_bottles,seed_469296516,c2r,light,0.0,19,condition_video,,,,,,,,knn_k1,0.471224308013916
stage0_contrastive_bs8_fn4_001,base,c2r/light/open_microwave/seed_126026794/progress_000,open_microwave,seed_126026794,c2r,light,0.0,19,condition_video,,,,,,,,knn_k1,0.4710792601108551
stage0_contrastive_bs8_fn4_001,base,c2r/light/beat_block_hammer/seed_190785939/progress_000,beat_block_hammer,seed_190785939,c2r,light,0.0,19,condition_video,,,,,,,,knn_k1,0.48203498125076294
stage0_contrastive_bs8_fn4_001,base,c2r/light/press_stapler/seed_645584852/progress_000,press_stapler,seed_645584852,c2r,light,0.0,19,condition_video,,,,,,,,knn_k1,0.45561739802360535
stage0_contrastive_bs8_fn4_001,base,c2r/light/click_bell/seed_611142223/progress_000,click_bell,seed_611142223,c2r,light,0.0,19,condition_video,,,,,,,,knn_k1,0.40321114659309387
stage0_contrastive_bs8_fn4_001,base,c2r/light/move_playingcard_away/seed_698951458/progress_000,move_playingcard_away,seed_698951458,c2r,light,0.0,19,condition_video,,,,,,,,knn_k1,0.398769736289978
stage0_contrastive_bs8_fn4_001,base,c2r/light/open_laptop/seed_627389206/progress_000,open_laptop,seed_627389206,c2r,light,0.0,19,condition_video,,,,,,,,knn_k1,0.4122092127799988
stage0_contrastive_bs8_fn4_001,base,c2r/light/move_can_pot/seed_248023816/progress_000,move_can_pot,seed_248023816,c2r,light,0.0,19,condition_video,,,,,,,,knn_k1,0.4330867826938629
stage0_contrastive_bs8_fn4_001,base,c2r/light/stack_bowls_two/seed_656246828/progress_000,stack_bowls_two,seed_656246828,c2r,light,0.0,19,condition_video,,,,,,,,knn_k1,0.4704863429069519
stage0_contrastive_bs8_fn4_001,base,c2r/light/place_a2b_right/seed_803416018/progress_000,place_a2b_right,seed_803416018,c2r,light,0.0,19,condition_video,,,,,,,,knn_k1,0.4265013635158539
stage0_contrastive_bs8_fn4_001,base,c2r/light/stamp_seal/seed_203079918/progress_000,stamp_seal,seed_203079918,c2r,light,0.0,19,condition_video,,,,,,,,knn_k1,0.44129085540771484
stage0_contrastive_bs8_fn4_001,base,c2r/light/place_object_basket/seed_241125908/progress_000,place_object_basket,seed_241125908,c2r,light,0.0,19,condition_video,,,,,,,,knn_k1,0.5266436338424683
stage0_contrastive_bs8_fn4_001,base,c2r/light/handover_mic/seed_283323218/progress_000,handover_mic,seed_283323218,c2r,light,0.0,19,condition_video,,,,,,,,knn_k1,0.5582543611526489
stage0_contrastive_bs8_fn4_001,base,c2r/light/place_bread_skillet/seed_156686976/progress_000,place_bread_skillet,seed_156686976,c2r,light,0.0,19,condition_video,,,,,,,,knn_k1,0.4273463785648346
stage0_contrastive_bs8_fn4_001,base,c2r/light/stack_blocks_two/seed_803532712/progress_000,stack_blocks_two,seed_803532712,c2r,light,0.0,19,condition_video,,,,,,,,knn_k1,0.5405609607696533
stage0_contrastive_bs8_fn4_001,base,c2r/light/place_cans_plasticbox/seed_577981354/progress_000,place_cans_plasticbox,seed_577981354,c2r,light,0.0,19,condition_video,,,,,,,,knn_k1,0.47560542821884155
stage0_contrastive_bs8_fn4_001,base,c2r/light/click_alarmclock/seed_762866989/progress_000,click_alarmclock,seed_762866989,c2r,light,0.0,19,condition_video,,,,,,,,knn_k1,0.33756953477859497
stage0_contrastive_bs8_fn4_001,base,c2r/light/blocks_ranking_size/seed_505985753/progress_000,blocks_ranking_size,seed_505985753,c2r,light,0.0,19,condition_video,,,,,,,,knn_k1,0.5408651828765869
stage0_contrastive_bs8_fn4_001,base,c2r/light/place_phone_stand/seed_624751721/progress_000,place_phone_stand,seed_624751721,c2r,light,0.0,19,condition_video,,,,,,,,knn_k1,0.4422855079174042
stage0_contrastive_bs8_fn4_001,base,c2r/light/place_can_basket/seed_542145302/progress_000,place_can_basket,seed_542145302,c2r,light,0.0,19,condition_video,,,,,,,,knn_k1,0.4146984815597534
stage0_contrastive_bs8_fn4_001,base,c2r/light/place_object_scale/seed_722575534/progress_000,place_object_scale,seed_722575534,c2r,light,0.0,19,condition_video,,,,,,,,knn_k1,0.4532269537448883
stage0_contrastive_bs8_fn4_001,base,c2r/light/place_a2b_left/seed_663079132/progress_000,place_a2b_left,seed_663079132,c2r,light,0.0,19,condition_video,,,,,,,,knn_k1,0.41412031650543213
stage0_contrastive_bs8_fn4_001,base,c2r/light/grab_roller/seed_482689013/progress_000,grab_roller,seed_482689013,c2r,light,0.0,19,condition_video,,,,,,,,knn_k1,0.5319010019302368
stage0_contrastive_bs8_fn4_001,base,c2r/light/place_dual_shoes/seed_319436374/progress_000,place_dual_shoes,seed_319436374,c2r,light,0.0,19,condition_video,,,,,,,,knn_k1,0.41897037625312805
stage0_contrastive_bs8_fn4_001,base,c2r/light/place_empty_cup/seed_606914953/progress_000,place_empty_cup,seed_606914953,c2r,light,0.0,19,condition_video,,,,,,,,knn_k1,0.43954578042030334
stage0_contrastive_bs8_fn4_001,base,c2r/light/blocks_ranking_rgb/seed_339352330/progress_000,blocks_ranking_rgb,seed_339352330,c2r,light,0.0,19,condition_video,,,,,,,,knn_k1,0.46889054775238037
stage0_contrastive_bs8_fn4_001,base,aggregate,all,all,c2r,light,,19,condition_video,,,,,,,,knn_k1_mean,0.4669752448797226
stage0_contrastive_bs8_fn4_001,base,aggregate,all,group_split,c2r,light,,19,condition_video,,,,,,,,domain_balanced_accuracy,0.5
stage0_contrastive_bs8_fn4_001,base,aggregate,all,group_split,c2r,light,,19,condition_video,,,,,,,,domain_auroc,1.0
stage0_contrastive_bs8_fn4_001,base,c2r/background/stack_bowls_three/seed_27804535/progress_000,stack_bowls_three,seed_27804535,c2r,background,0.0,29,condition_video,,,,,,,,knn_k1,0.39452534914016724
stage0_contrastive_bs8_fn4_001,base,c2r/background/handover_block/seed_120650234/progress_000,handover_block,seed_120650234,c2r,background,0.0,29,condition_video,,,,,,,,knn_k1,0.39981889724731445
stage0_contrastive_bs8_fn4_001,base,c2r/background/hanging_mug/seed_538778923/progress_000,hanging_mug,seed_538778923,c2r,background,0.0,29,condition_video,,,,,,,,knn_k1,0.41885045170783997
stage0_contrastive_bs8_fn4_001,base,c2r/background/scan_object/seed_262761732/progress_000,scan_object,seed_262761732,c2r,background,0.0,29,condition_video,,,,,,,,knn_k1,0.4154292047023773
stage0_contrastive_bs8_fn4_001,base,c2r/background/lift_pot/seed_710924868/progress_000,lift_pot,seed_710924868,c2r,background,0.0,29,condition_video,,,,,,,,knn_k1,0.37857308983802795
stage0_contrastive_bs8_fn4_001,base,c2r/background/put_object_cabinet/seed_13370600/progress_000,put_object_cabinet,seed_13370600,c2r,background,0.0,29,condition_video,,,,,,,,knn_k1,0.36876213550567627
stage0_contrastive_bs8_fn4_001,base,c2r/background/stack_blocks_three/seed_822087810/progress_000,stack_blocks_three,seed_822087810,c2r,background,0.0,29,condition_video,,,,,,,,knn_k1,0.4192357659339905
stage0_contrastive_bs8_fn4_001,base,c2r/background/place_shoe/seed_676166693/progress_000,place_shoe,seed_676166693,c2r,background,0.0,29,condition_video,,,,,,,,knn_k1,0.3767707645893097
stage0_contrastive_bs8_fn4_001,base,c2r/background/adjust_bottle/seed_863397555/progress_000,adjust_bottle,seed_863397555,c2r,background,0.0,29,condition_video,,,,,,,,knn_k1,0.3818264305591583
stage0_contrastive_bs8_fn4_001,base,c2r/background/place_mouse_pad/seed_457852611/progress_000,place_mouse_pad,seed_457852611,c2r,background,0.0,29,condition_video,,,,,,,,knn_k1,0.37775054574012756
stage0_contrastive_bs8_fn4_001,base,c2r/background/dump_bin_bigbin/seed_773111305/progress_000,dump_bin_bigbin,seed_773111305,c2r,background,0.0,29,condition_video,,,,,,,,knn_k1,0.36501526832580566
stage0_contrastive_bs8_fn4_001,base,c2r/background/move_pillbottle_pad/seed_568983342/progress_000,move_pillbottle_pad,seed_568983342,c2r,background,0.0,29,condition_video,,,,,,,,knn_k1,0.38608598709106445
stage0_contrastive_bs8_fn4_001,base,c2r/background/pick_dual_bottles/seed_117166061/progress_000,pick_dual_bottles,seed_117166061,c2r,background,0.0,29,condition_video,,,,,,,,knn_k1,0.399828165769577
stage0_contrastive_bs8_fn4_001,base,c2r/background/shake_bottle/seed_331965946/progress_000,shake_bottle,seed_331965946,c2r,background,0.0,29,condition_video,,,,,,,,knn_k1,0.3958619236946106
stage0_contrastive_bs8_fn4_001,base,c2r/background/place_fan/seed_543070044/progress_000,place_fan,seed_543070044,c2r,background,0.0,29,condition_video,,,,,,,,knn_k1,0.37561166286468506
stage0_contrastive_bs8_fn4_001,base,c2r/background/turn_switch/seed_489873751/progress_000,turn_switch,seed_489873751,c2r,background,0.0,29,condition_video,,,,,,,,knn_k1,0.3629891574382782
stage0_contrastive_bs8_fn4_001,base,c2r/background/shake_bottle_horizontally/seed_319358196/progress_000,shake_bottle_horizontally,seed_319358196,c2r,background,0.0,29,condition_video,,,,,,,,knn_k1,0.3925207853317261
stage0_contrastive_bs8_fn4_001,base,c2r/background/place_container_plate/seed_14431598/progress_000,place_container_plate,seed_14431598,c2r,background,0.0,29,condition_video,,,,,,,,knn_k1,0.37134066224098206
stage0_contrastive_bs8_fn4_001,base,c2r/background/rotate_qrcode/seed_372345110/progress_000,rotate_qrcode,seed_372345110,c2r,background,0.0,29,condition_video,,,,,,,,knn_k1,0.38823944330215454
stage0_contrastive_bs8_fn4_001,base,c2r/background/place_object_stand/seed_715864988/progress_000,place_object_stand,seed_715864988,c2r,background,0.0,29,condition_video,,,,,,,,knn_k1,0.3575158715248108
stage0_contrastive_bs8_fn4_001,base,c2r/background/put_bottles_dustbin/seed_455479075/progress_000,put_bottles_dustbin,seed_455479075,c2r,background,0.0,29,condition_video,,,,,,,,knn_k1,0.3957875669002533
stage0_contrastive_bs8_fn4_001,base,c2r/background/move_stapler_pad/seed_453776751/progress_000,move_stapler_pad,seed_453776751,c2r,background,0.0,29,condition_video,,,,,,,,knn_k1,0.38860079646110535
stage0_contrastive_bs8_fn4_001,base,c2r/background/place_burger_fries/seed_165469501/progress_000,place_burger_fries,seed_165469501,c2r,background,0.0,29,condition_video,,,,,,,,knn_k1,0.39457377791404724
stage0_contrastive_bs8_fn4_001,base,c2r/background/place_bread_basket/seed_490234398/progress_000,place_bread_basket,seed_490234398,c2r,background,0.0,29,condition_video,,,,,,,,knn_k1,0.40683209896087646
stage0_contrastive_bs8_fn4_001,base,c2r/background/pick_diverse_bottles/seed_886697844/progress_000,pick_diverse_bottles,seed_886697844,c2r,background,0.0,29,condition_video,,,,,,,,knn_k1,0.3973235785961151
stage0_contrastive_bs8_fn4_001,base,c2r/background/open_microwave/seed_443701932/progress_000,open_microwave,seed_443701932,c2r,background,0.0,29,condition_video,,,,,,,,knn_k1,0.3706846833229065
stage0_contrastive_bs8_fn4_001,base,c2r/background/beat_block_hammer/seed_797298394/progress_000,beat_block_hammer,seed_797298394,c2r,background,0.0,29,condition_video,,,,,,,,knn_k1,0.38959068059921265
stage0_contrastive_bs8_fn4_001,base,c2r/background/press_stapler/seed_262831721/progress_000,press_stapler,seed_262831721,c2r,background,0.0,29,condition_video,,,,,,,,knn_k1,0.3618742525577545
stage0_contrastive_bs8_fn4_001,base,c2r/background/click_bell/seed_748992159/progress_000,click_bell,seed_748992159,c2r,background,0.0,29,condition_video,,,,,,,,knn_k1,0.3424731492996216
stage0_contrastive_bs8_fn4_001,base,c2r/background/move_playingcard_away/seed_114732817/progress_000,move_playingcard_away,seed_114732817,c2r,background,0.0,29,condition_video,,,,,,,,knn_k1,0.38393843173980713
stage0_contrastive_bs8_fn4_001,base,c2r/background/open_laptop/seed_121410776/progress_000,open_laptop,seed_121410776,c2r,background,0.0,29,condition_video,,,,,,,,knn_k1,0.3785548210144043
stage0_contrastive_bs8_fn4_001,base,c2r/background/move_can_pot/seed_600430797/progress_000,move_can_pot,seed_600430797,c2r,background,0.0,29,condition_video,,,,,,,,knn_k1,0.3678756654262543
stage0_contrastive_bs8_fn4_001,base,c2r/background/stack_bowls_two/seed_444040936/progress_000,stack_bowls_two,seed_444040936,c2r,background,0.0,29,condition_video,,,,,,,,knn_k1,0.3957013189792633
stage0_contrastive_bs8_fn4_001,base,c2r/background/place_a2b_right/seed_550624350/progress_000,place_a2b_right,seed_550624350,c2r,background,0.0,29,condition_video,,,,,,,,knn_k1,0.3898683488368988
stage0_contrastive_bs8_fn4_001,base,c2r/background/stamp_seal/seed_373032052/progress_000,stamp_seal,seed_373032052,c2r,background,0.0,29,condition_video,,,,,,,,knn_k1,0.3800331652164459
stage0_contrastive_bs8_fn4_001,base,c2r/background/place_object_basket/seed_13972055/progress_000,place_object_basket,seed_13972055,c2r,background,0.0,29,condition_video,,,,,,,,knn_k1,0.38702625036239624
stage0_contrastive_bs8_fn4_001,base,c2r/background/handover_mic/seed_791372736/progress_000,handover_mic,seed_791372736,c2r,background,0.0,29,condition_video,,,,,,,,knn_k1,0.3943430483341217
stage0_contrastive_bs8_fn4_001,base,c2r/background/place_bread_skillet/seed_682411729/progress_000,place_bread_skillet,seed_682411729,c2r,background,0.0,29,condition_video,,,,,,,,knn_k1,0.3963715434074402
stage0_contrastive_bs8_fn4_001,base,c2r/background/stack_blocks_two/seed_325046254/progress_000,stack_blocks_two,seed_325046254,c2r,background,0.0,29,condition_video,,,,,,,,knn_k1,0.40946298837661743
stage0_contrastive_bs8_fn4_001,base,c2r/background/place_cans_plasticbox/seed_851474539/progress_000,place_cans_plasticbox,seed_851474539,c2r,background,0.0,29,condition_video,,,,,,,,knn_k1,0.4231816530227661
stage0_contrastive_bs8_fn4_001,base,c2r/background/click_alarmclock/seed_597249174/progress_000,click_alarmclock,seed_597249174,c2r,background,0.0,29,condition_video,,,,,,,,knn_k1,0.32658085227012634
stage0_contrastive_bs8_fn4_001,base,c2r/background/blocks_ranking_size/seed_483186537/progress_000,blocks_ranking_size,seed_483186537,c2r,background,0.0,29,condition_video,,,,,,,,knn_k1,0.41664227843284607
stage0_contrastive_bs8_fn4_001,base,c2r/background/place_phone_stand/seed_844715882/progress_000,place_phone_stand,seed_844715882,c2r,background,0.0,29,condition_video,,,,,,,,knn_k1,0.36740532517433167
stage0_contrastive_bs8_fn4_001,base,c2r/background/place_can_basket/seed_873890208/progress_000,place_can_basket,seed_873890208,c2r,background,0.0,29,condition_video,,,,,,,,knn_k1,0.3868360221385956
stage0_contrastive_bs8_fn4_001,base,c2r/background/place_object_scale/seed_28989601/progress_000,place_object_scale,seed_28989601,c2r,background,0.0,29,condition_video,,,,,,,,knn_k1,0.37972816824913025
stage0_contrastive_bs8_fn4_001,base,c2r/background/place_a2b_left/seed_494714106/progress_000,place_a2b_left,seed_494714106,c2r,background,0.0,29,condition_video,,,,,,,,knn_k1,0.38167259097099304
stage0_contrastive_bs8_fn4_001,base,c2r/background/grab_roller/seed_274067892/progress_000,grab_roller,seed_274067892,c2r,background,0.0,29,condition_video,,,,,,,,knn_k1,0.3852011263370514
stage0_contrastive_bs8_fn4_001,base,c2r/background/place_dual_shoes/seed_100946921/progress_000,place_dual_shoes,seed_100946921,c2r,background,0.0,29,condition_video,,,,,,,,knn_k1,0.39184609055519104
stage0_contrastive_bs8_fn4_001,base,c2r/background/place_empty_cup/seed_66017520/progress_000,place_empty_cup,seed_66017520,c2r,background,0.0,29,condition_video,,,,,,,,knn_k1,0.378926157951355
stage0_contrastive_bs8_fn4_001,base,c2r/background/blocks_ranking_rgb/seed_392877897/progress_000,blocks_ranking_rgb,seed_392877897,c2r,background,0.0,29,condition_video,,,,,,,,knn_k1,0.4257553517818451
stage0_contrastive_bs8_fn4_001,base,aggregate,all,all,c2r,background,,29,condition_video,,,,,,,,knn_k1_mean,0.38642486691474914
stage0_contrastive_bs8_fn4_001,base,aggregate,all,group_split,c2r,background,,29,condition_video,,,,,,,,domain_balanced_accuracy,0.5
stage0_contrastive_bs8_fn4_001,base,aggregate,all,group_split,c2r,background,,29,condition_video,,,,,,,,domain_auroc,1.0
stage0_contrastive_bs8_fn4_001,base,c2r/clutter/stack_bowls_three/seed_761954913/progress_000,stack_bowls_three,seed_761954913,c2r,clutter,0.0,29,condition_video,,,,,,,,knn_k1,0.398159921169281
stage0_contrastive_bs8_fn4_001,base,c2r/clutter/handover_block/seed_624737248/progress_000,handover_block,seed_624737248,c2r,clutter,0.0,29,condition_video,,,,,,,,knn_k1,0.4028942584991455
stage0_contrastive_bs8_fn4_001,base,c2r/clutter/hanging_mug/seed_853936167/progress_000,hanging_mug,seed_853936167,c2r,clutter,0.0,29,condition_video,,,,,,,,knn_k1,0.4171063303947449
stage0_contrastive_bs8_fn4_001,base,c2r/clutter/scan_object/seed_200154928/progress_000,scan_object,seed_200154928,c2r,clutter,0.0,29,condition_video,,,,,,,,knn_k1,0.4129539132118225
stage0_contrastive_bs8_fn4_001,base,c2r/clutter/lift_pot/seed_36841133/progress_000,lift_pot,seed_36841133,c2r,clutter,0.0,29,condition_video,,,,,,,,knn_k1,0.37741443514823914
stage0_contrastive_bs8_fn4_001,base,c2r/clutter/put_object_cabinet/seed_213141741/progress_000,put_object_cabinet,seed_213141741,c2r,clutter,0.0,29,condition_video,,,,,,,,knn_k1,0.3656063675880432
stage0_contrastive_bs8_fn4_001,base,c2r/clutter/stack_blocks_three/seed_885782772/progress_000,stack_blocks_three,seed_885782772,c2r,clutter,0.0,29,condition_video,,,,,,,,knn_k1,0.41732272505760193
stage0_contrastive_bs8_fn4_001,base,c2r/clutter/place_shoe/seed_148930251/progress_000,place_shoe,seed_148930251,c2r,clutter,0.0,29,condition_video,,,,,,,,knn_k1,0.3801162838935852
stage0_contrastive_bs8_fn4_001,base,c2r/clutter/adjust_bottle/seed_487447292/progress_000,adjust_bottle,seed_487447292,c2r,clutter,0.0,29,condition_video,,,,,,,,knn_k1,0.3859965205192566
stage0_contrastive_bs8_fn4_001,base,c2r/clutter/place_mouse_pad/seed_782913939/progress_000,place_mouse_pad,seed_782913939,c2r,clutter,0.0,29,condition_video,,,,,,,,knn_k1,0.37178805470466614
stage0_contrastive_bs8_fn4_001,base,c2r/clutter/dump_bin_bigbin/seed_48286788/progress_000,dump_bin_bigbin,seed_48286788,c2r,clutter,0.0,29,condition_video,,,,,,,,knn_k1,0.36540013551712036
stage0_contrastive_bs8_fn4_001,base,c2r/clutter/move_pillbottle_pad/seed_170572259/progress_000,move_pillbottle_pad,seed_170572259,c2r,clutter,0.0,29,condition_video,,,,,,,,knn_k1,0.3818681240081787
stage0_contrastive_bs8_fn4_001,base,c2r/clutter/pick_dual_bottles/seed_4182488/progress_000,pick_dual_bottles,seed_4182488,c2r,clutter,0.0,29,condition_video,,,,,,,,knn_k1,0.40200257301330566
stage0_contrastive_bs8_fn4_001,base,c2r/clutter/shake_bottle/seed_509663030/progress_000,shake_bottle,seed_509663030,c2r,clutter,0.0,29,condition_video,,,,,,,,knn_k1,0.3924163579940796
stage0_contrastive_bs8_fn4_001,base,c2r/clutter/place_fan/seed_847307321/progress_000,place_fan,seed_847307321,c2r,clutter,0.0,29,condition_video,,,,,,,,knn_k1,0.37904462218284607
stage0_contrastive_bs8_fn4_001,base,c2r/clutter/turn_switch/seed_106540409/progress_000,turn_switch,seed_106540409,c2r,clutter,0.0,29,condition_video,,,,,,,,knn_k1,0.3586333096027374
stage0_contrastive_bs8_fn4_001,base,c2r/clutter/shake_bottle_horizontally/seed_491429438/progress_000,shake_bottle_horizontally,seed_491429438,c2r,clutter,0.0,29,condition_video,,,,,,,,knn_k1,0.3902260363101959
stage0_contrastive_bs8_fn4_001,base,c2r/clutter/place_container_plate/seed_594486020/progress_000,place_container_plate,seed_594486020,c2r,clutter,0.0,29,condition_video,,,,,,,,knn_k1,0.3690603971481323
stage0_contrastive_bs8_fn4_001,base,c2r/clutter/rotate_qrcode/seed_362674036/progress_000,rotate_qrcode,seed_362674036,c2r,clutter,0.0,29,condition_video,,,,,,,,knn_k1,0.3782521188259125
stage0_contrastive_bs8_fn4_001,base,c2r/clutter/place_object_stand/seed_162697052/progress_000,place_object_stand,seed_162697052,c2r,clutter,0.0,29,condition_video,,,,,,,,knn_k1,0.356038898229599
stage0_contrastive_bs8_fn4_001,base,c2r/clutter/put_bottles_dustbin/seed_148690198/progress_000,put_bottles_dustbin,seed_148690198,c2r,clutter,0.0,29,condition_video,,,,,,,,knn_k1,0.3939777910709381
stage0_contrastive_bs8_fn4_001,base,c2r/clutter/move_stapler_pad/seed_744409618/progress_000,move_stapler_pad,seed_744409618,c2r,clutter,0.0,29,condition_video,,,,,,,,knn_k1,0.3889009654521942
stage0_contrastive_bs8_fn4_001,base,c2r/clutter/place_burger_fries/seed_303636962/progress_000,place_burger_fries,seed_303636962,c2r,clutter,0.0,29,condition_video,,,,,,,,knn_k1,0.3940248489379883
stage0_contrastive_bs8_fn4_001,base,c2r/clutter/place_bread_basket/seed_105344671/progress_000,place_bread_basket,seed_105344671,c2r,clutter,0.0,29,condition_video,,,,,,,,knn_k1,0.4100726246833801
stage0_contrastive_bs8_fn4_001,base,c2r/clutter/pick_diverse_bottles/seed_21321356/progress_000,pick_diverse_bottles,seed_21321356,c2r,clutter,0.0,29,condition_video,,,,,,,,knn_k1,0.3864712119102478
stage0_contrastive_bs8_fn4_001,base,c2r/clutter/open_microwave/seed_136410473/progress_000,open_microwave,seed_136410473,c2r,clutter,0.0,29,condition_video,,,,,,,,knn_k1,0.3674107491970062
stage0_contrastive_bs8_fn4_001,base,c2r/clutter/beat_block_hammer/seed_36693999/progress_000,beat_block_hammer,seed_36693999,c2r,clutter,0.0,29,condition_video,,,,,,,,knn_k1,0.3897777795791626
stage0_contrastive_bs8_fn4_001,base,c2r/clutter/press_stapler/seed_880007787/progress_000,press_stapler,seed_880007787,c2r,clutter,0.0,29,condition_video,,,,,,,,knn_k1,0.3631649613380432
stage0_contrastive_bs8_fn4_001,base,c2r/clutter/click_bell/seed_539095014/progress_000,click_bell,seed_539095014,c2r,clutter,0.0,29,condition_video,,,,,,,,knn_k1,0.34310638904571533
stage0_contrastive_bs8_fn4_001,base,c2r/clutter/move_playingcard_away/seed_385288247/progress_000,move_playingcard_away,seed_385288247,c2r,clutter,0.0,29,condition_video,,,,,,,,knn_k1,0.38195130228996277
stage0_contrastive_bs8_fn4_001,base,c2r/clutter/open_laptop/seed_260421436/progress_000,open_laptop,seed_260421436,c2r,clutter,0.0,29,condition_video,,,,,,,,knn_k1,0.37892985343933105
stage0_contrastive_bs8_fn4_001,base,c2r/clutter/move_can_pot/seed_445842829/progress_000,move_can_pot,seed_445842829,c2r,clutter,0.0,29,condition_video,,,,,,,,knn_k1,0.3667106032371521
stage0_contrastive_bs8_fn4_001,base,c2r/clutter/stack_bowls_two/seed_408127787/progress_000,stack_bowls_two,seed_408127787,c2r,clutter,0.0,29,condition_video,,,,,,,,knn_k1,0.3973630666732788
stage0_contrastive_bs8_fn4_001,base,c2r/clutter/place_a2b_right/seed_298826397/progress_000,place_a2b_right,seed_298826397,c2r,clutter,0.0,29,condition_video,,,,,,,,knn_k1,0.39229723811149597
stage0_contrastive_bs8_fn4_001,base,c2r/clutter/stamp_seal/seed_748150648/progress_000,stamp_seal,seed_748150648,c2r,clutter,0.0,29,condition_video,,,,,,,,knn_k1,0.3782150447368622
stage0_contrastive_bs8_fn4_001,base,c2r/clutter/place_object_basket/seed_455727417/progress_000,place_object_basket,seed_455727417,c2r,clutter,0.0,29,condition_video,,,,,,,,knn_k1,0.39672696590423584
stage0_contrastive_bs8_fn4_001,base,c2r/clutter/handover_mic/seed_27533572/progress_000,handover_mic,seed_27533572,c2r,clutter,0.0,29,condition_video,,,,,,,,knn_k1,0.3944675922393799
stage0_contrastive_bs8_fn4_001,base,c2r/clutter/place_bread_skillet/seed_470829968/progress_000,place_bread_skillet,seed_470829968,c2r,clutter,0.0,29,condition_video,,,,,,,,knn_k1,0.3920060098171234
stage0_contrastive_bs8_fn4_001,base,c2r/clutter/stack_blocks_two/seed_193292576/progress_000,stack_blocks_two,seed_193292576,c2r,clutter,0.0,29,condition_video,,,,,,,,knn_k1,0.41061341762542725
stage0_contrastive_bs8_fn4_001,base,c2r/clutter/place_cans_plasticbox/seed_552905247/progress_000,place_cans_plasticbox,seed_552905247,c2r,clutter,0.0,29,condition_video,,,,,,,,knn_k1,0.4238342344760895
stage0_contrastive_bs8_fn4_001,base,c2r/clutter/click_alarmclock/seed_257639388/progress_000,click_alarmclock,seed_257639388,c2r,clutter,0.0,29,condition_video,,,,,,,,knn_k1,0.32550084590911865
stage0_contrastive_bs8_fn4_001,base,c2r/clutter/blocks_ranking_size/seed_676842534/progress_000,blocks_ranking_size,seed_676842534,c2r,clutter,0.0,29,condition_video,,,,,,,,knn_k1,0.42277970910072327
stage0_contrastive_bs8_fn4_001,base,c2r/clutter/place_phone_stand/seed_560963078/progress_000,place_phone_stand,seed_560963078,c2r,clutter,0.0,29,condition_video,,,,,,,,knn_k1,0.3683159351348877
stage0_contrastive_bs8_fn4_001,base,c2r/clutter/place_can_basket/seed_578149817/progress_000,place_can_basket,seed_578149817,c2r,clutter,0.0,29,condition_video,,,,,,,,knn_k1,0.3848424553871155
stage0_contrastive_bs8_fn4_001,base,c2r/clutter/place_object_scale/seed_142945748/progress_000,place_object_scale,seed_142945748,c2r,clutter,0.0,29,condition_video,,,,,,,,knn_k1,0.3857923746109009
stage0_contrastive_bs8_fn4_001,base,c2r/clutter/place_a2b_left/seed_712001400/progress_000,place_a2b_left,seed_712001400,c2r,clutter,0.0,29,condition_video,,,,,,,,knn_k1,0.38057032227516174
stage0_contrastive_bs8_fn4_001,base,c2r/clutter/grab_roller/seed_489372951/progress_000,grab_roller,seed_489372951,c2r,clutter,0.0,29,condition_video,,,,,,,,knn_k1,0.38224828243255615
stage0_contrastive_bs8_fn4_001,base,c2r/clutter/place_dual_shoes/seed_486785621/progress_000,place_dual_shoes,seed_486785621,c2r,clutter,0.0,29,condition_video,,,,,,,,knn_k1,0.3932431936264038
stage0_contrastive_bs8_fn4_001,base,c2r/clutter/place_empty_cup/seed_270996463/progress_000,place_empty_cup,seed_270996463,c2r,clutter,0.0,29,condition_video,,,,,,,,knn_k1,0.38036489486694336
stage0_contrastive_bs8_fn4_001,base,c2r/clutter/blocks_ranking_rgb/seed_350545820/progress_000,blocks_ranking_rgb,seed_350545820,c2r,clutter,0.0,29,condition_video,,,,,,,,knn_k1,0.42334312200546265
stage0_contrastive_bs8_fn4_001,base,aggregate,all,all,c2r,clutter,,29,condition_video,,,,,,,,knn_k1_mean,0.38598650336265566
stage0_contrastive_bs8_fn4_001,base,aggregate,all,group_split,c2r,clutter,,29,condition_video,,,,,,,,domain_balanced_accuracy,0.5
stage0_contrastive_bs8_fn4_001,base,aggregate,all,group_split,c2r,clutter,,29,condition_video,,,,,,,,domain_auroc,1.0
stage0_contrastive_bs8_fn4_001,base,c2r/height/stack_bowls_three/seed_777107145/progress_000,stack_bowls_three,seed_777107145,c2r,height,0.0,29,condition_video,,,,,,,,knn_k1,0.3944299817085266
stage0_contrastive_bs8_fn4_001,base,c2r/height/handover_block/seed_153931416/progress_000,handover_block,seed_153931416,c2r,height,0.0,29,condition_video,,,,,,,,knn_k1,0.4038318693637848
stage0_contrastive_bs8_fn4_001,base,c2r/height/hanging_mug/seed_797626889/progress_000,hanging_mug,seed_797626889,c2r,height,0.0,29,condition_video,,,,,,,,knn_k1,0.4142404794692993
stage0_contrastive_bs8_fn4_001,base,c2r/height/scan_object/seed_86820161/progress_000,scan_object,seed_86820161,c2r,height,0.0,29,condition_video,,,,,,,,knn_k1,0.41058313846588135
stage0_contrastive_bs8_fn4_001,base,c2r/height/lift_pot/seed_358880989/progress_000,lift_pot,seed_358880989,c2r,height,0.0,29,condition_video,,,,,,,,knn_k1,0.37645941972732544
stage0_contrastive_bs8_fn4_001,base,c2r/height/put_object_cabinet/seed_579804476/progress_000,put_object_cabinet,seed_579804476,c2r,height,0.0,29,condition_video,,,,,,,,knn_k1,0.36499518156051636
stage0_contrastive_bs8_fn4_001,base,c2r/height/stack_blocks_three/seed_510834284/progress_000,stack_blocks_three,seed_510834284,c2r,height,0.0,29,condition_video,,,,,,,,knn_k1,0.42166823148727417
stage0_contrastive_bs8_fn4_001,base,c2r/height/place_shoe/seed_547565528/progress_000,place_shoe,seed_547565528,c2r,height,0.0,29,condition_video,,,,,,,,knn_k1,0.37735044956207275
stage0_contrastive_bs8_fn4_001,base,c2r/height/adjust_bottle/seed_455908385/progress_000,adjust_bottle,seed_455908385,c2r,height,0.0,29,condition_video,,,,,,,,knn_k1,0.3793640434741974
stage0_contrastive_bs8_fn4_001,base,c2r/height/place_mouse_pad/seed_747588073/progress_000,place_mouse_pad,seed_747588073,c2r,height,0.0,29,condition_video,,,,,,,,knn_k1,0.3742680251598358
stage0_contrastive_bs8_fn4_001,base,c2r/height/dump_bin_bigbin/seed_609125485/progress_000,dump_bin_bigbin,seed_609125485,c2r,height,0.0,29,condition_video,,,,,,,,knn_k1,0.36703699827194214
stage0_contrastive_bs8_fn4_001,base,c2r/height/move_pillbottle_pad/seed_454258712/progress_000,move_pillbottle_pad,seed_454258712,c2r,height,0.0,29,condition_video,,,,,,,,knn_k1,0.3848368227481842
stage0_contrastive_bs8_fn4_001,base,c2r/height/pick_dual_bottles/seed_625462229/progress_000,pick_dual_bottles,seed_625462229,c2r,height,0.0,29,condition_video,,,,,,,,knn_k1,0.39617839455604553
stage0_contrastive_bs8_fn4_001,base,c2r/height/shake_bottle/seed_11397417/progress_000,shake_bottle,seed_11397417,c2r,height,0.0,29,condition_video,,,,,,,,knn_k1,0.3939968943595886
stage0_contrastive_bs8_fn4_001,base,c2r/height/place_fan/seed_562359323/progress_000,place_fan,seed_562359323,c2r,height,0.0,29,condition_video,,,,,,,,knn_k1,0.37638282775878906
stage0_contrastive_bs8_fn4_001,base,c2r/height/turn_switch/seed_388598700/progress_000,turn_switch,seed_388598700,c2r,height,0.0,29,condition_video,,,,,,,,knn_k1,0.3620355725288391
stage0_contrastive_bs8_fn4_001,base,c2r/height/shake_bottle_horizontally/seed_506817488/progress_000,shake_bottle_horizontally,seed_506817488,c2r,height,0.0,29,condition_video,,,,,,,,knn_k1,0.38889673352241516
stage0_contrastive_bs8_fn4_001,base,c2r/height/place_container_plate/seed_661154812/progress_000,place_container_plate,seed_661154812,c2r,height,0.0,29,condition_video,,,,,,,,knn_k1,0.3708024322986603
stage0_contrastive_bs8_fn4_001,base,c2r/height/rotate_qrcode/seed_391550427/progress_000,rotate_qrcode,seed_391550427,c2r,height,0.0,29,condition_video,,,,,,,,knn_k1,0.37534841895103455
stage0_contrastive_bs8_fn4_001,base,c2r/height/place_object_stand/seed_520492387/progress_000,place_object_stand,seed_520492387,c2r,height,0.0,29,condition_video,,,,,,,,knn_k1,0.35778331756591797
stage0_contrastive_bs8_fn4_001,base,c2r/height/put_bottles_dustbin/seed_833796020/progress_000,put_bottles_dustbin,seed_833796020,c2r,height,0.0,29,condition_video,,,,,,,,knn_k1,0.3961644768714905
stage0_contrastive_bs8_fn4_001,base,c2r/height/move_stapler_pad/seed_626979943/progress_000,move_stapler_pad,seed_626979943,c2r,height,0.0,29,condition_video,,,,,,,,knn_k1,0.3927854597568512
stage0_contrastive_bs8_fn4_001,base,c2r/height/place_burger_fries/seed_44486756/progress_000,place_burger_fries,seed_44486756,c2r,height,0.0,29,condition_video,,,,,,,,knn_k1,0.40201276540756226
stage0_contrastive_bs8_fn4_001,base,c2r/height/place_bread_basket/seed_769514620/progress_000,place_bread_basket,seed_769514620,c2r,height,0.0,29,condition_video,,,,,,,,knn_k1,0.4105544090270996
stage0_contrastive_bs8_fn4_001,base,c2r/height/pick_diverse_bottles/seed_202104734/progress_000,pick_diverse_bottles,seed_202104734,c2r,height,0.0,29,condition_video,,,,,,,,knn_k1,0.39281049370765686
stage0_contrastive_bs8_fn4_001,base,c2r/height/open_microwave/seed_670586037/progress_000,open_microwave,seed_670586037,c2r,height,0.0,29,condition_video,,,,,,,,knn_k1,0.366892009973526
stage0_contrastive_bs8_fn4_001,base,c2r/height/beat_block_hammer/seed_146228030/progress_000,beat_block_hammer,seed_146228030,c2r,height,0.0,29,condition_video,,,,,,,,knn_k1,0.3870530128479004
stage0_contrastive_bs8_fn4_001,base,c2r/height/press_stapler/seed_623879527/progress_000,press_stapler,seed_623879527,c2r,height,0.0,29,condition_video,,,,,,,,knn_k1,0.36465370655059814
stage0_contrastive_bs8_fn4_001,base,c2r/height/click_bell/seed_576942388/progress_000,click_bell,seed_576942388,c2r,height,0.0,29,condition_video,,,,,,,,knn_k1,0.34374356269836426
stage0_contrastive_bs8_fn4_001,base,c2r/height/move_playingcard_away/seed_468245999/progress_000,move_playingcard_away,seed_468245999,c2r,height,0.0,29,condition_video,,,,,,,,knn_k1,0.38142552971839905
stage0_contrastive_bs8_fn4_001,base,c2r/height/open_laptop/seed_273582622/progress_000,open_laptop,seed_273582622,c2r,height,0.0,29,condition_video,,,,,,,,knn_k1,0.37890979647636414
stage0_contrastive_bs8_fn4_001,base,c2r/height/move_can_pot/seed_285658487/progress_000,move_can_pot,seed_285658487,c2r,height,0.0,29,condition_video,,,,,,,,knn_k1,0.3682422935962677
stage0_contrastive_bs8_fn4_001,base,c2r/height/stack_bowls_two/seed_116018094/progress_000,stack_bowls_two,seed_116018094,c2r,height,0.0,29,condition_video,,,,,,,,knn_k1,0.40030452609062195
stage0_contrastive_bs8_fn4_001,base,c2r/height/place_a2b_right/seed_803724289/progress_000,place_a2b_right,seed_803724289,c2r,height,0.0,29,condition_video,,,,,,,,knn_k1,0.38226670026779175
stage0_contrastive_bs8_fn4_001,base,c2r/height/stamp_seal/seed_391510540/progress_000,stamp_seal,seed_391510540,c2r,height,0.0,29,condition_video,,,,,,,,knn_k1,0.37710243463516235
stage0_contrastive_bs8_fn4_001,base,c2r/height/place_object_basket/seed_760526045/progress_000,place_object_basket,seed_760526045,c2r,height,0.0,29,condition_video,,,,,,,,knn_k1,0.39027780294418335
stage0_contrastive_bs8_fn4_001,base,c2r/height/handover_mic/seed_537376167/progress_000,handover_mic,seed_537376167,c2r,height,0.0,29,condition_video,,,,,,,,knn_k1,0.3921251595020294
stage0_contrastive_bs8_fn4_001,base,c2r/height/place_bread_skillet/seed_394408374/progress_000,place_bread_skillet,seed_394408374,c2r,height,0.0,29,condition_video,,,,,,,,knn_k1,0.3895791471004486
stage0_contrastive_bs8_fn4_001,base,c2r/height/stack_blocks_two/seed_639631926/progress_000,stack_blocks_two,seed_639631926,c2r,height,0.0,29,condition_video,,,,,,,,knn_k1,0.4063856601715088
stage0_contrastive_bs8_fn4_001,base,c2r/height/place_cans_plasticbox/seed_514553626/progress_000,place_cans_plasticbox,seed_514553626,c2r,height,0.0,29,condition_video,,,,,,,,knn_k1,0.4185347557067871
stage0_contrastive_bs8_fn4_001,base,c2r/height/click_alarmclock/seed_789543505/progress_000,click_alarmclock,seed_789543505,c2r,height,0.0,29,condition_video,,,,,,,,knn_k1,0.3243406116962433
stage0_contrastive_bs8_fn4_001,base,c2r/height/blocks_ranking_size/seed_3661514/progress_000,blocks_ranking_size,seed_3661514,c2r,height,0.0,29,condition_video,,,,,,,,knn_k1,0.417720228433609
stage0_contrastive_bs8_fn4_001,base,c2r/height/place_phone_stand/seed_39116909/progress_000,place_phone_stand,seed_39116909,c2r,height,0.0,29,condition_video,,,,,,,,knn_k1,0.3620952069759369
stage0_contrastive_bs8_fn4_001,base,c2r/height/place_can_basket/seed_788353025/progress_000,place_can_basket,seed_788353025,c2r,height,0.0,29,condition_video,,,,,,,,knn_k1,0.3824184834957123
stage0_contrastive_bs8_fn4_001,base,c2r/height/place_object_scale/seed_603032508/progress_000,place_object_scale,seed_603032508,c2r,height,0.0,29,condition_video,,,,,,,,knn_k1,0.38697880506515503
stage0_contrastive_bs8_fn4_001,base,c2r/height/place_a2b_left/seed_240483131/progress_000,place_a2b_left,seed_240483131,c2r,height,0.0,29,condition_video,,,,,,,,knn_k1,0.3797611594200134
stage0_contrastive_bs8_fn4_001,base,c2r/height/grab_roller/seed_452075745/progress_000,grab_roller,seed_452075745,c2r,height,0.0,29,condition_video,,,,,,,,knn_k1,0.38317108154296875
stage0_contrastive_bs8_fn4_001,base,c2r/height/place_dual_shoes/seed_890676601/progress_000,place_dual_shoes,seed_890676601,c2r,height,0.0,29,condition_video,,,,,,,,knn_k1,0.3886118233203888
stage0_contrastive_bs8_fn4_001,base,c2r/height/place_empty_cup/seed_859277454/progress_000,place_empty_cup,seed_859277454,c2r,height,0.0,29,condition_video,,,,,,,,knn_k1,0.38051268458366394
stage0_contrastive_bs8_fn4_001,base,c2r/height/blocks_ranking_rgb/seed_114117740/progress_000,blocks_ranking_rgb,seed_114117740,c2r,height,0.0,29,condition_video,,,,,,,,knn_k1,0.4233422577381134
stage0_contrastive_bs8_fn4_001,base,aggregate,all,all,c2r,height,,29,condition_video,,,,,,,,knn_k1_mean,0.385225305557251
stage0_contrastive_bs8_fn4_001,base,aggregate,all,group_split,c2r,height,,29,condition_video,,,,,,,,domain_balanced_accuracy,0.5
stage0_contrastive_bs8_fn4_001,base,aggregate,all,group_split,c2r,height,,29,condition_video,,,,,,,,domain_auroc,1.0
stage0_contrastive_bs8_fn4_001,base,c2r/light/stack_bowls_three/seed_317869620/progress_000,stack_bowls_three,seed_317869620,c2r,light,0.0,29,condition_video,,,,,,,,knn_k1,0.42432668805122375
stage0_contrastive_bs8_fn4_001,base,c2r/light/handover_block/seed_879311662/progress_000,handover_block,seed_879311662,c2r,light,0.0,29,condition_video,,,,,,,,knn_k1,0.46867239475250244
stage0_contrastive_bs8_fn4_001,base,c2r/light/hanging_mug/seed_459299139/progress_000,hanging_mug,seed_459299139,c2r,light,0.0,29,condition_video,,,,,,,,knn_k1,0.4490146040916443
stage0_contrastive_bs8_fn4_001,base,c2r/light/scan_object/seed_289038431/progress_000,scan_object,seed_289038431,c2r,light,0.0,29,condition_video,,,,,,,,knn_k1,0.41917678713798523
stage0_contrastive_bs8_fn4_001,base,c2r/light/lift_pot/seed_185598812/progress_000,lift_pot,seed_185598812,c2r,light,0.0,29,condition_video,,,,,,,,knn_k1,0.3759748041629791
stage0_contrastive_bs8_fn4_001,base,c2r/light/put_object_cabinet/seed_644929938/progress_000,put_object_cabinet,seed_644929938,c2r,light,0.0,29,condition_video,,,,,,,,knn_k1,0.3968183398246765
stage0_contrastive_bs8_fn4_001,base,c2r/light/stack_blocks_three/seed_314814982/progress_000,stack_blocks_three,seed_314814982,c2r,light,0.0,29,condition_video,,,,,,,,knn_k1,0.4575064778327942
stage0_contrastive_bs8_fn4_001,base,c2r/light/place_shoe/seed_259707623/progress_000,place_shoe,seed_259707623,c2r,light,0.0,29,condition_video,,,,,,,,knn_k1,0.43416646122932434
stage0_contrastive_bs8_fn4_001,base,c2r/light/adjust_bottle/seed_218427993/progress_000,adjust_bottle,seed_218427993,c2r,light,0.0,29,condition_video,,,,,,,,knn_k1,0.4129226505756378
stage0_contrastive_bs8_fn4_001,base,c2r/light/place_mouse_pad/seed_866209002/progress_000,place_mouse_pad,seed_866209002,c2r,light,0.0,29,condition_video,,,,,,,,knn_k1,0.43784382939338684
stage0_contrastive_bs8_fn4_001,base,c2r/light/dump_bin_bigbin/seed_423840151/progress_000,dump_bin_bigbin,seed_423840151,c2r,light,0.0,29,condition_video,,,,,,,,knn_k1,0.42964428663253784
stage0_contrastive_bs8_fn4_001,base,c2r/light/move_pillbottle_pad/seed_635002489/progress_000,move_pillbottle_pad,seed_635002489,c2r,light,0.0,29,condition_video,,,,,,,,knn_k1,0.46138066053390503
stage0_contrastive_bs8_fn4_001,base,c2r/light/pick_dual_bottles/seed_7690756/progress_000,pick_dual_bottles,seed_7690756,c2r,light,0.0,29,condition_video,,,,,,,,knn_k1,0.4074850082397461
stage0_contrastive_bs8_fn4_001,base,c2r/light/shake_bottle/seed_716268860/progress_000,shake_bottle,seed_716268860,c2r,light,0.0,29,condition_video,,,,,,,,knn_k1,0.45302441716194153
stage0_contrastive_bs8_fn4_001,base,c2r/light/place_fan/seed_519267369/progress_000,place_fan,seed_519267369,c2r,light,0.0,29,condition_video,,,,,,,,knn_k1,0.42611634731292725
stage0_contrastive_bs8_fn4_001,base,c2r/light/turn_switch/seed_493838736/progress_000,turn_switch,seed_493838736,c2r,light,0.0,29,condition_video,,,,,,,,knn_k1,0.46545693278312683
stage0_contrastive_bs8_fn4_001,base,c2r/light/shake_bottle_horizontally/seed_497389386/progress_000,shake_bottle_horizontally,seed_497389386,c2r,light,0.0,29,condition_video,,,,,,,,knn_k1,0.4362073838710785
stage0_contrastive_bs8_fn4_001,base,c2r/light/place_container_plate/seed_252210122/progress_000,place_container_plate,seed_252210122,c2r,light,0.0,29,condition_video,,,,,,,,knn_k1,0.4599951505661011
stage0_contrastive_bs8_fn4_001,base,c2r/light/rotate_qrcode/seed_24255504/progress_000,rotate_qrcode,seed_24255504,c2r,light,0.0,29,condition_video,,,,,,,,knn_k1,0.46940183639526367
stage0_contrastive_bs8_fn4_001,base,c2r/light/place_object_stand/seed_603755546/progress_000,place_object_stand,seed_603755546,c2r,light,0.0,29,condition_video,,,,,,,,knn_k1,0.3736638128757477
stage0_contrastive_bs8_fn4_001,base,c2r/light/put_bottles_dustbin/seed_473207494/progress_000,put_bottles_dustbin,seed_473207494,c2r,light,0.0,29,condition_video,,,,,,,,knn_k1,0.4350839853286743
stage0_contrastive_bs8_fn4_001,base,c2r/light/move_stapler_pad/seed_724544048/progress_000,move_stapler_pad,seed_724544048,c2r,light,0.0,29,condition_video,,,,,,,,knn_k1,0.511218249797821
stage0_contrastive_bs8_fn4_001,base,c2r/light/place_burger_fries/seed_764956105/progress_000,place_burger_fries,seed_764956105,c2r,light,0.0,29,condition_video,,,,,,,,knn_k1,0.4370761811733246
stage0_contrastive_bs8_fn4_001,base,c2r/light/place_bread_basket/seed_548994270/progress_000,place_bread_basket,seed_548994270,c2r,light,0.0,29,condition_video,,,,,,,,knn_k1,0.42705297470092773
stage0_contrastive_bs8_fn4_001,base,c2r/light/pick_diverse_bottles/seed_469296516/progress_000,pick_diverse_bottles,seed_469296516,c2r,light,0.0,29,condition_video,,,,,,,,knn_k1,0.43023356795310974
stage0_contrastive_bs8_fn4_001,base,c2r/light/open_microwave/seed_126026794/progress_000,open_microwave,seed_126026794,c2r,light,0.0,29,condition_video,,,,,,,,knn_k1,0.44262203574180603
stage0_contrastive_bs8_fn4_001,base,c2r/light/beat_block_hammer/seed_190785939/progress_000,beat_block_hammer,seed_190785939,c2r,light,0.0,29,condition_video,,,,,,,,knn_k1,0.45741456747055054
stage0_contrastive_bs8_fn4_001,base,c2r/light/press_stapler/seed_645584852/progress_000,press_stapler,seed_645584852,c2r,light,0.0,29,condition_video,,,,,,,,knn_k1,0.4243655502796173
stage0_contrastive_bs8_fn4_001,base,c2r/light/click_bell/seed_611142223/progress_000,click_bell,seed_611142223,c2r,light,0.0,29,condition_video,,,,,,,,knn_k1,0.38776203989982605
stage0_contrastive_bs8_fn4_001,base,c2r/light/move_playingcard_away/seed_698951458/progress_000,move_playingcard_away,seed_698951458,c2r,light,0.0,29,condition_video,,,,,,,,knn_k1,0.39265552163124084
stage0_contrastive_bs8_fn4_001,base,c2r/light/open_laptop/seed_627389206/progress_000,open_laptop,seed_627389206,c2r,light,0.0,29,condition_video,,,,,,,,knn_k1,0.3925362527370453
stage0_contrastive_bs8_fn4_001,base,c2r/light/move_can_pot/seed_248023816/progress_000,move_can_pot,seed_248023816,c2r,light,0.0,29,condition_video,,,,,,,,knn_k1,0.42124029994010925
stage0_contrastive_bs8_fn4_001,base,c2r/light/stack_bowls_two/seed_656246828/progress_000,stack_bowls_two,seed_656246828,c2r,light,0.0,29,condition_video,,,,,,,,knn_k1,0.4487330913543701
stage0_contrastive_bs8_fn4_001,base,c2r/light/place_a2b_right/seed_803416018/progress_000,place_a2b_right,seed_803416018,c2r,light,0.0,29,condition_video,,,,,,,,knn_k1,0.411224901676178
stage0_contrastive_bs8_fn4_001,base,c2r/light/stamp_seal/seed_203079918/progress_000,stamp_seal,seed_203079918,c2r,light,0.0,29,condition_video,,,,,,,,knn_k1,0.41149207949638367
stage0_contrastive_bs8_fn4_001,base,c2r/light/place_object_basket/seed_241125908/progress_000,place_object_basket,seed_241125908,c2r,light,0.0,29,condition_video,,,,,,,,knn_k1,0.4703446328639984
stage0_contrastive_bs8_fn4_001,base,c2r/light/handover_mic/seed_283323218/progress_000,handover_mic,seed_283323218,c2r,light,0.0,29,condition_video,,,,,,,,knn_k1,0.4907641112804413
stage0_contrastive_bs8_fn4_001,base,c2r/light/place_bread_skillet/seed_156686976/progress_000,place_bread_skillet,seed_156686976,c2r,light,0.0,29,condition_video,,,,,,,,knn_k1,0.41048967838287354
stage0_contrastive_bs8_fn4_001,base,c2r/light/stack_blocks_two/seed_803532712/progress_000,stack_blocks_two,seed_803532712,c2r,light,0.0,29,condition_video,,,,,,,,knn_k1,0.4878697395324707
stage0_contrastive_bs8_fn4_001,base,c2r/light/place_cans_plasticbox/seed_577981354/progress_000,place_cans_plasticbox,seed_577981354,c2r,light,0.0,29,condition_video,,,,,,,,knn_k1,0.45170921087265015
stage0_contrastive_bs8_fn4_001,base,c2r/light/click_alarmclock/seed_762866989/progress_000,click_alarmclock,seed_762866989,c2r,light,0.0,29,condition_video,,,,,,,,knn_k1,0.33212777972221375
stage0_contrastive_bs8_fn4_001,base,c2r/light/blocks_ranking_size/seed_505985753/progress_000,blocks_ranking_size,seed_505985753,c2r,light,0.0,29,condition_video,,,,,,,,knn_k1,0.48192283511161804
stage0_contrastive_bs8_fn4_001,base,c2r/light/place_phone_stand/seed_624751721/progress_000,place_phone_stand,seed_624751721,c2r,light,0.0,29,condition_video,,,,,,,,knn_k1,0.43118828535079956
stage0_contrastive_bs8_fn4_001,base,c2r/light/place_can_basket/seed_542145302/progress_000,place_can_basket,seed_542145302,c2r,light,0.0,29,condition_video,,,,,,,,knn_k1,0.39978766441345215
stage0_contrastive_bs8_fn4_001,base,c2r/light/place_object_scale/seed_722575534/progress_000,place_object_scale,seed_722575534,c2r,light,0.0,29,condition_video,,,,,,,,knn_k1,0.4269632399082184
stage0_contrastive_bs8_fn4_001,base,c2r/light/place_a2b_left/seed_663079132/progress_000,place_a2b_left,seed_663079132,c2r,light,0.0,29,condition_video,,,,,,,,knn_k1,0.3981683850288391
stage0_contrastive_bs8_fn4_001,base,c2r/light/grab_roller/seed_482689013/progress_000,grab_roller,seed_482689013,c2r,light,0.0,29,condition_video,,,,,,,,knn_k1,0.46226757764816284
stage0_contrastive_bs8_fn4_001,base,c2r/light/place_dual_shoes/seed_319436374/progress_000,place_dual_shoes,seed_319436374,c2r,light,0.0,29,condition_video,,,,,,,,knn_k1,0.384175568819046
stage0_contrastive_bs8_fn4_001,base,c2r/light/place_empty_cup/seed_606914953/progress_000,place_empty_cup,seed_606914953,c2r,light,0.0,29,condition_video,,,,,,,,knn_k1,0.4101782441139221
stage0_contrastive_bs8_fn4_001,base,c2r/light/blocks_ranking_rgb/seed_339352330/progress_000,blocks_ranking_rgb,seed_339352330,c2r,light,0.0,29,condition_video,,,,,,,,knn_k1,0.4605199694633484
stage0_contrastive_bs8_fn4_001,base,aggregate,all,all,c2r,light,,29,condition_video,,,,,,,,knn_k1_mean,0.4317597419023514
stage0_contrastive_bs8_fn4_001,base,aggregate,all,group_split,c2r,light,,29,condition_video,,,,,,,,domain_balanced_accuracy,0.5
stage0_contrastive_bs8_fn4_001,base,aggregate,all,group_split,c2r,light,,29,condition_video,,,,,,,,domain_auroc,1.0
stage0_contrastive_bs8_fn4_001,clean,c2r/background/stack_bowls_three/seed_27804535/progress_000,stack_bowls_three,seed_27804535,c2r,background,0.0,0,condition_video,,,,,,,,knn_k1,0.3646047115325928
stage0_contrastive_bs8_fn4_001,clean,c2r/background/handover_block/seed_120650234/progress_000,handover_block,seed_120650234,c2r,background,0.0,0,condition_video,,,,,,,,knn_k1,0.37158599495887756
stage0_contrastive_bs8_fn4_001,clean,c2r/background/hanging_mug/seed_538778923/progress_000,hanging_mug,seed_538778923,c2r,background,0.0,0,condition_video,,,,,,,,knn_k1,0.34510281682014465
stage0_contrastive_bs8_fn4_001,clean,c2r/background/scan_object/seed_262761732/progress_000,scan_object,seed_262761732,c2r,background,0.0,0,condition_video,,,,,,,,knn_k1,0.29905495047569275
stage0_contrastive_bs8_fn4_001,clean,c2r/background/lift_pot/seed_710924868/progress_000,lift_pot,seed_710924868,c2r,background,0.0,0,condition_video,,,,,,,,knn_k1,0.2912842631340027
stage0_contrastive_bs8_fn4_001,clean,c2r/background/put_object_cabinet/seed_13370600/progress_000,put_object_cabinet,seed_13370600,c2r,background,0.0,0,condition_video,,,,,,,,knn_k1,0.2568104863166809
stage0_contrastive_bs8_fn4_001,clean,c2r/background/stack_blocks_three/seed_822087810/progress_000,stack_blocks_three,seed_822087810,c2r,background,0.0,0,condition_video,,,,,,,,knn_k1,0.4024796485900879
stage0_contrastive_bs8_fn4_001,clean,c2r/background/place_shoe/seed_676166693/progress_000,place_shoe,seed_676166693,c2r,background,0.0,0,condition_video,,,,,,,,knn_k1,0.3265308439731598
stage0_contrastive_bs8_fn4_001,clean,c2r/background/adjust_bottle/seed_863397555/progress_000,adjust_bottle,seed_863397555,c2r,background,0.0,0,condition_video,,,,,,,,knn_k1,0.330645889043808
stage0_contrastive_bs8_fn4_001,clean,c2r/background/place_mouse_pad/seed_457852611/progress_000,place_mouse_pad,seed_457852611,c2r,background,0.0,0,condition_video,,,,,,,,knn_k1,0.33945414423942566
stage0_contrastive_bs8_fn4_001,clean,c2r/background/dump_bin_bigbin/seed_773111305/progress_000,dump_bin_bigbin,seed_773111305,c2r,background,0.0,0,condition_video,,,,,,,,knn_k1,0.34960439801216125
stage0_contrastive_bs8_fn4_001,clean,c2r/background/move_pillbottle_pad/seed_568983342/progress_000,move_pillbottle_pad,seed_568983342,c2r,background,0.0,0,condition_video,,,,,,,,knn_k1,0.38155797123908997
stage0_contrastive_bs8_fn4_001,clean,c2r/background/pick_dual_bottles/seed_117166061/progress_000,pick_dual_bottles,seed_117166061,c2r,background,0.0,0,condition_video,,,,,,,,knn_k1,0.29515373706817627
stage0_contrastive_bs8_fn4_001,clean,c2r/background/shake_bottle/seed_331965946/progress_000,shake_bottle,seed_331965946,c2r,background,0.0,0,condition_video,,,,,,,,knn_k1,0.42645612359046936
stage0_contrastive_bs8_fn4_001,clean,c2r/background/place_fan/seed_543070044/progress_000,place_fan,seed_543070044,c2r,background,0.0,0,condition_video,,,,,,,,knn_k1,0.3642564117908478
stage0_contrastive_bs8_fn4_001,clean,c2r/background/turn_switch/seed_489873751/progress_000,turn_switch,seed_489873751,c2r,background,0.0,0,condition_video,,,,,,,,knn_k1,0.3413381576538086
stage0_contrastive_bs8_fn4_001,clean,c2r/background/shake_bottle_horizontally/seed_319358196/progress_000,shake_bottle_horizontally,seed_319358196,c2r,background,0.0,0,condition_video,,,,,,,,knn_k1,0.34513530135154724
stage0_contrastive_bs8_fn4_001,clean,c2r/background/place_container_plate/seed_14431598/progress_000,place_container_plate,seed_14431598,c2r,background,0.0,0,condition_video,,,,,,,,knn_k1,0.3526213467121124
stage0_contrastive_bs8_fn4_001,clean,c2r/background/rotate_qrcode/seed_372345110/progress_000,rotate_qrcode,seed_372345110,c2r,background,0.0,0,condition_video,,,,,,,,knn_k1,0.3199087977409363
stage0_contrastive_bs8_fn4_001,clean,c2r/background/place_object_stand/seed_715864988/progress_000,place_object_stand,seed_715864988,c2r,background,0.0,0,condition_video,,,,,,,,knn_k1,0.3057425022125244
stage0_contrastive_bs8_fn4_001,clean,c2r/background/put_bottles_dustbin/seed_455479075/progress_000,put_bottles_dustbin,seed_455479075,c2r,background,0.0,0,condition_video,,,,,,,,knn_k1,0.41122791171073914
stage0_contrastive_bs8_fn4_001,clean,c2r/background/move_stapler_pad/seed_453776751/progress_000,move_stapler_pad,seed_453776751,c2r,background,0.0,0,condition_video,,,,,,,,knn_k1,0.3738797903060913
stage0_contrastive_bs8_fn4_001,clean,c2r/background/place_burger_fries/seed_165469501/progress_000,place_burger_fries,seed_165469501,c2r,background,0.0,0,condition_video,,,,,,,,knn_k1,0.36651793122291565
stage0_contrastive_bs8_fn4_001,clean,c2r/background/place_bread_basket/seed_490234398/progress_000,place_bread_basket,seed_490234398,c2r,background,0.0,0,condition_video,,,,,,,,knn_k1,0.3338620066642761
stage0_contrastive_bs8_fn4_001,clean,c2r/background/pick_diverse_bottles/seed_886697844/progress_000,pick_diverse_bottles,seed_886697844,c2r,background,0.0,0,condition_video,,,,,,,,knn_k1,0.29439136385917664
stage0_contrastive_bs8_fn4_001,clean,c2r/background/open_microwave/seed_443701932/progress_000,open_microwave,seed_443701932,c2r,background,0.0,0,condition_video,,,,,,,,knn_k1,0.3162805736064911
stage0_contrastive_bs8_fn4_001,clean,c2r/background/beat_block_hammer/seed_797298394/progress_000,beat_block_hammer,seed_797298394,c2r,background,0.0,0,condition_video,,,,,,,,knn_k1,0.32592248916625977
stage0_contrastive_bs8_fn4_001,clean,c2r/background/press_stapler/seed_262831721/progress_000,press_stapler,seed_262831721,c2r,background,0.0,0,condition_video,,,,,,,,knn_k1,0.32495081424713135
stage0_contrastive_bs8_fn4_001,clean,c2r/background/click_bell/seed_748992159/progress_000,click_bell,seed_748992159,c2r,background,0.0,0,condition_video,,,,,,,,knn_k1,0.3470532298088074
stage0_contrastive_bs8_fn4_001,clean,c2r/background/move_playingcard_away/seed_114732817/progress_000,move_playingcard_away,seed_114732817,c2r,background,0.0,0,condition_video,,,,,,,,knn_k1,0.35629889369010925
stage0_contrastive_bs8_fn4_001,clean,c2r/background/open_laptop/seed_121410776/progress_000,open_laptop,seed_121410776,c2r,background,0.0,0,condition_video,,,,,,,,knn_k1,0.3652186393737793
stage0_contrastive_bs8_fn4_001,clean,c2r/background/move_can_pot/seed_600430797/progress_000,move_can_pot,seed_600430797,c2r,background,0.0,0,condition_video,,,,,,,,knn_k1,0.3732694387435913
stage0_contrastive_bs8_fn4_001,clean,c2r/background/stack_bowls_two/seed_444040936/progress_000,stack_bowls_two,seed_444040936,c2r,background,0.0,0,condition_video,,,,,,,,knn_k1,0.3659707009792328
stage0_contrastive_bs8_fn4_001,clean,c2r/background/place_a2b_right/seed_550624350/progress_000,place_a2b_right,seed_550624350,c2r,background,0.0,0,condition_video,,,,,,,,knn_k1,0.32935893535614014
stage0_contrastive_bs8_fn4_001,clean,c2r/background/stamp_seal/seed_373032052/progress_000,stamp_seal,seed_373032052,c2r,background,0.0,0,condition_video,,,,,,,,knn_k1,0.35053664445877075
stage0_contrastive_bs8_fn4_001,clean,c2r/background/place_object_basket/seed_13972055/progress_000,place_object_basket,seed_13972055,c2r,background,0.0,0,condition_video,,,,,,,,knn_k1,0.35996100306510925
stage0_contrastive_bs8_fn4_001,clean,c2r/background/handover_mic/seed_791372736/progress_000,handover_mic,seed_791372736,c2r,background,0.0,0,condition_video,,,,,,,,knn_k1,0.3150506913661957
stage0_contrastive_bs8_fn4_001,clean,c2r/background/place_bread_skillet/seed_682411729/progress_000,place_bread_skillet,seed_682411729,c2r,background,0.0,0,condition_video,,,,,,,,knn_k1,0.30949437618255615
stage0_contrastive_bs8_fn4_001,clean,c2r/background/stack_blocks_two/seed_325046254/progress_000,stack_blocks_two,seed_325046254,c2r,background,0.0,0,condition_video,,,,,,,,knn_k1,0.3886485993862152
stage0_contrastive_bs8_fn4_001,clean,c2r/background/place_cans_plasticbox/seed_851474539/progress_000,place_cans_plasticbox,seed_851474539,c2r,background,0.0,0,condition_video,,,,,,,,knn_k1,0.338920533657074
stage0_contrastive_bs8_fn4_001,clean,c2r/background/click_alarmclock/seed_597249174/progress_000,click_alarmclock,seed_597249174,c2r,background,0.0,0,condition_video,,,,,,,,knn_k1,0.2885020673274994
stage0_contrastive_bs8_fn4_001,clean,c2r/background/blocks_ranking_size/seed_483186537/progress_000,blocks_ranking_size,seed_483186537,c2r,background,0.0,0,condition_video,,,,,,,,knn_k1,0.4108509123325348
stage0_contrastive_bs8_fn4_001,clean,c2r/background/place_phone_stand/seed_844715882/progress_000,place_phone_stand,seed_844715882,c2r,background,0.0,0,condition_video,,,,,,,,knn_k1,0.30568596720695496
stage0_contrastive_bs8_fn4_001,clean,c2r/background/place_can_basket/seed_873890208/progress_000,place_can_basket,seed_873890208,c2r,background,0.0,0,condition_video,,,,,,,,knn_k1,0.35264748334884644
stage0_contrastive_bs8_fn4_001,clean,c2r/background/place_object_scale/seed_28989601/progress_000,place_object_scale,seed_28989601,c2r,background,0.0,0,condition_video,,,,,,,,knn_k1,0.35446441173553467
stage0_contrastive_bs8_fn4_001,clean,c2r/background/place_a2b_left/seed_494714106/progress_000,place_a2b_left,seed_494714106,c2r,background,0.0,0,condition_video,,,,,,,,knn_k1,0.3513479232788086
stage0_contrastive_bs8_fn4_001,clean,c2r/background/grab_roller/seed_274067892/progress_000,grab_roller,seed_274067892,c2r,background,0.0,0,condition_video,,,,,,,,knn_k1,0.2737952470779419
stage0_contrastive_bs8_fn4_001,clean,c2r/background/place_dual_shoes/seed_100946921/progress_000,place_dual_shoes,seed_100946921,c2r,background,0.0,0,condition_video,,,,,,,,knn_k1,0.27153512835502625
stage0_contrastive_bs8_fn4_001,clean,c2r/background/place_empty_cup/seed_66017520/progress_000,place_empty_cup,seed_66017520,c2r,background,0.0,0,condition_video,,,,,,,,knn_k1,0.38356754183769226
stage0_contrastive_bs8_fn4_001,clean,c2r/background/blocks_ranking_rgb/seed_392877897/progress_000,blocks_ranking_rgb,seed_392877897,c2r,background,0.0,0,condition_video,,,,,,,,knn_k1,0.40903112292289734
stage0_contrastive_bs8_fn4_001,clean,aggregate,all,all,c2r,background,,0,condition_video,,,,,,,,knn_k1_mean,0.3431514173746109
stage0_contrastive_bs8_fn4_001,clean,aggregate,all,group_split,c2r,background,,0,condition_video,,,,,,,,domain_balanced_accuracy,0.5
stage0_contrastive_bs8_fn4_001,clean,aggregate,all,group_split,c2r,background,,0,condition_video,,,,,,,,domain_auroc,1.0
stage0_contrastive_bs8_fn4_001,clean,c2r/clutter/stack_bowls_three/seed_761954913/progress_000,stack_bowls_three,seed_761954913,c2r,clutter,0.0,0,condition_video,,,,,,,,knn_k1,0.368923157453537
stage0_contrastive_bs8_fn4_001,clean,c2r/clutter/handover_block/seed_624737248/progress_000,handover_block,seed_624737248,c2r,clutter,0.0,0,condition_video,,,,,,,,knn_k1,0.3723248243331909
stage0_contrastive_bs8_fn4_001,clean,c2r/clutter/hanging_mug/seed_853936167/progress_000,hanging_mug,seed_853936167,c2r,clutter,0.0,0,condition_video,,,,,,,,knn_k1,0.34968334436416626
stage0_contrastive_bs8_fn4_001,clean,c2r/clutter/scan_object/seed_200154928/progress_000,scan_object,seed_200154928,c2r,clutter,0.0,0,condition_video,,,,,,,,knn_k1,0.2984062135219574
stage0_contrastive_bs8_fn4_001,clean,c2r/clutter/lift_pot/seed_36841133/progress_000,lift_pot,seed_36841133,c2r,clutter,0.0,0,condition_video,,,,,,,,knn_k1,0.29142093658447266
stage0_contrastive_bs8_fn4_001,clean,c2r/clutter/put_object_cabinet/seed_213141741/progress_000,put_object_cabinet,seed_213141741,c2r,clutter,0.0,0,condition_video,,,,,,,,knn_k1,0.25697386264801025
stage0_contrastive_bs8_fn4_001,clean,c2r/clutter/stack_blocks_three/seed_885782772/progress_000,stack_blocks_three,seed_885782772,c2r,clutter,0.0,0,condition_video,,,,,,,,knn_k1,0.4005979895591736
stage0_contrastive_bs8_fn4_001,clean,c2r/clutter/place_shoe/seed_148930251/progress_000,place_shoe,seed_148930251,c2r,clutter,0.0,0,condition_video,,,,,,,,knn_k1,0.33001232147216797
stage0_contrastive_bs8_fn4_001,clean,c2r/clutter/adjust_bottle/seed_487447292/progress_000,adjust_bottle,seed_487447292,c2r,clutter,0.0,0,condition_video,,,,,,,,knn_k1,0.32932785153388977
stage0_contrastive_bs8_fn4_001,clean,c2r/clutter/place_mouse_pad/seed_782913939/progress_000,place_mouse_pad,seed_782913939,c2r,clutter,0.0,0,condition_video,,,,,,,,knn_k1,0.33825379610061646
stage0_contrastive_bs8_fn4_001,clean,c2r/clutter/dump_bin_bigbin/seed_48286788/progress_000,dump_bin_bigbin,seed_48286788,c2r,clutter,0.0,0,condition_video,,,,,,,,knn_k1,0.3491767942905426
stage0_contrastive_bs8_fn4_001,clean,c2r/clutter/move_pillbottle_pad/seed_170572259/progress_000,move_pillbottle_pad,seed_170572259,c2r,clutter,0.0,0,condition_video,,,,,,,,knn_k1,0.3808797597885132
stage0_contrastive_bs8_fn4_001,clean,c2r/clutter/pick_dual_bottles/seed_4182488/progress_000,pick_dual_bottles,seed_4182488,c2r,clutter,0.0,0,condition_video,,,,,,,,knn_k1,0.29278457164764404
stage0_contrastive_bs8_fn4_001,clean,c2r/clutter/shake_bottle/seed_509663030/progress_000,shake_bottle,seed_509663030,c2r,clutter,0.0,0,condition_video,,,,,,,,knn_k1,0.42162197828292847
stage0_contrastive_bs8_fn4_001,clean,c2r/clutter/place_fan/seed_847307321/progress_000,place_fan,seed_847307321,c2r,clutter,0.0,0,condition_video,,,,,,,,knn_k1,0.3624238073825836
stage0_contrastive_bs8_fn4_001,clean,c2r/clutter/turn_switch/seed_106540409/progress_000,turn_switch,seed_106540409,c2r,clutter,0.0,0,condition_video,,,,,,,,knn_k1,0.34938785433769226
stage0_contrastive_bs8_fn4_001,clean,c2r/clutter/shake_bottle_horizontally/seed_491429438/progress_000,shake_bottle_horizontally,seed_491429438,c2r,clutter,0.0,0,condition_video,,,,,,,,knn_k1,0.34190261363983154
stage0_contrastive_bs8_fn4_001,clean,c2r/clutter/place_container_plate/seed_594486020/progress_000,place_container_plate,seed_594486020,c2r,clutter,0.0,0,condition_video,,,,,,,,knn_k1,0.35755008459091187
stage0_contrastive_bs8_fn4_001,clean,c2r/clutter/rotate_qrcode/seed_362674036/progress_000,rotate_qrcode,seed_362674036,c2r,clutter,0.0,0,condition_video,,,,,,,,knn_k1,0.32381126284599304
stage0_contrastive_bs8_fn4_001,clean,c2r/clutter/place_object_stand/seed_162697052/progress_000,place_object_stand,seed_162697052,c2r,clutter,0.0,0,condition_video,,,,,,,,knn_k1,0.3070088028907776
stage0_contrastive_bs8_fn4_001,clean,c2r/clutter/put_bottles_dustbin/seed_148690198/progress_000,put_bottles_dustbin,seed_148690198,c2r,clutter,0.0,0,condition_video,,,,,,,,knn_k1,0.4017806649208069
stage0_contrastive_bs8_fn4_001,clean,c2r/clutter/move_stapler_pad/seed_744409618/progress_000,move_stapler_pad,seed_744409618,c2r,clutter,0.0,0,condition_video,,,,,,,,knn_k1,0.37121695280075073
stage0_contrastive_bs8_fn4_001,clean,c2r/clutter/place_burger_fries/seed_303636962/progress_000,place_burger_fries,seed_303636962,c2r,clutter,0.0,0,condition_video,,,,,,,,knn_k1,0.36696332693099976
stage0_contrastive_bs8_fn4_001,clean,c2r/clutter/place_bread_basket/seed_105344671/progress_000,place_bread_basket,seed_105344671,c2r,clutter,0.0,0,condition_video,,,,,,,,knn_k1,0.32945185899734497
stage0_contrastive_bs8_fn4_001,clean,c2r/clutter/pick_diverse_bottles/seed_21321356/progress_000,pick_diverse_bottles,seed_21321356,c2r,clutter,0.0,0,condition_video,,,,,,,,knn_k1,0.29870253801345825
stage0_contrastive_bs8_fn4_001,clean,c2r/clutter/open_microwave/seed_136410473/progress_000,open_microwave,seed_136410473,c2r,clutter,0.0,0,condition_video,,,,,,,,knn_k1,0.319205105304718
stage0_contrastive_bs8_fn4_001,clean,c2r/clutter/beat_block_hammer/seed_36693999/progress_000,beat_block_hammer,seed_36693999,c2r,clutter,0.0,0,condition_video,,,,,,,,knn_k1,0.3260224759578705
stage0_contrastive_bs8_fn4_001,clean,c2r/clutter/press_stapler/seed_880007787/progress_000,press_stapler,seed_880007787,c2r,clutter,0.0,0,condition_video,,,,,,,,knn_k1,0.32548168301582336
stage0_contrastive_bs8_fn4_001,clean,c2r/clutter/click_bell/seed_539095014/progress_000,click_bell,seed_539095014,c2r,clutter,0.0,0,condition_video,,,,,,,,knn_k1,0.3463462293148041
stage0_contrastive_bs8_fn4_001,clean,c2r/clutter/move_playingcard_away/seed_385288247/progress_000,move_playingcard_away,seed_385288247,c2r,clutter,0.0,0,condition_video,,,,,,,,knn_k1,0.3534472584724426
stage0_contrastive_bs8_fn4_001,clean,c2r/clutter/open_laptop/seed_260421436/progress_000,open_laptop,seed_260421436,c2r,clutter,0.0,0,condition_video,,,,,,,,knn_k1,0.3719848096370697
stage0_contrastive_bs8_fn4_001,clean,c2r/clutter/move_can_pot/seed_445842829/progress_000,move_can_pot,seed_445842829,c2r,clutter,0.0,0,condition_video,,,,,,,,knn_k1,0.3664607107639313
stage0_contrastive_bs8_fn4_001,clean,c2r/clutter/stack_bowls_two/seed_408127787/progress_000,stack_bowls_two,seed_408127787,c2r,clutter,0.0,0,condition_video,,,,,,,,knn_k1,0.35656315088272095
stage0_contrastive_bs8_fn4_001,clean,c2r/clutter/place_a2b_right/seed_298826397/progress_000,place_a2b_right,seed_298826397,c2r,clutter,0.0,0,condition_video,,,,,,,,knn_k1,0.3297479450702667
stage0_contrastive_bs8_fn4_001,clean,c2r/clutter/stamp_seal/seed_748150648/progress_000,stamp_seal,seed_748150648,c2r,clutter,0.0,0,condition_video,,,,,,,,knn_k1,0.3462742567062378
stage0_contrastive_bs8_fn4_001,clean,c2r/clutter/place_object_basket/seed_455727417/progress_000,place_object_basket,seed_455727417,c2r,clutter,0.0,0,condition_video,,,,,,,,knn_k1,0.37455204129219055
stage0_contrastive_bs8_fn4_001,clean,c2r/clutter/handover_mic/seed_27533572/progress_000,handover_mic,seed_27533572,c2r,clutter,0.0,0,condition_video,,,,,,,,knn_k1,0.3150041401386261
stage0_contrastive_bs8_fn4_001,clean,c2r/clutter/place_bread_skillet/seed_470829968/progress_000,place_bread_skillet,seed_470829968,c2r,clutter,0.0,0,condition_video,,,,,,,,knn_k1,0.3158941864967346
stage0_contrastive_bs8_fn4_001,clean,c2r/clutter/stack_blocks_two/seed_193292576/progress_000,stack_blocks_two,seed_193292576,c2r,clutter,0.0,0,condition_video,,,,,,,,knn_k1,0.3883357346057892
stage0_contrastive_bs8_fn4_001,clean,c2r/clutter/place_cans_plasticbox/seed_552905247/progress_000,place_cans_plasticbox,seed_552905247,c2r,clutter,0.0,0,condition_video,,,,,,,,knn_k1,0.33915525674819946
stage0_contrastive_bs8_fn4_001,clean,c2r/clutter/click_alarmclock/seed_257639388/progress_000,click_alarmclock,seed_257639388,c2r,clutter,0.0,0,condition_video,,,,,,,,knn_k1,0.2969937026500702
stage0_contrastive_bs8_fn4_001,clean,c2r/clutter/blocks_ranking_size/seed_676842534/progress_000,blocks_ranking_size,seed_676842534,c2r,clutter,0.0,0,condition_video,,,,,,,,knn_k1,0.40914636850357056
stage0_contrastive_bs8_fn4_001,clean,c2r/clutter/place_phone_stand/seed_560963078/progress_000,place_phone_stand,seed_560963078,c2r,clutter,0.0,0,condition_video,,,,,,,,knn_k1,0.3058260679244995
stage0_contrastive_bs8_fn4_001,clean,c2r/clutter/place_can_basket/seed_578149817/progress_000,place_can_basket,seed_578149817,c2r,clutter,0.0,0,condition_video,,,,,,,,knn_k1,0.3476254343986511
stage0_contrastive_bs8_fn4_001,clean,c2r/clutter/place_object_scale/seed_142945748/progress_000,place_object_scale,seed_142945748,c2r,clutter,0.0,0,condition_video,,,,,,,,knn_k1,0.3567027747631073
stage0_contrastive_bs8_fn4_001,clean,c2r/clutter/place_a2b_left/seed_712001400/progress_000,place_a2b_left,seed_712001400,c2r,clutter,0.0,0,condition_video,,,,,,,,knn_k1,0.35268092155456543
stage0_contrastive_bs8_fn4_001,clean,c2r/clutter/grab_roller/seed_489372951/progress_000,grab_roller,seed_489372951,c2r,clutter,0.0,0,condition_video,,,,,,,,knn_k1,0.2745811641216278
stage0_contrastive_bs8_fn4_001,clean,c2r/clutter/place_dual_shoes/seed_486785621/progress_000,place_dual_shoes,seed_486785621,c2r,clutter,0.0,0,condition_video,,,,,,,,knn_k1,0.2738302946090698
stage0_contrastive_bs8_fn4_001,clean,c2r/clutter/place_empty_cup/seed_270996463/progress_000,place_empty_cup,seed_270996463,c2r,clutter,0.0,0,condition_video,,,,,,,,knn_k1,0.3803212642669678
stage0_contrastive_bs8_fn4_001,clean,c2r/clutter/blocks_ranking_rgb/seed_350545820/progress_000,blocks_ranking_rgb,seed_350545820,c2r,clutter,0.0,0,condition_video,,,,,,,,knn_k1,0.4063897132873535
stage0_contrastive_bs8_fn4_001,clean,aggregate,all,all,c2r,clutter,,0,condition_video,,,,,,,,knn_k1_mean,0.3433831971883774
stage0_contrastive_bs8_fn4_001,clean,aggregate,all,group_split,c2r,clutter,,0,condition_video,,,,,,,,domain_balanced_accuracy,0.5
stage0_contrastive_bs8_fn4_001,clean,aggregate,all,group_split,c2r,clutter,,0,condition_video,,,,,,,,domain_auroc,1.0
stage0_contrastive_bs8_fn4_001,clean,c2r/height/stack_bowls_three/seed_777107145/progress_000,stack_bowls_three,seed_777107145,c2r,height,0.0,0,condition_video,,,,,,,,knn_k1,0.35956695675849915
stage0_contrastive_bs8_fn4_001,clean,c2r/height/handover_block/seed_153931416/progress_000,handover_block,seed_153931416,c2r,height,0.0,0,condition_video,,,,,,,,knn_k1,0.37662196159362793
stage0_contrastive_bs8_fn4_001,clean,c2r/height/hanging_mug/seed_797626889/progress_000,hanging_mug,seed_797626889,c2r,height,0.0,0,condition_video,,,,,,,,knn_k1,0.34823471307754517
stage0_contrastive_bs8_fn4_001,clean,c2r/height/scan_object/seed_86820161/progress_000,scan_object,seed_86820161,c2r,height,0.0,0,condition_video,,,,,,,,knn_k1,0.2991549074649811
stage0_contrastive_bs8_fn4_001,clean,c2r/height/lift_pot/seed_358880989/progress_000,lift_pot,seed_358880989,c2r,height,0.0,0,condition_video,,,,,,,,knn_k1,0.29135584831237793
stage0_contrastive_bs8_fn4_001,clean,c2r/height/put_object_cabinet/seed_579804476/progress_000,put_object_cabinet,seed_579804476,c2r,height,0.0,0,condition_video,,,,,,,,knn_k1,0.2560950517654419
stage0_contrastive_bs8_fn4_001,clean,c2r/height/stack_blocks_three/seed_510834284/progress_000,stack_blocks_three,seed_510834284,c2r,height,0.0,0,condition_video,,,,,,,,knn_k1,0.4019080698490143
stage0_contrastive_bs8_fn4_001,clean,c2r/height/place_shoe/seed_547565528/progress_000,place_shoe,seed_547565528,c2r,height,0.0,0,condition_video,,,,,,,,knn_k1,0.3197239637374878
stage0_contrastive_bs8_fn4_001,clean,c2r/height/adjust_bottle/seed_455908385/progress_000,adjust_bottle,seed_455908385,c2r,height,0.0,0,condition_video,,,,,,,,knn_k1,0.324555903673172
stage0_contrastive_bs8_fn4_001,clean,c2r/height/place_mouse_pad/seed_747588073/progress_000,place_mouse_pad,seed_747588073,c2r,height,0.0,0,condition_video,,,,,,,,knn_k1,0.33345192670822144
stage0_contrastive_bs8_fn4_001,clean,c2r/height/dump_bin_bigbin/seed_609125485/progress_000,dump_bin_bigbin,seed_609125485,c2r,height,0.0,0,condition_video,,,,,,,,knn_k1,0.35738784074783325
stage0_contrastive_bs8_fn4_001,clean,c2r/height/move_pillbottle_pad/seed_454258712/progress_000,move_pillbottle_pad,seed_454258712,c2r,height,0.0,0,condition_video,,,,,,,,knn_k1,0.3827608525753021
stage0_contrastive_bs8_fn4_001,clean,c2r/height/pick_dual_bottles/seed_625462229/progress_000,pick_dual_bottles,seed_625462229,c2r,height,0.0,0,condition_video,,,,,,,,knn_k1,0.28992125391960144
stage0_contrastive_bs8_fn4_001,clean,c2r/height/shake_bottle/seed_11397417/progress_000,shake_bottle,seed_11397417,c2r,height,0.0,0,condition_video,,,,,,,,knn_k1,0.4150557518005371
stage0_contrastive_bs8_fn4_001,clean,c2r/height/place_fan/seed_562359323/progress_000,place_fan,seed_562359323,c2r,height,0.0,0,condition_video,,,,,,,,knn_k1,0.3585264980792999
stage0_contrastive_bs8_fn4_001,clean,c2r/height/turn_switch/seed_388598700/progress_000,turn_switch,seed_388598700,c2r,height,0.0,0,condition_video,,,,,,,,knn_k1,0.3512006998062134
stage0_contrastive_bs8_fn4_001,clean,c2r/height/shake_bottle_horizontally/seed_506817488/progress_000,shake_bottle_horizontally,seed_506817488,c2r,height,0.0,0,condition_video,,,,,,,,knn_k1,0.35191279649734497
stage0_contrastive_bs8_fn4_001,clean,c2r/height/place_container_plate/seed_661154812/progress_000,place_container_plate,seed_661154812,c2r,height,0.0,0,condition_video,,,,,,,,knn_k1,0.35353341698646545
stage0_contrastive_bs8_fn4_001,clean,c2r/height/rotate_qrcode/seed_391550427/progress_000,rotate_qrcode,seed_391550427,c2r,height,0.0,0,condition_video,,,,,,,,knn_k1,0.32811346650123596
stage0_contrastive_bs8_fn4_001,clean,c2r/height/place_object_stand/seed_520492387/progress_000,place_object_stand,seed_520492387,c2r,height,0.0,0,condition_video,,,,,,,,knn_k1,0.3084380328655243
stage0_contrastive_bs8_fn4_001,clean,c2r/height/put_bottles_dustbin/seed_833796020/progress_000,put_bottles_dustbin,seed_833796020,c2r,height,0.0,0,condition_video,,,,,,,,knn_k1,0.4032500982284546
stage0_contrastive_bs8_fn4_001,clean,c2r/height/move_stapler_pad/seed_626979943/progress_000,move_stapler_pad,seed_626979943,c2r,height,0.0,0,condition_video,,,,,,,,knn_k1,0.3720932602882385
stage0_contrastive_bs8_fn4_001,clean,c2r/height/place_burger_fries/seed_44486756/progress_000,place_burger_fries,seed_44486756,c2r,height,0.0,0,condition_video,,,,,,,,knn_k1,0.33630287647247314
stage0_contrastive_bs8_fn4_001,clean,c2r/height/place_bread_basket/seed_769514620/progress_000,place_bread_basket,seed_769514620,c2r,height,0.0,0,condition_video,,,,,,,,knn_k1,0.33657029271125793
stage0_contrastive_bs8_fn4_001,clean,c2r/height/pick_diverse_bottles/seed_202104734/progress_000,pick_diverse_bottles,seed_202104734,c2r,height,0.0,0,condition_video,,,,,,,,knn_k1,0.29504022002220154
stage0_contrastive_bs8_fn4_001,clean,c2r/height/open_microwave/seed_670586037/progress_000,open_microwave,seed_670586037,c2r,height,0.0,0,condition_video,,,,,,,,knn_k1,0.31703677773475647
stage0_contrastive_bs8_fn4_001,clean,c2r/height/beat_block_hammer/seed_146228030/progress_000,beat_block_hammer,seed_146228030,c2r,height,0.0,0,condition_video,,,,,,,,knn_k1,0.3271471858024597
stage0_contrastive_bs8_fn4_001,clean,c2r/height/press_stapler/seed_623879527/progress_000,press_stapler,seed_623879527,c2r,height,0.0,0,condition_video,,,,,,,,knn_k1,0.3345564603805542
stage0_contrastive_bs8_fn4_001,clean,c2r/height/click_bell/seed_576942388/progress_000,click_bell,seed_576942388,c2r,height,0.0,0,condition_video,,,,,,,,knn_k1,0.353812575340271
stage0_contrastive_bs8_fn4_001,clean,c2r/height/move_playingcard_away/seed_468245999/progress_000,move_playingcard_away,seed_468245999,c2r,height,0.0,0,condition_video,,,,,,,,knn_k1,0.36033254861831665
stage0_contrastive_bs8_fn4_001,clean,c2r/height/open_laptop/seed_273582622/progress_000,open_laptop,seed_273582622,c2r,height,0.0,0,condition_video,,,,,,,,knn_k1,0.3755709230899811
stage0_contrastive_bs8_fn4_001,clean,c2r/height/move_can_pot/seed_285658487/progress_000,move_can_pot,seed_285658487,c2r,height,0.0,0,condition_video,,,,,,,,knn_k1,0.37467241287231445
stage0_contrastive_bs8_fn4_001,clean,c2r/height/stack_bowls_two/seed_116018094/progress_000,stack_bowls_two,seed_116018094,c2r,height,0.0,0,condition_video,,,,,,,,knn_k1,0.35384517908096313
stage0_contrastive_bs8_fn4_001,clean,c2r/height/place_a2b_right/seed_803724289/progress_000,place_a2b_right,seed_803724289,c2r,height,0.0,0,condition_video,,,,,,,,knn_k1,0.34596243500709534
stage0_contrastive_bs8_fn4_001,clean,c2r/height/stamp_seal/seed_391510540/progress_000,stamp_seal,seed_391510540,c2r,height,0.0,0,condition_video,,,,,,,,knn_k1,0.3471006155014038
stage0_contrastive_bs8_fn4_001,clean,c2r/height/place_object_basket/seed_760526045/progress_000,place_object_basket,seed_760526045,c2r,height,0.0,0,condition_video,,,,,,,,knn_k1,0.3591234087944031
stage0_contrastive_bs8_fn4_001,clean,c2r/height/handover_mic/seed_537376167/progress_000,handover_mic,seed_537376167,c2r,height,0.0,0,condition_video,,,,,,,,knn_k1,0.3106876611709595
stage0_contrastive_bs8_fn4_001,clean,c2r/height/place_bread_skillet/seed_394408374/progress_000,place_bread_skillet,seed_394408374,c2r,height,0.0,0,condition_video,,,,,,,,knn_k1,0.30823397636413574
stage0_contrastive_bs8_fn4_001,clean,c2r/height/stack_blocks_two/seed_639631926/progress_000,stack_blocks_two,seed_639631926,c2r,height,0.0,0,condition_video,,,,,,,,knn_k1,0.3877469599246979
stage0_contrastive_bs8_fn4_001,clean,c2r/height/place_cans_plasticbox/seed_514553626/progress_000,place_cans_plasticbox,seed_514553626,c2r,height,0.0,0,condition_video,,,,,,,,knn_k1,0.34087520837783813
stage0_contrastive_bs8_fn4_001,clean,c2r/height/click_alarmclock/seed_789543505/progress_000,click_alarmclock,seed_789543505,c2r,height,0.0,0,condition_video,,,,,,,,knn_k1,0.3047507107257843
stage0_contrastive_bs8_fn4_001,clean,c2r/height/blocks_ranking_size/seed_3661514/progress_000,blocks_ranking_size,seed_3661514,c2r,height,0.0,0,condition_video,,,,,,,,knn_k1,0.4086743891239166
stage0_contrastive_bs8_fn4_001,clean,c2r/height/place_phone_stand/seed_39116909/progress_000,place_phone_stand,seed_39116909,c2r,height,0.0,0,condition_video,,,,,,,,knn_k1,0.3086117208003998
stage0_contrastive_bs8_fn4_001,clean,c2r/height/place_can_basket/seed_788353025/progress_000,place_can_basket,seed_788353025,c2r,height,0.0,0,condition_video,,,,,,,,knn_k1,0.34142646193504333
stage0_contrastive_bs8_fn4_001,clean,c2r/height/place_object_scale/seed_603032508/progress_000,place_object_scale,seed_603032508,c2r,height,0.0,0,condition_video,,,,,,,,knn_k1,0.3544130325317383
stage0_contrastive_bs8_fn4_001,clean,c2r/height/place_a2b_left/seed_240483131/progress_000,place_a2b_left,seed_240483131,c2r,height,0.0,0,condition_video,,,,,,,,knn_k1,0.3464193642139435
stage0_contrastive_bs8_fn4_001,clean,c2r/height/grab_roller/seed_452075745/progress_000,grab_roller,seed_452075745,c2r,height,0.0,0,condition_video,,,,,,,,knn_k1,0.27219608426094055
stage0_contrastive_bs8_fn4_001,clean,c2r/height/place_dual_shoes/seed_890676601/progress_000,place_dual_shoes,seed_890676601,c2r,height,0.0,0,condition_video,,,,,,,,knn_k1,0.2792123854160309
stage0_contrastive_bs8_fn4_001,clean,c2r/height/place_empty_cup/seed_859277454/progress_000,place_empty_cup,seed_859277454,c2r,height,0.0,0,condition_video,,,,,,,,knn_k1,0.37997961044311523
stage0_contrastive_bs8_fn4_001,clean,c2r/height/blocks_ranking_rgb/seed_114117740/progress_000,blocks_ranking_rgb,seed_114117740,c2r,height,0.0,0,condition_video,,,,,,,,knn_k1,0.40823447704315186
stage0_contrastive_bs8_fn4_001,clean,aggregate,all,all,c2r,height,,0,condition_video,,,,,,,,knn_k1_mean,0.3430279844999313
stage0_contrastive_bs8_fn4_001,clean,aggregate,all,group_split,c2r,height,,0,condition_video,,,,,,,,domain_balanced_accuracy,0.5
stage0_contrastive_bs8_fn4_001,clean,aggregate,all,group_split,c2r,height,,0,condition_video,,,,,,,,domain_auroc,1.0
stage0_contrastive_bs8_fn4_001,clean,c2r/light/stack_bowls_three/seed_317869620/progress_000,stack_bowls_three,seed_317869620,c2r,light,0.0,0,condition_video,,,,,,,,knn_k1,0.4468003511428833
stage0_contrastive_bs8_fn4_001,clean,c2r/light/handover_block/seed_879311662/progress_000,handover_block,seed_879311662,c2r,light,0.0,0,condition_video,,,,,,,,knn_k1,0.5194080471992493
stage0_contrastive_bs8_fn4_001,clean,c2r/light/hanging_mug/seed_459299139/progress_000,hanging_mug,seed_459299139,c2r,light,0.0,0,condition_video,,,,,,,,knn_k1,0.5027486681938171
stage0_contrastive_bs8_fn4_001,clean,c2r/light/scan_object/seed_289038431/progress_000,scan_object,seed_289038431,c2r,light,0.0,0,condition_video,,,,,,,,knn_k1,0.4207041561603546
stage0_contrastive_bs8_fn4_001,clean,c2r/light/lift_pot/seed_185598812/progress_000,lift_pot,seed_185598812,c2r,light,0.0,0,condition_video,,,,,,,,knn_k1,0.33316123485565186
stage0_contrastive_bs8_fn4_001,clean,c2r/light/put_object_cabinet/seed_644929938/progress_000,put_object_cabinet,seed_644929938,c2r,light,0.0,0,condition_video,,,,,,,,knn_k1,0.3268827497959137
stage0_contrastive_bs8_fn4_001,clean,c2r/light/stack_blocks_three/seed_314814982/progress_000,stack_blocks_three,seed_314814982,c2r,light,0.0,0,condition_video,,,,,,,,knn_k1,0.5557610392570496
stage0_contrastive_bs8_fn4_001,clean,c2r/light/place_shoe/seed_259707623/progress_000,place_shoe,seed_259707623,c2r,light,0.0,0,condition_video,,,,,,,,knn_k1,0.4195185601711273
stage0_contrastive_bs8_fn4_001,clean,c2r/light/adjust_bottle/seed_218427993/progress_000,adjust_bottle,seed_218427993,c2r,light,0.0,0,condition_video,,,,,,,,knn_k1,0.4170580506324768
stage0_contrastive_bs8_fn4_001,clean,c2r/light/place_mouse_pad/seed_866209002/progress_000,place_mouse_pad,seed_866209002,c2r,light,0.0,0,condition_video,,,,,,,,knn_k1,0.48286932706832886
stage0_contrastive_bs8_fn4_001,clean,c2r/light/dump_bin_bigbin/seed_423840151/progress_000,dump_bin_bigbin,seed_423840151,c2r,light,0.0,0,condition_video,,,,,,,,knn_k1,0.46544408798217773
stage0_contrastive_bs8_fn4_001,clean,c2r/light/move_pillbottle_pad/seed_635002489/progress_000,move_pillbottle_pad,seed_635002489,c2r,light,0.0,0,condition_video,,,,,,,,knn_k1,0.5504428148269653
stage0_contrastive_bs8_fn4_001,clean,c2r/light/pick_dual_bottles/seed_7690756/progress_000,pick_dual_bottles,seed_7690756,c2r,light,0.0,0,condition_video,,,,,,,,knn_k1,0.3892447054386139
stage0_contrastive_bs8_fn4_001,clean,c2r/light/shake_bottle/seed_716268860/progress_000,shake_bottle,seed_716268860,c2r,light,0.0,0,condition_video,,,,,,,,knn_k1,0.576961100101471
stage0_contrastive_bs8_fn4_001,clean,c2r/light/place_fan/seed_519267369/progress_000,place_fan,seed_519267369,c2r,light,0.0,0,condition_video,,,,,,,,knn_k1,0.4984269142150879
stage0_contrastive_bs8_fn4_001,clean,c2r/light/turn_switch/seed_493838736/progress_000,turn_switch,seed_493838736,c2r,light,0.0,0,condition_video,,,,,,,,knn_k1,0.5204469561576843
stage0_contrastive_bs8_fn4_001,clean,c2r/light/shake_bottle_horizontally/seed_497389386/progress_000,shake_bottle_horizontally,seed_497389386,c2r,light,0.0,0,condition_video,,,,,,,,knn_k1,0.46090489625930786
stage0_contrastive_bs8_fn4_001,clean,c2r/light/place_container_plate/seed_252210122/progress_000,place_container_plate,seed_252210122,c2r,light,0.0,0,condition_video,,,,,,,,knn_k1,0.4982328414916992
stage0_contrastive_bs8_fn4_001,clean,c2r/light/rotate_qrcode/seed_24255504/progress_000,rotate_qrcode,seed_24255504,c2r,light,0.0,0,condition_video,,,,,,,,knn_k1,0.4992259442806244
stage0_contrastive_bs8_fn4_001,clean,c2r/light/place_object_stand/seed_603755546/progress_000,place_object_stand,seed_603755546,c2r,light,0.0,0,condition_video,,,,,,,,knn_k1,0.3909912109375
stage0_contrastive_bs8_fn4_001,clean,c2r/light/put_bottles_dustbin/seed_473207494/progress_000,put_bottles_dustbin,seed_473207494,c2r,light,0.0,0,condition_video,,,,,,,,knn_k1,0.5256788730621338
stage0_contrastive_bs8_fn4_001,clean,c2r/light/move_stapler_pad/seed_724544048/progress_000,move_stapler_pad,seed_724544048,c2r,light,0.0,0,condition_video,,,,,,,,knn_k1,0.6158363819122314
stage0_contrastive_bs8_fn4_001,clean,c2r/light/place_burger_fries/seed_764956105/progress_000,place_burger_fries,seed_764956105,c2r,light,0.0,0,condition_video,,,,,,,,knn_k1,0.43380314111709595
stage0_contrastive_bs8_fn4_001,clean,c2r/light/place_bread_basket/seed_548994270/progress_000,place_bread_basket,seed_548994270,c2r,light,0.0,0,condition_video,,,,,,,,knn_k1,0.4155053496360779
stage0_contrastive_bs8_fn4_001,clean,c2r/light/pick_diverse_bottles/seed_469296516/progress_000,pick_diverse_bottles,seed_469296516,c2r,light,0.0,0,condition_video,,,,,,,,knn_k1,0.34068334102630615
stage0_contrastive_bs8_fn4_001,clean,c2r/light/open_microwave/seed_126026794/progress_000,open_microwave,seed_126026794,c2r,light,0.0,0,condition_video,,,,,,,,knn_k1,0.37735700607299805
stage0_contrastive_bs8_fn4_001,clean,c2r/light/beat_block_hammer/seed_190785939/progress_000,beat_block_hammer,seed_190785939,c2r,light,0.0,0,condition_video,,,,,,,,knn_k1,0.432688444852829
stage0_contrastive_bs8_fn4_001,clean,c2r/light/press_stapler/seed_645584852/progress_000,press_stapler,seed_645584852,c2r,light,0.0,0,condition_video,,,,,,,,knn_k1,0.4502032995223999
stage0_contrastive_bs8_fn4_001,clean,c2r/light/click_bell/seed_611142223/progress_000,click_bell,seed_611142223,c2r,light,0.0,0,condition_video,,,,,,,,knn_k1,0.44767823815345764
stage0_contrastive_bs8_fn4_001,clean,c2r/light/move_playingcard_away/seed_698951458/progress_000,move_playingcard_away,seed_698951458,c2r,light,0.0,0,condition_video,,,,,,,,knn_k1,0.38798779249191284
stage0_contrastive_bs8_fn4_001,clean,c2r/light/open_laptop/seed_627389206/progress_000,open_laptop,seed_627389206,c2r,light,0.0,0,condition_video,,,,,,,,knn_k1,0.4417164623737335
stage0_contrastive_bs8_fn4_001,clean,c2r/light/move_can_pot/seed_248023816/progress_000,move_can_pot,seed_248023816,c2r,light,0.0,0,condition_video,,,,,,,,knn_k1,0.4143923819065094
stage0_contrastive_bs8_fn4_001,clean,c2r/light/stack_bowls_two/seed_656246828/progress_000,stack_bowls_two,seed_656246828,c2r,light,0.0,0,condition_video,,,,,,,,knn_k1,0.4665374159812927
stage0_contrastive_bs8_fn4_001,clean,c2r/light/place_a2b_right/seed_803416018/progress_000,place_a2b_right,seed_803416018,c2r,light,0.0,0,condition_video,,,,,,,,knn_k1,0.4052238464355469
stage0_contrastive_bs8_fn4_001,clean,c2r/light/stamp_seal/seed_203079918/progress_000,stamp_seal,seed_203079918,c2r,light,0.0,0,condition_video,,,,,,,,knn_k1,0.4421018362045288
stage0_contrastive_bs8_fn4_001,clean,c2r/light/place_object_basket/seed_241125908/progress_000,place_object_basket,seed_241125908,c2r,light,0.0,0,condition_video,,,,,,,,knn_k1,0.5265657901763916
stage0_contrastive_bs8_fn4_001,clean,c2r/light/handover_mic/seed_283323218/progress_000,handover_mic,seed_283323218,c2r,light,0.0,0,condition_video,,,,,,,,knn_k1,0.5264591574668884
stage0_contrastive_bs8_fn4_001,clean,c2r/light/place_bread_skillet/seed_156686976/progress_000,place_bread_skillet,seed_156686976,c2r,light,0.0,0,condition_video,,,,,,,,knn_k1,0.342771053314209
stage0_contrastive_bs8_fn4_001,clean,c2r/light/stack_blocks_two/seed_803532712/progress_000,stack_blocks_two,seed_803532712,c2r,light,0.0,0,condition_video,,,,,,,,knn_k1,0.5607436895370483
stage0_contrastive_bs8_fn4_001,clean,c2r/light/place_cans_plasticbox/seed_577981354/progress_000,place_cans_plasticbox,seed_577981354,c2r,light,0.0,0,condition_video,,,,,,,,knn_k1,0.4288216531276703
stage0_contrastive_bs8_fn4_001,clean,c2r/light/click_alarmclock/seed_762866989/progress_000,click_alarmclock,seed_762866989,c2r,light,0.0,0,condition_video,,,,,,,,knn_k1,0.2897741496562958
stage0_contrastive_bs8_fn4_001,clean,c2r/light/blocks_ranking_size/seed_505985753/progress_000,blocks_ranking_size,seed_505985753,c2r,light,0.0,0,condition_video,,,,,,,,knn_k1,0.5801986455917358
stage0_contrastive_bs8_fn4_001,clean,c2r/light/place_phone_stand/seed_624751721/progress_000,place_phone_stand,seed_624751721,c2r,light,0.0,0,condition_video,,,,,,,,knn_k1,0.3976452052593231
stage0_contrastive_bs8_fn4_001,clean,c2r/light/place_can_basket/seed_542145302/progress_000,place_can_basket,seed_542145302,c2r,light,0.0,0,condition_video,,,,,,,,knn_k1,0.3945906162261963
stage0_contrastive_bs8_fn4_001,clean,c2r/light/place_object_scale/seed_722575534/progress_000,place_object_scale,seed_722575534,c2r,light,0.0,0,condition_video,,,,,,,,knn_k1,0.508895754814148
stage0_contrastive_bs8_fn4_001,clean,c2r/light/place_a2b_left/seed_663079132/progress_000,place_a2b_left,seed_663079132,c2r,light,0.0,0,condition_video,,,,,,,,knn_k1,0.4191834628582001
stage0_contrastive_bs8_fn4_001,clean,c2r/light/grab_roller/seed_482689013/progress_000,grab_roller,seed_482689013,c2r,light,0.0,0,condition_video,,,,,,,,knn_k1,0.4634115695953369
stage0_contrastive_bs8_fn4_001,clean,c2r/light/place_dual_shoes/seed_319436374/progress_000,place_dual_shoes,seed_319436374,c2r,light,0.0,0,condition_video,,,,,,,,knn_k1,0.2931591868400574
stage0_contrastive_bs8_fn4_001,clean,c2r/light/place_empty_cup/seed_606914953/progress_000,place_empty_cup,seed_606914953,c2r,light,0.0,0,condition_video,,,,,,,,knn_k1,0.4884960949420929
stage0_contrastive_bs8_fn4_001,clean,c2r/light/blocks_ranking_rgb/seed_339352330/progress_000,blocks_ranking_rgb,seed_339352330,c2r,light,0.0,0,condition_video,,,,,,,,knn_k1,0.4635618329048157
stage0_contrastive_bs8_fn4_001,clean,aggregate,all,all,c2r,light,,0,condition_video,,,,,,,,knn_k1_mean,0.45113810658454895
stage0_contrastive_bs8_fn4_001,clean,aggregate,all,group_split,c2r,light,,0,condition_video,,,,,,,,domain_balanced_accuracy,0.5
stage0_contrastive_bs8_fn4_001,clean,aggregate,all,group_split,c2r,light,,0,condition_video,,,,,,,,domain_auroc,1.0
stage0_contrastive_bs8_fn4_001,clean,c2r/background/stack_bowls_three/seed_27804535/progress_000,stack_bowls_three,seed_27804535,c2r,background,0.0,10,condition_video,,,,,,,,knn_k1,0.2815324068069458
stage0_contrastive_bs8_fn4_001,clean,c2r/background/handover_block/seed_120650234/progress_000,handover_block,seed_120650234,c2r,background,0.0,10,condition_video,,,,,,,,knn_k1,0.28007009625434875
stage0_contrastive_bs8_fn4_001,clean,c2r/background/hanging_mug/seed_538778923/progress_000,hanging_mug,seed_538778923,c2r,background,0.0,10,condition_video,,,,,,,,knn_k1,0.26936402916908264
stage0_contrastive_bs8_fn4_001,clean,c2r/background/scan_object/seed_262761732/progress_000,scan_object,seed_262761732,c2r,background,0.0,10,condition_video,,,,,,,,knn_k1,0.26415523886680603
stage0_contrastive_bs8_fn4_001,clean,c2r/background/lift_pot/seed_710924868/progress_000,lift_pot,seed_710924868,c2r,background,0.0,10,condition_video,,,,,,,,knn_k1,0.22620922327041626
stage0_contrastive_bs8_fn4_001,clean,c2r/background/put_object_cabinet/seed_13370600/progress_000,put_object_cabinet,seed_13370600,c2r,background,0.0,10,condition_video,,,,,,,,knn_k1,0.2572234869003296
stage0_contrastive_bs8_fn4_001,clean,c2r/background/stack_blocks_three/seed_822087810/progress_000,stack_blocks_three,seed_822087810,c2r,background,0.0,10,condition_video,,,,,,,,knn_k1,0.2822588384151459
stage0_contrastive_bs8_fn4_001,clean,c2r/background/place_shoe/seed_676166693/progress_000,place_shoe,seed_676166693,c2r,background,0.0,10,condition_video,,,,,,,,knn_k1,0.2330837994813919
stage0_contrastive_bs8_fn4_001,clean,c2r/background/adjust_bottle/seed_863397555/progress_000,adjust_bottle,seed_863397555,c2r,background,0.0,10,condition_video,,,,,,,,knn_k1,0.2183317244052887
stage0_contrastive_bs8_fn4_001,clean,c2r/background/place_mouse_pad/seed_457852611/progress_000,place_mouse_pad,seed_457852611,c2r,background,0.0,10,condition_video,,,,,,,,knn_k1,0.2262227088212967
stage0_contrastive_bs8_fn4_001,clean,c2r/background/dump_bin_bigbin/seed_773111305/progress_000,dump_bin_bigbin,seed_773111305,c2r,background,0.0,10,condition_video,,,,,,,,knn_k1,0.24591830372810364
stage0_contrastive_bs8_fn4_001,clean,c2r/background/move_pillbottle_pad/seed_568983342/progress_000,move_pillbottle_pad,seed_568983342,c2r,background,0.0,10,condition_video,,,,,,,,knn_k1,0.2354593276977539
stage0_contrastive_bs8_fn4_001,clean,c2r/background/pick_dual_bottles/seed_117166061/progress_000,pick_dual_bottles,seed_117166061,c2r,background,0.0,10,condition_video,,,,,,,,knn_k1,0.2510139048099518
stage0_contrastive_bs8_fn4_001,clean,c2r/background/shake_bottle/seed_331965946/progress_000,shake_bottle,seed_331965946,c2r,background,0.0,10,condition_video,,,,,,,,knn_k1,0.3043587803840637
stage0_contrastive_bs8_fn4_001,clean,c2r/background/place_fan/seed_543070044/progress_000,place_fan,seed_543070044,c2r,background,0.0,10,condition_video,,,,,,,,knn_k1,0.233789324760437
stage0_contrastive_bs8_fn4_001,clean,c2r/background/turn_switch/seed_489873751/progress_000,turn_switch,seed_489873751,c2r,background,0.0,10,condition_video,,,,,,,,knn_k1,0.20902997255325317
stage0_contrastive_bs8_fn4_001,clean,c2r/background/shake_bottle_horizontally/seed_319358196/progress_000,shake_bottle_horizontally,seed_319358196,c2r,background,0.0,10,condition_video,,,,,,,,knn_k1,0.2958605885505676
stage0_contrastive_bs8_fn4_001,clean,c2r/background/place_container_plate/seed_14431598/progress_000,place_container_plate,seed_14431598,c2r,background,0.0,10,condition_video,,,,,,,,knn_k1,0.2251998335123062
stage0_contrastive_bs8_fn4_001,clean,c2r/background/rotate_qrcode/seed_372345110/progress_000,rotate_qrcode,seed_372345110,c2r,background,0.0,10,condition_video,,,,,,,,knn_k1,0.23198136687278748
stage0_contrastive_bs8_fn4_001,clean,c2r/background/place_object_stand/seed_715864988/progress_000,place_object_stand,seed_715864988,c2r,background,0.0,10,condition_video,,,,,,,,knn_k1,0.20817779004573822
stage0_contrastive_bs8_fn4_001,clean,c2r/background/put_bottles_dustbin/seed_455479075/progress_000,put_bottles_dustbin,seed_455479075,c2r,background,0.0,10,condition_video,,,,,,,,knn_k1,0.32393762469291687
stage0_contrastive_bs8_fn4_001,clean,c2r/background/move_stapler_pad/seed_453776751/progress_000,move_stapler_pad,seed_453776751,c2r,background,0.0,10,condition_video,,,,,,,,knn_k1,0.22661784291267395
stage0_contrastive_bs8_fn4_001,clean,c2r/background/place_burger_fries/seed_165469501/progress_000,place_burger_fries,seed_165469501,c2r,background,0.0,10,condition_video,,,,,,,,knn_k1,0.2635974586009979
stage0_contrastive_bs8_fn4_001,clean,c2r/background/place_bread_basket/seed_490234398/progress_000,place_bread_basket,seed_490234398,c2r,background,0.0,10,condition_video,,,,,,,,knn_k1,0.2580953538417816
stage0_contrastive_bs8_fn4_001,clean,c2r/background/pick_diverse_bottles/seed_886697844/progress_000,pick_diverse_bottles,seed_886697844,c2r,background,0.0,10,condition_video,,,,,,,,knn_k1,0.26283422112464905
stage0_contrastive_bs8_fn4_001,clean,c2r/background/open_microwave/seed_443701932/progress_000,open_microwave,seed_443701932,c2r,background,0.0,10,condition_video,,,,,,,,knn_k1,0.29550039768218994
stage0_contrastive_bs8_fn4_001,clean,c2r/background/beat_block_hammer/seed_797298394/progress_000,beat_block_hammer,seed_797298394,c2r,background,0.0,10,condition_video,,,,,,,,knn_k1,0.218870148062706
stage0_contrastive_bs8_fn4_001,clean,c2r/background/press_stapler/seed_262831721/progress_000,press_stapler,seed_262831721,c2r,background,0.0,10,condition_video,,,,,,,,knn_k1,0.2157592922449112
stage0_contrastive_bs8_fn4_001,clean,c2r/background/click_bell/seed_748992159/progress_000,click_bell,seed_748992159,c2r,background,0.0,10,condition_video,,,,,,,,knn_k1,0.19625157117843628
stage0_contrastive_bs8_fn4_001,clean,c2r/background/move_playingcard_away/seed_114732817/progress_000,move_playingcard_away,seed_114732817,c2r,background,0.0,10,condition_video,,,,,,,,knn_k1,0.21791352331638336
stage0_contrastive_bs8_fn4_001,clean,c2r/background/open_laptop/seed_121410776/progress_000,open_laptop,seed_121410776,c2r,background,0.0,10,condition_video,,,,,,,,knn_k1,0.2512910068035126
stage0_contrastive_bs8_fn4_001,clean,c2r/background/move_can_pot/seed_600430797/progress_000,move_can_pot,seed_600430797,c2r,background,0.0,10,condition_video,,,,,,,,knn_k1,0.24133574962615967
stage0_contrastive_bs8_fn4_001,clean,c2r/background/stack_bowls_two/seed_444040936/progress_000,stack_bowls_two,seed_444040936,c2r,background,0.0,10,condition_video,,,,,,,,knn_k1,0.2513865828514099
stage0_contrastive_bs8_fn4_001,clean,c2r/background/place_a2b_right/seed_550624350/progress_000,place_a2b_right,seed_550624350,c2r,background,0.0,10,condition_video,,,,,,,,knn_k1,0.22733263671398163
stage0_contrastive_bs8_fn4_001,clean,c2r/background/stamp_seal/seed_373032052/progress_000,stamp_seal,seed_373032052,c2r,background,0.0,10,condition_video,,,,,,,,knn_k1,0.2246491014957428
stage0_contrastive_bs8_fn4_001,clean,c2r/background/place_object_basket/seed_13972055/progress_000,place_object_basket,seed_13972055,c2r,background,0.0,10,condition_video,,,,,,,,knn_k1,0.24474190175533295
stage0_contrastive_bs8_fn4_001,clean,c2r/background/handover_mic/seed_791372736/progress_000,handover_mic,seed_791372736,c2r,background,0.0,10,condition_video,,,,,,,,knn_k1,0.24675427377223969
stage0_contrastive_bs8_fn4_001,clean,c2r/background/place_bread_skillet/seed_682411729/progress_000,place_bread_skillet,seed_682411729,c2r,background,0.0,10,condition_video,,,,,,,,knn_k1,0.24708899855613708
stage0_contrastive_bs8_fn4_001,clean,c2r/background/stack_blocks_two/seed_325046254/progress_000,stack_blocks_two,seed_325046254,c2r,background,0.0,10,condition_video,,,,,,,,knn_k1,0.26158174872398376
stage0_contrastive_bs8_fn4_001,clean,c2r/background/place_cans_plasticbox/seed_851474539/progress_000,place_cans_plasticbox,seed_851474539,c2r,background,0.0,10,condition_video,,,,,,,,knn_k1,0.2761631906032562
stage0_contrastive_bs8_fn4_001,clean,c2r/background/click_alarmclock/seed_597249174/progress_000,click_alarmclock,seed_597249174,c2r,background,0.0,10,condition_video,,,,,,,,knn_k1,0.18728108704090118
stage0_contrastive_bs8_fn4_001,clean,c2r/background/blocks_ranking_size/seed_483186537/progress_000,blocks_ranking_size,seed_483186537,c2r,background,0.0,10,condition_video,,,,,,,,knn_k1,0.29241737723350525
stage0_contrastive_bs8_fn4_001,clean,c2r/background/place_phone_stand/seed_844715882/progress_000,place_phone_stand,seed_844715882,c2r,background,0.0,10,condition_video,,,,,,,,knn_k1,0.21407592296600342
stage0_contrastive_bs8_fn4_001,clean,c2r/background/place_can_basket/seed_873890208/progress_000,place_can_basket,seed_873890208,c2r,background,0.0,10,condition_video,,,,,,,,knn_k1,0.2611074447631836
stage0_contrastive_bs8_fn4_001,clean,c2r/background/place_object_scale/seed_28989601/progress_000,place_object_scale,seed_28989601,c2r,background,0.0,10,condition_video,,,,,,,,knn_k1,0.2184295803308487
stage0_contrastive_bs8_fn4_001,clean,c2r/background/place_a2b_left/seed_494714106/progress_000,place_a2b_left,seed_494714106,c2r,background,0.0,10,condition_video,,,,,,,,knn_k1,0.22369323670864105
stage0_contrastive_bs8_fn4_001,clean,c2r/background/grab_roller/seed_274067892/progress_000,grab_roller,seed_274067892,c2r,background,0.0,10,condition_video,,,,,,,,knn_k1,0.22300730645656586
stage0_contrastive_bs8_fn4_001,clean,c2r/background/place_dual_shoes/seed_100946921/progress_000,place_dual_shoes,seed_100946921,c2r,background,0.0,10,condition_video,,,,,,,,knn_k1,0.26228681206703186
stage0_contrastive_bs8_fn4_001,clean,c2r/background/place_empty_cup/seed_66017520/progress_000,place_empty_cup,seed_66017520,c2r,background,0.0,10,condition_video,,,,,,,,knn_k1,0.23539385199546814
stage0_contrastive_bs8_fn4_001,clean,c2r/background/blocks_ranking_rgb/seed_392877897/progress_000,blocks_ranking_rgb,seed_392877897,c2r,background,0.0,10,condition_video,,,,,,,,knn_k1,0.28892242908477783
stage0_contrastive_bs8_fn4_001,clean,aggregate,all,all,c2r,background,,10,condition_video,,,,,,,,knn_k1_mean,0.24675116837024688
stage0_contrastive_bs8_fn4_001,clean,aggregate,all,group_split,c2r,background,,10,condition_video,,,,,,,,domain_balanced_accuracy,0.5
stage0_contrastive_bs8_fn4_001,clean,aggregate,all,group_split,c2r,background,,10,condition_video,,,,,,,,domain_auroc,1.0
stage0_contrastive_bs8_fn4_001,clean,c2r/clutter/stack_bowls_three/seed_761954913/progress_000,stack_bowls_three,seed_761954913,c2r,clutter,0.0,10,condition_video,,,,,,,,knn_k1,0.2807370126247406
stage0_contrastive_bs8_fn4_001,clean,c2r/clutter/handover_block/seed_624737248/progress_000,handover_block,seed_624737248,c2r,clutter,0.0,10,condition_video,,,,,,,,knn_k1,0.280750572681427
stage0_contrastive_bs8_fn4_001,clean,c2r/clutter/hanging_mug/seed_853936167/progress_000,hanging_mug,seed_853936167,c2r,clutter,0.0,10,condition_video,,,,,,,,knn_k1,0.2689245939254761
stage0_contrastive_bs8_fn4_001,clean,c2r/clutter/scan_object/seed_200154928/progress_000,scan_object,seed_200154928,c2r,clutter,0.0,10,condition_video,,,,,,,,knn_k1,0.2632211148738861
stage0_contrastive_bs8_fn4_001,clean,c2r/clutter/lift_pot/seed_36841133/progress_000,lift_pot,seed_36841133,c2r,clutter,0.0,10,condition_video,,,,,,,,knn_k1,0.22662727534770966
stage0_contrastive_bs8_fn4_001,clean,c2r/clutter/put_object_cabinet/seed_213141741/progress_000,put_object_cabinet,seed_213141741,c2r,clutter,0.0,10,condition_video,,,,,,,,knn_k1,0.25706034898757935
stage0_contrastive_bs8_fn4_001,clean,c2r/clutter/stack_blocks_three/seed_885782772/progress_000,stack_blocks_three,seed_885782772,c2r,clutter,0.0,10,condition_video,,,,,,,,knn_k1,0.2818622887134552
stage0_contrastive_bs8_fn4_001,clean,c2r/clutter/place_shoe/seed_148930251/progress_000,place_shoe,seed_148930251,c2r,clutter,0.0,10,condition_video,,,,,,,,knn_k1,0.23423254489898682
stage0_contrastive_bs8_fn4_001,clean,c2r/clutter/adjust_bottle/seed_487447292/progress_000,adjust_bottle,seed_487447292,c2r,clutter,0.0,10,condition_video,,,,,,,,knn_k1,0.21852482855319977
stage0_contrastive_bs8_fn4_001,clean,c2r/clutter/place_mouse_pad/seed_782913939/progress_000,place_mouse_pad,seed_782913939,c2r,clutter,0.0,10,condition_video,,,,,,,,knn_k1,0.2262439727783203
stage0_contrastive_bs8_fn4_001,clean,c2r/clutter/dump_bin_bigbin/seed_48286788/progress_000,dump_bin_bigbin,seed_48286788,c2r,clutter,0.0,10,condition_video,,,,,,,,knn_k1,0.24414251744747162
stage0_contrastive_bs8_fn4_001,clean,c2r/clutter/move_pillbottle_pad/seed_170572259/progress_000,move_pillbottle_pad,seed_170572259,c2r,clutter,0.0,10,condition_video,,,,,,,,knn_k1,0.2376554161310196
stage0_contrastive_bs8_fn4_001,clean,c2r/clutter/pick_dual_bottles/seed_4182488/progress_000,pick_dual_bottles,seed_4182488,c2r,clutter,0.0,10,condition_video,,,,,,,,knn_k1,0.25129562616348267
stage0_contrastive_bs8_fn4_001,clean,c2r/clutter/shake_bottle/seed_509663030/progress_000,shake_bottle,seed_509663030,c2r,clutter,0.0,10,condition_video,,,,,,,,knn_k1,0.3055415749549866
stage0_contrastive_bs8_fn4_001,clean,c2r/clutter/place_fan/seed_847307321/progress_000,place_fan,seed_847307321,c2r,clutter,0.0,10,condition_video,,,,,,,,knn_k1,0.23256388306617737
stage0_contrastive_bs8_fn4_001,clean,c2r/clutter/turn_switch/seed_106540409/progress_000,turn_switch,seed_106540409,c2r,clutter,0.0,10,condition_video,,,,,,,,knn_k1,0.21049046516418457
stage0_contrastive_bs8_fn4_001,clean,c2r/clutter/shake_bottle_horizontally/seed_491429438/progress_000,shake_bottle_horizontally,seed_491429438,c2r,clutter,0.0,10,condition_video,,,,,,,,knn_k1,0.29453667998313904
stage0_contrastive_bs8_fn4_001,clean,c2r/clutter/place_container_plate/seed_594486020/progress_000,place_container_plate,seed_594486020,c2r,clutter,0.0,10,condition_video,,,,,,,,knn_k1,0.22601570188999176
stage0_contrastive_bs8_fn4_001,clean,c2r/clutter/rotate_qrcode/seed_362674036/progress_000,rotate_qrcode,seed_362674036,c2r,clutter,0.0,10,condition_video,,,,,,,,knn_k1,0.2331112027168274
stage0_contrastive_bs8_fn4_001,clean,c2r/clutter/place_object_stand/seed_162697052/progress_000,place_object_stand,seed_162697052,c2r,clutter,0.0,10,condition_video,,,,,,,,knn_k1,0.20802120864391327
stage0_contrastive_bs8_fn4_001,clean,c2r/clutter/put_bottles_dustbin/seed_148690198/progress_000,put_bottles_dustbin,seed_148690198,c2r,clutter,0.0,10,condition_video,,,,,,,,knn_k1,0.3190120458602905
stage0_contrastive_bs8_fn4_001,clean,c2r/clutter/move_stapler_pad/seed_744409618/progress_000,move_stapler_pad,seed_744409618,c2r,clutter,0.0,10,condition_video,,,,,,,,knn_k1,0.22510825097560883
stage0_contrastive_bs8_fn4_001,clean,c2r/clutter/place_burger_fries/seed_303636962/progress_000,place_burger_fries,seed_303636962,c2r,clutter,0.0,10,condition_video,,,,,,,,knn_k1,0.26263368129730225
stage0_contrastive_bs8_fn4_001,clean,c2r/clutter/place_bread_basket/seed_105344671/progress_000,place_bread_basket,seed_105344671,c2r,clutter,0.0,10,condition_video,,,,,,,,knn_k1,0.25745999813079834
stage0_contrastive_bs8_fn4_001,clean,c2r/clutter/pick_diverse_bottles/seed_21321356/progress_000,pick_diverse_bottles,seed_21321356,c2r,clutter,0.0,10,condition_video,,,,,,,,knn_k1,0.2591034173965454
stage0_contrastive_bs8_fn4_001,clean,c2r/clutter/open_microwave/seed_136410473/progress_000,open_microwave,seed_136410473,c2r,clutter,0.0,10,condition_video,,,,,,,,knn_k1,0.29419568181037903
stage0_contrastive_bs8_fn4_001,clean,c2r/clutter/beat_block_hammer/seed_36693999/progress_000,beat_block_hammer,seed_36693999,c2r,clutter,0.0,10,condition_video,,,,,,,,knn_k1,0.21916991472244263
stage0_contrastive_bs8_fn4_001,clean,c2r/clutter/press_stapler/seed_880007787/progress_000,press_stapler,seed_880007787,c2r,clutter,0.0,10,condition_video,,,,,,,,knn_k1,0.21642468869686127
stage0_contrastive_bs8_fn4_001,clean,c2r/clutter/click_bell/seed_539095014/progress_000,click_bell,seed_539095014,c2r,clutter,0.0,10,condition_video,,,,,,,,knn_k1,0.19639454782009125
stage0_contrastive_bs8_fn4_001,clean,c2r/clutter/move_playingcard_away/seed_385288247/progress_000,move_playingcard_away,seed_385288247,c2r,clutter,0.0,10,condition_video,,,,,,,,knn_k1,0.21703335642814636
stage0_contrastive_bs8_fn4_001,clean,c2r/clutter/open_laptop/seed_260421436/progress_000,open_laptop,seed_260421436,c2r,clutter,0.0,10,condition_video,,,,,,,,knn_k1,0.2527369558811188
stage0_contrastive_bs8_fn4_001,clean,c2r/clutter/move_can_pot/seed_445842829/progress_000,move_can_pot,seed_445842829,c2r,clutter,0.0,10,condition_video,,,,,,,,knn_k1,0.23927247524261475
stage0_contrastive_bs8_fn4_001,clean,c2r/clutter/stack_bowls_two/seed_408127787/progress_000,stack_bowls_two,seed_408127787,c2r,clutter,0.0,10,condition_video,,,,,,,,knn_k1,0.252176433801651
stage0_contrastive_bs8_fn4_001,clean,c2r/clutter/place_a2b_right/seed_298826397/progress_000,place_a2b_right,seed_298826397,c2r,clutter,0.0,10,condition_video,,,,,,,,knn_k1,0.2275783121585846
stage0_contrastive_bs8_fn4_001,clean,c2r/clutter/stamp_seal/seed_748150648/progress_000,stamp_seal,seed_748150648,c2r,clutter,0.0,10,condition_video,,,,,,,,knn_k1,0.22382640838623047
stage0_contrastive_bs8_fn4_001,clean,c2r/clutter/place_object_basket/seed_455727417/progress_000,place_object_basket,seed_455727417,c2r,clutter,0.0,10,condition_video,,,,,,,,knn_k1,0.2533598840236664
stage0_contrastive_bs8_fn4_001,clean,c2r/clutter/handover_mic/seed_27533572/progress_000,handover_mic,seed_27533572,c2r,clutter,0.0,10,condition_video,,,,,,,,knn_k1,0.24538008868694305
stage0_contrastive_bs8_fn4_001,clean,c2r/clutter/place_bread_skillet/seed_470829968/progress_000,place_bread_skillet,seed_470829968,c2r,clutter,0.0,10,condition_video,,,,,,,,knn_k1,0.24430188536643982
stage0_contrastive_bs8_fn4_001,clean,c2r/clutter/stack_blocks_two/seed_193292576/progress_000,stack_blocks_two,seed_193292576,c2r,clutter,0.0,10,condition_video,,,,,,,,knn_k1,0.26290374994277954
stage0_contrastive_bs8_fn4_001,clean,c2r/clutter/place_cans_plasticbox/seed_552905247/progress_000,place_cans_plasticbox,seed_552905247,c2r,clutter,0.0,10,condition_video,,,,,,,,knn_k1,0.2773795425891876
stage0_contrastive_bs8_fn4_001,clean,c2r/clutter/click_alarmclock/seed_257639388/progress_000,click_alarmclock,seed_257639388,c2r,clutter,0.0,10,condition_video,,,,,,,,knn_k1,0.1869790405035019
stage0_contrastive_bs8_fn4_001,clean,c2r/clutter/blocks_ranking_size/seed_676842534/progress_000,blocks_ranking_size,seed_676842534,c2r,clutter,0.0,10,condition_video,,,,,,,,knn_k1,0.2931707203388214
stage0_contrastive_bs8_fn4_001,clean,c2r/clutter/place_phone_stand/seed_560963078/progress_000,place_phone_stand,seed_560963078,c2r,clutter,0.0,10,condition_video,,,,,,,,knn_k1,0.21327805519104004
stage0_contrastive_bs8_fn4_001,clean,c2r/clutter/place_can_basket/seed_578149817/progress_000,place_can_basket,seed_578149817,c2r,clutter,0.0,10,condition_video,,,,,,,,knn_k1,0.25105684995651245
stage0_contrastive_bs8_fn4_001,clean,c2r/clutter/place_object_scale/seed_142945748/progress_000,place_object_scale,seed_142945748,c2r,clutter,0.0,10,condition_video,,,,,,,,knn_k1,0.22001995146274567
stage0_contrastive_bs8_fn4_001,clean,c2r/clutter/place_a2b_left/seed_712001400/progress_000,place_a2b_left,seed_712001400,c2r,clutter,0.0,10,condition_video,,,,,,,,knn_k1,0.22499392926692963
stage0_contrastive_bs8_fn4_001,clean,c2r/clutter/grab_roller/seed_489372951/progress_000,grab_roller,seed_489372951,c2r,clutter,0.0,10,condition_video,,,,,,,,knn_k1,0.22314727306365967
stage0_contrastive_bs8_fn4_001,clean,c2r/clutter/place_dual_shoes/seed_486785621/progress_000,place_dual_shoes,seed_486785621,c2r,clutter,0.0,10,condition_video,,,,,,,,knn_k1,0.2628731429576874
stage0_contrastive_bs8_fn4_001,clean,c2r/clutter/place_empty_cup/seed_270996463/progress_000,place_empty_cup,seed_270996463,c2r,clutter,0.0,10,condition_video,,,,,,,,knn_k1,0.2307375818490982
stage0_contrastive_bs8_fn4_001,clean,c2r/clutter/blocks_ranking_rgb/seed_350545820/progress_000,blocks_ranking_rgb,seed_350545820,c2r,clutter,0.0,10,condition_video,,,,,,,,knn_k1,0.2884734570980072
stage0_contrastive_bs8_fn4_001,clean,aggregate,all,all,c2r,clutter,,10,condition_video,,,,,,,,knn_k1_mean,0.2464348030090332
stage0_contrastive_bs8_fn4_001,clean,aggregate,all,group_split,c2r,clutter,,10,condition_video,,,,,,,,domain_balanced_accuracy,0.5
stage0_contrastive_bs8_fn4_001,clean,aggregate,all,group_split,c2r,clutter,,10,condition_video,,,,,,,,domain_auroc,1.0
stage0_contrastive_bs8_fn4_001,clean,c2r/height/stack_bowls_three/seed_777107145/progress_000,stack_bowls_three,seed_777107145,c2r,height,0.0,10,condition_video,,,,,,,,knn_k1,0.27941298484802246
stage0_contrastive_bs8_fn4_001,clean,c2r/height/handover_block/seed_153931416/progress_000,handover_block,seed_153931416,c2r,height,0.0,10,condition_video,,,,,,,,knn_k1,0.281600683927536
stage0_contrastive_bs8_fn4_001,clean,c2r/height/hanging_mug/seed_797626889/progress_000,hanging_mug,seed_797626889,c2r,height,0.0,10,condition_video,,,,,,,,knn_k1,0.26911506056785583
stage0_contrastive_bs8_fn4_001,clean,c2r/height/scan_object/seed_86820161/progress_000,scan_object,seed_86820161,c2r,height,0.0,10,condition_video,,,,,,,,knn_k1,0.26583072543144226
stage0_contrastive_bs8_fn4_001,clean,c2r/height/lift_pot/seed_358880989/progress_000,lift_pot,seed_358880989,c2r,height,0.0,10,condition_video,,,,,,,,knn_k1,0.225266233086586
stage0_contrastive_bs8_fn4_001,clean,c2r/height/put_object_cabinet/seed_579804476/progress_000,put_object_cabinet,seed_579804476,c2r,height,0.0,10,condition_video,,,,,,,,knn_k1,0.25617077946662903
stage0_contrastive_bs8_fn4_001,clean,c2r/height/stack_blocks_three/seed_510834284/progress_000,stack_blocks_three,seed_510834284,c2r,height,0.0,10,condition_video,,,,,,,,knn_k1,0.2825739085674286
stage0_contrastive_bs8_fn4_001,clean,c2r/height/place_shoe/seed_547565528/progress_000,place_shoe,seed_547565528,c2r,height,0.0,10,condition_video,,,,,,,,knn_k1,0.23064403235912323
stage0_contrastive_bs8_fn4_001,clean,c2r/height/adjust_bottle/seed_455908385/progress_000,adjust_bottle,seed_455908385,c2r,height,0.0,10,condition_video,,,,,,,,knn_k1,0.2159281224012375
stage0_contrastive_bs8_fn4_001,clean,c2r/height/place_mouse_pad/seed_747588073/progress_000,place_mouse_pad,seed_747588073,c2r,height,0.0,10,condition_video,,,,,,,,knn_k1,0.22710952162742615
stage0_contrastive_bs8_fn4_001,clean,c2r/height/dump_bin_bigbin/seed_609125485/progress_000,dump_bin_bigbin,seed_609125485,c2r,height,0.0,10,condition_video,,,,,,,,knn_k1,0.24789930880069733
stage0_contrastive_bs8_fn4_001,clean,c2r/height/move_pillbottle_pad/seed_454258712/progress_000,move_pillbottle_pad,seed_454258712,c2r,height,0.0,10,condition_video,,,,,,,,knn_k1,0.2418716698884964
stage0_contrastive_bs8_fn4_001,clean,c2r/height/pick_dual_bottles/seed_625462229/progress_000,pick_dual_bottles,seed_625462229,c2r,height,0.0,10,condition_video,,,,,,,,knn_k1,0.24737125635147095
stage0_contrastive_bs8_fn4_001,clean,c2r/height/shake_bottle/seed_11397417/progress_000,shake_bottle,seed_11397417,c2r,height,0.0,10,condition_video,,,,,,,,knn_k1,0.3022649884223938
stage0_contrastive_bs8_fn4_001,clean,c2r/height/place_fan/seed_562359323/progress_000,place_fan,seed_562359323,c2r,height,0.0,10,condition_video,,,,,,,,knn_k1,0.2293226420879364
stage0_contrastive_bs8_fn4_001,clean,c2r/height/turn_switch/seed_388598700/progress_000,turn_switch,seed_388598700,c2r,height,0.0,10,condition_video,,,,,,,,knn_k1,0.2134636789560318
stage0_contrastive_bs8_fn4_001,clean,c2r/height/shake_bottle_horizontally/seed_506817488/progress_000,shake_bottle_horizontally,seed_506817488,c2r,height,0.0,10,condition_video,,,,,,,,knn_k1,0.2983531951904297
stage0_contrastive_bs8_fn4_001,clean,c2r/height/place_container_plate/seed_661154812/progress_000,place_container_plate,seed_661154812,c2r,height,0.0,10,condition_video,,,,,,,,knn_k1,0.22622983157634735
stage0_contrastive_bs8_fn4_001,clean,c2r/height/rotate_qrcode/seed_391550427/progress_000,rotate_qrcode,seed_391550427,c2r,height,0.0,10,condition_video,,,,,,,,knn_k1,0.2289600521326065
stage0_contrastive_bs8_fn4_001,clean,c2r/height/place_object_stand/seed_520492387/progress_000,place_object_stand,seed_520492387,c2r,height,0.0,10,condition_video,,,,,,,,knn_k1,0.21292522549629211
stage0_contrastive_bs8_fn4_001,clean,c2r/height/put_bottles_dustbin/seed_833796020/progress_000,put_bottles_dustbin,seed_833796020,c2r,height,0.0,10,condition_video,,,,,,,,knn_k1,0.3191757798194885
stage0_contrastive_bs8_fn4_001,clean,c2r/height/move_stapler_pad/seed_626979943/progress_000,move_stapler_pad,seed_626979943,c2r,height,0.0,10,condition_video,,,,,,,,knn_k1,0.2262021005153656
stage0_contrastive_bs8_fn4_001,clean,c2r/height/place_burger_fries/seed_44486756/progress_000,place_burger_fries,seed_44486756,c2r,height,0.0,10,condition_video,,,,,,,,knn_k1,0.2531422972679138
stage0_contrastive_bs8_fn4_001,clean,c2r/height/place_bread_basket/seed_769514620/progress_000,place_bread_basket,seed_769514620,c2r,height,0.0,10,condition_video,,,,,,,,knn_k1,0.2606198787689209
stage0_contrastive_bs8_fn4_001,clean,c2r/height/pick_diverse_bottles/seed_202104734/progress_000,pick_diverse_bottles,seed_202104734,c2r,height,0.0,10,condition_video,,,,,,,,knn_k1,0.2597658634185791
stage0_contrastive_bs8_fn4_001,clean,c2r/height/open_microwave/seed_670586037/progress_000,open_microwave,seed_670586037,c2r,height,0.0,10,condition_video,,,,,,,,knn_k1,0.29522567987442017
stage0_contrastive_bs8_fn4_001,clean,c2r/height/beat_block_hammer/seed_146228030/progress_000,beat_block_hammer,seed_146228030,c2r,height,0.0,10,condition_video,,,,,,,,knn_k1,0.2193637192249298
stage0_contrastive_bs8_fn4_001,clean,c2r/height/press_stapler/seed_623879527/progress_000,press_stapler,seed_623879527,c2r,height,0.0,10,condition_video,,,,,,,,knn_k1,0.21807602047920227
stage0_contrastive_bs8_fn4_001,clean,c2r/height/click_bell/seed_576942388/progress_000,click_bell,seed_576942388,c2r,height,0.0,10,condition_video,,,,,,,,knn_k1,0.20023125410079956
stage0_contrastive_bs8_fn4_001,clean,c2r/height/move_playingcard_away/seed_468245999/progress_000,move_playingcard_away,seed_468245999,c2r,height,0.0,10,condition_video,,,,,,,,knn_k1,0.21993131935596466
stage0_contrastive_bs8_fn4_001,clean,c2r/height/open_laptop/seed_273582622/progress_000,open_laptop,seed_273582622,c2r,height,0.0,10,condition_video,,,,,,,,knn_k1,0.25370174646377563
stage0_contrastive_bs8_fn4_001,clean,c2r/height/move_can_pot/seed_285658487/progress_000,move_can_pot,seed_285658487,c2r,height,0.0,10,condition_video,,,,,,,,knn_k1,0.24183635413646698
stage0_contrastive_bs8_fn4_001,clean,c2r/height/stack_bowls_two/seed_116018094/progress_000,stack_bowls_two,seed_116018094,c2r,height,0.0,10,condition_video,,,,,,,,knn_k1,0.2514040768146515
stage0_contrastive_bs8_fn4_001,clean,c2r/height/place_a2b_right/seed_803724289/progress_000,place_a2b_right,seed_803724289,c2r,height,0.0,10,condition_video,,,,,,,,knn_k1,0.2315071076154709
stage0_contrastive_bs8_fn4_001,clean,c2r/height/stamp_seal/seed_391510540/progress_000,stamp_seal,seed_391510540,c2r,height,0.0,10,condition_video,,,,,,,,knn_k1,0.2242172509431839
stage0_contrastive_bs8_fn4_001,clean,c2r/height/place_object_basket/seed_760526045/progress_000,place_object_basket,seed_760526045,c2r,height,0.0,10,condition_video,,,,,,,,knn_k1,0.24446548521518707
stage0_contrastive_bs8_fn4_001,clean,c2r/height/handover_mic/seed_537376167/progress_000,handover_mic,seed_537376167,c2r,height,0.0,10,condition_video,,,,,,,,knn_k1,0.24678540229797363
stage0_contrastive_bs8_fn4_001,clean,c2r/height/place_bread_skillet/seed_394408374/progress_000,place_bread_skillet,seed_394408374,c2r,height,0.0,10,condition_video,,,,,,,,knn_k1,0.24364839494228363
stage0_contrastive_bs8_fn4_001,clean,c2r/height/stack_blocks_two/seed_639631926/progress_000,stack_blocks_two,seed_639631926,c2r,height,0.0,10,condition_video,,,,,,,,knn_k1,0.2614178955554962
stage0_contrastive_bs8_fn4_001,clean,c2r/height/place_cans_plasticbox/seed_514553626/progress_000,place_cans_plasticbox,seed_514553626,c2r,height,0.0,10,condition_video,,,,,,,,knn_k1,0.27595099806785583
stage0_contrastive_bs8_fn4_001,clean,c2r/height/click_alarmclock/seed_789543505/progress_000,click_alarmclock,seed_789543505,c2r,height,0.0,10,condition_video,,,,,,,,knn_k1,0.19268465042114258
stage0_contrastive_bs8_fn4_001,clean,c2r/height/blocks_ranking_size/seed_3661514/progress_000,blocks_ranking_size,seed_3661514,c2r,height,0.0,10,condition_video,,,,,,,,knn_k1,0.2923153340816498
stage0_contrastive_bs8_fn4_001,clean,c2r/height/place_phone_stand/seed_39116909/progress_000,place_phone_stand,seed_39116909,c2r,height,0.0,10,condition_video,,,,,,,,knn_k1,0.21324561536312103
stage0_contrastive_bs8_fn4_001,clean,c2r/height/place_can_basket/seed_788353025/progress_000,place_can_basket,seed_788353025,c2r,height,0.0,10,condition_video,,,,,,,,knn_k1,0.2492704689502716
stage0_contrastive_bs8_fn4_001,clean,c2r/height/place_object_scale/seed_603032508/progress_000,place_object_scale,seed_603032508,c2r,height,0.0,10,condition_video,,,,,,,,knn_k1,0.22067296504974365
stage0_contrastive_bs8_fn4_001,clean,c2r/height/place_a2b_left/seed_240483131/progress_000,place_a2b_left,seed_240483131,c2r,height,0.0,10,condition_video,,,,,,,,knn_k1,0.22205698490142822
stage0_contrastive_bs8_fn4_001,clean,c2r/height/grab_roller/seed_452075745/progress_000,grab_roller,seed_452075745,c2r,height,0.0,10,condition_video,,,,,,,,knn_k1,0.2230764925479889
stage0_contrastive_bs8_fn4_001,clean,c2r/height/place_dual_shoes/seed_890676601/progress_000,place_dual_shoes,seed_890676601,c2r,height,0.0,10,condition_video,,,,,,,,knn_k1,0.2598527669906616
stage0_contrastive_bs8_fn4_001,clean,c2r/height/place_empty_cup/seed_859277454/progress_000,place_empty_cup,seed_859277454,c2r,height,0.0,10,condition_video,,,,,,,,knn_k1,0.23204198479652405
stage0_contrastive_bs8_fn4_001,clean,c2r/height/blocks_ranking_rgb/seed_114117740/progress_000,blocks_ranking_rgb,seed_114117740,c2r,height,0.0,10,condition_video,,,,,,,,knn_k1,0.2911113202571869
stage0_contrastive_bs8_fn4_001,clean,aggregate,all,all,c2r,height,,10,condition_video,,,,,,,,knn_k1_mean,0.24650622218847273
stage0_contrastive_bs8_fn4_001,clean,aggregate,all,group_split,c2r,height,,10,condition_video,,,,,,,,domain_balanced_accuracy,0.5
stage0_contrastive_bs8_fn4_001,clean,aggregate,all,group_split,c2r,height,,10,condition_video,,,,,,,,domain_auroc,1.0
stage0_contrastive_bs8_fn4_001,clean,c2r/light/stack_bowls_three/seed_317869620/progress_000,stack_bowls_three,seed_317869620,c2r,light,0.0,10,condition_video,,,,,,,,knn_k1,0.3294624090194702
stage0_contrastive_bs8_fn4_001,clean,c2r/light/handover_block/seed_879311662/progress_000,handover_block,seed_879311662,c2r,light,0.0,10,condition_video,,,,,,,,knn_k1,0.37269625067710876
stage0_contrastive_bs8_fn4_001,clean,c2r/light/hanging_mug/seed_459299139/progress_000,hanging_mug,seed_459299139,c2r,light,0.0,10,condition_video,,,,,,,,knn_k1,0.3471461236476898
stage0_contrastive_bs8_fn4_001,clean,c2r/light/scan_object/seed_289038431/progress_000,scan_object,seed_289038431,c2r,light,0.0,10,condition_video,,,,,,,,knn_k1,0.31273698806762695
stage0_contrastive_bs8_fn4_001,clean,c2r/light/lift_pot/seed_185598812/progress_000,lift_pot,seed_185598812,c2r,light,0.0,10,condition_video,,,,,,,,knn_k1,0.2389635443687439
stage0_contrastive_bs8_fn4_001,clean,c2r/light/put_object_cabinet/seed_644929938/progress_000,put_object_cabinet,seed_644929938,c2r,light,0.0,10,condition_video,,,,,,,,knn_k1,0.2967691421508789
stage0_contrastive_bs8_fn4_001,clean,c2r/light/stack_blocks_three/seed_314814982/progress_000,stack_blocks_three,seed_314814982,c2r,light,0.0,10,condition_video,,,,,,,,knn_k1,0.34435585141181946
stage0_contrastive_bs8_fn4_001,clean,c2r/light/place_shoe/seed_259707623/progress_000,place_shoe,seed_259707623,c2r,light,0.0,10,condition_video,,,,,,,,knn_k1,0.28988832235336304
stage0_contrastive_bs8_fn4_001,clean,c2r/light/adjust_bottle/seed_218427993/progress_000,adjust_bottle,seed_218427993,c2r,light,0.0,10,condition_video,,,,,,,,knn_k1,0.2614718973636627
stage0_contrastive_bs8_fn4_001,clean,c2r/light/place_mouse_pad/seed_866209002/progress_000,place_mouse_pad,seed_866209002,c2r,light,0.0,10,condition_video,,,,,,,,knn_k1,0.30639076232910156
stage0_contrastive_bs8_fn4_001,clean,c2r/light/dump_bin_bigbin/seed_423840151/progress_000,dump_bin_bigbin,seed_423840151,c2r,light,0.0,10,condition_video,,,,,,,,knn_k1,0.3272293210029602
stage0_contrastive_bs8_fn4_001,clean,c2r/light/move_pillbottle_pad/seed_635002489/progress_000,move_pillbottle_pad,seed_635002489,c2r,light,0.0,10,condition_video,,,,,,,,knn_k1,0.3328011929988861
stage0_contrastive_bs8_fn4_001,clean,c2r/light/pick_dual_bottles/seed_7690756/progress_000,pick_dual_bottles,seed_7690756,c2r,light,0.0,10,condition_video,,,,,,,,knn_k1,0.2969798147678375
stage0_contrastive_bs8_fn4_001,clean,c2r/light/shake_bottle/seed_716268860/progress_000,shake_bottle,seed_716268860,c2r,light,0.0,10,condition_video,,,,,,,,knn_k1,0.37372061610221863
stage0_contrastive_bs8_fn4_001,clean,c2r/light/place_fan/seed_519267369/progress_000,place_fan,seed_519267369,c2r,light,0.0,10,condition_video,,,,,,,,knn_k1,0.3019829988479614
stage0_contrastive_bs8_fn4_001,clean,c2r/light/turn_switch/seed_493838736/progress_000,turn_switch,seed_493838736,c2r,light,0.0,10,condition_video,,,,,,,,knn_k1,0.3263762295246124
stage0_contrastive_bs8_fn4_001,clean,c2r/light/shake_bottle_horizontally/seed_497389386/progress_000,shake_bottle_horizontally,seed_497389386,c2r,light,0.0,10,condition_video,,,,,,,,knn_k1,0.3535414934158325
stage0_contrastive_bs8_fn4_001,clean,c2r/light/place_container_plate/seed_252210122/progress_000,place_container_plate,seed_252210122,c2r,light,0.0,10,condition_video,,,,,,,,knn_k1,0.32504579424858093
stage0_contrastive_bs8_fn4_001,clean,c2r/light/rotate_qrcode/seed_24255504/progress_000,rotate_qrcode,seed_24255504,c2r,light,0.0,10,condition_video,,,,,,,,knn_k1,0.33451083302497864
stage0_contrastive_bs8_fn4_001,clean,c2r/light/place_object_stand/seed_603755546/progress_000,place_object_stand,seed_603755546,c2r,light,0.0,10,condition_video,,,,,,,,knn_k1,0.24315352737903595
stage0_contrastive_bs8_fn4_001,clean,c2r/light/put_bottles_dustbin/seed_473207494/progress_000,put_bottles_dustbin,seed_473207494,c2r,light,0.0,10,condition_video,,,,,,,,knn_k1,0.3823823630809784
stage0_contrastive_bs8_fn4_001,clean,c2r/light/move_stapler_pad/seed_724544048/progress_000,move_stapler_pad,seed_724544048,c2r,light,0.0,10,condition_video,,,,,,,,knn_k1,0.3610997498035431
stage0_contrastive_bs8_fn4_001,clean,c2r/light/place_burger_fries/seed_764956105/progress_000,place_burger_fries,seed_764956105,c2r,light,0.0,10,condition_video,,,,,,,,knn_k1,0.30914050340652466
stage0_contrastive_bs8_fn4_001,clean,c2r/light/place_bread_basket/seed_548994270/progress_000,place_bread_basket,seed_548994270,c2r,light,0.0,10,condition_video,,,,,,,,knn_k1,0.30014216899871826
stage0_contrastive_bs8_fn4_001,clean,c2r/light/pick_diverse_bottles/seed_469296516/progress_000,pick_diverse_bottles,seed_469296516,c2r,light,0.0,10,condition_video,,,,,,,,knn_k1,0.29995009303092957
stage0_contrastive_bs8_fn4_001,clean,c2r/light/open_microwave/seed_126026794/progress_000,open_microwave,seed_126026794,c2r,light,0.0,10,condition_video,,,,,,,,knn_k1,0.3507905900478363
stage0_contrastive_bs8_fn4_001,clean,c2r/light/beat_block_hammer/seed_190785939/progress_000,beat_block_hammer,seed_190785939,c2r,light,0.0,10,condition_video,,,,,,,,knn_k1,0.30305179953575134
stage0_contrastive_bs8_fn4_001,clean,c2r/light/press_stapler/seed_645584852/progress_000,press_stapler,seed_645584852,c2r,light,0.0,10,condition_video,,,,,,,,knn_k1,0.29877254366874695
stage0_contrastive_bs8_fn4_001,clean,c2r/light/click_bell/seed_611142223/progress_000,click_bell,seed_611142223,c2r,light,0.0,10,condition_video,,,,,,,,knn_k1,0.25680413842201233
stage0_contrastive_bs8_fn4_001,clean,c2r/light/move_playingcard_away/seed_698951458/progress_000,move_playingcard_away,seed_698951458,c2r,light,0.0,10,condition_video,,,,,,,,knn_k1,0.24082180857658386
stage0_contrastive_bs8_fn4_001,clean,c2r/light/open_laptop/seed_627389206/progress_000,open_laptop,seed_627389206,c2r,light,0.0,10,condition_video,,,,,,,,knn_k1,0.27858683466911316
stage0_contrastive_bs8_fn4_001,clean,c2r/light/move_can_pot/seed_248023816/progress_000,move_can_pot,seed_248023816,c2r,light,0.0,10,condition_video,,,,,,,,knn_k1,0.29422175884246826
stage0_contrastive_bs8_fn4_001,clean,c2r/light/stack_bowls_two/seed_656246828/progress_000,stack_bowls_two,seed_656246828,c2r,light,0.0,10,condition_video,,,,,,,,knn_k1,0.31201979517936707
stage0_contrastive_bs8_fn4_001,clean,c2r/light/place_a2b_right/seed_803416018/progress_000,place_a2b_right,seed_803416018,c2r,light,0.0,10,condition_video,,,,,,,,knn_k1,0.2686085104942322
stage0_contrastive_bs8_fn4_001,clean,c2r/light/stamp_seal/seed_203079918/progress_000,stamp_seal,seed_203079918,c2r,light,0.0,10,condition_video,,,,,,,,knn_k1,0.27809974551200867
stage0_contrastive_bs8_fn4_001,clean,c2r/light/place_object_basket/seed_241125908/progress_000,place_object_basket,seed_241125908,c2r,light,0.0,10,condition_video,,,,,,,,knn_k1,0.3442149758338928
stage0_contrastive_bs8_fn4_001,clean,c2r/light/handover_mic/seed_283323218/progress_000,handover_mic,seed_283323218,c2r,light,0.0,10,condition_video,,,,,,,,knn_k1,0.3663068413734436
stage0_contrastive_bs8_fn4_001,clean,c2r/light/place_bread_skillet/seed_156686976/progress_000,place_bread_skillet,seed_156686976,c2r,light,0.0,10,condition_video,,,,,,,,knn_k1,0.2676350176334381
stage0_contrastive_bs8_fn4_001,clean,c2r/light/stack_blocks_two/seed_803532712/progress_000,stack_blocks_two,seed_803532712,c2r,light,0.0,10,condition_video,,,,,,,,knn_k1,0.36084744334220886
stage0_contrastive_bs8_fn4_001,clean,c2r/light/place_cans_plasticbox/seed_577981354/progress_000,place_cans_plasticbox,seed_577981354,c2r,light,0.0,10,condition_video,,,,,,,,knn_k1,0.31646135449409485
stage0_contrastive_bs8_fn4_001,clean,c2r/light/click_alarmclock/seed_762866989/progress_000,click_alarmclock,seed_762866989,c2r,light,0.0,10,condition_video,,,,,,,,knn_k1,0.19396531581878662
stage0_contrastive_bs8_fn4_001,clean,c2r/light/blocks_ranking_size/seed_505985753/progress_000,blocks_ranking_size,seed_505985753,c2r,light,0.0,10,condition_video,,,,,,,,knn_k1,0.3798333406448364
stage0_contrastive_bs8_fn4_001,clean,c2r/light/place_phone_stand/seed_624751721/progress_000,place_phone_stand,seed_624751721,c2r,light,0.0,10,condition_video,,,,,,,,knn_k1,0.28426095843315125
stage0_contrastive_bs8_fn4_001,clean,c2r/light/place_can_basket/seed_542145302/progress_000,place_can_basket,seed_542145302,c2r,light,0.0,10,condition_video,,,,,,,,knn_k1,0.27711713314056396
stage0_contrastive_bs8_fn4_001,clean,c2r/light/place_object_scale/seed_722575534/progress_000,place_object_scale,seed_722575534,c2r,light,0.0,10,condition_video,,,,,,,,knn_k1,0.28411567211151123
stage0_contrastive_bs8_fn4_001,clean,c2r/light/place_a2b_left/seed_663079132/progress_000,place_a2b_left,seed_663079132,c2r,light,0.0,10,condition_video,,,,,,,,knn_k1,0.2515513300895691
stage0_contrastive_bs8_fn4_001,clean,c2r/light/grab_roller/seed_482689013/progress_000,grab_roller,seed_482689013,c2r,light,0.0,10,condition_video,,,,,,,,knn_k1,0.3318082392215729
stage0_contrastive_bs8_fn4_001,clean,c2r/light/place_dual_shoes/seed_319436374/progress_000,place_dual_shoes,seed_319436374,c2r,light,0.0,10,condition_video,,,,,,,,knn_k1,0.2668077051639557
stage0_contrastive_bs8_fn4_001,clean,c2r/light/place_empty_cup/seed_606914953/progress_000,place_empty_cup,seed_606914953,c2r,light,0.0,10,condition_video,,,,,,,,knn_k1,0.2754608988761902
stage0_contrastive_bs8_fn4_001,clean,c2r/light/blocks_ranking_rgb/seed_339352330/progress_000,blocks_ranking_rgb,seed_339352330,c2r,light,0.0,10,condition_video,,,,,,,,knn_k1,0.3267366886138916
stage0_contrastive_bs8_fn4_001,clean,aggregate,all,all,c2r,light,,10,condition_video,,,,,,,,knn_k1_mean,0.3075367686152458
stage0_contrastive_bs8_fn4_001,clean,aggregate,all,group_split,c2r,light,,10,condition_video,,,,,,,,domain_balanced_accuracy,0.5
stage0_contrastive_bs8_fn4_001,clean,aggregate,all,group_split,c2r,light,,10,condition_video,,,,,,,,domain_auroc,1.0
stage0_contrastive_bs8_fn4_001,clean,c2r/background/stack_bowls_three/seed_27804535/progress_000,stack_bowls_three,seed_27804535,c2r,background,0.0,19,condition_video,,,,,,,,knn_k1,0.30999433994293213
stage0_contrastive_bs8_fn4_001,clean,c2r/background/handover_block/seed_120650234/progress_000,handover_block,seed_120650234,c2r,background,0.0,19,condition_video,,,,,,,,knn_k1,0.3061845898628235
stage0_contrastive_bs8_fn4_001,clean,c2r/background/hanging_mug/seed_538778923/progress_000,hanging_mug,seed_538778923,c2r,background,0.0,19,condition_video,,,,,,,,knn_k1,0.2987295687198639
stage0_contrastive_bs8_fn4_001,clean,c2r/background/scan_object/seed_262761732/progress_000,scan_object,seed_262761732,c2r,background,0.0,19,condition_video,,,,,,,,knn_k1,0.2945091128349304
stage0_contrastive_bs8_fn4_001,clean,c2r/background/lift_pot/seed_710924868/progress_000,lift_pot,seed_710924868,c2r,background,0.0,19,condition_video,,,,,,,,knn_k1,0.26020514965057373
stage0_contrastive_bs8_fn4_001,clean,c2r/background/put_object_cabinet/seed_13370600/progress_000,put_object_cabinet,seed_13370600,c2r,background,0.0,19,condition_video,,,,,,,,knn_k1,0.29660555720329285
stage0_contrastive_bs8_fn4_001,clean,c2r/background/stack_blocks_three/seed_822087810/progress_000,stack_blocks_three,seed_822087810,c2r,background,0.0,19,condition_video,,,,,,,,knn_k1,0.32159870862960815
stage0_contrastive_bs8_fn4_001,clean,c2r/background/place_shoe/seed_676166693/progress_000,place_shoe,seed_676166693,c2r,background,0.0,19,condition_video,,,,,,,,knn_k1,0.2815588116645813
stage0_contrastive_bs8_fn4_001,clean,c2r/background/adjust_bottle/seed_863397555/progress_000,adjust_bottle,seed_863397555,c2r,background,0.0,19,condition_video,,,,,,,,knn_k1,0.2615305483341217
stage0_contrastive_bs8_fn4_001,clean,c2r/background/place_mouse_pad/seed_457852611/progress_000,place_mouse_pad,seed_457852611,c2r,background,0.0,19,condition_video,,,,,,,,knn_k1,0.28829941153526306
stage0_contrastive_bs8_fn4_001,clean,c2r/background/dump_bin_bigbin/seed_773111305/progress_000,dump_bin_bigbin,seed_773111305,c2r,background,0.0,19,condition_video,,,,,,,,knn_k1,0.29253095388412476
stage0_contrastive_bs8_fn4_001,clean,c2r/background/move_pillbottle_pad/seed_568983342/progress_000,move_pillbottle_pad,seed_568983342,c2r,background,0.0,19,condition_video,,,,,,,,knn_k1,0.27669569849967957
stage0_contrastive_bs8_fn4_001,clean,c2r/background/pick_dual_bottles/seed_117166061/progress_000,pick_dual_bottles,seed_117166061,c2r,background,0.0,19,condition_video,,,,,,,,knn_k1,0.2840108573436737
stage0_contrastive_bs8_fn4_001,clean,c2r/background/shake_bottle/seed_331965946/progress_000,shake_bottle,seed_331965946,c2r,background,0.0,19,condition_video,,,,,,,,knn_k1,0.35875868797302246
stage0_contrastive_bs8_fn4_001,clean,c2r/background/place_fan/seed_543070044/progress_000,place_fan,seed_543070044,c2r,background,0.0,19,condition_video,,,,,,,,knn_k1,0.2806166708469391
stage0_contrastive_bs8_fn4_001,clean,c2r/background/turn_switch/seed_489873751/progress_000,turn_switch,seed_489873751,c2r,background,0.0,19,condition_video,,,,,,,,knn_k1,0.26277002692222595
stage0_contrastive_bs8_fn4_001,clean,c2r/background/shake_bottle_horizontally/seed_319358196/progress_000,shake_bottle_horizontally,seed_319358196,c2r,background,0.0,19,condition_video,,,,,,,,knn_k1,0.34343746304512024
stage0_contrastive_bs8_fn4_001,clean,c2r/background/place_container_plate/seed_14431598/progress_000,place_container_plate,seed_14431598,c2r,background,0.0,19,condition_video,,,,,,,,knn_k1,0.2703567147254944
stage0_contrastive_bs8_fn4_001,clean,c2r/background/rotate_qrcode/seed_372345110/progress_000,rotate_qrcode,seed_372345110,c2r,background,0.0,19,condition_video,,,,,,,,knn_k1,0.2919605076313019
stage0_contrastive_bs8_fn4_001,clean,c2r/background/place_object_stand/seed_715864988/progress_000,place_object_stand,seed_715864988,c2r,background,0.0,19,condition_video,,,,,,,,knn_k1,0.25107428431510925
stage0_contrastive_bs8_fn4_001,clean,c2r/background/put_bottles_dustbin/seed_455479075/progress_000,put_bottles_dustbin,seed_455479075,c2r,background,0.0,19,condition_video,,,,,,,,knn_k1,0.3420441448688507
stage0_contrastive_bs8_fn4_001,clean,c2r/background/move_stapler_pad/seed_453776751/progress_000,move_stapler_pad,seed_453776751,c2r,background,0.0,19,condition_video,,,,,,,,knn_k1,0.286965936422348
stage0_contrastive_bs8_fn4_001,clean,c2r/background/place_burger_fries/seed_165469501/progress_000,place_burger_fries,seed_165469501,c2r,background,0.0,19,condition_video,,,,,,,,knn_k1,0.3087492287158966
stage0_contrastive_bs8_fn4_001,clean,c2r/background/place_bread_basket/seed_490234398/progress_000,place_bread_basket,seed_490234398,c2r,background,0.0,19,condition_video,,,,,,,,knn_k1,0.2944081723690033
stage0_contrastive_bs8_fn4_001,clean,c2r/background/pick_diverse_bottles/seed_886697844/progress_000,pick_diverse_bottles,seed_886697844,c2r,background,0.0,19,condition_video,,,,,,,,knn_k1,0.2881334722042084
stage0_contrastive_bs8_fn4_001,clean,c2r/background/open_microwave/seed_443701932/progress_000,open_microwave,seed_443701932,c2r,background,0.0,19,condition_video,,,,,,,,knn_k1,0.3407936096191406
stage0_contrastive_bs8_fn4_001,clean,c2r/background/beat_block_hammer/seed_797298394/progress_000,beat_block_hammer,seed_797298394,c2r,background,0.0,19,condition_video,,,,,,,,knn_k1,0.25642043352127075
stage0_contrastive_bs8_fn4_001,clean,c2r/background/press_stapler/seed_262831721/progress_000,press_stapler,seed_262831721,c2r,background,0.0,19,condition_video,,,,,,,,knn_k1,0.2649116814136505
stage0_contrastive_bs8_fn4_001,clean,c2r/background/click_bell/seed_748992159/progress_000,click_bell,seed_748992159,c2r,background,0.0,19,condition_video,,,,,,,,knn_k1,0.2487792670726776
stage0_contrastive_bs8_fn4_001,clean,c2r/background/move_playingcard_away/seed_114732817/progress_000,move_playingcard_away,seed_114732817,c2r,background,0.0,19,condition_video,,,,,,,,knn_k1,0.2697688639163971
stage0_contrastive_bs8_fn4_001,clean,c2r/background/open_laptop/seed_121410776/progress_000,open_laptop,seed_121410776,c2r,background,0.0,19,condition_video,,,,,,,,knn_k1,0.2997003197669983
stage0_contrastive_bs8_fn4_001,clean,c2r/background/move_can_pot/seed_600430797/progress_000,move_can_pot,seed_600430797,c2r,background,0.0,19,condition_video,,,,,,,,knn_k1,0.28965553641319275
stage0_contrastive_bs8_fn4_001,clean,c2r/background/stack_bowls_two/seed_444040936/progress_000,stack_bowls_two,seed_444040936,c2r,background,0.0,19,condition_video,,,,,,,,knn_k1,0.28950196504592896
stage0_contrastive_bs8_fn4_001,clean,c2r/background/place_a2b_right/seed_550624350/progress_000,place_a2b_right,seed_550624350,c2r,background,0.0,19,condition_video,,,,,,,,knn_k1,0.27032187581062317
stage0_contrastive_bs8_fn4_001,clean,c2r/background/stamp_seal/seed_373032052/progress_000,stamp_seal,seed_373032052,c2r,background,0.0,19,condition_video,,,,,,,,knn_k1,0.2712048292160034
stage0_contrastive_bs8_fn4_001,clean,c2r/background/place_object_basket/seed_13972055/progress_000,place_object_basket,seed_13972055,c2r,background,0.0,19,condition_video,,,,,,,,knn_k1,0.295761376619339
stage0_contrastive_bs8_fn4_001,clean,c2r/background/handover_mic/seed_791372736/progress_000,handover_mic,seed_791372736,c2r,background,0.0,19,condition_video,,,,,,,,knn_k1,0.2882709503173828
stage0_contrastive_bs8_fn4_001,clean,c2r/background/place_bread_skillet/seed_682411729/progress_000,place_bread_skillet,seed_682411729,c2r,background,0.0,19,condition_video,,,,,,,,knn_k1,0.2875927984714508
stage0_contrastive_bs8_fn4_001,clean,c2r/background/stack_blocks_two/seed_325046254/progress_000,stack_blocks_two,seed_325046254,c2r,background,0.0,19,condition_video,,,,,,,,knn_k1,0.2992447018623352
stage0_contrastive_bs8_fn4_001,clean,c2r/background/place_cans_plasticbox/seed_851474539/progress_000,place_cans_plasticbox,seed_851474539,c2r,background,0.0,19,condition_video,,,,,,,,knn_k1,0.30563944578170776
stage0_contrastive_bs8_fn4_001,clean,c2r/background/click_alarmclock/seed_597249174/progress_000,click_alarmclock,seed_597249174,c2r,background,0.0,19,condition_video,,,,,,,,knn_k1,0.22708289325237274
stage0_contrastive_bs8_fn4_001,clean,c2r/background/blocks_ranking_size/seed_483186537/progress_000,blocks_ranking_size,seed_483186537,c2r,background,0.0,19,condition_video,,,,,,,,knn_k1,0.3244951665401459
stage0_contrastive_bs8_fn4_001,clean,c2r/background/place_phone_stand/seed_844715882/progress_000,place_phone_stand,seed_844715882,c2r,background,0.0,19,condition_video,,,,,,,,knn_k1,0.25526461005210876
stage0_contrastive_bs8_fn4_001,clean,c2r/background/place_can_basket/seed_873890208/progress_000,place_can_basket,seed_873890208,c2r,background,0.0,19,condition_video,,,,,,,,knn_k1,0.3067089915275574
stage0_contrastive_bs8_fn4_001,clean,c2r/background/place_object_scale/seed_28989601/progress_000,place_object_scale,seed_28989601,c2r,background,0.0,19,condition_video,,,,,,,,knn_k1,0.2659512460231781
stage0_contrastive_bs8_fn4_001,clean,c2r/background/place_a2b_left/seed_494714106/progress_000,place_a2b_left,seed_494714106,c2r,background,0.0,19,condition_video,,,,,,,,knn_k1,0.273891419172287
stage0_contrastive_bs8_fn4_001,clean,c2r/background/grab_roller/seed_274067892/progress_000,grab_roller,seed_274067892,c2r,background,0.0,19,condition_video,,,,,,,,knn_k1,0.2606377601623535
stage0_contrastive_bs8_fn4_001,clean,c2r/background/place_dual_shoes/seed_100946921/progress_000,place_dual_shoes,seed_100946921,c2r,background,0.0,19,condition_video,,,,,,,,knn_k1,0.3045957386493683
stage0_contrastive_bs8_fn4_001,clean,c2r/background/place_empty_cup/seed_66017520/progress_000,place_empty_cup,seed_66017520,c2r,background,0.0,19,condition_video,,,,,,,,knn_k1,0.2835029661655426
stage0_contrastive_bs8_fn4_001,clean,c2r/background/blocks_ranking_rgb/seed_392877897/progress_000,blocks_ranking_rgb,seed_392877897,c2r,background,0.0,19,condition_video,,,,,,,,knn_k1,0.3215547204017639
stage0_contrastive_bs8_fn4_001,clean,aggregate,all,all,c2r,background,,19,condition_video,,,,,,,,knn_k1_mean,0.28905963569879534
stage0_contrastive_bs8_fn4_001,clean,aggregate,all,group_split,c2r,background,,19,condition_video,,,,,,,,domain_balanced_accuracy,0.5
stage0_contrastive_bs8_fn4_001,clean,aggregate,all,group_split,c2r,background,,19,condition_video,,,,,,,,domain_auroc,1.0
stage0_contrastive_bs8_fn4_001,clean,c2r/clutter/stack_bowls_three/seed_761954913/progress_000,stack_bowls_three,seed_761954913,c2r,clutter,0.0,19,condition_video,,,,,,,,knn_k1,0.3094745874404907
stage0_contrastive_bs8_fn4_001,clean,c2r/clutter/handover_block/seed_624737248/progress_000,handover_block,seed_624737248,c2r,clutter,0.0,19,condition_video,,,,,,,,knn_k1,0.30677515268325806
stage0_contrastive_bs8_fn4_001,clean,c2r/clutter/hanging_mug/seed_853936167/progress_000,hanging_mug,seed_853936167,c2r,clutter,0.0,19,condition_video,,,,,,,,knn_k1,0.29647964239120483
stage0_contrastive_bs8_fn4_001,clean,c2r/clutter/scan_object/seed_200154928/progress_000,scan_object,seed_200154928,c2r,clutter,0.0,19,condition_video,,,,,,,,knn_k1,0.2936355173587799
stage0_contrastive_bs8_fn4_001,clean,c2r/clutter/lift_pot/seed_36841133/progress_000,lift_pot,seed_36841133,c2r,clutter,0.0,19,condition_video,,,,,,,,knn_k1,0.2618403136730194
stage0_contrastive_bs8_fn4_001,clean,c2r/clutter/put_object_cabinet/seed_213141741/progress_000,put_object_cabinet,seed_213141741,c2r,clutter,0.0,19,condition_video,,,,,,,,knn_k1,0.2955196797847748
stage0_contrastive_bs8_fn4_001,clean,c2r/clutter/stack_blocks_three/seed_885782772/progress_000,stack_blocks_three,seed_885782772,c2r,clutter,0.0,19,condition_video,,,,,,,,knn_k1,0.3224114179611206
stage0_contrastive_bs8_fn4_001,clean,c2r/clutter/place_shoe/seed_148930251/progress_000,place_shoe,seed_148930251,c2r,clutter,0.0,19,condition_video,,,,,,,,knn_k1,0.2830013930797577
stage0_contrastive_bs8_fn4_001,clean,c2r/clutter/adjust_bottle/seed_487447292/progress_000,adjust_bottle,seed_487447292,c2r,clutter,0.0,19,condition_video,,,,,,,,knn_k1,0.26239463686943054
stage0_contrastive_bs8_fn4_001,clean,c2r/clutter/place_mouse_pad/seed_782913939/progress_000,place_mouse_pad,seed_782913939,c2r,clutter,0.0,19,condition_video,,,,,,,,knn_k1,0.2852135896682739
stage0_contrastive_bs8_fn4_001,clean,c2r/clutter/dump_bin_bigbin/seed_48286788/progress_000,dump_bin_bigbin,seed_48286788,c2r,clutter,0.0,19,condition_video,,,,,,,,knn_k1,0.29172828793525696
stage0_contrastive_bs8_fn4_001,clean,c2r/clutter/move_pillbottle_pad/seed_170572259/progress_000,move_pillbottle_pad,seed_170572259,c2r,clutter,0.0,19,condition_video,,,,,,,,knn_k1,0.28116729855537415
stage0_contrastive_bs8_fn4_001,clean,c2r/clutter/pick_dual_bottles/seed_4182488/progress_000,pick_dual_bottles,seed_4182488,c2r,clutter,0.0,19,condition_video,,,,,,,,knn_k1,0.2817895710468292
stage0_contrastive_bs8_fn4_001,clean,c2r/clutter/shake_bottle/seed_509663030/progress_000,shake_bottle,seed_509663030,c2r,clutter,0.0,19,condition_video,,,,,,,,knn_k1,0.35762888193130493
stage0_contrastive_bs8_fn4_001,clean,c2r/clutter/place_fan/seed_847307321/progress_000,place_fan,seed_847307321,c2r,clutter,0.0,19,condition_video,,,,,,,,knn_k1,0.28029680252075195
stage0_contrastive_bs8_fn4_001,clean,c2r/clutter/turn_switch/seed_106540409/progress_000,turn_switch,seed_106540409,c2r,clutter,0.0,19,condition_video,,,,,,,,knn_k1,0.264456182718277
stage0_contrastive_bs8_fn4_001,clean,c2r/clutter/shake_bottle_horizontally/seed_491429438/progress_000,shake_bottle_horizontally,seed_491429438,c2r,clutter,0.0,19,condition_video,,,,,,,,knn_k1,0.3437863290309906
stage0_contrastive_bs8_fn4_001,clean,c2r/clutter/place_container_plate/seed_594486020/progress_000,place_container_plate,seed_594486020,c2r,clutter,0.0,19,condition_video,,,,,,,,knn_k1,0.271614134311676
stage0_contrastive_bs8_fn4_001,clean,c2r/clutter/rotate_qrcode/seed_362674036/progress_000,rotate_qrcode,seed_362674036,c2r,clutter,0.0,19,condition_video,,,,,,,,knn_k1,0.2847141623497009
stage0_contrastive_bs8_fn4_001,clean,c2r/clutter/place_object_stand/seed_162697052/progress_000,place_object_stand,seed_162697052,c2r,clutter,0.0,19,condition_video,,,,,,,,knn_k1,0.252503901720047
stage0_contrastive_bs8_fn4_001,clean,c2r/clutter/put_bottles_dustbin/seed_148690198/progress_000,put_bottles_dustbin,seed_148690198,c2r,clutter,0.0,19,condition_video,,,,,,,,knn_k1,0.3343955874443054
stage0_contrastive_bs8_fn4_001,clean,c2r/clutter/move_stapler_pad/seed_744409618/progress_000,move_stapler_pad,seed_744409618,c2r,clutter,0.0,19,condition_video,,,,,,,,knn_k1,0.28121432662010193
stage0_contrastive_bs8_fn4_001,clean,c2r/clutter/place_burger_fries/seed_303636962/progress_000,place_burger_fries,seed_303636962,c2r,clutter,0.0,19,condition_video,,,,,,,,knn_k1,0.3058726191520691
stage0_contrastive_bs8_fn4_001,clean,c2r/clutter/place_bread_basket/seed_105344671/progress_000,place_bread_basket,seed_105344671,c2r,clutter,0.0,19,condition_video,,,,,,,,knn_k1,0.2945784628391266
stage0_contrastive_bs8_fn4_001,clean,c2r/clutter/pick_diverse_bottles/seed_21321356/progress_000,pick_diverse_bottles,seed_21321356,c2r,clutter,0.0,19,condition_video,,,,,,,,knn_k1,0.28603896498680115
stage0_contrastive_bs8_fn4_001,clean,c2r/clutter/open_microwave/seed_136410473/progress_000,open_microwave,seed_136410473,c2r,clutter,0.0,19,condition_video,,,,,,,,knn_k1,0.3394850790500641
stage0_contrastive_bs8_fn4_001,clean,c2r/clutter/beat_block_hammer/seed_36693999/progress_000,beat_block_hammer,seed_36693999,c2r,clutter,0.0,19,condition_video,,,,,,,,knn_k1,0.25741663575172424
stage0_contrastive_bs8_fn4_001,clean,c2r/clutter/press_stapler/seed_880007787/progress_000,press_stapler,seed_880007787,c2r,clutter,0.0,19,condition_video,,,,,,,,knn_k1,0.2667665183544159
stage0_contrastive_bs8_fn4_001,clean,c2r/clutter/click_bell/seed_539095014/progress_000,click_bell,seed_539095014,c2r,clutter,0.0,19,condition_video,,,,,,,,knn_k1,0.24967971444129944
stage0_contrastive_bs8_fn4_001,clean,c2r/clutter/move_playingcard_away/seed_385288247/progress_000,move_playingcard_away,seed_385288247,c2r,clutter,0.0,19,condition_video,,,,,,,,knn_k1,0.26790735125541687
stage0_contrastive_bs8_fn4_001,clean,c2r/clutter/open_laptop/seed_260421436/progress_000,open_laptop,seed_260421436,c2r,clutter,0.0,19,condition_video,,,,,,,,knn_k1,0.2997264266014099
stage0_contrastive_bs8_fn4_001,clean,c2r/clutter/move_can_pot/seed_445842829/progress_000,move_can_pot,seed_445842829,c2r,clutter,0.0,19,condition_video,,,,,,,,knn_k1,0.28985723853111267
stage0_contrastive_bs8_fn4_001,clean,c2r/clutter/stack_bowls_two/seed_408127787/progress_000,stack_bowls_two,seed_408127787,c2r,clutter,0.0,19,condition_video,,,,,,,,knn_k1,0.2903265058994293
stage0_contrastive_bs8_fn4_001,clean,c2r/clutter/place_a2b_right/seed_298826397/progress_000,place_a2b_right,seed_298826397,c2r,clutter,0.0,19,condition_video,,,,,,,,knn_k1,0.2699901759624481
stage0_contrastive_bs8_fn4_001,clean,c2r/clutter/stamp_seal/seed_748150648/progress_000,stamp_seal,seed_748150648,c2r,clutter,0.0,19,condition_video,,,,,,,,knn_k1,0.27252835035324097
stage0_contrastive_bs8_fn4_001,clean,c2r/clutter/place_object_basket/seed_455727417/progress_000,place_object_basket,seed_455727417,c2r,clutter,0.0,19,condition_video,,,,,,,,knn_k1,0.3052669167518616
stage0_contrastive_bs8_fn4_001,clean,c2r/clutter/handover_mic/seed_27533572/progress_000,handover_mic,seed_27533572,c2r,clutter,0.0,19,condition_video,,,,,,,,knn_k1,0.2839488685131073
stage0_contrastive_bs8_fn4_001,clean,c2r/clutter/place_bread_skillet/seed_470829968/progress_000,place_bread_skillet,seed_470829968,c2r,clutter,0.0,19,condition_video,,,,,,,,knn_k1,0.28217366337776184
stage0_contrastive_bs8_fn4_001,clean,c2r/clutter/stack_blocks_two/seed_193292576/progress_000,stack_blocks_two,seed_193292576,c2r,clutter,0.0,19,condition_video,,,,,,,,knn_k1,0.3046928942203522
stage0_contrastive_bs8_fn4_001,clean,c2r/clutter/place_cans_plasticbox/seed_552905247/progress_000,place_cans_plasticbox,seed_552905247,c2r,clutter,0.0,19,condition_video,,,,,,,,knn_k1,0.3070756793022156
stage0_contrastive_bs8_fn4_001,clean,c2r/clutter/click_alarmclock/seed_257639388/progress_000,click_alarmclock,seed_257639388,c2r,clutter,0.0,19,condition_video,,,,,,,,knn_k1,0.22901007533073425
stage0_contrastive_bs8_fn4_001,clean,c2r/clutter/blocks_ranking_size/seed_676842534/progress_000,blocks_ranking_size,seed_676842534,c2r,clutter,0.0,19,condition_video,,,,,,,,knn_k1,0.32441481947898865
stage0_contrastive_bs8_fn4_001,clean,c2r/clutter/place_phone_stand/seed_560963078/progress_000,place_phone_stand,seed_560963078,c2r,clutter,0.0,19,condition_video,,,,,,,,knn_k1,0.25420066714286804
stage0_contrastive_bs8_fn4_001,clean,c2r/clutter/place_can_basket/seed_578149817/progress_000,place_can_basket,seed_578149817,c2r,clutter,0.0,19,condition_video,,,,,,,,knn_k1,0.2895278036594391
stage0_contrastive_bs8_fn4_001,clean,c2r/clutter/place_object_scale/seed_142945748/progress_000,place_object_scale,seed_142945748,c2r,clutter,0.0,19,condition_video,,,,,,,,knn_k1,0.26899585127830505
stage0_contrastive_bs8_fn4_001,clean,c2r/clutter/place_a2b_left/seed_712001400/progress_000,place_a2b_left,seed_712001400,c2r,clutter,0.0,19,condition_video,,,,,,,,knn_k1,0.2737330496311188
stage0_contrastive_bs8_fn4_001,clean,c2r/clutter/grab_roller/seed_489372951/progress_000,grab_roller,seed_489372951,c2r,clutter,0.0,19,condition_video,,,,,,,,knn_k1,0.261016309261322
stage0_contrastive_bs8_fn4_001,clean,c2r/clutter/place_dual_shoes/seed_486785621/progress_000,place_dual_shoes,seed_486785621,c2r,clutter,0.0,19,condition_video,,,,,,,,knn_k1,0.3075787425041199
stage0_contrastive_bs8_fn4_001,clean,c2r/clutter/place_empty_cup/seed_270996463/progress_000,place_empty_cup,seed_270996463,c2r,clutter,0.0,19,condition_video,,,,,,,,knn_k1,0.2781083285808563
stage0_contrastive_bs8_fn4_001,clean,c2r/clutter/blocks_ranking_rgb/seed_350545820/progress_000,blocks_ranking_rgb,seed_350545820,c2r,clutter,0.0,19,condition_video,,,,,,,,knn_k1,0.32455748319625854
stage0_contrastive_bs8_fn4_001,clean,aggregate,all,all,c2r,clutter,,19,condition_video,,,,,,,,knn_k1_mean,0.2885303318500519
stage0_contrastive_bs8_fn4_001,clean,aggregate,all,group_split,c2r,clutter,,19,condition_video,,,,,,,,domain_balanced_accuracy,0.5
stage0_contrastive_bs8_fn4_001,clean,aggregate,all,group_split,c2r,clutter,,19,condition_video,,,,,,,,domain_auroc,1.0
stage0_contrastive_bs8_fn4_001,clean,c2r/height/stack_bowls_three/seed_777107145/progress_000,stack_bowls_three,seed_777107145,c2r,height,0.0,19,condition_video,,,,,,,,knn_k1,0.30821579694747925
stage0_contrastive_bs8_fn4_001,clean,c2r/height/handover_block/seed_153931416/progress_000,handover_block,seed_153931416,c2r,height,0.0,19,condition_video,,,,,,,,knn_k1,0.3088899552822113
stage0_contrastive_bs8_fn4_001,clean,c2r/height/hanging_mug/seed_797626889/progress_000,hanging_mug,seed_797626889,c2r,height,0.0,19,condition_video,,,,,,,,knn_k1,0.2981888949871063
stage0_contrastive_bs8_fn4_001,clean,c2r/height/scan_object/seed_86820161/progress_000,scan_object,seed_86820161,c2r,height,0.0,19,condition_video,,,,,,,,knn_k1,0.2968614399433136
stage0_contrastive_bs8_fn4_001,clean,c2r/height/lift_pot/seed_358880989/progress_000,lift_pot,seed_358880989,c2r,height,0.0,19,condition_video,,,,,,,,knn_k1,0.26074597239494324
stage0_contrastive_bs8_fn4_001,clean,c2r/height/put_object_cabinet/seed_579804476/progress_000,put_object_cabinet,seed_579804476,c2r,height,0.0,19,condition_video,,,,,,,,knn_k1,0.29315119981765747
stage0_contrastive_bs8_fn4_001,clean,c2r/height/stack_blocks_three/seed_510834284/progress_000,stack_blocks_three,seed_510834284,c2r,height,0.0,19,condition_video,,,,,,,,knn_k1,0.3219515085220337
stage0_contrastive_bs8_fn4_001,clean,c2r/height/place_shoe/seed_547565528/progress_000,place_shoe,seed_547565528,c2r,height,0.0,19,condition_video,,,,,,,,knn_k1,0.2829834222793579
stage0_contrastive_bs8_fn4_001,clean,c2r/height/adjust_bottle/seed_455908385/progress_000,adjust_bottle,seed_455908385,c2r,height,0.0,19,condition_video,,,,,,,,knn_k1,0.2571415305137634
stage0_contrastive_bs8_fn4_001,clean,c2r/height/place_mouse_pad/seed_747588073/progress_000,place_mouse_pad,seed_747588073,c2r,height,0.0,19,condition_video,,,,,,,,knn_k1,0.2923065423965454
stage0_contrastive_bs8_fn4_001,clean,c2r/height/dump_bin_bigbin/seed_609125485/progress_000,dump_bin_bigbin,seed_609125485,c2r,height,0.0,19,condition_video,,,,,,,,knn_k1,0.2951013445854187
stage0_contrastive_bs8_fn4_001,clean,c2r/height/move_pillbottle_pad/seed_454258712/progress_000,move_pillbottle_pad,seed_454258712,c2r,height,0.0,19,condition_video,,,,,,,,knn_k1,0.28959953784942627
stage0_contrastive_bs8_fn4_001,clean,c2r/height/pick_dual_bottles/seed_625462229/progress_000,pick_dual_bottles,seed_625462229,c2r,height,0.0,19,condition_video,,,,,,,,knn_k1,0.279178649187088
stage0_contrastive_bs8_fn4_001,clean,c2r/height/shake_bottle/seed_11397417/progress_000,shake_bottle,seed_11397417,c2r,height,0.0,19,condition_video,,,,,,,,knn_k1,0.360324889421463
stage0_contrastive_bs8_fn4_001,clean,c2r/height/place_fan/seed_562359323/progress_000,place_fan,seed_562359323,c2r,height,0.0,19,condition_video,,,,,,,,knn_k1,0.28002116084098816
stage0_contrastive_bs8_fn4_001,clean,c2r/height/turn_switch/seed_388598700/progress_000,turn_switch,seed_388598700,c2r,height,0.0,19,condition_video,,,,,,,,knn_k1,0.2686171531677246
stage0_contrastive_bs8_fn4_001,clean,c2r/height/shake_bottle_horizontally/seed_506817488/progress_000,shake_bottle_horizontally,seed_506817488,c2r,height,0.0,19,condition_video,,,,,,,,knn_k1,0.3496614098548889
stage0_contrastive_bs8_fn4_001,clean,c2r/height/place_container_plate/seed_661154812/progress_000,place_container_plate,seed_661154812,c2r,height,0.0,19,condition_video,,,,,,,,knn_k1,0.27197057008743286
stage0_contrastive_bs8_fn4_001,clean,c2r/height/rotate_qrcode/seed_391550427/progress_000,rotate_qrcode,seed_391550427,c2r,height,0.0,19,condition_video,,,,,,,,knn_k1,0.27602988481521606
stage0_contrastive_bs8_fn4_001,clean,c2r/height/place_object_stand/seed_520492387/progress_000,place_object_stand,seed_520492387,c2r,height,0.0,19,condition_video,,,,,,,,knn_k1,0.26051267981529236
stage0_contrastive_bs8_fn4_001,clean,c2r/height/put_bottles_dustbin/seed_833796020/progress_000,put_bottles_dustbin,seed_833796020,c2r,height,0.0,19,condition_video,,,,,,,,knn_k1,0.3356730043888092
stage0_contrastive_bs8_fn4_001,clean,c2r/height/move_stapler_pad/seed_626979943/progress_000,move_stapler_pad,seed_626979943,c2r,height,0.0,19,condition_video,,,,,,,,knn_k1,0.28446516394615173
stage0_contrastive_bs8_fn4_001,clean,c2r/height/place_burger_fries/seed_44486756/progress_000,place_burger_fries,seed_44486756,c2r,height,0.0,19,condition_video,,,,,,,,knn_k1,0.296716570854187
stage0_contrastive_bs8_fn4_001,clean,c2r/height/place_bread_basket/seed_769514620/progress_000,place_bread_basket,seed_769514620,c2r,height,0.0,19,condition_video,,,,,,,,knn_k1,0.2978416681289673
stage0_contrastive_bs8_fn4_001,clean,c2r/height/pick_diverse_bottles/seed_202104734/progress_000,pick_diverse_bottles,seed_202104734,c2r,height,0.0,19,condition_video,,,,,,,,knn_k1,0.28649047017097473
stage0_contrastive_bs8_fn4_001,clean,c2r/height/open_microwave/seed_670586037/progress_000,open_microwave,seed_670586037,c2r,height,0.0,19,condition_video,,,,,,,,knn_k1,0.34081074595451355
stage0_contrastive_bs8_fn4_001,clean,c2r/height/beat_block_hammer/seed_146228030/progress_000,beat_block_hammer,seed_146228030,c2r,height,0.0,19,condition_video,,,,,,,,knn_k1,0.25663015246391296
stage0_contrastive_bs8_fn4_001,clean,c2r/height/press_stapler/seed_623879527/progress_000,press_stapler,seed_623879527,c2r,height,0.0,19,condition_video,,,,,,,,knn_k1,0.26616501808166504
stage0_contrastive_bs8_fn4_001,clean,c2r/height/click_bell/seed_576942388/progress_000,click_bell,seed_576942388,c2r,height,0.0,19,condition_video,,,,,,,,knn_k1,0.25490638613700867
stage0_contrastive_bs8_fn4_001,clean,c2r/height/move_playingcard_away/seed_468245999/progress_000,move_playingcard_away,seed_468245999,c2r,height,0.0,19,condition_video,,,,,,,,knn_k1,0.2715003788471222
stage0_contrastive_bs8_fn4_001,clean,c2r/height/open_laptop/seed_273582622/progress_000,open_laptop,seed_273582622,c2r,height,0.0,19,condition_video,,,,,,,,knn_k1,0.303466796875
stage0_contrastive_bs8_fn4_001,clean,c2r/height/move_can_pot/seed_285658487/progress_000,move_can_pot,seed_285658487,c2r,height,0.0,19,condition_video,,,,,,,,knn_k1,0.2908939719200134
stage0_contrastive_bs8_fn4_001,clean,c2r/height/stack_bowls_two/seed_116018094/progress_000,stack_bowls_two,seed_116018094,c2r,height,0.0,19,condition_video,,,,,,,,knn_k1,0.290193110704422
stage0_contrastive_bs8_fn4_001,clean,c2r/height/place_a2b_right/seed_803724289/progress_000,place_a2b_right,seed_803724289,c2r,height,0.0,19,condition_video,,,,,,,,knn_k1,0.27199363708496094
stage0_contrastive_bs8_fn4_001,clean,c2r/height/stamp_seal/seed_391510540/progress_000,stamp_seal,seed_391510540,c2r,height,0.0,19,condition_video,,,,,,,,knn_k1,0.27293428778648376
stage0_contrastive_bs8_fn4_001,clean,c2r/height/place_object_basket/seed_760526045/progress_000,place_object_basket,seed_760526045,c2r,height,0.0,19,condition_video,,,,,,,,knn_k1,0.2935238182544708
stage0_contrastive_bs8_fn4_001,clean,c2r/height/handover_mic/seed_537376167/progress_000,handover_mic,seed_537376167,c2r,height,0.0,19,condition_video,,,,,,,,knn_k1,0.2896166145801544
stage0_contrastive_bs8_fn4_001,clean,c2r/height/place_bread_skillet/seed_394408374/progress_000,place_bread_skillet,seed_394408374,c2r,height,0.0,19,condition_video,,,,,,,,knn_k1,0.2806406319141388
stage0_contrastive_bs8_fn4_001,clean,c2r/height/stack_blocks_two/seed_639631926/progress_000,stack_blocks_two,seed_639631926,c2r,height,0.0,19,condition_video,,,,,,,,knn_k1,0.29951757192611694
stage0_contrastive_bs8_fn4_001,clean,c2r/height/place_cans_plasticbox/seed_514553626/progress_000,place_cans_plasticbox,seed_514553626,c2r,height,0.0,19,condition_video,,,,,,,,knn_k1,0.30504533648490906
stage0_contrastive_bs8_fn4_001,clean,c2r/height/click_alarmclock/seed_789543505/progress_000,click_alarmclock,seed_789543505,c2r,height,0.0,19,condition_video,,,,,,,,knn_k1,0.23433645069599152
stage0_contrastive_bs8_fn4_001,clean,c2r/height/blocks_ranking_size/seed_3661514/progress_000,blocks_ranking_size,seed_3661514,c2r,height,0.0,19,condition_video,,,,,,,,knn_k1,0.3230951428413391
stage0_contrastive_bs8_fn4_001,clean,c2r/height/place_phone_stand/seed_39116909/progress_000,place_phone_stand,seed_39116909,c2r,height,0.0,19,condition_video,,,,,,,,knn_k1,0.2580146789550781
stage0_contrastive_bs8_fn4_001,clean,c2r/height/place_can_basket/seed_788353025/progress_000,place_can_basket,seed_788353025,c2r,height,0.0,19,condition_video,,,,,,,,knn_k1,0.2869732677936554
stage0_contrastive_bs8_fn4_001,clean,c2r/height/place_object_scale/seed_603032508/progress_000,place_object_scale,seed_603032508,c2r,height,0.0,19,condition_video,,,,,,,,knn_k1,0.2684412896633148
stage0_contrastive_bs8_fn4_001,clean,c2r/height/place_a2b_left/seed_240483131/progress_000,place_a2b_left,seed_240483131,c2r,height,0.0,19,condition_video,,,,,,,,knn_k1,0.2716829478740692
stage0_contrastive_bs8_fn4_001,clean,c2r/height/grab_roller/seed_452075745/progress_000,grab_roller,seed_452075745,c2r,height,0.0,19,condition_video,,,,,,,,knn_k1,0.26239630579948425
stage0_contrastive_bs8_fn4_001,clean,c2r/height/place_dual_shoes/seed_890676601/progress_000,place_dual_shoes,seed_890676601,c2r,height,0.0,19,condition_video,,,,,,,,knn_k1,0.3031672239303589
stage0_contrastive_bs8_fn4_001,clean,c2r/height/place_empty_cup/seed_859277454/progress_000,place_empty_cup,seed_859277454,c2r,height,0.0,19,condition_video,,,,,,,,knn_k1,0.2796628475189209
stage0_contrastive_bs8_fn4_001,clean,c2r/height/blocks_ranking_rgb/seed_114117740/progress_000,blocks_ranking_rgb,seed_114117740,c2r,height,0.0,19,condition_video,,,,,,,,knn_k1,0.3266071081161499
stage0_contrastive_bs8_fn4_001,clean,aggregate,all,all,c2r,height,,19,condition_video,,,,,,,,knn_k1_mean,0.2890971228480339
stage0_contrastive_bs8_fn4_001,clean,aggregate,all,group_split,c2r,height,,19,condition_video,,,,,,,,domain_balanced_accuracy,0.5
stage0_contrastive_bs8_fn4_001,clean,aggregate,all,group_split,c2r,height,,19,condition_video,,,,,,,,domain_auroc,1.0
stage0_contrastive_bs8_fn4_001,clean,c2r/light/stack_bowls_three/seed_317869620/progress_000,stack_bowls_three,seed_317869620,c2r,light,0.0,19,condition_video,,,,,,,,knn_k1,0.3641325831413269
stage0_contrastive_bs8_fn4_001,clean,c2r/light/handover_block/seed_879311662/progress_000,handover_block,seed_879311662,c2r,light,0.0,19,condition_video,,,,,,,,knn_k1,0.41935282945632935
stage0_contrastive_bs8_fn4_001,clean,c2r/light/hanging_mug/seed_459299139/progress_000,hanging_mug,seed_459299139,c2r,light,0.0,19,condition_video,,,,,,,,knn_k1,0.3797045052051544
stage0_contrastive_bs8_fn4_001,clean,c2r/light/scan_object/seed_289038431/progress_000,scan_object,seed_289038431,c2r,light,0.0,19,condition_video,,,,,,,,knn_k1,0.34895968437194824
stage0_contrastive_bs8_fn4_001,clean,c2r/light/lift_pot/seed_185598812/progress_000,lift_pot,seed_185598812,c2r,light,0.0,19,condition_video,,,,,,,,knn_k1,0.27438631653785706
stage0_contrastive_bs8_fn4_001,clean,c2r/light/put_object_cabinet/seed_644929938/progress_000,put_object_cabinet,seed_644929938,c2r,light,0.0,19,condition_video,,,,,,,,knn_k1,0.33533844351768494
stage0_contrastive_bs8_fn4_001,clean,c2r/light/stack_blocks_three/seed_314814982/progress_000,stack_blocks_three,seed_314814982,c2r,light,0.0,19,condition_video,,,,,,,,knn_k1,0.39111924171447754
stage0_contrastive_bs8_fn4_001,clean,c2r/light/place_shoe/seed_259707623/progress_000,place_shoe,seed_259707623,c2r,light,0.0,19,condition_video,,,,,,,,knn_k1,0.3464125692844391
stage0_contrastive_bs8_fn4_001,clean,c2r/light/adjust_bottle/seed_218427993/progress_000,adjust_bottle,seed_218427993,c2r,light,0.0,19,condition_video,,,,,,,,knn_k1,0.3149319887161255
stage0_contrastive_bs8_fn4_001,clean,c2r/light/place_mouse_pad/seed_866209002/progress_000,place_mouse_pad,seed_866209002,c2r,light,0.0,19,condition_video,,,,,,,,knn_k1,0.37596556544303894
stage0_contrastive_bs8_fn4_001,clean,c2r/light/dump_bin_bigbin/seed_423840151/progress_000,dump_bin_bigbin,seed_423840151,c2r,light,0.0,19,condition_video,,,,,,,,knn_k1,0.38497838377952576
stage0_contrastive_bs8_fn4_001,clean,c2r/light/move_pillbottle_pad/seed_635002489/progress_000,move_pillbottle_pad,seed_635002489,c2r,light,0.0,19,condition_video,,,,,,,,knn_k1,0.3925146162509918
stage0_contrastive_bs8_fn4_001,clean,c2r/light/pick_dual_bottles/seed_7690756/progress_000,pick_dual_bottles,seed_7690756,c2r,light,0.0,19,condition_video,,,,,,,,knn_k1,0.3285848796367645
stage0_contrastive_bs8_fn4_001,clean,c2r/light/shake_bottle/seed_716268860/progress_000,shake_bottle,seed_716268860,c2r,light,0.0,19,condition_video,,,,,,,,knn_k1,0.4414042830467224
stage0_contrastive_bs8_fn4_001,clean,c2r/light/place_fan/seed_519267369/progress_000,place_fan,seed_519267369,c2r,light,0.0,19,condition_video,,,,,,,,knn_k1,0.3599068522453308
stage0_contrastive_bs8_fn4_001,clean,c2r/light/turn_switch/seed_493838736/progress_000,turn_switch,seed_493838736,c2r,light,0.0,19,condition_video,,,,,,,,knn_k1,0.4004429876804352
stage0_contrastive_bs8_fn4_001,clean,c2r/light/shake_bottle_horizontally/seed_497389386/progress_000,shake_bottle_horizontally,seed_497389386,c2r,light,0.0,19,condition_video,,,,,,,,knn_k1,0.4018413722515106
stage0_contrastive_bs8_fn4_001,clean,c2r/light/place_container_plate/seed_252210122/progress_000,place_container_plate,seed_252210122,c2r,light,0.0,19,condition_video,,,,,,,,knn_k1,0.3933451771736145
stage0_contrastive_bs8_fn4_001,clean,c2r/light/rotate_qrcode/seed_24255504/progress_000,rotate_qrcode,seed_24255504,c2r,light,0.0,19,condition_video,,,,,,,,knn_k1,0.4057123363018036
stage0_contrastive_bs8_fn4_001,clean,c2r/light/place_object_stand/seed_603755546/progress_000,place_object_stand,seed_603755546,c2r,light,0.0,19,condition_video,,,,,,,,knn_k1,0.29322007298469543
stage0_contrastive_bs8_fn4_001,clean,c2r/light/put_bottles_dustbin/seed_473207494/progress_000,put_bottles_dustbin,seed_473207494,c2r,light,0.0,19,condition_video,,,,,,,,knn_k1,0.40380367636680603
stage0_contrastive_bs8_fn4_001,clean,c2r/light/move_stapler_pad/seed_724544048/progress_000,move_stapler_pad,seed_724544048,c2r,light,0.0,19,condition_video,,,,,,,,knn_k1,0.4479667842388153
stage0_contrastive_bs8_fn4_001,clean,c2r/light/place_burger_fries/seed_764956105/progress_000,place_burger_fries,seed_764956105,c2r,light,0.0,19,condition_video,,,,,,,,knn_k1,0.3663821518421173
stage0_contrastive_bs8_fn4_001,clean,c2r/light/place_bread_basket/seed_548994270/progress_000,place_bread_basket,seed_548994270,c2r,light,0.0,19,condition_video,,,,,,,,knn_k1,0.34392592310905457
stage0_contrastive_bs8_fn4_001,clean,c2r/light/pick_diverse_bottles/seed_469296516/progress_000,pick_diverse_bottles,seed_469296516,c2r,light,0.0,19,condition_video,,,,,,,,knn_k1,0.32948726415634155
stage0_contrastive_bs8_fn4_001,clean,c2r/light/open_microwave/seed_126026794/progress_000,open_microwave,seed_126026794,c2r,light,0.0,19,condition_video,,,,,,,,knn_k1,0.39911454916000366
stage0_contrastive_bs8_fn4_001,clean,c2r/light/beat_block_hammer/seed_190785939/progress_000,beat_block_hammer,seed_190785939,c2r,light,0.0,19,condition_video,,,,,,,,knn_k1,0.36347973346710205
stage0_contrastive_bs8_fn4_001,clean,c2r/light/press_stapler/seed_645584852/progress_000,press_stapler,seed_645584852,c2r,light,0.0,19,condition_video,,,,,,,,knn_k1,0.3493879437446594
stage0_contrastive_bs8_fn4_001,clean,c2r/light/click_bell/seed_611142223/progress_000,click_bell,seed_611142223,c2r,light,0.0,19,condition_video,,,,,,,,knn_k1,0.3127343952655792
stage0_contrastive_bs8_fn4_001,clean,c2r/light/move_playingcard_away/seed_698951458/progress_000,move_playingcard_away,seed_698951458,c2r,light,0.0,19,condition_video,,,,,,,,knn_k1,0.2849295139312744
stage0_contrastive_bs8_fn4_001,clean,c2r/light/open_laptop/seed_627389206/progress_000,open_laptop,seed_627389206,c2r,light,0.0,19,condition_video,,,,,,,,knn_k1,0.3263199031352997
stage0_contrastive_bs8_fn4_001,clean,c2r/light/move_can_pot/seed_248023816/progress_000,move_can_pot,seed_248023816,c2r,light,0.0,19,condition_video,,,,,,,,knn_k1,0.34558072686195374
stage0_contrastive_bs8_fn4_001,clean,c2r/light/stack_bowls_two/seed_656246828/progress_000,stack_bowls_two,seed_656246828,c2r,light,0.0,19,condition_video,,,,,,,,knn_k1,0.36541905999183655
stage0_contrastive_bs8_fn4_001,clean,c2r/light/place_a2b_right/seed_803416018/progress_000,place_a2b_right,seed_803416018,c2r,light,0.0,19,condition_video,,,,,,,,knn_k1,0.3114512860774994
stage0_contrastive_bs8_fn4_001,clean,c2r/light/stamp_seal/seed_203079918/progress_000,stamp_seal,seed_203079918,c2r,light,0.0,19,condition_video,,,,,,,,knn_k1,0.32563886046409607
stage0_contrastive_bs8_fn4_001,clean,c2r/light/place_object_basket/seed_241125908/progress_000,place_object_basket,seed_241125908,c2r,light,0.0,19,condition_video,,,,,,,,knn_k1,0.4169251322746277
stage0_contrastive_bs8_fn4_001,clean,c2r/light/handover_mic/seed_283323218/progress_000,handover_mic,seed_283323218,c2r,light,0.0,19,condition_video,,,,,,,,knn_k1,0.42530128359794617
stage0_contrastive_bs8_fn4_001,clean,c2r/light/place_bread_skillet/seed_156686976/progress_000,place_bread_skillet,seed_156686976,c2r,light,0.0,19,condition_video,,,,,,,,knn_k1,0.3062613010406494
stage0_contrastive_bs8_fn4_001,clean,c2r/light/stack_blocks_two/seed_803532712/progress_000,stack_blocks_two,seed_803532712,c2r,light,0.0,19,condition_video,,,,,,,,knn_k1,0.41685014963150024
stage0_contrastive_bs8_fn4_001,clean,c2r/light/place_cans_plasticbox/seed_577981354/progress_000,place_cans_plasticbox,seed_577981354,c2r,light,0.0,19,condition_video,,,,,,,,knn_k1,0.3633175790309906
stage0_contrastive_bs8_fn4_001,clean,c2r/light/click_alarmclock/seed_762866989/progress_000,click_alarmclock,seed_762866989,c2r,light,0.0,19,condition_video,,,,,,,,knn_k1,0.23751546442508698
stage0_contrastive_bs8_fn4_001,clean,c2r/light/blocks_ranking_size/seed_505985753/progress_000,blocks_ranking_size,seed_505985753,c2r,light,0.0,19,condition_video,,,,,,,,knn_k1,0.4283401370048523
stage0_contrastive_bs8_fn4_001,clean,c2r/light/place_phone_stand/seed_624751721/progress_000,place_phone_stand,seed_624751721,c2r,light,0.0,19,condition_video,,,,,,,,knn_k1,0.3367798924446106
stage0_contrastive_bs8_fn4_001,clean,c2r/light/place_can_basket/seed_542145302/progress_000,place_can_basket,seed_542145302,c2r,light,0.0,19,condition_video,,,,,,,,knn_k1,0.31698372960090637
stage0_contrastive_bs8_fn4_001,clean,c2r/light/place_object_scale/seed_722575534/progress_000,place_object_scale,seed_722575534,c2r,light,0.0,19,condition_video,,,,,,,,knn_k1,0.34627723693847656
stage0_contrastive_bs8_fn4_001,clean,c2r/light/place_a2b_left/seed_663079132/progress_000,place_a2b_left,seed_663079132,c2r,light,0.0,19,condition_video,,,,,,,,knn_k1,0.2998773455619812
stage0_contrastive_bs8_fn4_001,clean,c2r/light/grab_roller/seed_482689013/progress_000,grab_roller,seed_482689013,c2r,light,0.0,19,condition_video,,,,,,,,knn_k1,0.38783982396125793
stage0_contrastive_bs8_fn4_001,clean,c2r/light/place_dual_shoes/seed_319436374/progress_000,place_dual_shoes,seed_319436374,c2r,light,0.0,19,condition_video,,,,,,,,knn_k1,0.30944177508354187
stage0_contrastive_bs8_fn4_001,clean,c2r/light/place_empty_cup/seed_606914953/progress_000,place_empty_cup,seed_606914953,c2r,light,0.0,19,condition_video,,,,,,,,knn_k1,0.3285982608795166
stage0_contrastive_bs8_fn4_001,clean,c2r/light/blocks_ranking_rgb/seed_339352330/progress_000,blocks_ranking_rgb,seed_339352330,c2r,light,0.0,19,condition_video,,,,,,,,knn_k1,0.36081260442733765
stage0_contrastive_bs8_fn4_001,clean,aggregate,all,all,c2r,light,,19,condition_video,,,,,,,,knn_k1_mean,0.35817996352910997
stage0_contrastive_bs8_fn4_001,clean,aggregate,all,group_split,c2r,light,,19,condition_video,,,,,,,,domain_balanced_accuracy,0.5
stage0_contrastive_bs8_fn4_001,clean,aggregate,all,group_split,c2r,light,,19,condition_video,,,,,,,,domain_auroc,1.0
stage0_contrastive_bs8_fn4_001,clean,c2r/background/stack_bowls_three/seed_27804535/progress_000,stack_bowls_three,seed_27804535,c2r,background,0.0,29,condition_video,,,,,,,,knn_k1,0.32965224981307983
stage0_contrastive_bs8_fn4_001,clean,c2r/background/handover_block/seed_120650234/progress_000,handover_block,seed_120650234,c2r,background,0.0,29,condition_video,,,,,,,,knn_k1,0.32127976417541504
stage0_contrastive_bs8_fn4_001,clean,c2r/background/hanging_mug/seed_538778923/progress_000,hanging_mug,seed_538778923,c2r,background,0.0,29,condition_video,,,,,,,,knn_k1,0.3388064205646515
stage0_contrastive_bs8_fn4_001,clean,c2r/background/scan_object/seed_262761732/progress_000,scan_object,seed_262761732,c2r,background,0.0,29,condition_video,,,,,,,,knn_k1,0.341574102640152
stage0_contrastive_bs8_fn4_001,clean,c2r/background/lift_pot/seed_710924868/progress_000,lift_pot,seed_710924868,c2r,background,0.0,29,condition_video,,,,,,,,knn_k1,0.3087664246559143
stage0_contrastive_bs8_fn4_001,clean,c2r/background/put_object_cabinet/seed_13370600/progress_000,put_object_cabinet,seed_13370600,c2r,background,0.0,29,condition_video,,,,,,,,knn_k1,0.3056085705757141
stage0_contrastive_bs8_fn4_001,clean,c2r/background/stack_blocks_three/seed_822087810/progress_000,stack_blocks_three,seed_822087810,c2r,background,0.0,29,condition_video,,,,,,,,knn_k1,0.34634649753570557
stage0_contrastive_bs8_fn4_001,clean,c2r/background/place_shoe/seed_676166693/progress_000,place_shoe,seed_676166693,c2r,background,0.0,29,condition_video,,,,,,,,knn_k1,0.31144940853118896
stage0_contrastive_bs8_fn4_001,clean,c2r/background/adjust_bottle/seed_863397555/progress_000,adjust_bottle,seed_863397555,c2r,background,0.0,29,condition_video,,,,,,,,knn_k1,0.31405702233314514
stage0_contrastive_bs8_fn4_001,clean,c2r/background/place_mouse_pad/seed_457852611/progress_000,place_mouse_pad,seed_457852611,c2r,background,0.0,29,condition_video,,,,,,,,knn_k1,0.3214665651321411
stage0_contrastive_bs8_fn4_001,clean,c2r/background/dump_bin_bigbin/seed_773111305/progress_000,dump_bin_bigbin,seed_773111305,c2r,background,0.0,29,condition_video,,,,,,,,knn_k1,0.3061653971672058
stage0_contrastive_bs8_fn4_001,clean,c2r/background/move_pillbottle_pad/seed_568983342/progress_000,move_pillbottle_pad,seed_568983342,c2r,background,0.0,29,condition_video,,,,,,,,knn_k1,0.31348347663879395
stage0_contrastive_bs8_fn4_001,clean,c2r/background/pick_dual_bottles/seed_117166061/progress_000,pick_dual_bottles,seed_117166061,c2r,background,0.0,29,condition_video,,,,,,,,knn_k1,0.318173348903656
stage0_contrastive_bs8_fn4_001,clean,c2r/background/shake_bottle/seed_331965946/progress_000,shake_bottle,seed_331965946,c2r,background,0.0,29,condition_video,,,,,,,,knn_k1,0.3427620232105255
stage0_contrastive_bs8_fn4_001,clean,c2r/background/place_fan/seed_543070044/progress_000,place_fan,seed_543070044,c2r,background,0.0,29,condition_video,,,,,,,,knn_k1,0.31788837909698486
stage0_contrastive_bs8_fn4_001,clean,c2r/background/turn_switch/seed_489873751/progress_000,turn_switch,seed_489873751,c2r,background,0.0,29,condition_video,,,,,,,,knn_k1,0.29993534088134766
stage0_contrastive_bs8_fn4_001,clean,c2r/background/shake_bottle_horizontally/seed_319358196/progress_000,shake_bottle_horizontally,seed_319358196,c2r,background,0.0,29,condition_video,,,,,,,,knn_k1,0.33538928627967834
stage0_contrastive_bs8_fn4_001,clean,c2r/background/place_container_plate/seed_14431598/progress_000,place_container_plate,seed_14431598,c2r,background,0.0,29,condition_video,,,,,,,,knn_k1,0.3042725920677185
stage0_contrastive_bs8_fn4_001,clean,c2r/background/rotate_qrcode/seed_372345110/progress_000,rotate_qrcode,seed_372345110,c2r,background,0.0,29,condition_video,,,,,,,,knn_k1,0.3265156149864197
stage0_contrastive_bs8_fn4_001,clean,c2r/background/place_object_stand/seed_715864988/progress_000,place_object_stand,seed_715864988,c2r,background,0.0,29,condition_video,,,,,,,,knn_k1,0.28900888562202454
stage0_contrastive_bs8_fn4_001,clean,c2r/background/put_bottles_dustbin/seed_455479075/progress_000,put_bottles_dustbin,seed_455479075,c2r,background,0.0,29,condition_video,,,,,,,,knn_k1,0.32607051730155945
stage0_contrastive_bs8_fn4_001,clean,c2r/background/move_stapler_pad/seed_453776751/progress_000,move_stapler_pad,seed_453776751,c2r,background,0.0,29,condition_video,,,,,,,,knn_k1,0.32768478989601135
stage0_contrastive_bs8_fn4_001,clean,c2r/background/place_burger_fries/seed_165469501/progress_000,place_burger_fries,seed_165469501,c2r,background,0.0,29,condition_video,,,,,,,,knn_k1,0.330626904964447
stage0_contrastive_bs8_fn4_001,clean,c2r/background/place_bread_basket/seed_490234398/progress_000,place_bread_basket,seed_490234398,c2r,background,0.0,29,condition_video,,,,,,,,knn_k1,0.33324795961380005
stage0_contrastive_bs8_fn4_001,clean,c2r/background/pick_diverse_bottles/seed_886697844/progress_000,pick_diverse_bottles,seed_886697844,c2r,background,0.0,29,condition_video,,,,,,,,knn_k1,0.32355010509490967
stage0_contrastive_bs8_fn4_001,clean,c2r/background/open_microwave/seed_443701932/progress_000,open_microwave,seed_443701932,c2r,background,0.0,29,condition_video,,,,,,,,knn_k1,0.32060226798057556
stage0_contrastive_bs8_fn4_001,clean,c2r/background/beat_block_hammer/seed_797298394/progress_000,beat_block_hammer,seed_797298394,c2r,background,0.0,29,condition_video,,,,,,,,knn_k1,0.31373751163482666
stage0_contrastive_bs8_fn4_001,clean,c2r/background/press_stapler/seed_262831721/progress_000,press_stapler,seed_262831721,c2r,background,0.0,29,condition_video,,,,,,,,knn_k1,0.3062143325805664
stage0_contrastive_bs8_fn4_001,clean,c2r/background/click_bell/seed_748992159/progress_000,click_bell,seed_748992159,c2r,background,0.0,29,condition_video,,,,,,,,knn_k1,0.28564679622650146
stage0_contrastive_bs8_fn4_001,clean,c2r/background/move_playingcard_away/seed_114732817/progress_000,move_playingcard_away,seed_114732817,c2r,background,0.0,29,condition_video,,,,,,,,knn_k1,0.3187198340892792
stage0_contrastive_bs8_fn4_001,clean,c2r/background/open_laptop/seed_121410776/progress_000,open_laptop,seed_121410776,c2r,background,0.0,29,condition_video,,,,,,,,knn_k1,0.31688350439071655
stage0_contrastive_bs8_fn4_001,clean,c2r/background/move_can_pot/seed_600430797/progress_000,move_can_pot,seed_600430797,c2r,background,0.0,29,condition_video,,,,,,,,knn_k1,0.30224379897117615
stage0_contrastive_bs8_fn4_001,clean,c2r/background/stack_bowls_two/seed_444040936/progress_000,stack_bowls_two,seed_444040936,c2r,background,0.0,29,condition_video,,,,,,,,knn_k1,0.3268457353115082
stage0_contrastive_bs8_fn4_001,clean,c2r/background/place_a2b_right/seed_550624350/progress_000,place_a2b_right,seed_550624350,c2r,background,0.0,29,condition_video,,,,,,,,knn_k1,0.32135772705078125
stage0_contrastive_bs8_fn4_001,clean,c2r/background/stamp_seal/seed_373032052/progress_000,stamp_seal,seed_373032052,c2r,background,0.0,29,condition_video,,,,,,,,knn_k1,0.3134428858757019
stage0_contrastive_bs8_fn4_001,clean,c2r/background/place_object_basket/seed_13972055/progress_000,place_object_basket,seed_13972055,c2r,background,0.0,29,condition_video,,,,,,,,knn_k1,0.32337233424186707
stage0_contrastive_bs8_fn4_001,clean,c2r/background/handover_mic/seed_791372736/progress_000,handover_mic,seed_791372736,c2r,background,0.0,29,condition_video,,,,,,,,knn_k1,0.33178314566612244
stage0_contrastive_bs8_fn4_001,clean,c2r/background/place_bread_skillet/seed_682411729/progress_000,place_bread_skillet,seed_682411729,c2r,background,0.0,29,condition_video,,,,,,,,knn_k1,0.32596343755722046
stage0_contrastive_bs8_fn4_001,clean,c2r/background/stack_blocks_two/seed_325046254/progress_000,stack_blocks_two,seed_325046254,c2r,background,0.0,29,condition_video,,,,,,,,knn_k1,0.33770889043807983
stage0_contrastive_bs8_fn4_001,clean,c2r/background/place_cans_plasticbox/seed_851474539/progress_000,place_cans_plasticbox,seed_851474539,c2r,background,0.0,29,condition_video,,,,,,,,knn_k1,0.3541920781135559
stage0_contrastive_bs8_fn4_001,clean,c2r/background/click_alarmclock/seed_597249174/progress_000,click_alarmclock,seed_597249174,c2r,background,0.0,29,condition_video,,,,,,,,knn_k1,0.2704226076602936
stage0_contrastive_bs8_fn4_001,clean,c2r/background/blocks_ranking_size/seed_483186537/progress_000,blocks_ranking_size,seed_483186537,c2r,background,0.0,29,condition_video,,,,,,,,knn_k1,0.34815549850463867
stage0_contrastive_bs8_fn4_001,clean,c2r/background/place_phone_stand/seed_844715882/progress_000,place_phone_stand,seed_844715882,c2r,background,0.0,29,condition_video,,,,,,,,knn_k1,0.3045892119407654
stage0_contrastive_bs8_fn4_001,clean,c2r/background/place_can_basket/seed_873890208/progress_000,place_can_basket,seed_873890208,c2r,background,0.0,29,condition_video,,,,,,,,knn_k1,0.3269434869289398
stage0_contrastive_bs8_fn4_001,clean,c2r/background/place_object_scale/seed_28989601/progress_000,place_object_scale,seed_28989601,c2r,background,0.0,29,condition_video,,,,,,,,knn_k1,0.3138466775417328
stage0_contrastive_bs8_fn4_001,clean,c2r/background/place_a2b_left/seed_494714106/progress_000,place_a2b_left,seed_494714106,c2r,background,0.0,29,condition_video,,,,,,,,knn_k1,0.3145844340324402
stage0_contrastive_bs8_fn4_001,clean,c2r/background/grab_roller/seed_274067892/progress_000,grab_roller,seed_274067892,c2r,background,0.0,29,condition_video,,,,,,,,knn_k1,0.3155604600906372
stage0_contrastive_bs8_fn4_001,clean,c2r/background/place_dual_shoes/seed_100946921/progress_000,place_dual_shoes,seed_100946921,c2r,background,0.0,29,condition_video,,,,,,,,knn_k1,0.3283900320529938
stage0_contrastive_bs8_fn4_001,clean,c2r/background/place_empty_cup/seed_66017520/progress_000,place_empty_cup,seed_66017520,c2r,background,0.0,29,condition_video,,,,,,,,knn_k1,0.3139842450618744
stage0_contrastive_bs8_fn4_001,clean,c2r/background/blocks_ranking_rgb/seed_392877897/progress_000,blocks_ranking_rgb,seed_392877897,c2r,background,0.0,29,condition_video,,,,,,,,knn_k1,0.3495941460132599
stage0_contrastive_bs8_fn4_001,clean,aggregate,all,all,c2r,background,,29,condition_video,,,,,,,,knn_k1_mean,0.3203713345527649
stage0_contrastive_bs8_fn4_001,clean,aggregate,all,group_split,c2r,background,,29,condition_video,,,,,,,,domain_balanced_accuracy,0.5
stage0_contrastive_bs8_fn4_001,clean,aggregate,all,group_split,c2r,background,,29,condition_video,,,,,,,,domain_auroc,1.0
stage0_contrastive_bs8_fn4_001,clean,c2r/clutter/stack_bowls_three/seed_761954913/progress_000,stack_bowls_three,seed_761954913,c2r,clutter,0.0,29,condition_video,,,,,,,,knn_k1,0.3299202024936676
stage0_contrastive_bs8_fn4_001,clean,c2r/clutter/handover_block/seed_624737248/progress_000,handover_block,seed_624737248,c2r,clutter,0.0,29,condition_video,,,,,,,,knn_k1,0.3240712881088257
stage0_contrastive_bs8_fn4_001,clean,c2r/clutter/hanging_mug/seed_853936167/progress_000,hanging_mug,seed_853936167,c2r,clutter,0.0,29,condition_video,,,,,,,,knn_k1,0.3339459300041199
stage0_contrastive_bs8_fn4_001,clean,c2r/clutter/scan_object/seed_200154928/progress_000,scan_object,seed_200154928,c2r,clutter,0.0,29,condition_video,,,,,,,,knn_k1,0.3395465910434723
stage0_contrastive_bs8_fn4_001,clean,c2r/clutter/lift_pot/seed_36841133/progress_000,lift_pot,seed_36841133,c2r,clutter,0.0,29,condition_video,,,,,,,,knn_k1,0.31165656447410583
stage0_contrastive_bs8_fn4_001,clean,c2r/clutter/put_object_cabinet/seed_213141741/progress_000,put_object_cabinet,seed_213141741,c2r,clutter,0.0,29,condition_video,,,,,,,,knn_k1,0.3023543655872345
stage0_contrastive_bs8_fn4_001,clean,c2r/clutter/stack_blocks_three/seed_885782772/progress_000,stack_blocks_three,seed_885782772,c2r,clutter,0.0,29,condition_video,,,,,,,,knn_k1,0.3453981280326843
stage0_contrastive_bs8_fn4_001,clean,c2r/clutter/place_shoe/seed_148930251/progress_000,place_shoe,seed_148930251,c2r,clutter,0.0,29,condition_video,,,,,,,,knn_k1,0.3166305422782898
stage0_contrastive_bs8_fn4_001,clean,c2r/clutter/adjust_bottle/seed_487447292/progress_000,adjust_bottle,seed_487447292,c2r,clutter,0.0,29,condition_video,,,,,,,,knn_k1,0.3151833713054657
stage0_contrastive_bs8_fn4_001,clean,c2r/clutter/place_mouse_pad/seed_782913939/progress_000,place_mouse_pad,seed_782913939,c2r,clutter,0.0,29,condition_video,,,,,,,,knn_k1,0.31454336643218994
stage0_contrastive_bs8_fn4_001,clean,c2r/clutter/dump_bin_bigbin/seed_48286788/progress_000,dump_bin_bigbin,seed_48286788,c2r,clutter,0.0,29,condition_video,,,,,,,,knn_k1,0.30843573808670044
stage0_contrastive_bs8_fn4_001,clean,c2r/clutter/move_pillbottle_pad/seed_170572259/progress_000,move_pillbottle_pad,seed_170572259,c2r,clutter,0.0,29,condition_video,,,,,,,,knn_k1,0.3155074715614319
stage0_contrastive_bs8_fn4_001,clean,c2r/clutter/pick_dual_bottles/seed_4182488/progress_000,pick_dual_bottles,seed_4182488,c2r,clutter,0.0,29,condition_video,,,,,,,,knn_k1,0.3156495988368988
stage0_contrastive_bs8_fn4_001,clean,c2r/clutter/shake_bottle/seed_509663030/progress_000,shake_bottle,seed_509663030,c2r,clutter,0.0,29,condition_video,,,,,,,,knn_k1,0.3405804932117462
stage0_contrastive_bs8_fn4_001,clean,c2r/clutter/place_fan/seed_847307321/progress_000,place_fan,seed_847307321,c2r,clutter,0.0,29,condition_video,,,,,,,,knn_k1,0.31692230701446533
stage0_contrastive_bs8_fn4_001,clean,c2r/clutter/turn_switch/seed_106540409/progress_000,turn_switch,seed_106540409,c2r,clutter,0.0,29,condition_video,,,,,,,,knn_k1,0.2996290624141693
stage0_contrastive_bs8_fn4_001,clean,c2r/clutter/shake_bottle_horizontally/seed_491429438/progress_000,shake_bottle_horizontally,seed_491429438,c2r,clutter,0.0,29,condition_video,,,,,,,,knn_k1,0.33669179677963257
stage0_contrastive_bs8_fn4_001,clean,c2r/clutter/place_container_plate/seed_594486020/progress_000,place_container_plate,seed_594486020,c2r,clutter,0.0,29,condition_video,,,,,,,,knn_k1,0.30446600914001465
stage0_contrastive_bs8_fn4_001,clean,c2r/clutter/rotate_qrcode/seed_362674036/progress_000,rotate_qrcode,seed_362674036,c2r,clutter,0.0,29,condition_video,,,,,,,,knn_k1,0.3166176378726959
stage0_contrastive_bs8_fn4_001,clean,c2r/clutter/place_object_stand/seed_162697052/progress_000,place_object_stand,seed_162697052,c2r,clutter,0.0,29,condition_video,,,,,,,,knn_k1,0.2888414263725281
stage0_contrastive_bs8_fn4_001,clean,c2r/clutter/put_bottles_dustbin/seed_148690198/progress_000,put_bottles_dustbin,seed_148690198,c2r,clutter,0.0,29,condition_video,,,,,,,,knn_k1,0.3219210207462311
stage0_contrastive_bs8_fn4_001,clean,c2r/clutter/move_stapler_pad/seed_744409618/progress_000,move_stapler_pad,seed_744409618,c2r,clutter,0.0,29,condition_video,,,,,,,,knn_k1,0.3238457441329956
stage0_contrastive_bs8_fn4_001,clean,c2r/clutter/place_burger_fries/seed_303636962/progress_000,place_burger_fries,seed_303636962,c2r,clutter,0.0,29,condition_video,,,,,,,,knn_k1,0.32301026582717896
stage0_contrastive_bs8_fn4_001,clean,c2r/clutter/place_bread_basket/seed_105344671/progress_000,place_bread_basket,seed_105344671,c2r,clutter,0.0,29,condition_video,,,,,,,,knn_k1,0.3372190296649933
stage0_contrastive_bs8_fn4_001,clean,c2r/clutter/pick_diverse_bottles/seed_21321356/progress_000,pick_diverse_bottles,seed_21321356,c2r,clutter,0.0,29,condition_video,,,,,,,,knn_k1,0.3074185252189636
stage0_contrastive_bs8_fn4_001,clean,c2r/clutter/open_microwave/seed_136410473/progress_000,open_microwave,seed_136410473,c2r,clutter,0.0,29,condition_video,,,,,,,,knn_k1,0.315859317779541
stage0_contrastive_bs8_fn4_001,clean,c2r/clutter/beat_block_hammer/seed_36693999/progress_000,beat_block_hammer,seed_36693999,c2r,clutter,0.0,29,condition_video,,,,,,,,knn_k1,0.3147071599960327
stage0_contrastive_bs8_fn4_001,clean,c2r/clutter/press_stapler/seed_880007787/progress_000,press_stapler,seed_880007787,c2r,clutter,0.0,29,condition_video,,,,,,,,knn_k1,0.3087332546710968
stage0_contrastive_bs8_fn4_001,clean,c2r/clutter/click_bell/seed_539095014/progress_000,click_bell,seed_539095014,c2r,clutter,0.0,29,condition_video,,,,,,,,knn_k1,0.2863958477973938
stage0_contrastive_bs8_fn4_001,clean,c2r/clutter/move_playingcard_away/seed_385288247/progress_000,move_playingcard_away,seed_385288247,c2r,clutter,0.0,29,condition_video,,,,,,,,knn_k1,0.31651630997657776
stage0_contrastive_bs8_fn4_001,clean,c2r/clutter/open_laptop/seed_260421436/progress_000,open_laptop,seed_260421436,c2r,clutter,0.0,29,condition_video,,,,,,,,knn_k1,0.31859901547431946
stage0_contrastive_bs8_fn4_001,clean,c2r/clutter/move_can_pot/seed_445842829/progress_000,move_can_pot,seed_445842829,c2r,clutter,0.0,29,condition_video,,,,,,,,knn_k1,0.3047219514846802
stage0_contrastive_bs8_fn4_001,clean,c2r/clutter/stack_bowls_two/seed_408127787/progress_000,stack_bowls_two,seed_408127787,c2r,clutter,0.0,29,condition_video,,,,,,,,knn_k1,0.3261522054672241
stage0_contrastive_bs8_fn4_001,clean,c2r/clutter/place_a2b_right/seed_298826397/progress_000,place_a2b_right,seed_298826397,c2r,clutter,0.0,29,condition_video,,,,,,,,knn_k1,0.32324761152267456
stage0_contrastive_bs8_fn4_001,clean,c2r/clutter/stamp_seal/seed_748150648/progress_000,stamp_seal,seed_748150648,c2r,clutter,0.0,29,condition_video,,,,,,,,knn_k1,0.31535112857818604
stage0_contrastive_bs8_fn4_001,clean,c2r/clutter/place_object_basket/seed_455727417/progress_000,place_object_basket,seed_455727417,c2r,clutter,0.0,29,condition_video,,,,,,,,knn_k1,0.3297748565673828
stage0_contrastive_bs8_fn4_001,clean,c2r/clutter/handover_mic/seed_27533572/progress_000,handover_mic,seed_27533572,c2r,clutter,0.0,29,condition_video,,,,,,,,knn_k1,0.3272145986557007
stage0_contrastive_bs8_fn4_001,clean,c2r/clutter/place_bread_skillet/seed_470829968/progress_000,place_bread_skillet,seed_470829968,c2r,clutter,0.0,29,condition_video,,,,,,,,knn_k1,0.3172711133956909
stage0_contrastive_bs8_fn4_001,clean,c2r/clutter/stack_blocks_two/seed_193292576/progress_000,stack_blocks_two,seed_193292576,c2r,clutter,0.0,29,condition_video,,,,,,,,knn_k1,0.3421117067337036
stage0_contrastive_bs8_fn4_001,clean,c2r/clutter/place_cans_plasticbox/seed_552905247/progress_000,place_cans_plasticbox,seed_552905247,c2r,clutter,0.0,29,condition_video,,,,,,,,knn_k1,0.3540039658546448
stage0_contrastive_bs8_fn4_001,clean,c2r/clutter/click_alarmclock/seed_257639388/progress_000,click_alarmclock,seed_257639388,c2r,clutter,0.0,29,condition_video,,,,,,,,knn_k1,0.27128198742866516
stage0_contrastive_bs8_fn4_001,clean,c2r/clutter/blocks_ranking_size/seed_676842534/progress_000,blocks_ranking_size,seed_676842534,c2r,clutter,0.0,29,condition_video,,,,,,,,knn_k1,0.351619154214859
stage0_contrastive_bs8_fn4_001,clean,c2r/clutter/place_phone_stand/seed_560963078/progress_000,place_phone_stand,seed_560963078,c2r,clutter,0.0,29,condition_video,,,,,,,,knn_k1,0.2999463975429535
stage0_contrastive_bs8_fn4_001,clean,c2r/clutter/place_can_basket/seed_578149817/progress_000,place_can_basket,seed_578149817,c2r,clutter,0.0,29,condition_video,,,,,,,,knn_k1,0.31284090876579285
stage0_contrastive_bs8_fn4_001,clean,c2r/clutter/place_object_scale/seed_142945748/progress_000,place_object_scale,seed_142945748,c2r,clutter,0.0,29,condition_video,,,,,,,,knn_k1,0.31718018651008606
stage0_contrastive_bs8_fn4_001,clean,c2r/clutter/place_a2b_left/seed_712001400/progress_000,place_a2b_left,seed_712001400,c2r,clutter,0.0,29,condition_video,,,,,,,,knn_k1,0.31702563166618347
stage0_contrastive_bs8_fn4_001,clean,c2r/clutter/grab_roller/seed_489372951/progress_000,grab_roller,seed_489372951,c2r,clutter,0.0,29,condition_video,,,,,,,,knn_k1,0.31382036209106445
stage0_contrastive_bs8_fn4_001,clean,c2r/clutter/place_dual_shoes/seed_486785621/progress_000,place_dual_shoes,seed_486785621,c2r,clutter,0.0,29,condition_video,,,,,,,,knn_k1,0.3304365575313568
stage0_contrastive_bs8_fn4_001,clean,c2r/clutter/place_empty_cup/seed_270996463/progress_000,place_empty_cup,seed_270996463,c2r,clutter,0.0,29,condition_video,,,,,,,,knn_k1,0.31071269512176514
stage0_contrastive_bs8_fn4_001,clean,c2r/clutter/blocks_ranking_rgb/seed_350545820/progress_000,blocks_ranking_rgb,seed_350545820,c2r,clutter,0.0,29,condition_video,,,,,,,,knn_k1,0.35037460923194885
stage0_contrastive_bs8_fn4_001,clean,aggregate,all,all,c2r,clutter,,29,condition_video,,,,,,,,knn_k1_mean,0.31931810021400453
stage0_contrastive_bs8_fn4_001,clean,aggregate,all,group_split,c2r,clutter,,29,condition_video,,,,,,,,domain_balanced_accuracy,0.5
stage0_contrastive_bs8_fn4_001,clean,aggregate,all,group_split,c2r,clutter,,29,condition_video,,,,,,,,domain_auroc,1.0
stage0_contrastive_bs8_fn4_001,clean,c2r/height/stack_bowls_three/seed_777107145/progress_000,stack_bowls_three,seed_777107145,c2r,height,0.0,29,condition_video,,,,,,,,knn_k1,0.3274448812007904
stage0_contrastive_bs8_fn4_001,clean,c2r/height/handover_block/seed_153931416/progress_000,handover_block,seed_153931416,c2r,height,0.0,29,condition_video,,,,,,,,knn_k1,0.3208405077457428
stage0_contrastive_bs8_fn4_001,clean,c2r/height/hanging_mug/seed_797626889/progress_000,hanging_mug,seed_797626889,c2r,height,0.0,29,condition_video,,,,,,,,knn_k1,0.3314591944217682
stage0_contrastive_bs8_fn4_001,clean,c2r/height/scan_object/seed_86820161/progress_000,scan_object,seed_86820161,c2r,height,0.0,29,condition_video,,,,,,,,knn_k1,0.33833059668540955
stage0_contrastive_bs8_fn4_001,clean,c2r/height/lift_pot/seed_358880989/progress_000,lift_pot,seed_358880989,c2r,height,0.0,29,condition_video,,,,,,,,knn_k1,0.30962902307510376
stage0_contrastive_bs8_fn4_001,clean,c2r/height/put_object_cabinet/seed_579804476/progress_000,put_object_cabinet,seed_579804476,c2r,height,0.0,29,condition_video,,,,,,,,knn_k1,0.2999515235424042
stage0_contrastive_bs8_fn4_001,clean,c2r/height/stack_blocks_three/seed_510834284/progress_000,stack_blocks_three,seed_510834284,c2r,height,0.0,29,condition_video,,,,,,,,knn_k1,0.3434363007545471
stage0_contrastive_bs8_fn4_001,clean,c2r/height/place_shoe/seed_547565528/progress_000,place_shoe,seed_547565528,c2r,height,0.0,29,condition_video,,,,,,,,knn_k1,0.31459200382232666
stage0_contrastive_bs8_fn4_001,clean,c2r/height/adjust_bottle/seed_455908385/progress_000,adjust_bottle,seed_455908385,c2r,height,0.0,29,condition_video,,,,,,,,knn_k1,0.3094114363193512
stage0_contrastive_bs8_fn4_001,clean,c2r/height/place_mouse_pad/seed_747588073/progress_000,place_mouse_pad,seed_747588073,c2r,height,0.0,29,condition_video,,,,,,,,knn_k1,0.31959736347198486
stage0_contrastive_bs8_fn4_001,clean,c2r/height/dump_bin_bigbin/seed_609125485/progress_000,dump_bin_bigbin,seed_609125485,c2r,height,0.0,29,condition_video,,,,,,,,knn_k1,0.3064739406108856
stage0_contrastive_bs8_fn4_001,clean,c2r/height/move_pillbottle_pad/seed_454258712/progress_000,move_pillbottle_pad,seed_454258712,c2r,height,0.0,29,condition_video,,,,,,,,knn_k1,0.32301679253578186
stage0_contrastive_bs8_fn4_001,clean,c2r/height/pick_dual_bottles/seed_625462229/progress_000,pick_dual_bottles,seed_625462229,c2r,height,0.0,29,condition_video,,,,,,,,knn_k1,0.3107171952724457
stage0_contrastive_bs8_fn4_001,clean,c2r/height/shake_bottle/seed_11397417/progress_000,shake_bottle,seed_11397417,c2r,height,0.0,29,condition_video,,,,,,,,knn_k1,0.3412531018257141
stage0_contrastive_bs8_fn4_001,clean,c2r/height/place_fan/seed_562359323/progress_000,place_fan,seed_562359323,c2r,height,0.0,29,condition_video,,,,,,,,knn_k1,0.3152916431427002
stage0_contrastive_bs8_fn4_001,clean,c2r/height/turn_switch/seed_388598700/progress_000,turn_switch,seed_388598700,c2r,height,0.0,29,condition_video,,,,,,,,knn_k1,0.30067339539527893
stage0_contrastive_bs8_fn4_001,clean,c2r/height/shake_bottle_horizontally/seed_506817488/progress_000,shake_bottle_horizontally,seed_506817488,c2r,height,0.0,29,condition_video,,,,,,,,knn_k1,0.3374997675418854
stage0_contrastive_bs8_fn4_001,clean,c2r/height/place_container_plate/seed_661154812/progress_000,place_container_plate,seed_661154812,c2r,height,0.0,29,condition_video,,,,,,,,knn_k1,0.30492010712623596
stage0_contrastive_bs8_fn4_001,clean,c2r/height/rotate_qrcode/seed_391550427/progress_000,rotate_qrcode,seed_391550427,c2r,height,0.0,29,condition_video,,,,,,,,knn_k1,0.30739328265190125
stage0_contrastive_bs8_fn4_001,clean,c2r/height/place_object_stand/seed_520492387/progress_000,place_object_stand,seed_520492387,c2r,height,0.0,29,condition_video,,,,,,,,knn_k1,0.297803670167923
stage0_contrastive_bs8_fn4_001,clean,c2r/height/put_bottles_dustbin/seed_833796020/progress_000,put_bottles_dustbin,seed_833796020,c2r,height,0.0,29,condition_video,,,,,,,,knn_k1,0.32264280319213867
stage0_contrastive_bs8_fn4_001,clean,c2r/height/move_stapler_pad/seed_626979943/progress_000,move_stapler_pad,seed_626979943,c2r,height,0.0,29,condition_video,,,,,,,,knn_k1,0.32701635360717773
stage0_contrastive_bs8_fn4_001,clean,c2r/height/place_burger_fries/seed_44486756/progress_000,place_burger_fries,seed_44486756,c2r,height,0.0,29,condition_video,,,,,,,,knn_k1,0.32961949706077576
stage0_contrastive_bs8_fn4_001,clean,c2r/height/place_bread_basket/seed_769514620/progress_000,place_bread_basket,seed_769514620,c2r,height,0.0,29,condition_video,,,,,,,,knn_k1,0.33661749958992004
stage0_contrastive_bs8_fn4_001,clean,c2r/height/pick_diverse_bottles/seed_202104734/progress_000,pick_diverse_bottles,seed_202104734,c2r,height,0.0,29,condition_video,,,,,,,,knn_k1,0.3115213215351105
stage0_contrastive_bs8_fn4_001,clean,c2r/height/open_microwave/seed_670586037/progress_000,open_microwave,seed_670586037,c2r,height,0.0,29,condition_video,,,,,,,,knn_k1,0.31630659103393555
stage0_contrastive_bs8_fn4_001,clean,c2r/height/beat_block_hammer/seed_146228030/progress_000,beat_block_hammer,seed_146228030,c2r,height,0.0,29,condition_video,,,,,,,,knn_k1,0.31049805879592896
stage0_contrastive_bs8_fn4_001,clean,c2r/height/press_stapler/seed_623879527/progress_000,press_stapler,seed_623879527,c2r,height,0.0,29,condition_video,,,,,,,,knn_k1,0.30125218629837036
stage0_contrastive_bs8_fn4_001,clean,c2r/height/click_bell/seed_576942388/progress_000,click_bell,seed_576942388,c2r,height,0.0,29,condition_video,,,,,,,,knn_k1,0.29259493947029114
stage0_contrastive_bs8_fn4_001,clean,c2r/height/move_playingcard_away/seed_468245999/progress_000,move_playingcard_away,seed_468245999,c2r,height,0.0,29,condition_video,,,,,,,,knn_k1,0.31404349207878113
stage0_contrastive_bs8_fn4_001,clean,c2r/height/open_laptop/seed_273582622/progress_000,open_laptop,seed_273582622,c2r,height,0.0,29,condition_video,,,,,,,,knn_k1,0.3175903558731079
stage0_contrastive_bs8_fn4_001,clean,c2r/height/move_can_pot/seed_285658487/progress_000,move_can_pot,seed_285658487,c2r,height,0.0,29,condition_video,,,,,,,,knn_k1,0.3051294982433319
stage0_contrastive_bs8_fn4_001,clean,c2r/height/stack_bowls_two/seed_116018094/progress_000,stack_bowls_two,seed_116018094,c2r,height,0.0,29,condition_video,,,,,,,,knn_k1,0.32748958468437195
stage0_contrastive_bs8_fn4_001,clean,c2r/height/place_a2b_right/seed_803724289/progress_000,place_a2b_right,seed_803724289,c2r,height,0.0,29,condition_video,,,,,,,,knn_k1,0.31932589411735535
stage0_contrastive_bs8_fn4_001,clean,c2r/height/stamp_seal/seed_391510540/progress_000,stamp_seal,seed_391510540,c2r,height,0.0,29,condition_video,,,,,,,,knn_k1,0.31321972608566284
stage0_contrastive_bs8_fn4_001,clean,c2r/height/place_object_basket/seed_760526045/progress_000,place_object_basket,seed_760526045,c2r,height,0.0,29,condition_video,,,,,,,,knn_k1,0.31774741411209106
stage0_contrastive_bs8_fn4_001,clean,c2r/height/handover_mic/seed_537376167/progress_000,handover_mic,seed_537376167,c2r,height,0.0,29,condition_video,,,,,,,,knn_k1,0.32387664914131165
stage0_contrastive_bs8_fn4_001,clean,c2r/height/place_bread_skillet/seed_394408374/progress_000,place_bread_skillet,seed_394408374,c2r,height,0.0,29,condition_video,,,,,,,,knn_k1,0.31334513425827026
stage0_contrastive_bs8_fn4_001,clean,c2r/height/stack_blocks_two/seed_639631926/progress_000,stack_blocks_two,seed_639631926,c2r,height,0.0,29,condition_video,,,,,,,,knn_k1,0.33396777510643005
stage0_contrastive_bs8_fn4_001,clean,c2r/height/place_cans_plasticbox/seed_514553626/progress_000,place_cans_plasticbox,seed_514553626,c2r,height,0.0,29,condition_video,,,,,,,,knn_k1,0.34543734788894653
stage0_contrastive_bs8_fn4_001,clean,c2r/height/click_alarmclock/seed_789543505/progress_000,click_alarmclock,seed_789543505,c2r,height,0.0,29,condition_video,,,,,,,,knn_k1,0.2748974859714508
stage0_contrastive_bs8_fn4_001,clean,c2r/height/blocks_ranking_size/seed_3661514/progress_000,blocks_ranking_size,seed_3661514,c2r,height,0.0,29,condition_video,,,,,,,,knn_k1,0.34654489159584045
stage0_contrastive_bs8_fn4_001,clean,c2r/height/place_phone_stand/seed_39116909/progress_000,place_phone_stand,seed_39116909,c2r,height,0.0,29,condition_video,,,,,,,,knn_k1,0.3017146587371826
stage0_contrastive_bs8_fn4_001,clean,c2r/height/place_can_basket/seed_788353025/progress_000,place_can_basket,seed_788353025,c2r,height,0.0,29,condition_video,,,,,,,,knn_k1,0.3092377483844757
stage0_contrastive_bs8_fn4_001,clean,c2r/height/place_object_scale/seed_603032508/progress_000,place_object_scale,seed_603032508,c2r,height,0.0,29,condition_video,,,,,,,,knn_k1,0.31556448340415955
stage0_contrastive_bs8_fn4_001,clean,c2r/height/place_a2b_left/seed_240483131/progress_000,place_a2b_left,seed_240483131,c2r,height,0.0,29,condition_video,,,,,,,,knn_k1,0.3094344735145569
stage0_contrastive_bs8_fn4_001,clean,c2r/height/grab_roller/seed_452075745/progress_000,grab_roller,seed_452075745,c2r,height,0.0,29,condition_video,,,,,,,,knn_k1,0.31093868613243103
stage0_contrastive_bs8_fn4_001,clean,c2r/height/place_dual_shoes/seed_890676601/progress_000,place_dual_shoes,seed_890676601,c2r,height,0.0,29,condition_video,,,,,,,,knn_k1,0.32228150963783264
stage0_contrastive_bs8_fn4_001,clean,c2r/height/place_empty_cup/seed_859277454/progress_000,place_empty_cup,seed_859277454,c2r,height,0.0,29,condition_video,,,,,,,,knn_k1,0.3086816966533661
stage0_contrastive_bs8_fn4_001,clean,c2r/height/blocks_ranking_rgb/seed_114117740/progress_000,blocks_ranking_rgb,seed_114117740,c2r,height,0.0,29,condition_video,,,,,,,,knn_k1,0.34887123107910156
stage0_contrastive_bs8_fn4_001,clean,aggregate,all,all,c2r,height,,29,condition_video,,,,,,,,knn_k1_mean,0.31774289429187774
stage0_contrastive_bs8_fn4_001,clean,aggregate,all,group_split,c2r,height,,29,condition_video,,,,,,,,domain_balanced_accuracy,0.5
stage0_contrastive_bs8_fn4_001,clean,aggregate,all,group_split,c2r,height,,29,condition_video,,,,,,,,domain_auroc,1.0
stage0_contrastive_bs8_fn4_001,clean,c2r/light/stack_bowls_three/seed_317869620/progress_000,stack_bowls_three,seed_317869620,c2r,light,0.0,29,condition_video,,,,,,,,knn_k1,0.38609156012535095
stage0_contrastive_bs8_fn4_001,clean,c2r/light/handover_block/seed_879311662/progress_000,handover_block,seed_879311662,c2r,light,0.0,29,condition_video,,,,,,,,knn_k1,0.4298907220363617
stage0_contrastive_bs8_fn4_001,clean,c2r/light/hanging_mug/seed_459299139/progress_000,hanging_mug,seed_459299139,c2r,light,0.0,29,condition_video,,,,,,,,knn_k1,0.38525018095970154
stage0_contrastive_bs8_fn4_001,clean,c2r/light/scan_object/seed_289038431/progress_000,scan_object,seed_289038431,c2r,light,0.0,29,condition_video,,,,,,,,knn_k1,0.36460092663764954
stage0_contrastive_bs8_fn4_001,clean,c2r/light/lift_pot/seed_185598812/progress_000,lift_pot,seed_185598812,c2r,light,0.0,29,condition_video,,,,,,,,knn_k1,0.31265199184417725
stage0_contrastive_bs8_fn4_001,clean,c2r/light/put_object_cabinet/seed_644929938/progress_000,put_object_cabinet,seed_644929938,c2r,light,0.0,29,condition_video,,,,,,,,knn_k1,0.34939414262771606
stage0_contrastive_bs8_fn4_001,clean,c2r/light/stack_blocks_three/seed_314814982/progress_000,stack_blocks_three,seed_314814982,c2r,light,0.0,29,condition_video,,,,,,,,knn_k1,0.38621845841407776
stage0_contrastive_bs8_fn4_001,clean,c2r/light/place_shoe/seed_259707623/progress_000,place_shoe,seed_259707623,c2r,light,0.0,29,condition_video,,,,,,,,knn_k1,0.4033890962600708
stage0_contrastive_bs8_fn4_001,clean,c2r/light/adjust_bottle/seed_218427993/progress_000,adjust_bottle,seed_218427993,c2r,light,0.0,29,condition_video,,,,,,,,knn_k1,0.36075252294540405
stage0_contrastive_bs8_fn4_001,clean,c2r/light/place_mouse_pad/seed_866209002/progress_000,place_mouse_pad,seed_866209002,c2r,light,0.0,29,condition_video,,,,,,,,knn_k1,0.43065145611763
stage0_contrastive_bs8_fn4_001,clean,c2r/light/dump_bin_bigbin/seed_423840151/progress_000,dump_bin_bigbin,seed_423840151,c2r,light,0.0,29,condition_video,,,,,,,,knn_k1,0.39749231934547424
stage0_contrastive_bs8_fn4_001,clean,c2r/light/move_pillbottle_pad/seed_635002489/progress_000,move_pillbottle_pad,seed_635002489,c2r,light,0.0,29,condition_video,,,,,,,,knn_k1,0.4321053922176361
stage0_contrastive_bs8_fn4_001,clean,c2r/light/pick_dual_bottles/seed_7690756/progress_000,pick_dual_bottles,seed_7690756,c2r,light,0.0,29,condition_video,,,,,,,,knn_k1,0.3425627648830414
stage0_contrastive_bs8_fn4_001,clean,c2r/light/shake_bottle/seed_716268860/progress_000,shake_bottle,seed_716268860,c2r,light,0.0,29,condition_video,,,,,,,,knn_k1,0.4170897901058197
stage0_contrastive_bs8_fn4_001,clean,c2r/light/place_fan/seed_519267369/progress_000,place_fan,seed_519267369,c2r,light,0.0,29,condition_video,,,,,,,,knn_k1,0.3854528069496155
stage0_contrastive_bs8_fn4_001,clean,c2r/light/turn_switch/seed_493838736/progress_000,turn_switch,seed_493838736,c2r,light,0.0,29,condition_video,,,,,,,,knn_k1,0.4463963210582733
stage0_contrastive_bs8_fn4_001,clean,c2r/light/shake_bottle_horizontally/seed_497389386/progress_000,shake_bottle_horizontally,seed_497389386,c2r,light,0.0,29,condition_video,,,,,,,,knn_k1,0.40076446533203125
stage0_contrastive_bs8_fn4_001,clean,c2r/light/place_container_plate/seed_252210122/progress_000,place_container_plate,seed_252210122,c2r,light,0.0,29,condition_video,,,,,,,,knn_k1,0.4574112594127655
stage0_contrastive_bs8_fn4_001,clean,c2r/light/rotate_qrcode/seed_24255504/progress_000,rotate_qrcode,seed_24255504,c2r,light,0.0,29,condition_video,,,,,,,,knn_k1,0.4756186604499817
stage0_contrastive_bs8_fn4_001,clean,c2r/light/place_object_stand/seed_603755546/progress_000,place_object_stand,seed_603755546,c2r,light,0.0,29,condition_video,,,,,,,,knn_k1,0.3115907907485962
stage0_contrastive_bs8_fn4_001,clean,c2r/light/put_bottles_dustbin/seed_473207494/progress_000,put_bottles_dustbin,seed_473207494,c2r,light,0.0,29,condition_video,,,,,,,,knn_k1,0.37051212787628174
stage0_contrastive_bs8_fn4_001,clean,c2r/light/move_stapler_pad/seed_724544048/progress_000,move_stapler_pad,seed_724544048,c2r,light,0.0,29,condition_video,,,,,,,,knn_k1,0.48334211111068726
stage0_contrastive_bs8_fn4_001,clean,c2r/light/place_burger_fries/seed_764956105/progress_000,place_burger_fries,seed_764956105,c2r,light,0.0,29,condition_video,,,,,,,,knn_k1,0.38973480463027954
stage0_contrastive_bs8_fn4_001,clean,c2r/light/place_bread_basket/seed_548994270/progress_000,place_bread_basket,seed_548994270,c2r,light,0.0,29,condition_video,,,,,,,,knn_k1,0.3821728527545929
stage0_contrastive_bs8_fn4_001,clean,c2r/light/pick_diverse_bottles/seed_469296516/progress_000,pick_diverse_bottles,seed_469296516,c2r,light,0.0,29,condition_video,,,,,,,,knn_k1,0.38158756494522095
stage0_contrastive_bs8_fn4_001,clean,c2r/light/open_microwave/seed_126026794/progress_000,open_microwave,seed_126026794,c2r,light,0.0,29,condition_video,,,,,,,,knn_k1,0.4229115843772888
stage0_contrastive_bs8_fn4_001,clean,c2r/light/beat_block_hammer/seed_190785939/progress_000,beat_block_hammer,seed_190785939,c2r,light,0.0,29,condition_video,,,,,,,,knn_k1,0.4625852108001709
stage0_contrastive_bs8_fn4_001,clean,c2r/light/press_stapler/seed_645584852/progress_000,press_stapler,seed_645584852,c2r,light,0.0,29,condition_video,,,,,,,,knn_k1,0.4032256305217743
stage0_contrastive_bs8_fn4_001,clean,c2r/light/click_bell/seed_611142223/progress_000,click_bell,seed_611142223,c2r,light,0.0,29,condition_video,,,,,,,,knn_k1,0.36904361844062805
stage0_contrastive_bs8_fn4_001,clean,c2r/light/move_playingcard_away/seed_698951458/progress_000,move_playingcard_away,seed_698951458,c2r,light,0.0,29,condition_video,,,,,,,,knn_k1,0.34992969036102295
stage0_contrastive_bs8_fn4_001,clean,c2r/light/open_laptop/seed_627389206/progress_000,open_laptop,seed_627389206,c2r,light,0.0,29,condition_video,,,,,,,,knn_k1,0.3400394022464752
stage0_contrastive_bs8_fn4_001,clean,c2r/light/move_can_pot/seed_248023816/progress_000,move_can_pot,seed_248023816,c2r,light,0.0,29,condition_video,,,,,,,,knn_k1,0.4113169014453888
stage0_contrastive_bs8_fn4_001,clean,c2r/light/stack_bowls_two/seed_656246828/progress_000,stack_bowls_two,seed_656246828,c2r,light,0.0,29,condition_video,,,,,,,,knn_k1,0.4149893820285797
stage0_contrastive_bs8_fn4_001,clean,c2r/light/place_a2b_right/seed_803416018/progress_000,place_a2b_right,seed_803416018,c2r,light,0.0,29,condition_video,,,,,,,,knn_k1,0.36239275336265564
stage0_contrastive_bs8_fn4_001,clean,c2r/light/stamp_seal/seed_203079918/progress_000,stamp_seal,seed_203079918,c2r,light,0.0,29,condition_video,,,,,,,,knn_k1,0.38041767477989197
stage0_contrastive_bs8_fn4_001,clean,c2r/light/place_object_basket/seed_241125908/progress_000,place_object_basket,seed_241125908,c2r,light,0.0,29,condition_video,,,,,,,,knn_k1,0.43686771392822266
stage0_contrastive_bs8_fn4_001,clean,c2r/light/handover_mic/seed_283323218/progress_000,handover_mic,seed_283323218,c2r,light,0.0,29,condition_video,,,,,,,,knn_k1,0.48606327176094055
stage0_contrastive_bs8_fn4_001,clean,c2r/light/place_bread_skillet/seed_156686976/progress_000,place_bread_skillet,seed_156686976,c2r,light,0.0,29,condition_video,,,,,,,,knn_k1,0.36862772703170776
stage0_contrastive_bs8_fn4_001,clean,c2r/light/stack_blocks_two/seed_803532712/progress_000,stack_blocks_two,seed_803532712,c2r,light,0.0,29,condition_video,,,,,,,,knn_k1,0.46105971932411194
stage0_contrastive_bs8_fn4_001,clean,c2r/light/place_cans_plasticbox/seed_577981354/progress_000,place_cans_plasticbox,seed_577981354,c2r,light,0.0,29,condition_video,,,,,,,,knn_k1,0.394822359085083
stage0_contrastive_bs8_fn4_001,clean,c2r/light/click_alarmclock/seed_762866989/progress_000,click_alarmclock,seed_762866989,c2r,light,0.0,29,condition_video,,,,,,,,knn_k1,0.2842923402786255
stage0_contrastive_bs8_fn4_001,clean,c2r/light/blocks_ranking_size/seed_505985753/progress_000,blocks_ranking_size,seed_505985753,c2r,light,0.0,29,condition_video,,,,,,,,knn_k1,0.43404364585876465
stage0_contrastive_bs8_fn4_001,clean,c2r/light/place_phone_stand/seed_624751721/progress_000,place_phone_stand,seed_624751721,c2r,light,0.0,29,condition_video,,,,,,,,knn_k1,0.4276692271232605
stage0_contrastive_bs8_fn4_001,clean,c2r/light/place_can_basket/seed_542145302/progress_000,place_can_basket,seed_542145302,c2r,light,0.0,29,condition_video,,,,,,,,knn_k1,0.3361605107784271
stage0_contrastive_bs8_fn4_001,clean,c2r/light/place_object_scale/seed_722575534/progress_000,place_object_scale,seed_722575534,c2r,light,0.0,29,condition_video,,,,,,,,knn_k1,0.36732783913612366
stage0_contrastive_bs8_fn4_001,clean,c2r/light/place_a2b_left/seed_663079132/progress_000,place_a2b_left,seed_663079132,c2r,light,0.0,29,condition_video,,,,,,,,knn_k1,0.34458598494529724
stage0_contrastive_bs8_fn4_001,clean,c2r/light/grab_roller/seed_482689013/progress_000,grab_roller,seed_482689013,c2r,light,0.0,29,condition_video,,,,,,,,knn_k1,0.46709397435188293
stage0_contrastive_bs8_fn4_001,clean,c2r/light/place_dual_shoes/seed_319436374/progress_000,place_dual_shoes,seed_319436374,c2r,light,0.0,29,condition_video,,,,,,,,knn_k1,0.32459038496017456
stage0_contrastive_bs8_fn4_001,clean,c2r/light/place_empty_cup/seed_606914953/progress_000,place_empty_cup,seed_606914953,c2r,light,0.0,29,condition_video,,,,,,,,knn_k1,0.3504098951816559
stage0_contrastive_bs8_fn4_001,clean,c2r/light/blocks_ranking_rgb/seed_339352330/progress_000,blocks_ranking_rgb,seed_339352330,c2r,light,0.0,29,condition_video,,,,,,,,knn_k1,0.42880183458328247
stage0_contrastive_bs8_fn4_001,clean,aggregate,all,all,c2r,light,,29,condition_video,,,,,,,,knn_k1_mean,0.3942398673295975
stage0_contrastive_bs8_fn4_001,clean,aggregate,all,group_split,c2r,light,,29,condition_video,,,,,,,,domain_balanced_accuracy,0.5
stage0_contrastive_bs8_fn4_001,clean,aggregate,all,group_split,c2r,light,,29,condition_video,,,,,,,,domain_auroc,1.0
stage0_contrastive_bs8_fn4_001,contrastive,c2r/background/stack_bowls_three/seed_27804535/progress_000,stack_bowls_three,seed_27804535,c2r,background,0.0,0,condition_video,,,,,,,,knn_k1,0.35285016894340515
stage0_contrastive_bs8_fn4_001,contrastive,c2r/background/handover_block/seed_120650234/progress_000,handover_block,seed_120650234,c2r,background,0.0,0,condition_video,,,,,,,,knn_k1,0.35110145807266235
stage0_contrastive_bs8_fn4_001,contrastive,c2r/background/hanging_mug/seed_538778923/progress_000,hanging_mug,seed_538778923,c2r,background,0.0,0,condition_video,,,,,,,,knn_k1,0.3371548354625702
stage0_contrastive_bs8_fn4_001,contrastive,c2r/background/scan_object/seed_262761732/progress_000,scan_object,seed_262761732,c2r,background,0.0,0,condition_video,,,,,,,,knn_k1,0.29679667949676514
stage0_contrastive_bs8_fn4_001,contrastive,c2r/background/lift_pot/seed_710924868/progress_000,lift_pot,seed_710924868,c2r,background,0.0,0,condition_video,,,,,,,,knn_k1,0.2861325740814209
stage0_contrastive_bs8_fn4_001,contrastive,c2r/background/put_object_cabinet/seed_13370600/progress_000,put_object_cabinet,seed_13370600,c2r,background,0.0,0,condition_video,,,,,,,,knn_k1,0.25828927755355835
stage0_contrastive_bs8_fn4_001,contrastive,c2r/background/stack_blocks_three/seed_822087810/progress_000,stack_blocks_three,seed_822087810,c2r,background,0.0,0,condition_video,,,,,,,,knn_k1,0.3867320716381073
stage0_contrastive_bs8_fn4_001,contrastive,c2r/background/place_shoe/seed_676166693/progress_000,place_shoe,seed_676166693,c2r,background,0.0,0,condition_video,,,,,,,,knn_k1,0.31705963611602783
stage0_contrastive_bs8_fn4_001,contrastive,c2r/background/adjust_bottle/seed_863397555/progress_000,adjust_bottle,seed_863397555,c2r,background,0.0,0,condition_video,,,,,,,,knn_k1,0.3221495449542999
stage0_contrastive_bs8_fn4_001,contrastive,c2r/background/place_mouse_pad/seed_457852611/progress_000,place_mouse_pad,seed_457852611,c2r,background,0.0,0,condition_video,,,,,,,,knn_k1,0.331966757774353
stage0_contrastive_bs8_fn4_001,contrastive,c2r/background/dump_bin_bigbin/seed_773111305/progress_000,dump_bin_bigbin,seed_773111305,c2r,background,0.0,0,condition_video,,,,,,,,knn_k1,0.3425036370754242
stage0_contrastive_bs8_fn4_001,contrastive,c2r/background/move_pillbottle_pad/seed_568983342/progress_000,move_pillbottle_pad,seed_568983342,c2r,background,0.0,0,condition_video,,,,,,,,knn_k1,0.3671347200870514
stage0_contrastive_bs8_fn4_001,contrastive,c2r/background/pick_dual_bottles/seed_117166061/progress_000,pick_dual_bottles,seed_117166061,c2r,background,0.0,0,condition_video,,,,,,,,knn_k1,0.29543331265449524
stage0_contrastive_bs8_fn4_001,contrastive,c2r/background/shake_bottle/seed_331965946/progress_000,shake_bottle,seed_331965946,c2r,background,0.0,0,condition_video,,,,,,,,knn_k1,0.41524431109428406
stage0_contrastive_bs8_fn4_001,contrastive,c2r/background/place_fan/seed_543070044/progress_000,place_fan,seed_543070044,c2r,background,0.0,0,condition_video,,,,,,,,knn_k1,0.3544580042362213
stage0_contrastive_bs8_fn4_001,contrastive,c2r/background/turn_switch/seed_489873751/progress_000,turn_switch,seed_489873751,c2r,background,0.0,0,condition_video,,,,,,,,knn_k1,0.3311956822872162
stage0_contrastive_bs8_fn4_001,contrastive,c2r/background/shake_bottle_horizontally/seed_319358196/progress_000,shake_bottle_horizontally,seed_319358196,c2r,background,0.0,0,condition_video,,,,,,,,knn_k1,0.33701878786087036
stage0_contrastive_bs8_fn4_001,contrastive,c2r/background/place_container_plate/seed_14431598/progress_000,place_container_plate,seed_14431598,c2r,background,0.0,0,condition_video,,,,,,,,knn_k1,0.3432805836200714
stage0_contrastive_bs8_fn4_001,contrastive,c2r/background/rotate_qrcode/seed_372345110/progress_000,rotate_qrcode,seed_372345110,c2r,background,0.0,0,condition_video,,,,,,,,knn_k1,0.31648656725883484
stage0_contrastive_bs8_fn4_001,contrastive,c2r/background/place_object_stand/seed_715864988/progress_000,place_object_stand,seed_715864988,c2r,background,0.0,0,condition_video,,,,,,,,knn_k1,0.2985425293445587
stage0_contrastive_bs8_fn4_001,contrastive,c2r/background/put_bottles_dustbin/seed_455479075/progress_000,put_bottles_dustbin,seed_455479075,c2r,background,0.0,0,condition_video,,,,,,,,knn_k1,0.3974083960056305
stage0_contrastive_bs8_fn4_001,contrastive,c2r/background/move_stapler_pad/seed_453776751/progress_000,move_stapler_pad,seed_453776751,c2r,background,0.0,0,condition_video,,,,,,,,knn_k1,0.36211061477661133
stage0_contrastive_bs8_fn4_001,contrastive,c2r/background/place_burger_fries/seed_165469501/progress_000,place_burger_fries,seed_165469501,c2r,background,0.0,0,condition_video,,,,,,,,knn_k1,0.3514616787433624
stage0_contrastive_bs8_fn4_001,contrastive,c2r/background/place_bread_basket/seed_490234398/progress_000,place_bread_basket,seed_490234398,c2r,background,0.0,0,condition_video,,,,,,,,knn_k1,0.32327431440353394
stage0_contrastive_bs8_fn4_001,contrastive,c2r/background/pick_diverse_bottles/seed_886697844/progress_000,pick_diverse_bottles,seed_886697844,c2r,background,0.0,0,condition_video,,,,,,,,knn_k1,0.29181185364723206
stage0_contrastive_bs8_fn4_001,contrastive,c2r/background/open_microwave/seed_443701932/progress_000,open_microwave,seed_443701932,c2r,background,0.0,0,condition_video,,,,,,,,knn_k1,0.3158111274242401
stage0_contrastive_bs8_fn4_001,contrastive,c2r/background/beat_block_hammer/seed_797298394/progress_000,beat_block_hammer,seed_797298394,c2r,background,0.0,0,condition_video,,,,,,,,knn_k1,0.3123166263103485
stage0_contrastive_bs8_fn4_001,contrastive,c2r/background/press_stapler/seed_262831721/progress_000,press_stapler,seed_262831721,c2r,background,0.0,0,condition_video,,,,,,,,knn_k1,0.3167310059070587
stage0_contrastive_bs8_fn4_001,contrastive,c2r/background/click_bell/seed_748992159/progress_000,click_bell,seed_748992159,c2r,background,0.0,0,condition_video,,,,,,,,knn_k1,0.3367067277431488
stage0_contrastive_bs8_fn4_001,contrastive,c2r/background/move_playingcard_away/seed_114732817/progress_000,move_playingcard_away,seed_114732817,c2r,background,0.0,0,condition_video,,,,,,,,knn_k1,0.3429989218711853
stage0_contrastive_bs8_fn4_001,contrastive,c2r/background/open_laptop/seed_121410776/progress_000,open_laptop,seed_121410776,c2r,background,0.0,0,condition_video,,,,,,,,knn_k1,0.3572217524051666
stage0_contrastive_bs8_fn4_001,contrastive,c2r/background/move_can_pot/seed_600430797/progress_000,move_can_pot,seed_600430797,c2r,background,0.0,0,condition_video,,,,,,,,knn_k1,0.36432796716690063
stage0_contrastive_bs8_fn4_001,contrastive,c2r/background/stack_bowls_two/seed_444040936/progress_000,stack_bowls_two,seed_444040936,c2r,background,0.0,0,condition_video,,,,,,,,knn_k1,0.3556515872478485
stage0_contrastive_bs8_fn4_001,contrastive,c2r/background/place_a2b_right/seed_550624350/progress_000,place_a2b_right,seed_550624350,c2r,background,0.0,0,condition_video,,,,,,,,knn_k1,0.3212553560733795
stage0_contrastive_bs8_fn4_001,contrastive,c2r/background/stamp_seal/seed_373032052/progress_000,stamp_seal,seed_373032052,c2r,background,0.0,0,condition_video,,,,,,,,knn_k1,0.339193731546402
stage0_contrastive_bs8_fn4_001,contrastive,c2r/background/place_object_basket/seed_13972055/progress_000,place_object_basket,seed_13972055,c2r,background,0.0,0,condition_video,,,,,,,,knn_k1,0.3476253151893616
stage0_contrastive_bs8_fn4_001,contrastive,c2r/background/handover_mic/seed_791372736/progress_000,handover_mic,seed_791372736,c2r,background,0.0,0,condition_video,,,,,,,,knn_k1,0.30804216861724854
stage0_contrastive_bs8_fn4_001,contrastive,c2r/background/place_bread_skillet/seed_682411729/progress_000,place_bread_skillet,seed_682411729,c2r,background,0.0,0,condition_video,,,,,,,,knn_k1,0.3071664571762085
stage0_contrastive_bs8_fn4_001,contrastive,c2r/background/stack_blocks_two/seed_325046254/progress_000,stack_blocks_two,seed_325046254,c2r,background,0.0,0,condition_video,,,,,,,,knn_k1,0.37612420320510864
stage0_contrastive_bs8_fn4_001,contrastive,c2r/background/place_cans_plasticbox/seed_851474539/progress_000,place_cans_plasticbox,seed_851474539,c2r,background,0.0,0,condition_video,,,,,,,,knn_k1,0.32658931612968445
stage0_contrastive_bs8_fn4_001,contrastive,c2r/background/click_alarmclock/seed_597249174/progress_000,click_alarmclock,seed_597249174,c2r,background,0.0,0,condition_video,,,,,,,,knn_k1,0.2842158377170563
stage0_contrastive_bs8_fn4_001,contrastive,c2r/background/blocks_ranking_size/seed_483186537/progress_000,blocks_ranking_size,seed_483186537,c2r,background,0.0,0,condition_video,,,,,,,,knn_k1,0.3965761363506317
stage0_contrastive_bs8_fn4_001,contrastive,c2r/background/place_phone_stand/seed_844715882/progress_000,place_phone_stand,seed_844715882,c2r,background,0.0,0,condition_video,,,,,,,,knn_k1,0.2990691065788269
stage0_contrastive_bs8_fn4_001,contrastive,c2r/background/place_can_basket/seed_873890208/progress_000,place_can_basket,seed_873890208,c2r,background,0.0,0,condition_video,,,,,,,,knn_k1,0.3395417332649231
stage0_contrastive_bs8_fn4_001,contrastive,c2r/background/place_object_scale/seed_28989601/progress_000,place_object_scale,seed_28989601,c2r,background,0.0,0,condition_video,,,,,,,,knn_k1,0.34194204211235046
stage0_contrastive_bs8_fn4_001,contrastive,c2r/background/place_a2b_left/seed_494714106/progress_000,place_a2b_left,seed_494714106,c2r,background,0.0,0,condition_video,,,,,,,,knn_k1,0.3420754671096802
stage0_contrastive_bs8_fn4_001,contrastive,c2r/background/grab_roller/seed_274067892/progress_000,grab_roller,seed_274067892,c2r,background,0.0,0,condition_video,,,,,,,,knn_k1,0.26922091841697693
stage0_contrastive_bs8_fn4_001,contrastive,c2r/background/place_dual_shoes/seed_100946921/progress_000,place_dual_shoes,seed_100946921,c2r,background,0.0,0,condition_video,,,,,,,,knn_k1,0.27378663420677185
stage0_contrastive_bs8_fn4_001,contrastive,c2r/background/place_empty_cup/seed_66017520/progress_000,place_empty_cup,seed_66017520,c2r,background,0.0,0,condition_video,,,,,,,,knn_k1,0.3747808337211609
stage0_contrastive_bs8_fn4_001,contrastive,c2r/background/blocks_ranking_rgb/seed_392877897/progress_000,blocks_ranking_rgb,seed_392877897,c2r,background,0.0,0,condition_video,,,,,,,,knn_k1,0.39254507422447205
stage0_contrastive_bs8_fn4_001,contrastive,aggregate,all,all,c2r,background,,0,condition_video,,,,,,,,knn_k1_mean,0.33418228089809415
stage0_contrastive_bs8_fn4_001,contrastive,aggregate,all,group_split,c2r,background,,0,condition_video,,,,,,,,domain_balanced_accuracy,0.5
stage0_contrastive_bs8_fn4_001,contrastive,aggregate,all,group_split,c2r,background,,0,condition_video,,,,,,,,domain_auroc,1.0
stage0_contrastive_bs8_fn4_001,contrastive,c2r/clutter/stack_bowls_three/seed_761954913/progress_000,stack_bowls_three,seed_761954913,c2r,clutter,0.0,0,condition_video,,,,,,,,knn_k1,0.3564486503601074
stage0_contrastive_bs8_fn4_001,contrastive,c2r/clutter/handover_block/seed_624737248/progress_000,handover_block,seed_624737248,c2r,clutter,0.0,0,condition_video,,,,,,,,knn_k1,0.3518938720226288
stage0_contrastive_bs8_fn4_001,contrastive,c2r/clutter/hanging_mug/seed_853936167/progress_000,hanging_mug,seed_853936167,c2r,clutter,0.0,0,condition_video,,,,,,,,knn_k1,0.33991020917892456
stage0_contrastive_bs8_fn4_001,contrastive,c2r/clutter/scan_object/seed_200154928/progress_000,scan_object,seed_200154928,c2r,clutter,0.0,0,condition_video,,,,,,,,knn_k1,0.29609063267707825
stage0_contrastive_bs8_fn4_001,contrastive,c2r/clutter/lift_pot/seed_36841133/progress_000,lift_pot,seed_36841133,c2r,clutter,0.0,0,condition_video,,,,,,,,knn_k1,0.28699156641960144
stage0_contrastive_bs8_fn4_001,contrastive,c2r/clutter/put_object_cabinet/seed_213141741/progress_000,put_object_cabinet,seed_213141741,c2r,clutter,0.0,0,condition_video,,,,,,,,knn_k1,0.2585256099700928
stage0_contrastive_bs8_fn4_001,contrastive,c2r/clutter/stack_blocks_three/seed_885782772/progress_000,stack_blocks_three,seed_885782772,c2r,clutter,0.0,0,condition_video,,,,,,,,knn_k1,0.38549327850341797
stage0_contrastive_bs8_fn4_001,contrastive,c2r/clutter/place_shoe/seed_148930251/progress_000,place_shoe,seed_148930251,c2r,clutter,0.0,0,condition_video,,,,,,,,knn_k1,0.31937384605407715
stage0_contrastive_bs8_fn4_001,contrastive,c2r/clutter/adjust_bottle/seed_487447292/progress_000,adjust_bottle,seed_487447292,c2r,clutter,0.0,0,condition_video,,,,,,,,knn_k1,0.32026633620262146
stage0_contrastive_bs8_fn4_001,contrastive,c2r/clutter/place_mouse_pad/seed_782913939/progress_000,place_mouse_pad,seed_782913939,c2r,clutter,0.0,0,condition_video,,,,,,,,knn_k1,0.33122462034225464
stage0_contrastive_bs8_fn4_001,contrastive,c2r/clutter/dump_bin_bigbin/seed_48286788/progress_000,dump_bin_bigbin,seed_48286788,c2r,clutter,0.0,0,condition_video,,,,,,,,knn_k1,0.3421541154384613
stage0_contrastive_bs8_fn4_001,contrastive,c2r/clutter/move_pillbottle_pad/seed_170572259/progress_000,move_pillbottle_pad,seed_170572259,c2r,clutter,0.0,0,condition_video,,,,,,,,knn_k1,0.3673158288002014
stage0_contrastive_bs8_fn4_001,contrastive,c2r/clutter/pick_dual_bottles/seed_4182488/progress_000,pick_dual_bottles,seed_4182488,c2r,clutter,0.0,0,condition_video,,,,,,,,knn_k1,0.2930951714515686
stage0_contrastive_bs8_fn4_001,contrastive,c2r/clutter/shake_bottle/seed_509663030/progress_000,shake_bottle,seed_509663030,c2r,clutter,0.0,0,condition_video,,,,,,,,knn_k1,0.4101765751838684
stage0_contrastive_bs8_fn4_001,contrastive,c2r/clutter/place_fan/seed_847307321/progress_000,place_fan,seed_847307321,c2r,clutter,0.0,0,condition_video,,,,,,,,knn_k1,0.3521551787853241
stage0_contrastive_bs8_fn4_001,contrastive,c2r/clutter/turn_switch/seed_106540409/progress_000,turn_switch,seed_106540409,c2r,clutter,0.0,0,condition_video,,,,,,,,knn_k1,0.3377889096736908
stage0_contrastive_bs8_fn4_001,contrastive,c2r/clutter/shake_bottle_horizontally/seed_491429438/progress_000,shake_bottle_horizontally,seed_491429438,c2r,clutter,0.0,0,condition_video,,,,,,,,knn_k1,0.3345186114311218
stage0_contrastive_bs8_fn4_001,contrastive,c2r/clutter/place_container_plate/seed_594486020/progress_000,place_container_plate,seed_594486020,c2r,clutter,0.0,0,condition_video,,,,,,,,knn_k1,0.34766435623168945
stage0_contrastive_bs8_fn4_001,contrastive,c2r/clutter/rotate_qrcode/seed_362674036/progress_000,rotate_qrcode,seed_362674036,c2r,clutter,0.0,0,condition_video,,,,,,,,knn_k1,0.32077333331108093
stage0_contrastive_bs8_fn4_001,contrastive,c2r/clutter/place_object_stand/seed_162697052/progress_000,place_object_stand,seed_162697052,c2r,clutter,0.0,0,condition_video,,,,,,,,knn_k1,0.2987688481807709
stage0_contrastive_bs8_fn4_001,contrastive,c2r/clutter/put_bottles_dustbin/seed_148690198/progress_000,put_bottles_dustbin,seed_148690198,c2r,clutter,0.0,0,condition_video,,,,,,,,knn_k1,0.3886606693267822
stage0_contrastive_bs8_fn4_001,contrastive,c2r/clutter/move_stapler_pad/seed_744409618/progress_000,move_stapler_pad,seed_744409618,c2r,clutter,0.0,0,condition_video,,,,,,,,knn_k1,0.35977795720100403
stage0_contrastive_bs8_fn4_001,contrastive,c2r/clutter/place_burger_fries/seed_303636962/progress_000,place_burger_fries,seed_303636962,c2r,clutter,0.0,0,condition_video,,,,,,,,knn_k1,0.3528541624546051
stage0_contrastive_bs8_fn4_001,contrastive,c2r/clutter/place_bread_basket/seed_105344671/progress_000,place_bread_basket,seed_105344671,c2r,clutter,0.0,0,condition_video,,,,,,,,knn_k1,0.3201073706150055
stage0_contrastive_bs8_fn4_001,contrastive,c2r/clutter/pick_diverse_bottles/seed_21321356/progress_000,pick_diverse_bottles,seed_21321356,c2r,clutter,0.0,0,condition_video,,,,,,,,knn_k1,0.29429441690444946
stage0_contrastive_bs8_fn4_001,contrastive,c2r/clutter/open_microwave/seed_136410473/progress_000,open_microwave,seed_136410473,c2r,clutter,0.0,0,condition_video,,,,,,,,knn_k1,0.3181919753551483
stage0_contrastive_bs8_fn4_001,contrastive,c2r/clutter/beat_block_hammer/seed_36693999/progress_000,beat_block_hammer,seed_36693999,c2r,clutter,0.0,0,condition_video,,,,,,,,knn_k1,0.31295880675315857
stage0_contrastive_bs8_fn4_001,contrastive,c2r/clutter/press_stapler/seed_880007787/progress_000,press_stapler,seed_880007787,c2r,clutter,0.0,0,condition_video,,,,,,,,knn_k1,0.31730329990386963
stage0_contrastive_bs8_fn4_001,contrastive,c2r/clutter/click_bell/seed_539095014/progress_000,click_bell,seed_539095014,c2r,clutter,0.0,0,condition_video,,,,,,,,knn_k1,0.33591052889823914
stage0_contrastive_bs8_fn4_001,contrastive,c2r/clutter/move_playingcard_away/seed_385288247/progress_000,move_playingcard_away,seed_385288247,c2r,clutter,0.0,0,condition_video,,,,,,,,knn_k1,0.34026503562927246
stage0_contrastive_bs8_fn4_001,contrastive,c2r/clutter/open_laptop/seed_260421436/progress_000,open_laptop,seed_260421436,c2r,clutter,0.0,0,condition_video,,,,,,,,knn_k1,0.36362913250923157
stage0_contrastive_bs8_fn4_001,contrastive,c2r/clutter/move_can_pot/seed_445842829/progress_000,move_can_pot,seed_445842829,c2r,clutter,0.0,0,condition_video,,,,,,,,knn_k1,0.35771724581718445
stage0_contrastive_bs8_fn4_001,contrastive,c2r/clutter/stack_bowls_two/seed_408127787/progress_000,stack_bowls_two,seed_408127787,c2r,clutter,0.0,0,condition_video,,,,,,,,knn_k1,0.34735071659088135
stage0_contrastive_bs8_fn4_001,contrastive,c2r/clutter/place_a2b_right/seed_298826397/progress_000,place_a2b_right,seed_298826397,c2r,clutter,0.0,0,condition_video,,,,,,,,knn_k1,0.3222166895866394
stage0_contrastive_bs8_fn4_001,contrastive,c2r/clutter/stamp_seal/seed_748150648/progress_000,stamp_seal,seed_748150648,c2r,clutter,0.0,0,condition_video,,,,,,,,knn_k1,0.3346976935863495
stage0_contrastive_bs8_fn4_001,contrastive,c2r/clutter/place_object_basket/seed_455727417/progress_000,place_object_basket,seed_455727417,c2r,clutter,0.0,0,condition_video,,,,,,,,knn_k1,0.36202749609947205
stage0_contrastive_bs8_fn4_001,contrastive,c2r/clutter/handover_mic/seed_27533572/progress_000,handover_mic,seed_27533572,c2r,clutter,0.0,0,condition_video,,,,,,,,knn_k1,0.3083467483520508
stage0_contrastive_bs8_fn4_001,contrastive,c2r/clutter/place_bread_skillet/seed_470829968/progress_000,place_bread_skillet,seed_470829968,c2r,clutter,0.0,0,condition_video,,,,,,,,knn_k1,0.3126288950443268
stage0_contrastive_bs8_fn4_001,contrastive,c2r/clutter/stack_blocks_two/seed_193292576/progress_000,stack_blocks_two,seed_193292576,c2r,clutter,0.0,0,condition_video,,,,,,,,knn_k1,0.3755604326725006
stage0_contrastive_bs8_fn4_001,contrastive,c2r/clutter/place_cans_plasticbox/seed_552905247/progress_000,place_cans_plasticbox,seed_552905247,c2r,clutter,0.0,0,condition_video,,,,,,,,knn_k1,0.3274521231651306
stage0_contrastive_bs8_fn4_001,contrastive,c2r/clutter/click_alarmclock/seed_257639388/progress_000,click_alarmclock,seed_257639388,c2r,clutter,0.0,0,condition_video,,,,,,,,knn_k1,0.2922672927379608
stage0_contrastive_bs8_fn4_001,contrastive,c2r/clutter/blocks_ranking_size/seed_676842534/progress_000,blocks_ranking_size,seed_676842534,c2r,clutter,0.0,0,condition_video,,,,,,,,knn_k1,0.3940744996070862
stage0_contrastive_bs8_fn4_001,contrastive,c2r/clutter/place_phone_stand/seed_560963078/progress_000,place_phone_stand,seed_560963078,c2r,clutter,0.0,0,condition_video,,,,,,,,knn_k1,0.2988961637020111
stage0_contrastive_bs8_fn4_001,contrastive,c2r/clutter/place_can_basket/seed_578149817/progress_000,place_can_basket,seed_578149817,c2r,clutter,0.0,0,condition_video,,,,,,,,knn_k1,0.3336701989173889
stage0_contrastive_bs8_fn4_001,contrastive,c2r/clutter/place_object_scale/seed_142945748/progress_000,place_object_scale,seed_142945748,c2r,clutter,0.0,0,condition_video,,,,,,,,knn_k1,0.3434355854988098
stage0_contrastive_bs8_fn4_001,contrastive,c2r/clutter/place_a2b_left/seed_712001400/progress_000,place_a2b_left,seed_712001400,c2r,clutter,0.0,0,condition_video,,,,,,,,knn_k1,0.343726247549057
stage0_contrastive_bs8_fn4_001,contrastive,c2r/clutter/grab_roller/seed_489372951/progress_000,grab_roller,seed_489372951,c2r,clutter,0.0,0,condition_video,,,,,,,,knn_k1,0.2698298394680023
stage0_contrastive_bs8_fn4_001,contrastive,c2r/clutter/place_dual_shoes/seed_486785621/progress_000,place_dual_shoes,seed_486785621,c2r,clutter,0.0,0,condition_video,,,,,,,,knn_k1,0.27831965684890747
stage0_contrastive_bs8_fn4_001,contrastive,c2r/clutter/place_empty_cup/seed_270996463/progress_000,place_empty_cup,seed_270996463,c2r,clutter,0.0,0,condition_video,,,,,,,,knn_k1,0.37152114510536194
stage0_contrastive_bs8_fn4_001,contrastive,c2r/clutter/blocks_ranking_rgb/seed_350545820/progress_000,blocks_ranking_rgb,seed_350545820,c2r,clutter,0.0,0,condition_video,,,,,,,,knn_k1,0.39049530029296875
stage0_contrastive_bs8_fn4_001,contrastive,aggregate,all,all,c2r,clutter,,0,condition_video,,,,,,,,knn_k1_mean,0.33437633752822876
stage0_contrastive_bs8_fn4_001,contrastive,aggregate,all,group_split,c2r,clutter,,0,condition_video,,,,,,,,domain_balanced_accuracy,0.5
stage0_contrastive_bs8_fn4_001,contrastive,aggregate,all,group_split,c2r,clutter,,0,condition_video,,,,,,,,domain_auroc,1.0
stage0_contrastive_bs8_fn4_001,contrastive,c2r/height/stack_bowls_three/seed_777107145/progress_000,stack_bowls_three,seed_777107145,c2r,height,0.0,0,condition_video,,,,,,,,knn_k1,0.34834688901901245
stage0_contrastive_bs8_fn4_001,contrastive,c2r/height/handover_block/seed_153931416/progress_000,handover_block,seed_153931416,c2r,height,0.0,0,condition_video,,,,,,,,knn_k1,0.3570200502872467
stage0_contrastive_bs8_fn4_001,contrastive,c2r/height/hanging_mug/seed_797626889/progress_000,hanging_mug,seed_797626889,c2r,height,0.0,0,condition_video,,,,,,,,knn_k1,0.33838653564453125
stage0_contrastive_bs8_fn4_001,contrastive,c2r/height/scan_object/seed_86820161/progress_000,scan_object,seed_86820161,c2r,height,0.0,0,condition_video,,,,,,,,knn_k1,0.29638907313346863
stage0_contrastive_bs8_fn4_001,contrastive,c2r/height/lift_pot/seed_358880989/progress_000,lift_pot,seed_358880989,c2r,height,0.0,0,condition_video,,,,,,,,knn_k1,0.28671368956565857
stage0_contrastive_bs8_fn4_001,contrastive,c2r/height/put_object_cabinet/seed_579804476/progress_000,put_object_cabinet,seed_579804476,c2r,height,0.0,0,condition_video,,,,,,,,knn_k1,0.25700414180755615
stage0_contrastive_bs8_fn4_001,contrastive,c2r/height/stack_blocks_three/seed_510834284/progress_000,stack_blocks_three,seed_510834284,c2r,height,0.0,0,condition_video,,,,,,,,knn_k1,0.3866596817970276
stage0_contrastive_bs8_fn4_001,contrastive,c2r/height/place_shoe/seed_547565528/progress_000,place_shoe,seed_547565528,c2r,height,0.0,0,condition_video,,,,,,,,knn_k1,0.31127241253852844
stage0_contrastive_bs8_fn4_001,contrastive,c2r/height/adjust_bottle/seed_455908385/progress_000,adjust_bottle,seed_455908385,c2r,height,0.0,0,condition_video,,,,,,,,knn_k1,0.3165523409843445
stage0_contrastive_bs8_fn4_001,contrastive,c2r/height/place_mouse_pad/seed_747588073/progress_000,place_mouse_pad,seed_747588073,c2r,height,0.0,0,condition_video,,,,,,,,knn_k1,0.3275645971298218
stage0_contrastive_bs8_fn4_001,contrastive,c2r/height/dump_bin_bigbin/seed_609125485/progress_000,dump_bin_bigbin,seed_609125485,c2r,height,0.0,0,condition_video,,,,,,,,knn_k1,0.3506116271018982
stage0_contrastive_bs8_fn4_001,contrastive,c2r/height/move_pillbottle_pad/seed_454258712/progress_000,move_pillbottle_pad,seed_454258712,c2r,height,0.0,0,condition_video,,,,,,,,knn_k1,0.36916661262512207
stage0_contrastive_bs8_fn4_001,contrastive,c2r/height/pick_dual_bottles/seed_625462229/progress_000,pick_dual_bottles,seed_625462229,c2r,height,0.0,0,condition_video,,,,,,,,knn_k1,0.28963524103164673
stage0_contrastive_bs8_fn4_001,contrastive,c2r/height/shake_bottle/seed_11397417/progress_000,shake_bottle,seed_11397417,c2r,height,0.0,0,condition_video,,,,,,,,knn_k1,0.40397101640701294
stage0_contrastive_bs8_fn4_001,contrastive,c2r/height/place_fan/seed_562359323/progress_000,place_fan,seed_562359323,c2r,height,0.0,0,condition_video,,,,,,,,knn_k1,0.34798312187194824
stage0_contrastive_bs8_fn4_001,contrastive,c2r/height/turn_switch/seed_388598700/progress_000,turn_switch,seed_388598700,c2r,height,0.0,0,condition_video,,,,,,,,knn_k1,0.3415834605693817
stage0_contrastive_bs8_fn4_001,contrastive,c2r/height/shake_bottle_horizontally/seed_506817488/progress_000,shake_bottle_horizontally,seed_506817488,c2r,height,0.0,0,condition_video,,,,,,,,knn_k1,0.34456634521484375
stage0_contrastive_bs8_fn4_001,contrastive,c2r/height/place_container_plate/seed_661154812/progress_000,place_container_plate,seed_661154812,c2r,height,0.0,0,condition_video,,,,,,,,knn_k1,0.34454837441444397
stage0_contrastive_bs8_fn4_001,contrastive,c2r/height/rotate_qrcode/seed_391550427/progress_000,rotate_qrcode,seed_391550427,c2r,height,0.0,0,condition_video,,,,,,,,knn_k1,0.324377179145813
stage0_contrastive_bs8_fn4_001,contrastive,c2r/height/place_object_stand/seed_520492387/progress_000,place_object_stand,seed_520492387,c2r,height,0.0,0,condition_video,,,,,,,,knn_k1,0.3028155267238617
stage0_contrastive_bs8_fn4_001,contrastive,c2r/height/put_bottles_dustbin/seed_833796020/progress_000,put_bottles_dustbin,seed_833796020,c2r,height,0.0,0,condition_video,,,,,,,,knn_k1,0.3895584046840668
stage0_contrastive_bs8_fn4_001,contrastive,c2r/height/move_stapler_pad/seed_626979943/progress_000,move_stapler_pad,seed_626979943,c2r,height,0.0,0,condition_video,,,,,,,,knn_k1,0.3602641820907593
stage0_contrastive_bs8_fn4_001,contrastive,c2r/height/place_burger_fries/seed_44486756/progress_000,place_burger_fries,seed_44486756,c2r,height,0.0,0,condition_video,,,,,,,,knn_k1,0.32621800899505615
stage0_contrastive_bs8_fn4_001,contrastive,c2r/height/place_bread_basket/seed_769514620/progress_000,place_bread_basket,seed_769514620,c2r,height,0.0,0,condition_video,,,,,,,,knn_k1,0.3268342614173889
stage0_contrastive_bs8_fn4_001,contrastive,c2r/height/pick_diverse_bottles/seed_202104734/progress_000,pick_diverse_bottles,seed_202104734,c2r,height,0.0,0,condition_video,,,,,,,,knn_k1,0.2925741970539093
stage0_contrastive_bs8_fn4_001,contrastive,c2r/height/open_microwave/seed_670586037/progress_000,open_microwave,seed_670586037,c2r,height,0.0,0,condition_video,,,,,,,,knn_k1,0.3166622817516327
stage0_contrastive_bs8_fn4_001,contrastive,c2r/height/beat_block_hammer/seed_146228030/progress_000,beat_block_hammer,seed_146228030,c2r,height,0.0,0,condition_video,,,,,,,,knn_k1,0.31405916810035706
stage0_contrastive_bs8_fn4_001,contrastive,c2r/height/press_stapler/seed_623879527/progress_000,press_stapler,seed_623879527,c2r,height,0.0,0,condition_video,,,,,,,,knn_k1,0.32681789994239807
stage0_contrastive_bs8_fn4_001,contrastive,c2r/height/click_bell/seed_576942388/progress_000,click_bell,seed_576942388,c2r,height,0.0,0,condition_video,,,,,,,,knn_k1,0.344436377286911
stage0_contrastive_bs8_fn4_001,contrastive,c2r/height/move_playingcard_away/seed_468245999/progress_000,move_playingcard_away,seed_468245999,c2r,height,0.0,0,condition_video,,,,,,,,knn_k1,0.34757888317108154
stage0_contrastive_bs8_fn4_001,contrastive,c2r/height/open_laptop/seed_273582622/progress_000,open_laptop,seed_273582622,c2r,height,0.0,0,condition_video,,,,,,,,knn_k1,0.3694413900375366
stage0_contrastive_bs8_fn4_001,contrastive,c2r/height/move_can_pot/seed_285658487/progress_000,move_can_pot,seed_285658487,c2r,height,0.0,0,condition_video,,,,,,,,knn_k1,0.3665873408317566
stage0_contrastive_bs8_fn4_001,contrastive,c2r/height/stack_bowls_two/seed_116018094/progress_000,stack_bowls_two,seed_116018094,c2r,height,0.0,0,condition_video,,,,,,,,knn_k1,0.3452191948890686
stage0_contrastive_bs8_fn4_001,contrastive,c2r/height/place_a2b_right/seed_803724289/progress_000,place_a2b_right,seed_803724289,c2r,height,0.0,0,condition_video,,,,,,,,knn_k1,0.33581358194351196
stage0_contrastive_bs8_fn4_001,contrastive,c2r/height/stamp_seal/seed_391510540/progress_000,stamp_seal,seed_391510540,c2r,height,0.0,0,condition_video,,,,,,,,knn_k1,0.33527469635009766
stage0_contrastive_bs8_fn4_001,contrastive,c2r/height/place_object_basket/seed_760526045/progress_000,place_object_basket,seed_760526045,c2r,height,0.0,0,condition_video,,,,,,,,knn_k1,0.34776797890663147
stage0_contrastive_bs8_fn4_001,contrastive,c2r/height/handover_mic/seed_537376167/progress_000,handover_mic,seed_537376167,c2r,height,0.0,0,condition_video,,,,,,,,knn_k1,0.30445772409439087
stage0_contrastive_bs8_fn4_001,contrastive,c2r/height/place_bread_skillet/seed_394408374/progress_000,place_bread_skillet,seed_394408374,c2r,height,0.0,0,condition_video,,,,,,,,knn_k1,0.30556514859199524
stage0_contrastive_bs8_fn4_001,contrastive,c2r/height/stack_blocks_two/seed_639631926/progress_000,stack_blocks_two,seed_639631926,c2r,height,0.0,0,condition_video,,,,,,,,knn_k1,0.37477096915245056
stage0_contrastive_bs8_fn4_001,contrastive,c2r/height/place_cans_plasticbox/seed_514553626/progress_000,place_cans_plasticbox,seed_514553626,c2r,height,0.0,0,condition_video,,,,,,,,knn_k1,0.3294332027435303
stage0_contrastive_bs8_fn4_001,contrastive,c2r/height/click_alarmclock/seed_789543505/progress_000,click_alarmclock,seed_789543505,c2r,height,0.0,0,condition_video,,,,,,,,knn_k1,0.2996194362640381
stage0_contrastive_bs8_fn4_001,contrastive,c2r/height/blocks_ranking_size/seed_3661514/progress_000,blocks_ranking_size,seed_3661514,c2r,height,0.0,0,condition_video,,,,,,,,knn_k1,0.39382204413414
stage0_contrastive_bs8_fn4_001,contrastive,c2r/height/place_phone_stand/seed_39116909/progress_000,place_phone_stand,seed_39116909,c2r,height,0.0,0,condition_video,,,,,,,,knn_k1,0.30138853192329407
stage0_contrastive_bs8_fn4_001,contrastive,c2r/height/place_can_basket/seed_788353025/progress_000,place_can_basket,seed_788353025,c2r,height,0.0,0,condition_video,,,,,,,,knn_k1,0.3280711770057678
stage0_contrastive_bs8_fn4_001,contrastive,c2r/height/place_object_scale/seed_603032508/progress_000,place_object_scale,seed_603032508,c2r,height,0.0,0,condition_video,,,,,,,,knn_k1,0.3425977826118469
stage0_contrastive_bs8_fn4_001,contrastive,c2r/height/place_a2b_left/seed_240483131/progress_000,place_a2b_left,seed_240483131,c2r,height,0.0,0,condition_video,,,,,,,,knn_k1,0.3383916914463043
stage0_contrastive_bs8_fn4_001,contrastive,c2r/height/grab_roller/seed_452075745/progress_000,grab_roller,seed_452075745,c2r,height,0.0,0,condition_video,,,,,,,,knn_k1,0.26733407378196716
stage0_contrastive_bs8_fn4_001,contrastive,c2r/height/place_dual_shoes/seed_890676601/progress_000,place_dual_shoes,seed_890676601,c2r,height,0.0,0,condition_video,,,,,,,,knn_k1,0.28155726194381714
stage0_contrastive_bs8_fn4_001,contrastive,c2r/height/place_empty_cup/seed_859277454/progress_000,place_empty_cup,seed_859277454,c2r,height,0.0,0,condition_video,,,,,,,,knn_k1,0.3718022406101227
stage0_contrastive_bs8_fn4_001,contrastive,c2r/height/blocks_ranking_rgb/seed_114117740/progress_000,blocks_ranking_rgb,seed_114117740,c2r,height,0.0,0,condition_video,,,,,,,,knn_k1,0.3927624523639679
stage0_contrastive_bs8_fn4_001,contrastive,aggregate,all,all,c2r,height,,0,condition_video,,,,,,,,knn_k1_mean,0.3344369900226593
stage0_contrastive_bs8_fn4_001,contrastive,aggregate,all,group_split,c2r,height,,0,condition_video,,,,,,,,domain_balanced_accuracy,0.5
stage0_contrastive_bs8_fn4_001,contrastive,aggregate,all,group_split,c2r,height,,0,condition_video,,,,,,,,domain_auroc,1.0
stage0_contrastive_bs8_fn4_001,contrastive,c2r/light/stack_bowls_three/seed_317869620/progress_000,stack_bowls_three,seed_317869620,c2r,light,0.0,0,condition_video,,,,,,,,knn_k1,0.42983126640319824
stage0_contrastive_bs8_fn4_001,contrastive,c2r/light/handover_block/seed_879311662/progress_000,handover_block,seed_879311662,c2r,light,0.0,0,condition_video,,,,,,,,knn_k1,0.4971953332424164
stage0_contrastive_bs8_fn4_001,contrastive,c2r/light/hanging_mug/seed_459299139/progress_000,hanging_mug,seed_459299139,c2r,light,0.0,0,condition_video,,,,,,,,knn_k1,0.4810904860496521
stage0_contrastive_bs8_fn4_001,contrastive,c2r/light/scan_object/seed_289038431/progress_000,scan_object,seed_289038431,c2r,light,0.0,0,condition_video,,,,,,,,knn_k1,0.40427300333976746
stage0_contrastive_bs8_fn4_001,contrastive,c2r/light/lift_pot/seed_185598812/progress_000,lift_pot,seed_185598812,c2r,light,0.0,0,condition_video,,,,,,,,knn_k1,0.32152536511421204
stage0_contrastive_bs8_fn4_001,contrastive,c2r/light/put_object_cabinet/seed_644929938/progress_000,put_object_cabinet,seed_644929938,c2r,light,0.0,0,condition_video,,,,,,,,knn_k1,0.3204119801521301
stage0_contrastive_bs8_fn4_001,contrastive,c2r/light/stack_blocks_three/seed_314814982/progress_000,stack_blocks_three,seed_314814982,c2r,light,0.0,0,condition_video,,,,,,,,knn_k1,0.5331457853317261
stage0_contrastive_bs8_fn4_001,contrastive,c2r/light/place_shoe/seed_259707623/progress_000,place_shoe,seed_259707623,c2r,light,0.0,0,condition_video,,,,,,,,knn_k1,0.40556636452674866
stage0_contrastive_bs8_fn4_001,contrastive,c2r/light/adjust_bottle/seed_218427993/progress_000,adjust_bottle,seed_218427993,c2r,light,0.0,0,condition_video,,,,,,,,knn_k1,0.4025838077068329
stage0_contrastive_bs8_fn4_001,contrastive,c2r/light/place_mouse_pad/seed_866209002/progress_000,place_mouse_pad,seed_866209002,c2r,light,0.0,0,condition_video,,,,,,,,knn_k1,0.46951958537101746
stage0_contrastive_bs8_fn4_001,contrastive,c2r/light/dump_bin_bigbin/seed_423840151/progress_000,dump_bin_bigbin,seed_423840151,c2r,light,0.0,0,condition_video,,,,,,,,knn_k1,0.45275700092315674
stage0_contrastive_bs8_fn4_001,contrastive,c2r/light/move_pillbottle_pad/seed_635002489/progress_000,move_pillbottle_pad,seed_635002489,c2r,light,0.0,0,condition_video,,,,,,,,knn_k1,0.530430018901825
stage0_contrastive_bs8_fn4_001,contrastive,c2r/light/pick_dual_bottles/seed_7690756/progress_000,pick_dual_bottles,seed_7690756,c2r,light,0.0,0,condition_video,,,,,,,,knn_k1,0.3771803379058838
stage0_contrastive_bs8_fn4_001,contrastive,c2r/light/shake_bottle/seed_716268860/progress_000,shake_bottle,seed_716268860,c2r,light,0.0,0,condition_video,,,,,,,,knn_k1,0.5596717000007629
stage0_contrastive_bs8_fn4_001,contrastive,c2r/light/place_fan/seed_519267369/progress_000,place_fan,seed_519267369,c2r,light,0.0,0,condition_video,,,,,,,,knn_k1,0.4832196831703186
stage0_contrastive_bs8_fn4_001,contrastive,c2r/light/turn_switch/seed_493838736/progress_000,turn_switch,seed_493838736,c2r,light,0.0,0,condition_video,,,,,,,,knn_k1,0.5050395727157593
stage0_contrastive_bs8_fn4_001,contrastive,c2r/light/shake_bottle_horizontally/seed_497389386/progress_000,shake_bottle_horizontally,seed_497389386,c2r,light,0.0,0,condition_video,,,,,,,,knn_k1,0.4467901885509491
stage0_contrastive_bs8_fn4_001,contrastive,c2r/light/place_container_plate/seed_252210122/progress_000,place_container_plate,seed_252210122,c2r,light,0.0,0,condition_video,,,,,,,,knn_k1,0.4849177300930023
stage0_contrastive_bs8_fn4_001,contrastive,c2r/light/rotate_qrcode/seed_24255504/progress_000,rotate_qrcode,seed_24255504,c2r,light,0.0,0,condition_video,,,,,,,,knn_k1,0.48795849084854126
stage0_contrastive_bs8_fn4_001,contrastive,c2r/light/place_object_stand/seed_603755546/progress_000,place_object_stand,seed_603755546,c2r,light,0.0,0,condition_video,,,,,,,,knn_k1,0.3774469792842865
stage0_contrastive_bs8_fn4_001,contrastive,c2r/light/put_bottles_dustbin/seed_473207494/progress_000,put_bottles_dustbin,seed_473207494,c2r,light,0.0,0,condition_video,,,,,,,,knn_k1,0.5049836039543152
stage0_contrastive_bs8_fn4_001,contrastive,c2r/light/move_stapler_pad/seed_724544048/progress_000,move_stapler_pad,seed_724544048,c2r,light,0.0,0,condition_video,,,,,,,,knn_k1,0.5955801010131836
stage0_contrastive_bs8_fn4_001,contrastive,c2r/light/place_burger_fries/seed_764956105/progress_000,place_burger_fries,seed_764956105,c2r,light,0.0,0,condition_video,,,,,,,,knn_k1,0.41567882895469666
stage0_contrastive_bs8_fn4_001,contrastive,c2r/light/place_bread_basket/seed_548994270/progress_000,place_bread_basket,seed_548994270,c2r,light,0.0,0,condition_video,,,,,,,,knn_k1,0.3991066515445709
stage0_contrastive_bs8_fn4_001,contrastive,c2r/light/pick_diverse_bottles/seed_469296516/progress_000,pick_diverse_bottles,seed_469296516,c2r,light,0.0,0,condition_video,,,,,,,,knn_k1,0.3331541121006012
stage0_contrastive_bs8_fn4_001,contrastive,c2r/light/open_microwave/seed_126026794/progress_000,open_microwave,seed_126026794,c2r,light,0.0,0,condition_video,,,,,,,,knn_k1,0.37472644448280334
stage0_contrastive_bs8_fn4_001,contrastive,c2r/light/beat_block_hammer/seed_190785939/progress_000,beat_block_hammer,seed_190785939,c2r,light,0.0,0,condition_video,,,,,,,,knn_k1,0.41692113876342773
stage0_contrastive_bs8_fn4_001,contrastive,c2r/light/press_stapler/seed_645584852/progress_000,press_stapler,seed_645584852,c2r,light,0.0,0,condition_video,,,,,,,,knn_k1,0.4365449845790863
stage0_contrastive_bs8_fn4_001,contrastive,c2r/light/click_bell/seed_611142223/progress_000,click_bell,seed_611142223,c2r,light,0.0,0,condition_video,,,,,,,,knn_k1,0.4320407807826996
stage0_contrastive_bs8_fn4_001,contrastive,c2r/light/move_playingcard_away/seed_698951458/progress_000,move_playingcard_away,seed_698951458,c2r,light,0.0,0,condition_video,,,,,,,,knn_k1,0.372222900390625
stage0_contrastive_bs8_fn4_001,contrastive,c2r/light/open_laptop/seed_627389206/progress_000,open_laptop,seed_627389206,c2r,light,0.0,0,condition_video,,,,,,,,knn_k1,0.42869943380355835
stage0_contrastive_bs8_fn4_001,contrastive,c2r/light/move_can_pot/seed_248023816/progress_000,move_can_pot,seed_248023816,c2r,light,0.0,0,condition_video,,,,,,,,knn_k1,0.40493929386138916
stage0_contrastive_bs8_fn4_001,contrastive,c2r/light/stack_bowls_two/seed_656246828/progress_000,stack_bowls_two,seed_656246828,c2r,light,0.0,0,condition_video,,,,,,,,knn_k1,0.45034119486808777
stage0_contrastive_bs8_fn4_001,contrastive,c2r/light/place_a2b_right/seed_803416018/progress_000,place_a2b_right,seed_803416018,c2r,light,0.0,0,condition_video,,,,,,,,knn_k1,0.3913534879684448
stage0_contrastive_bs8_fn4_001,contrastive,c2r/light/stamp_seal/seed_203079918/progress_000,stamp_seal,seed_203079918,c2r,light,0.0,0,condition_video,,,,,,,,knn_k1,0.4262233376502991
stage0_contrastive_bs8_fn4_001,contrastive,c2r/light/place_object_basket/seed_241125908/progress_000,place_object_basket,seed_241125908,c2r,light,0.0,0,condition_video,,,,,,,,knn_k1,0.5084126591682434
stage0_contrastive_bs8_fn4_001,contrastive,c2r/light/handover_mic/seed_283323218/progress_000,handover_mic,seed_283323218,c2r,light,0.0,0,condition_video,,,,,,,,knn_k1,0.5091065168380737
stage0_contrastive_bs8_fn4_001,contrastive,c2r/light/place_bread_skillet/seed_156686976/progress_000,place_bread_skillet,seed_156686976,c2r,light,0.0,0,condition_video,,,,,,,,knn_k1,0.3365629017353058
stage0_contrastive_bs8_fn4_001,contrastive,c2r/light/stack_blocks_two/seed_803532712/progress_000,stack_blocks_two,seed_803532712,c2r,light,0.0,0,condition_video,,,,,,,,knn_k1,0.541638970375061
stage0_contrastive_bs8_fn4_001,contrastive,c2r/light/place_cans_plasticbox/seed_577981354/progress_000,place_cans_plasticbox,seed_577981354,c2r,light,0.0,0,condition_video,,,,,,,,knn_k1,0.4092460870742798
stage0_contrastive_bs8_fn4_001,contrastive,c2r/light/click_alarmclock/seed_762866989/progress_000,click_alarmclock,seed_762866989,c2r,light,0.0,0,condition_video,,,,,,,,knn_k1,0.28630390763282776
stage0_contrastive_bs8_fn4_001,contrastive,c2r/light/blocks_ranking_size/seed_505985753/progress_000,blocks_ranking_size,seed_505985753,c2r,light,0.0,0,condition_video,,,,,,,,knn_k1,0.5582227110862732
stage0_contrastive_bs8_fn4_001,contrastive,c2r/light/place_phone_stand/seed_624751721/progress_000,place_phone_stand,seed_624751721,c2r,light,0.0,0,condition_video,,,,,,,,knn_k1,0.38731321692466736
stage0_contrastive_bs8_fn4_001,contrastive,c2r/light/place_can_basket/seed_542145302/progress_000,place_can_basket,seed_542145302,c2r,light,0.0,0,condition_video,,,,,,,,knn_k1,0.3768136203289032
stage0_contrastive_bs8_fn4_001,contrastive,c2r/light/place_object_scale/seed_722575534/progress_000,place_object_scale,seed_722575534,c2r,light,0.0,0,condition_video,,,,,,,,knn_k1,0.4893799424171448
stage0_contrastive_bs8_fn4_001,contrastive,c2r/light/place_a2b_left/seed_663079132/progress_000,place_a2b_left,seed_663079132,c2r,light,0.0,0,condition_video,,,,,,,,knn_k1,0.40476492047309875
stage0_contrastive_bs8_fn4_001,contrastive,c2r/light/grab_roller/seed_482689013/progress_000,grab_roller,seed_482689013,c2r,light,0.0,0,condition_video,,,,,,,,knn_k1,0.44842326641082764
stage0_contrastive_bs8_fn4_001,contrastive,c2r/light/place_dual_shoes/seed_319436374/progress_000,place_dual_shoes,seed_319436374,c2r,light,0.0,0,condition_video,,,,,,,,knn_k1,0.2900264859199524
stage0_contrastive_bs8_fn4_001,contrastive,c2r/light/place_empty_cup/seed_606914953/progress_000,place_empty_cup,seed_606914953,c2r,light,0.0,0,condition_video,,,,,,,,knn_k1,0.47559642791748047
stage0_contrastive_bs8_fn4_001,contrastive,c2r/light/blocks_ranking_rgb/seed_339352330/progress_000,blocks_ranking_rgb,seed_339352330,c2r,light,0.0,0,condition_video,,,,,,,,knn_k1,0.4458291828632355
stage0_contrastive_bs8_fn4_001,contrastive,aggregate,all,all,c2r,light,,0,condition_video,,,,,,,,knn_k1_mean,0.43641423583030703
stage0_contrastive_bs8_fn4_001,contrastive,aggregate,all,group_split,c2r,light,,0,condition_video,,,,,,,,domain_balanced_accuracy,0.5
stage0_contrastive_bs8_fn4_001,contrastive,aggregate,all,group_split,c2r,light,,0,condition_video,,,,,,,,domain_auroc,1.0
stage0_contrastive_bs8_fn4_001,contrastive,c2r/background/stack_bowls_three/seed_27804535/progress_000,stack_bowls_three,seed_27804535,c2r,background,0.0,10,condition_video,,,,,,,,knn_k1,0.2873038649559021
stage0_contrastive_bs8_fn4_001,contrastive,c2r/background/handover_block/seed_120650234/progress_000,handover_block,seed_120650234,c2r,background,0.0,10,condition_video,,,,,,,,knn_k1,0.29366788268089294
stage0_contrastive_bs8_fn4_001,contrastive,c2r/background/hanging_mug/seed_538778923/progress_000,hanging_mug,seed_538778923,c2r,background,0.0,10,condition_video,,,,,,,,knn_k1,0.287811815738678
stage0_contrastive_bs8_fn4_001,contrastive,c2r/background/scan_object/seed_262761732/progress_000,scan_object,seed_262761732,c2r,background,0.0,10,condition_video,,,,,,,,knn_k1,0.2921990156173706
stage0_contrastive_bs8_fn4_001,contrastive,c2r/background/lift_pot/seed_710924868/progress_000,lift_pot,seed_710924868,c2r,background,0.0,10,condition_video,,,,,,,,knn_k1,0.2521357536315918
stage0_contrastive_bs8_fn4_001,contrastive,c2r/background/put_object_cabinet/seed_13370600/progress_000,put_object_cabinet,seed_13370600,c2r,background,0.0,10,condition_video,,,,,,,,knn_k1,0.28487420082092285
stage0_contrastive_bs8_fn4_001,contrastive,c2r/background/stack_blocks_three/seed_822087810/progress_000,stack_blocks_three,seed_822087810,c2r,background,0.0,10,condition_video,,,,,,,,knn_k1,0.2924552857875824
stage0_contrastive_bs8_fn4_001,contrastive,c2r/background/place_shoe/seed_676166693/progress_000,place_shoe,seed_676166693,c2r,background,0.0,10,condition_video,,,,,,,,knn_k1,0.24060647189617157
stage0_contrastive_bs8_fn4_001,contrastive,c2r/background/adjust_bottle/seed_863397555/progress_000,adjust_bottle,seed_863397555,c2r,background,0.0,10,condition_video,,,,,,,,knn_k1,0.2399796098470688
stage0_contrastive_bs8_fn4_001,contrastive,c2r/background/place_mouse_pad/seed_457852611/progress_000,place_mouse_pad,seed_457852611,c2r,background,0.0,10,condition_video,,,,,,,,knn_k1,0.23188599944114685
stage0_contrastive_bs8_fn4_001,contrastive,c2r/background/dump_bin_bigbin/seed_773111305/progress_000,dump_bin_bigbin,seed_773111305,c2r,background,0.0,10,condition_video,,,,,,,,knn_k1,0.25139403343200684
stage0_contrastive_bs8_fn4_001,contrastive,c2r/background/move_pillbottle_pad/seed_568983342/progress_000,move_pillbottle_pad,seed_568983342,c2r,background,0.0,10,condition_video,,,,,,,,knn_k1,0.2412542849779129
stage0_contrastive_bs8_fn4_001,contrastive,c2r/background/pick_dual_bottles/seed_117166061/progress_000,pick_dual_bottles,seed_117166061,c2r,background,0.0,10,condition_video,,,,,,,,knn_k1,0.2769845426082611
stage0_contrastive_bs8_fn4_001,contrastive,c2r/background/shake_bottle/seed_331965946/progress_000,shake_bottle,seed_331965946,c2r,background,0.0,10,condition_video,,,,,,,,knn_k1,0.30279022455215454
stage0_contrastive_bs8_fn4_001,contrastive,c2r/background/place_fan/seed_543070044/progress_000,place_fan,seed_543070044,c2r,background,0.0,10,condition_video,,,,,,,,knn_k1,0.2461991012096405
stage0_contrastive_bs8_fn4_001,contrastive,c2r/background/turn_switch/seed_489873751/progress_000,turn_switch,seed_489873751,c2r,background,0.0,10,condition_video,,,,,,,,knn_k1,0.21792040765285492
stage0_contrastive_bs8_fn4_001,contrastive,c2r/background/shake_bottle_horizontally/seed_319358196/progress_000,shake_bottle_horizontally,seed_319358196,c2r,background,0.0,10,condition_video,,,,,,,,knn_k1,0.29378214478492737
stage0_contrastive_bs8_fn4_001,contrastive,c2r/background/place_container_plate/seed_14431598/progress_000,place_container_plate,seed_14431598,c2r,background,0.0,10,condition_video,,,,,,,,knn_k1,0.23099775612354279
stage0_contrastive_bs8_fn4_001,contrastive,c2r/background/rotate_qrcode/seed_372345110/progress_000,rotate_qrcode,seed_372345110,c2r,background,0.0,10,condition_video,,,,,,,,knn_k1,0.24469494819641113
stage0_contrastive_bs8_fn4_001,contrastive,c2r/background/place_object_stand/seed_715864988/progress_000,place_object_stand,seed_715864988,c2r,background,0.0,10,condition_video,,,,,,,,knn_k1,0.21713204681873322
stage0_contrastive_bs8_fn4_001,contrastive,c2r/background/put_bottles_dustbin/seed_455479075/progress_000,put_bottles_dustbin,seed_455479075,c2r,background,0.0,10,condition_video,,,,,,,,knn_k1,0.3364261984825134
stage0_contrastive_bs8_fn4_001,contrastive,c2r/background/move_stapler_pad/seed_453776751/progress_000,move_stapler_pad,seed_453776751,c2r,background,0.0,10,condition_video,,,,,,,,knn_k1,0.23349270224571228
stage0_contrastive_bs8_fn4_001,contrastive,c2r/background/place_burger_fries/seed_165469501/progress_000,place_burger_fries,seed_165469501,c2r,background,0.0,10,condition_video,,,,,,,,knn_k1,0.28393104672431946
stage0_contrastive_bs8_fn4_001,contrastive,c2r/background/place_bread_basket/seed_490234398/progress_000,place_bread_basket,seed_490234398,c2r,background,0.0,10,condition_video,,,,,,,,knn_k1,0.28596949577331543
stage0_contrastive_bs8_fn4_001,contrastive,c2r/background/pick_diverse_bottles/seed_886697844/progress_000,pick_diverse_bottles,seed_886697844,c2r,background,0.0,10,condition_video,,,,,,,,knn_k1,0.2892185151576996
stage0_contrastive_bs8_fn4_001,contrastive,c2r/background/open_microwave/seed_443701932/progress_000,open_microwave,seed_443701932,c2r,background,0.0,10,condition_video,,,,,,,,knn_k1,0.28242141008377075
stage0_contrastive_bs8_fn4_001,contrastive,c2r/background/beat_block_hammer/seed_797298394/progress_000,beat_block_hammer,seed_797298394,c2r,background,0.0,10,condition_video,,,,,,,,knn_k1,0.22928868234157562
stage0_contrastive_bs8_fn4_001,contrastive,c2r/background/press_stapler/seed_262831721/progress_000,press_stapler,seed_262831721,c2r,background,0.0,10,condition_video,,,,,,,,knn_k1,0.2261224091053009
stage0_contrastive_bs8_fn4_001,contrastive,c2r/background/click_bell/seed_748992159/progress_000,click_bell,seed_748992159,c2r,background,0.0,10,condition_video,,,,,,,,knn_k1,0.2008330225944519
stage0_contrastive_bs8_fn4_001,contrastive,c2r/background/move_playingcard_away/seed_114732817/progress_000,move_playingcard_away,seed_114732817,c2r,background,0.0,10,condition_video,,,,,,,,knn_k1,0.2237592190504074
stage0_contrastive_bs8_fn4_001,contrastive,c2r/background/open_laptop/seed_121410776/progress_000,open_laptop,seed_121410776,c2r,background,0.0,10,condition_video,,,,,,,,knn_k1,0.261709600687027
stage0_contrastive_bs8_fn4_001,contrastive,c2r/background/move_can_pot/seed_600430797/progress_000,move_can_pot,seed_600430797,c2r,background,0.0,10,condition_video,,,,,,,,knn_k1,0.24331164360046387
stage0_contrastive_bs8_fn4_001,contrastive,c2r/background/stack_bowls_two/seed_444040936/progress_000,stack_bowls_two,seed_444040936,c2r,background,0.0,10,condition_video,,,,,,,,knn_k1,0.2644333839416504
stage0_contrastive_bs8_fn4_001,contrastive,c2r/background/place_a2b_right/seed_550624350/progress_000,place_a2b_right,seed_550624350,c2r,background,0.0,10,condition_video,,,,,,,,knn_k1,0.24330829083919525
stage0_contrastive_bs8_fn4_001,contrastive,c2r/background/stamp_seal/seed_373032052/progress_000,stamp_seal,seed_373032052,c2r,background,0.0,10,condition_video,,,,,,,,knn_k1,0.23477402329444885
stage0_contrastive_bs8_fn4_001,contrastive,c2r/background/place_object_basket/seed_13972055/progress_000,place_object_basket,seed_13972055,c2r,background,0.0,10,condition_video,,,,,,,,knn_k1,0.2621048092842102
stage0_contrastive_bs8_fn4_001,contrastive,c2r/background/handover_mic/seed_791372736/progress_000,handover_mic,seed_791372736,c2r,background,0.0,10,condition_video,,,,,,,,knn_k1,0.26272299885749817
stage0_contrastive_bs8_fn4_001,contrastive,c2r/background/place_bread_skillet/seed_682411729/progress_000,place_bread_skillet,seed_682411729,c2r,background,0.0,10,condition_video,,,,,,,,knn_k1,0.2712714374065399
stage0_contrastive_bs8_fn4_001,contrastive,c2r/background/stack_blocks_two/seed_325046254/progress_000,stack_blocks_two,seed_325046254,c2r,background,0.0,10,condition_video,,,,,,,,knn_k1,0.2730623185634613
stage0_contrastive_bs8_fn4_001,contrastive,c2r/background/place_cans_plasticbox/seed_851474539/progress_000,place_cans_plasticbox,seed_851474539,c2r,background,0.0,10,condition_video,,,,,,,,knn_k1,0.3001633286476135
stage0_contrastive_bs8_fn4_001,contrastive,c2r/background/click_alarmclock/seed_597249174/progress_000,click_alarmclock,seed_597249174,c2r,background,0.0,10,condition_video,,,,,,,,knn_k1,0.19721385836601257
stage0_contrastive_bs8_fn4_001,contrastive,c2r/background/blocks_ranking_size/seed_483186537/progress_000,blocks_ranking_size,seed_483186537,c2r,background,0.0,10,condition_video,,,,,,,,knn_k1,0.30962225794792175
stage0_contrastive_bs8_fn4_001,contrastive,c2r/background/place_phone_stand/seed_844715882/progress_000,place_phone_stand,seed_844715882,c2r,background,0.0,10,condition_video,,,,,,,,knn_k1,0.22099897265434265
stage0_contrastive_bs8_fn4_001,contrastive,c2r/background/place_can_basket/seed_873890208/progress_000,place_can_basket,seed_873890208,c2r,background,0.0,10,condition_video,,,,,,,,knn_k1,0.2707905173301697
stage0_contrastive_bs8_fn4_001,contrastive,c2r/background/place_object_scale/seed_28989601/progress_000,place_object_scale,seed_28989601,c2r,background,0.0,10,condition_video,,,,,,,,knn_k1,0.23107466101646423
stage0_contrastive_bs8_fn4_001,contrastive,c2r/background/place_a2b_left/seed_494714106/progress_000,place_a2b_left,seed_494714106,c2r,background,0.0,10,condition_video,,,,,,,,knn_k1,0.233419731259346
stage0_contrastive_bs8_fn4_001,contrastive,c2r/background/grab_roller/seed_274067892/progress_000,grab_roller,seed_274067892,c2r,background,0.0,10,condition_video,,,,,,,,knn_k1,0.25041380524635315
stage0_contrastive_bs8_fn4_001,contrastive,c2r/background/place_dual_shoes/seed_100946921/progress_000,place_dual_shoes,seed_100946921,c2r,background,0.0,10,condition_video,,,,,,,,knn_k1,0.2947417199611664
stage0_contrastive_bs8_fn4_001,contrastive,c2r/background/place_empty_cup/seed_66017520/progress_000,place_empty_cup,seed_66017520,c2r,background,0.0,10,condition_video,,,,,,,,knn_k1,0.23715338110923767
stage0_contrastive_bs8_fn4_001,contrastive,c2r/background/blocks_ranking_rgb/seed_392877897/progress_000,blocks_ranking_rgb,seed_392877897,c2r,background,0.0,10,condition_video,,,,,,,,knn_k1,0.30445754528045654
stage0_contrastive_bs8_fn4_001,contrastive,aggregate,all,all,c2r,background,,10,condition_video,,,,,,,,knn_k1_mean,0.2596856075525284
stage0_contrastive_bs8_fn4_001,contrastive,aggregate,all,group_split,c2r,background,,10,condition_video,,,,,,,,domain_balanced_accuracy,0.5
stage0_contrastive_bs8_fn4_001,contrastive,aggregate,all,group_split,c2r,background,,10,condition_video,,,,,,,,domain_auroc,1.0
stage0_contrastive_bs8_fn4_001,contrastive,c2r/clutter/stack_bowls_three/seed_761954913/progress_000,stack_bowls_three,seed_761954913,c2r,clutter,0.0,10,condition_video,,,,,,,,knn_k1,0.28667300939559937
stage0_contrastive_bs8_fn4_001,contrastive,c2r/clutter/handover_block/seed_624737248/progress_000,handover_block,seed_624737248,c2r,clutter,0.0,10,condition_video,,,,,,,,knn_k1,0.2949889004230499
stage0_contrastive_bs8_fn4_001,contrastive,c2r/clutter/hanging_mug/seed_853936167/progress_000,hanging_mug,seed_853936167,c2r,clutter,0.0,10,condition_video,,,,,,,,knn_k1,0.2862887978553772
stage0_contrastive_bs8_fn4_001,contrastive,c2r/clutter/scan_object/seed_200154928/progress_000,scan_object,seed_200154928,c2r,clutter,0.0,10,condition_video,,,,,,,,knn_k1,0.2924214005470276
stage0_contrastive_bs8_fn4_001,contrastive,c2r/clutter/lift_pot/seed_36841133/progress_000,lift_pot,seed_36841133,c2r,clutter,0.0,10,condition_video,,,,,,,,knn_k1,0.251736044883728
stage0_contrastive_bs8_fn4_001,contrastive,c2r/clutter/put_object_cabinet/seed_213141741/progress_000,put_object_cabinet,seed_213141741,c2r,clutter,0.0,10,condition_video,,,,,,,,knn_k1,0.28272074460983276
stage0_contrastive_bs8_fn4_001,contrastive,c2r/clutter/stack_blocks_three/seed_885782772/progress_000,stack_blocks_three,seed_885782772,c2r,clutter,0.0,10,condition_video,,,,,,,,knn_k1,0.29189547896385193
stage0_contrastive_bs8_fn4_001,contrastive,c2r/clutter/place_shoe/seed_148930251/progress_000,place_shoe,seed_148930251,c2r,clutter,0.0,10,condition_video,,,,,,,,knn_k1,0.2412092238664627
stage0_contrastive_bs8_fn4_001,contrastive,c2r/clutter/adjust_bottle/seed_487447292/progress_000,adjust_bottle,seed_487447292,c2r,clutter,0.0,10,condition_video,,,,,,,,knn_k1,0.2400568276643753
stage0_contrastive_bs8_fn4_001,contrastive,c2r/clutter/place_mouse_pad/seed_782913939/progress_000,place_mouse_pad,seed_782913939,c2r,clutter,0.0,10,condition_video,,,,,,,,knn_k1,0.23194360733032227
stage0_contrastive_bs8_fn4_001,contrastive,c2r/clutter/dump_bin_bigbin/seed_48286788/progress_000,dump_bin_bigbin,seed_48286788,c2r,clutter,0.0,10,condition_video,,,,,,,,knn_k1,0.2500563859939575
stage0_contrastive_bs8_fn4_001,contrastive,c2r/clutter/move_pillbottle_pad/seed_170572259/progress_000,move_pillbottle_pad,seed_170572259,c2r,clutter,0.0,10,condition_video,,,,,,,,knn_k1,0.24274636805057526
stage0_contrastive_bs8_fn4_001,contrastive,c2r/clutter/pick_dual_bottles/seed_4182488/progress_000,pick_dual_bottles,seed_4182488,c2r,clutter,0.0,10,condition_video,,,,,,,,knn_k1,0.27408188581466675
stage0_contrastive_bs8_fn4_001,contrastive,c2r/clutter/shake_bottle/seed_509663030/progress_000,shake_bottle,seed_509663030,c2r,clutter,0.0,10,condition_video,,,,,,,,knn_k1,0.3047982156276703
stage0_contrastive_bs8_fn4_001,contrastive,c2r/clutter/place_fan/seed_847307321/progress_000,place_fan,seed_847307321,c2r,clutter,0.0,10,condition_video,,,,,,,,knn_k1,0.24552488327026367
stage0_contrastive_bs8_fn4_001,contrastive,c2r/clutter/turn_switch/seed_106540409/progress_000,turn_switch,seed_106540409,c2r,clutter,0.0,10,condition_video,,,,,,,,knn_k1,0.2196538746356964
stage0_contrastive_bs8_fn4_001,contrastive,c2r/clutter/shake_bottle_horizontally/seed_491429438/progress_000,shake_bottle_horizontally,seed_491429438,c2r,clutter,0.0,10,condition_video,,,,,,,,knn_k1,0.29224902391433716
stage0_contrastive_bs8_fn4_001,contrastive,c2r/clutter/place_container_plate/seed_594486020/progress_000,place_container_plate,seed_594486020,c2r,clutter,0.0,10,condition_video,,,,,,,,knn_k1,0.23079100251197815
stage0_contrastive_bs8_fn4_001,contrastive,c2r/clutter/rotate_qrcode/seed_362674036/progress_000,rotate_qrcode,seed_362674036,c2r,clutter,0.0,10,condition_video,,,,,,,,knn_k1,0.2451162189245224
stage0_contrastive_bs8_fn4_001,contrastive,c2r/clutter/place_object_stand/seed_162697052/progress_000,place_object_stand,seed_162697052,c2r,clutter,0.0,10,condition_video,,,,,,,,knn_k1,0.21586772799491882
stage0_contrastive_bs8_fn4_001,contrastive,c2r/clutter/put_bottles_dustbin/seed_148690198/progress_000,put_bottles_dustbin,seed_148690198,c2r,clutter,0.0,10,condition_video,,,,,,,,knn_k1,0.33209070563316345
stage0_contrastive_bs8_fn4_001,contrastive,c2r/clutter/move_stapler_pad/seed_744409618/progress_000,move_stapler_pad,seed_744409618,c2r,clutter,0.0,10,condition_video,,,,,,,,knn_k1,0.2367200404405594
stage0_contrastive_bs8_fn4_001,contrastive,c2r/clutter/place_burger_fries/seed_303636962/progress_000,place_burger_fries,seed_303636962,c2r,clutter,0.0,10,condition_video,,,,,,,,knn_k1,0.28308072686195374
stage0_contrastive_bs8_fn4_001,contrastive,c2r/clutter/place_bread_basket/seed_105344671/progress_000,place_bread_basket,seed_105344671,c2r,clutter,0.0,10,condition_video,,,,,,,,knn_k1,0.28450384736061096
stage0_contrastive_bs8_fn4_001,contrastive,c2r/clutter/pick_diverse_bottles/seed_21321356/progress_000,pick_diverse_bottles,seed_21321356,c2r,clutter,0.0,10,condition_video,,,,,,,,knn_k1,0.2800224721431732
stage0_contrastive_bs8_fn4_001,contrastive,c2r/clutter/open_microwave/seed_136410473/progress_000,open_microwave,seed_136410473,c2r,clutter,0.0,10,condition_video,,,,,,,,knn_k1,0.28097885847091675
stage0_contrastive_bs8_fn4_001,contrastive,c2r/clutter/beat_block_hammer/seed_36693999/progress_000,beat_block_hammer,seed_36693999,c2r,clutter,0.0,10,condition_video,,,,,,,,knn_k1,0.22984759509563446
stage0_contrastive_bs8_fn4_001,contrastive,c2r/clutter/press_stapler/seed_880007787/progress_000,press_stapler,seed_880007787,c2r,clutter,0.0,10,condition_video,,,,,,,,knn_k1,0.227070152759552
stage0_contrastive_bs8_fn4_001,contrastive,c2r/clutter/click_bell/seed_539095014/progress_000,click_bell,seed_539095014,c2r,clutter,0.0,10,condition_video,,,,,,,,knn_k1,0.20076215267181396
stage0_contrastive_bs8_fn4_001,contrastive,c2r/clutter/move_playingcard_away/seed_385288247/progress_000,move_playingcard_away,seed_385288247,c2r,clutter,0.0,10,condition_video,,,,,,,,knn_k1,0.22382356226444244
stage0_contrastive_bs8_fn4_001,contrastive,c2r/clutter/open_laptop/seed_260421436/progress_000,open_laptop,seed_260421436,c2r,clutter,0.0,10,condition_video,,,,,,,,knn_k1,0.26409319043159485
stage0_contrastive_bs8_fn4_001,contrastive,c2r/clutter/move_can_pot/seed_445842829/progress_000,move_can_pot,seed_445842829,c2r,clutter,0.0,10,condition_video,,,,,,,,knn_k1,0.2408652901649475
stage0_contrastive_bs8_fn4_001,contrastive,c2r/clutter/stack_bowls_two/seed_408127787/progress_000,stack_bowls_two,seed_408127787,c2r,clutter,0.0,10,condition_video,,,,,,,,knn_k1,0.2687894105911255
stage0_contrastive_bs8_fn4_001,contrastive,c2r/clutter/place_a2b_right/seed_298826397/progress_000,place_a2b_right,seed_298826397,c2r,clutter,0.0,10,condition_video,,,,,,,,knn_k1,0.24500904977321625
stage0_contrastive_bs8_fn4_001,contrastive,c2r/clutter/stamp_seal/seed_748150648/progress_000,stamp_seal,seed_748150648,c2r,clutter,0.0,10,condition_video,,,,,,,,knn_k1,0.23194725811481476
stage0_contrastive_bs8_fn4_001,contrastive,c2r/clutter/place_object_basket/seed_455727417/progress_000,place_object_basket,seed_455727417,c2r,clutter,0.0,10,condition_video,,,,,,,,knn_k1,0.2705088257789612
stage0_contrastive_bs8_fn4_001,contrastive,c2r/clutter/handover_mic/seed_27533572/progress_000,handover_mic,seed_27533572,c2r,clutter,0.0,10,condition_video,,,,,,,,knn_k1,0.2621932029724121
stage0_contrastive_bs8_fn4_001,contrastive,c2r/clutter/place_bread_skillet/seed_470829968/progress_000,place_bread_skillet,seed_470829968,c2r,clutter,0.0,10,condition_video,,,,,,,,knn_k1,0.2671120762825012
stage0_contrastive_bs8_fn4_001,contrastive,c2r/clutter/stack_blocks_two/seed_193292576/progress_000,stack_blocks_two,seed_193292576,c2r,clutter,0.0,10,condition_video,,,,,,,,knn_k1,0.27410149574279785
stage0_contrastive_bs8_fn4_001,contrastive,c2r/clutter/place_cans_plasticbox/seed_552905247/progress_000,place_cans_plasticbox,seed_552905247,c2r,clutter,0.0,10,condition_video,,,,,,,,knn_k1,0.3021996319293976
stage0_contrastive_bs8_fn4_001,contrastive,c2r/clutter/click_alarmclock/seed_257639388/progress_000,click_alarmclock,seed_257639388,c2r,clutter,0.0,10,condition_video,,,,,,,,knn_k1,0.19413666427135468
stage0_contrastive_bs8_fn4_001,contrastive,c2r/clutter/blocks_ranking_size/seed_676842534/progress_000,blocks_ranking_size,seed_676842534,c2r,clutter,0.0,10,condition_video,,,,,,,,knn_k1,0.30900338292121887
stage0_contrastive_bs8_fn4_001,contrastive,c2r/clutter/place_phone_stand/seed_560963078/progress_000,place_phone_stand,seed_560963078,c2r,clutter,0.0,10,condition_video,,,,,,,,knn_k1,0.22137179970741272
stage0_contrastive_bs8_fn4_001,contrastive,c2r/clutter/place_can_basket/seed_578149817/progress_000,place_can_basket,seed_578149817,c2r,clutter,0.0,10,condition_video,,,,,,,,knn_k1,0.2635793089866638
stage0_contrastive_bs8_fn4_001,contrastive,c2r/clutter/place_object_scale/seed_142945748/progress_000,place_object_scale,seed_142945748,c2r,clutter,0.0,10,condition_video,,,,,,,,knn_k1,0.23269212245941162
stage0_contrastive_bs8_fn4_001,contrastive,c2r/clutter/place_a2b_left/seed_712001400/progress_000,place_a2b_left,seed_712001400,c2r,clutter,0.0,10,condition_video,,,,,,,,knn_k1,0.23827645182609558
stage0_contrastive_bs8_fn4_001,contrastive,c2r/clutter/grab_roller/seed_489372951/progress_000,grab_roller,seed_489372951,c2r,clutter,0.0,10,condition_video,,,,,,,,knn_k1,0.2510908842086792
stage0_contrastive_bs8_fn4_001,contrastive,c2r/clutter/place_dual_shoes/seed_486785621/progress_000,place_dual_shoes,seed_486785621,c2r,clutter,0.0,10,condition_video,,,,,,,,knn_k1,0.2984605133533478
stage0_contrastive_bs8_fn4_001,contrastive,c2r/clutter/place_empty_cup/seed_270996463/progress_000,place_empty_cup,seed_270996463,c2r,clutter,0.0,10,condition_video,,,,,,,,knn_k1,0.23331712186336517
stage0_contrastive_bs8_fn4_001,contrastive,c2r/clutter/blocks_ranking_rgb/seed_350545820/progress_000,blocks_ranking_rgb,seed_350545820,c2r,clutter,0.0,10,condition_video,,,,,,,,knn_k1,0.305298388004303
stage0_contrastive_bs8_fn4_001,contrastive,aggregate,all,all,c2r,clutter,,10,condition_video,,,,,,,,knn_k1_mean,0.2594753161072731
stage0_contrastive_bs8_fn4_001,contrastive,aggregate,all,group_split,c2r,clutter,,10,condition_video,,,,,,,,domain_balanced_accuracy,0.5
stage0_contrastive_bs8_fn4_001,contrastive,aggregate,all,group_split,c2r,clutter,,10,condition_video,,,,,,,,domain_auroc,1.0
stage0_contrastive_bs8_fn4_001,contrastive,c2r/height/stack_bowls_three/seed_777107145/progress_000,stack_bowls_three,seed_777107145,c2r,height,0.0,10,condition_video,,,,,,,,knn_k1,0.2852768003940582
stage0_contrastive_bs8_fn4_001,contrastive,c2r/height/handover_block/seed_153931416/progress_000,handover_block,seed_153931416,c2r,height,0.0,10,condition_video,,,,,,,,knn_k1,0.297264963388443
stage0_contrastive_bs8_fn4_001,contrastive,c2r/height/hanging_mug/seed_797626889/progress_000,hanging_mug,seed_797626889,c2r,height,0.0,10,condition_video,,,,,,,,knn_k1,0.2881229817867279
stage0_contrastive_bs8_fn4_001,contrastive,c2r/height/scan_object/seed_86820161/progress_000,scan_object,seed_86820161,c2r,height,0.0,10,condition_video,,,,,,,,knn_k1,0.29762518405914307
stage0_contrastive_bs8_fn4_001,contrastive,c2r/height/lift_pot/seed_358880989/progress_000,lift_pot,seed_358880989,c2r,height,0.0,10,condition_video,,,,,,,,knn_k1,0.2507208585739136
stage0_contrastive_bs8_fn4_001,contrastive,c2r/height/put_object_cabinet/seed_579804476/progress_000,put_object_cabinet,seed_579804476,c2r,height,0.0,10,condition_video,,,,,,,,knn_k1,0.2815737724304199
stage0_contrastive_bs8_fn4_001,contrastive,c2r/height/stack_blocks_three/seed_510834284/progress_000,stack_blocks_three,seed_510834284,c2r,height,0.0,10,condition_video,,,,,,,,knn_k1,0.29274678230285645
stage0_contrastive_bs8_fn4_001,contrastive,c2r/height/place_shoe/seed_547565528/progress_000,place_shoe,seed_547565528,c2r,height,0.0,10,condition_video,,,,,,,,knn_k1,0.2404630184173584
stage0_contrastive_bs8_fn4_001,contrastive,c2r/height/adjust_bottle/seed_455908385/progress_000,adjust_bottle,seed_455908385,c2r,height,0.0,10,condition_video,,,,,,,,knn_k1,0.23837244510650635
stage0_contrastive_bs8_fn4_001,contrastive,c2r/height/place_mouse_pad/seed_747588073/progress_000,place_mouse_pad,seed_747588073,c2r,height,0.0,10,condition_video,,,,,,,,knn_k1,0.23312634229660034
stage0_contrastive_bs8_fn4_001,contrastive,c2r/height/dump_bin_bigbin/seed_609125485/progress_000,dump_bin_bigbin,seed_609125485,c2r,height,0.0,10,condition_video,,,,,,,,knn_k1,0.25619274377822876
stage0_contrastive_bs8_fn4_001,contrastive,c2r/height/move_pillbottle_pad/seed_454258712/progress_000,move_pillbottle_pad,seed_454258712,c2r,height,0.0,10,condition_video,,,,,,,,knn_k1,0.24829354882240295
stage0_contrastive_bs8_fn4_001,contrastive,c2r/height/pick_dual_bottles/seed_625462229/progress_000,pick_dual_bottles,seed_625462229,c2r,height,0.0,10,condition_video,,,,,,,,knn_k1,0.27198198437690735
stage0_contrastive_bs8_fn4_001,contrastive,c2r/height/shake_bottle/seed_11397417/progress_000,shake_bottle,seed_11397417,c2r,height,0.0,10,condition_video,,,,,,,,knn_k1,0.3000902235507965
stage0_contrastive_bs8_fn4_001,contrastive,c2r/height/place_fan/seed_562359323/progress_000,place_fan,seed_562359323,c2r,height,0.0,10,condition_video,,,,,,,,knn_k1,0.23903168737888336
stage0_contrastive_bs8_fn4_001,contrastive,c2r/height/turn_switch/seed_388598700/progress_000,turn_switch,seed_388598700,c2r,height,0.0,10,condition_video,,,,,,,,knn_k1,0.22407929599285126
stage0_contrastive_bs8_fn4_001,contrastive,c2r/height/shake_bottle_horizontally/seed_506817488/progress_000,shake_bottle_horizontally,seed_506817488,c2r,height,0.0,10,condition_video,,,,,,,,knn_k1,0.29848870635032654
stage0_contrastive_bs8_fn4_001,contrastive,c2r/height/place_container_plate/seed_661154812/progress_000,place_container_plate,seed_661154812,c2r,height,0.0,10,condition_video,,,,,,,,knn_k1,0.23158074915409088
stage0_contrastive_bs8_fn4_001,contrastive,c2r/height/rotate_qrcode/seed_391550427/progress_000,rotate_qrcode,seed_391550427,c2r,height,0.0,10,condition_video,,,,,,,,knn_k1,0.24090561270713806
stage0_contrastive_bs8_fn4_001,contrastive,c2r/height/place_object_stand/seed_520492387/progress_000,place_object_stand,seed_520492387,c2r,height,0.0,10,condition_video,,,,,,,,knn_k1,0.22530615329742432
stage0_contrastive_bs8_fn4_001,contrastive,c2r/height/put_bottles_dustbin/seed_833796020/progress_000,put_bottles_dustbin,seed_833796020,c2r,height,0.0,10,condition_video,,,,,,,,knn_k1,0.331734299659729
stage0_contrastive_bs8_fn4_001,contrastive,c2r/height/move_stapler_pad/seed_626979943/progress_000,move_stapler_pad,seed_626979943,c2r,height,0.0,10,condition_video,,,,,,,,knn_k1,0.23479193449020386
stage0_contrastive_bs8_fn4_001,contrastive,c2r/height/place_burger_fries/seed_44486756/progress_000,place_burger_fries,seed_44486756,c2r,height,0.0,10,condition_video,,,,,,,,knn_k1,0.27555373311042786
stage0_contrastive_bs8_fn4_001,contrastive,c2r/height/place_bread_basket/seed_769514620/progress_000,place_bread_basket,seed_769514620,c2r,height,0.0,10,condition_video,,,,,,,,knn_k1,0.289156049489975
stage0_contrastive_bs8_fn4_001,contrastive,c2r/height/pick_diverse_bottles/seed_202104734/progress_000,pick_diverse_bottles,seed_202104734,c2r,height,0.0,10,condition_video,,,,,,,,knn_k1,0.2838881015777588
stage0_contrastive_bs8_fn4_001,contrastive,c2r/height/open_microwave/seed_670586037/progress_000,open_microwave,seed_670586037,c2r,height,0.0,10,condition_video,,,,,,,,knn_k1,0.28294458985328674
stage0_contrastive_bs8_fn4_001,contrastive,c2r/height/beat_block_hammer/seed_146228030/progress_000,beat_block_hammer,seed_146228030,c2r,height,0.0,10,condition_video,,,,,,,,knn_k1,0.23016159236431122
stage0_contrastive_bs8_fn4_001,contrastive,c2r/height/press_stapler/seed_623879527/progress_000,press_stapler,seed_623879527,c2r,height,0.0,10,condition_video,,,,,,,,knn_k1,0.23016878962516785
stage0_contrastive_bs8_fn4_001,contrastive,c2r/height/click_bell/seed_576942388/progress_000,click_bell,seed_576942388,c2r,height,0.0,10,condition_video,,,,,,,,knn_k1,0.20718403160572052
stage0_contrastive_bs8_fn4_001,contrastive,c2r/height/move_playingcard_away/seed_468245999/progress_000,move_playingcard_away,seed_468245999,c2r,height,0.0,10,condition_video,,,,,,,,knn_k1,0.23036573827266693
stage0_contrastive_bs8_fn4_001,contrastive,c2r/height/open_laptop/seed_273582622/progress_000,open_laptop,seed_273582622,c2r,height,0.0,10,condition_video,,,,,,,,knn_k1,0.2671646475791931
stage0_contrastive_bs8_fn4_001,contrastive,c2r/height/move_can_pot/seed_285658487/progress_000,move_can_pot,seed_285658487,c2r,height,0.0,10,condition_video,,,,,,,,knn_k1,0.2446911484003067
stage0_contrastive_bs8_fn4_001,contrastive,c2r/height/stack_bowls_two/seed_116018094/progress_000,stack_bowls_two,seed_116018094,c2r,height,0.0,10,condition_video,,,,,,,,knn_k1,0.26534271240234375
stage0_contrastive_bs8_fn4_001,contrastive,c2r/height/place_a2b_right/seed_803724289/progress_000,place_a2b_right,seed_803724289,c2r,height,0.0,10,condition_video,,,,,,,,knn_k1,0.24754315614700317
stage0_contrastive_bs8_fn4_001,contrastive,c2r/height/stamp_seal/seed_391510540/progress_000,stamp_seal,seed_391510540,c2r,height,0.0,10,condition_video,,,,,,,,knn_k1,0.2336714267730713
stage0_contrastive_bs8_fn4_001,contrastive,c2r/height/place_object_basket/seed_760526045/progress_000,place_object_basket,seed_760526045,c2r,height,0.0,10,condition_video,,,,,,,,knn_k1,0.26275408267974854
stage0_contrastive_bs8_fn4_001,contrastive,c2r/height/handover_mic/seed_537376167/progress_000,handover_mic,seed_537376167,c2r,height,0.0,10,condition_video,,,,,,,,knn_k1,0.2647427022457123
stage0_contrastive_bs8_fn4_001,contrastive,c2r/height/place_bread_skillet/seed_394408374/progress_000,place_bread_skillet,seed_394408374,c2r,height,0.0,10,condition_video,,,,,,,,knn_k1,0.26691973209381104
stage0_contrastive_bs8_fn4_001,contrastive,c2r/height/stack_blocks_two/seed_639631926/progress_000,stack_blocks_two,seed_639631926,c2r,height,0.0,10,condition_video,,,,,,,,knn_k1,0.2743857502937317
stage0_contrastive_bs8_fn4_001,contrastive,c2r/height/place_cans_plasticbox/seed_514553626/progress_000,place_cans_plasticbox,seed_514553626,c2r,height,0.0,10,condition_video,,,,,,,,knn_k1,0.3010842502117157
stage0_contrastive_bs8_fn4_001,contrastive,c2r/height/click_alarmclock/seed_789543505/progress_000,click_alarmclock,seed_789543505,c2r,height,0.0,10,condition_video,,,,,,,,knn_k1,0.20476067066192627
stage0_contrastive_bs8_fn4_001,contrastive,c2r/height/blocks_ranking_size/seed_3661514/progress_000,blocks_ranking_size,seed_3661514,c2r,height,0.0,10,condition_video,,,,,,,,knn_k1,0.3093326985836029
stage0_contrastive_bs8_fn4_001,contrastive,c2r/height/place_phone_stand/seed_39116909/progress_000,place_phone_stand,seed_39116909,c2r,height,0.0,10,condition_video,,,,,,,,knn_k1,0.22211654484272003
stage0_contrastive_bs8_fn4_001,contrastive,c2r/height/place_can_basket/seed_788353025/progress_000,place_can_basket,seed_788353025,c2r,height,0.0,10,condition_video,,,,,,,,knn_k1,0.2602667808532715
stage0_contrastive_bs8_fn4_001,contrastive,c2r/height/place_object_scale/seed_603032508/progress_000,place_object_scale,seed_603032508,c2r,height,0.0,10,condition_video,,,,,,,,knn_k1,0.23502622544765472
stage0_contrastive_bs8_fn4_001,contrastive,c2r/height/place_a2b_left/seed_240483131/progress_000,place_a2b_left,seed_240483131,c2r,height,0.0,10,condition_video,,,,,,,,knn_k1,0.23422664403915405
stage0_contrastive_bs8_fn4_001,contrastive,c2r/height/grab_roller/seed_452075745/progress_000,grab_roller,seed_452075745,c2r,height,0.0,10,condition_video,,,,,,,,knn_k1,0.24978508055210114
stage0_contrastive_bs8_fn4_001,contrastive,c2r/height/place_dual_shoes/seed_890676601/progress_000,place_dual_shoes,seed_890676601,c2r,height,0.0,10,condition_video,,,,,,,,knn_k1,0.2928507626056671
stage0_contrastive_bs8_fn4_001,contrastive,c2r/height/place_empty_cup/seed_859277454/progress_000,place_empty_cup,seed_859277454,c2r,height,0.0,10,condition_video,,,,,,,,knn_k1,0.23441100120544434
stage0_contrastive_bs8_fn4_001,contrastive,c2r/height/blocks_ranking_rgb/seed_114117740/progress_000,blocks_ranking_rgb,seed_114117740,c2r,height,0.0,10,condition_video,,,,,,,,knn_k1,0.3074963092803955
stage0_contrastive_bs8_fn4_001,contrastive,aggregate,all,all,c2r,height,,10,condition_video,,,,,,,,knn_k1_mean,0.260315300822258
stage0_contrastive_bs8_fn4_001,contrastive,aggregate,all,group_split,c2r,height,,10,condition_video,,,,,,,,domain_balanced_accuracy,0.5
stage0_contrastive_bs8_fn4_001,contrastive,aggregate,all,group_split,c2r,height,,10,condition_video,,,,,,,,domain_auroc,1.0
stage0_contrastive_bs8_fn4_001,contrastive,c2r/light/stack_bowls_three/seed_317869620/progress_000,stack_bowls_three,seed_317869620,c2r,light,0.0,10,condition_video,,,,,,,,knn_k1,0.3389609158039093
stage0_contrastive_bs8_fn4_001,contrastive,c2r/light/handover_block/seed_879311662/progress_000,handover_block,seed_879311662,c2r,light,0.0,10,condition_video,,,,,,,,knn_k1,0.39309653639793396
stage0_contrastive_bs8_fn4_001,contrastive,c2r/light/hanging_mug/seed_459299139/progress_000,hanging_mug,seed_459299139,c2r,light,0.0,10,condition_video,,,,,,,,knn_k1,0.3680562973022461
stage0_contrastive_bs8_fn4_001,contrastive,c2r/light/scan_object/seed_289038431/progress_000,scan_object,seed_289038431,c2r,light,0.0,10,condition_video,,,,,,,,knn_k1,0.33627966046333313
stage0_contrastive_bs8_fn4_001,contrastive,c2r/light/lift_pot/seed_185598812/progress_000,lift_pot,seed_185598812,c2r,light,0.0,10,condition_video,,,,,,,,knn_k1,0.2628762423992157
stage0_contrastive_bs8_fn4_001,contrastive,c2r/light/put_object_cabinet/seed_644929938/progress_000,put_object_cabinet,seed_644929938,c2r,light,0.0,10,condition_video,,,,,,,,knn_k1,0.32864412665367126
stage0_contrastive_bs8_fn4_001,contrastive,c2r/light/stack_blocks_three/seed_314814982/progress_000,stack_blocks_three,seed_314814982,c2r,light,0.0,10,condition_video,,,,,,,,knn_k1,0.35579466819763184
stage0_contrastive_bs8_fn4_001,contrastive,c2r/light/place_shoe/seed_259707623/progress_000,place_shoe,seed_259707623,c2r,light,0.0,10,condition_video,,,,,,,,knn_k1,0.302174836397171
stage0_contrastive_bs8_fn4_001,contrastive,c2r/light/adjust_bottle/seed_218427993/progress_000,adjust_bottle,seed_218427993,c2r,light,0.0,10,condition_video,,,,,,,,knn_k1,0.28348633646965027
stage0_contrastive_bs8_fn4_001,contrastive,c2r/light/place_mouse_pad/seed_866209002/progress_000,place_mouse_pad,seed_866209002,c2r,light,0.0,10,condition_video,,,,,,,,knn_k1,0.3189050257205963
stage0_contrastive_bs8_fn4_001,contrastive,c2r/light/dump_bin_bigbin/seed_423840151/progress_000,dump_bin_bigbin,seed_423840151,c2r,light,0.0,10,condition_video,,,,,,,,knn_k1,0.34474870562553406
stage0_contrastive_bs8_fn4_001,contrastive,c2r/light/move_pillbottle_pad/seed_635002489/progress_000,move_pillbottle_pad,seed_635002489,c2r,light,0.0,10,condition_video,,,,,,,,knn_k1,0.345573753118515
stage0_contrastive_bs8_fn4_001,contrastive,c2r/light/pick_dual_bottles/seed_7690756/progress_000,pick_dual_bottles,seed_7690756,c2r,light,0.0,10,condition_video,,,,,,,,knn_k1,0.31713253259658813
stage0_contrastive_bs8_fn4_001,contrastive,c2r/light/shake_bottle/seed_716268860/progress_000,shake_bottle,seed_716268860,c2r,light,0.0,10,condition_video,,,,,,,,knn_k1,0.37823352217674255
stage0_contrastive_bs8_fn4_001,contrastive,c2r/light/place_fan/seed_519267369/progress_000,place_fan,seed_519267369,c2r,light,0.0,10,condition_video,,,,,,,,knn_k1,0.31640052795410156
stage0_contrastive_bs8_fn4_001,contrastive,c2r/light/turn_switch/seed_493838736/progress_000,turn_switch,seed_493838736,c2r,light,0.0,10,condition_video,,,,,,,,knn_k1,0.3476399779319763
stage0_contrastive_bs8_fn4_001,contrastive,c2r/light/shake_bottle_horizontally/seed_497389386/progress_000,shake_bottle_horizontally,seed_497389386,c2r,light,0.0,10,condition_video,,,,,,,,knn_k1,0.35844701528549194
stage0_contrastive_bs8_fn4_001,contrastive,c2r/light/place_container_plate/seed_252210122/progress_000,place_container_plate,seed_252210122,c2r,light,0.0,10,condition_video,,,,,,,,knn_k1,0.33867907524108887
stage0_contrastive_bs8_fn4_001,contrastive,c2r/light/rotate_qrcode/seed_24255504/progress_000,rotate_qrcode,seed_24255504,c2r,light,0.0,10,condition_video,,,,,,,,knn_k1,0.35486721992492676
stage0_contrastive_bs8_fn4_001,contrastive,c2r/light/place_object_stand/seed_603755546/progress_000,place_object_stand,seed_603755546,c2r,light,0.0,10,condition_video,,,,,,,,knn_k1,0.25520727038383484
stage0_contrastive_bs8_fn4_001,contrastive,c2r/light/put_bottles_dustbin/seed_473207494/progress_000,put_bottles_dustbin,seed_473207494,c2r,light,0.0,10,condition_video,,,,,,,,knn_k1,0.39964163303375244
stage0_contrastive_bs8_fn4_001,contrastive,c2r/light/move_stapler_pad/seed_724544048/progress_000,move_stapler_pad,seed_724544048,c2r,light,0.0,10,condition_video,,,,,,,,knn_k1,0.3777921199798584
stage0_contrastive_bs8_fn4_001,contrastive,c2r/light/place_burger_fries/seed_764956105/progress_000,place_burger_fries,seed_764956105,c2r,light,0.0,10,condition_video,,,,,,,,knn_k1,0.3325826823711395
stage0_contrastive_bs8_fn4_001,contrastive,c2r/light/place_bread_basket/seed_548994270/progress_000,place_bread_basket,seed_548994270,c2r,light,0.0,10,condition_video,,,,,,,,knn_k1,0.3271838128566742
stage0_contrastive_bs8_fn4_001,contrastive,c2r/light/pick_diverse_bottles/seed_469296516/progress_000,pick_diverse_bottles,seed_469296516,c2r,light,0.0,10,condition_video,,,,,,,,knn_k1,0.3245985805988312
stage0_contrastive_bs8_fn4_001,contrastive,c2r/light/open_microwave/seed_126026794/progress_000,open_microwave,seed_126026794,c2r,light,0.0,10,condition_video,,,,,,,,knn_k1,0.3557531237602234
stage0_contrastive_bs8_fn4_001,contrastive,c2r/light/beat_block_hammer/seed_190785939/progress_000,beat_block_hammer,seed_190785939,c2r,light,0.0,10,condition_video,,,,,,,,knn_k1,0.32373878359794617
stage0_contrastive_bs8_fn4_001,contrastive,c2r/light/press_stapler/seed_645584852/progress_000,press_stapler,seed_645584852,c2r,light,0.0,10,condition_video,,,,,,,,knn_k1,0.31837087869644165
stage0_contrastive_bs8_fn4_001,contrastive,c2r/light/click_bell/seed_611142223/progress_000,click_bell,seed_611142223,c2r,light,0.0,10,condition_video,,,,,,,,knn_k1,0.2714211642742157
stage0_contrastive_bs8_fn4_001,contrastive,c2r/light/move_playingcard_away/seed_698951458/progress_000,move_playingcard_away,seed_698951458,c2r,light,0.0,10,condition_video,,,,,,,,knn_k1,0.25188907980918884
stage0_contrastive_bs8_fn4_001,contrastive,c2r/light/open_laptop/seed_627389206/progress_000,open_laptop,seed_627389206,c2r,light,0.0,10,condition_video,,,,,,,,knn_k1,0.2932698428630829
stage0_contrastive_bs8_fn4_001,contrastive,c2r/light/move_can_pot/seed_248023816/progress_000,move_can_pot,seed_248023816,c2r,light,0.0,10,condition_video,,,,,,,,knn_k1,0.30622124671936035
stage0_contrastive_bs8_fn4_001,contrastive,c2r/light/stack_bowls_two/seed_656246828/progress_000,stack_bowls_two,seed_656246828,c2r,light,0.0,10,condition_video,,,,,,,,knn_k1,0.325620174407959
stage0_contrastive_bs8_fn4_001,contrastive,c2r/light/place_a2b_right/seed_803416018/progress_000,place_a2b_right,seed_803416018,c2r,light,0.0,10,condition_video,,,,,,,,knn_k1,0.287217915058136
stage0_contrastive_bs8_fn4_001,contrastive,c2r/light/stamp_seal/seed_203079918/progress_000,stamp_seal,seed_203079918,c2r,light,0.0,10,condition_video,,,,,,,,knn_k1,0.2897542417049408
stage0_contrastive_bs8_fn4_001,contrastive,c2r/light/place_object_basket/seed_241125908/progress_000,place_object_basket,seed_241125908,c2r,light,0.0,10,condition_video,,,,,,,,knn_k1,0.36506369709968567
stage0_contrastive_bs8_fn4_001,contrastive,c2r/light/handover_mic/seed_283323218/progress_000,handover_mic,seed_283323218,c2r,light,0.0,10,condition_video,,,,,,,,knn_k1,0.38670992851257324
stage0_contrastive_bs8_fn4_001,contrastive,c2r/light/place_bread_skillet/seed_156686976/progress_000,place_bread_skillet,seed_156686976,c2r,light,0.0,10,condition_video,,,,,,,,knn_k1,0.2929016649723053
stage0_contrastive_bs8_fn4_001,contrastive,c2r/light/stack_blocks_two/seed_803532712/progress_000,stack_blocks_two,seed_803532712,c2r,light,0.0,10,condition_video,,,,,,,,knn_k1,0.37678948044776917
stage0_contrastive_bs8_fn4_001,contrastive,c2r/light/place_cans_plasticbox/seed_577981354/progress_000,place_cans_plasticbox,seed_577981354,c2r,light,0.0,10,condition_video,,,,,,,,knn_k1,0.3407430052757263
stage0_contrastive_bs8_fn4_001,contrastive,c2r/light/click_alarmclock/seed_762866989/progress_000,click_alarmclock,seed_762866989,c2r,light,0.0,10,condition_video,,,,,,,,knn_k1,0.2026955485343933
stage0_contrastive_bs8_fn4_001,contrastive,c2r/light/blocks_ranking_size/seed_505985753/progress_000,blocks_ranking_size,seed_505985753,c2r,light,0.0,10,condition_video,,,,,,,,knn_k1,0.4004945755004883
stage0_contrastive_bs8_fn4_001,contrastive,c2r/light/place_phone_stand/seed_624751721/progress_000,place_phone_stand,seed_624751721,c2r,light,0.0,10,condition_video,,,,,,,,knn_k1,0.3012528419494629
stage0_contrastive_bs8_fn4_001,contrastive,c2r/light/place_can_basket/seed_542145302/progress_000,place_can_basket,seed_542145302,c2r,light,0.0,10,condition_video,,,,,,,,knn_k1,0.29344919323921204
stage0_contrastive_bs8_fn4_001,contrastive,c2r/light/place_object_scale/seed_722575534/progress_000,place_object_scale,seed_722575534,c2r,light,0.0,10,condition_video,,,,,,,,knn_k1,0.2964991331100464
stage0_contrastive_bs8_fn4_001,contrastive,c2r/light/place_a2b_left/seed_663079132/progress_000,place_a2b_left,seed_663079132,c2r,light,0.0,10,condition_video,,,,,,,,knn_k1,0.26560017466545105
stage0_contrastive_bs8_fn4_001,contrastive,c2r/light/grab_roller/seed_482689013/progress_000,grab_roller,seed_482689013,c2r,light,0.0,10,condition_video,,,,,,,,knn_k1,0.3671111464500427
stage0_contrastive_bs8_fn4_001,contrastive,c2r/light/place_dual_shoes/seed_319436374/progress_000,place_dual_shoes,seed_319436374,c2r,light,0.0,10,condition_video,,,,,,,,knn_k1,0.29851946234703064
stage0_contrastive_bs8_fn4_001,contrastive,c2r/light/place_empty_cup/seed_606914953/progress_000,place_empty_cup,seed_606914953,c2r,light,0.0,10,condition_video,,,,,,,,knn_k1,0.27979254722595215
stage0_contrastive_bs8_fn4_001,contrastive,c2r/light/blocks_ranking_rgb/seed_339352330/progress_000,blocks_ranking_rgb,seed_339352330,c2r,light,0.0,10,condition_video,,,,,,,,knn_k1,0.3480643033981323
stage0_contrastive_bs8_fn4_001,contrastive,aggregate,all,all,c2r,light,,10,condition_video,,,,,,,,knn_k1_mean,0.32491892457008364
stage0_contrastive_bs8_fn4_001,contrastive,aggregate,all,group_split,c2r,light,,10,condition_video,,,,,,,,domain_balanced_accuracy,0.5
stage0_contrastive_bs8_fn4_001,contrastive,aggregate,all,group_split,c2r,light,,10,condition_video,,,,,,,,domain_auroc,1.0
stage0_contrastive_bs8_fn4_001,contrastive,c2r/background/stack_bowls_three/seed_27804535/progress_000,stack_bowls_three,seed_27804535,c2r,background,0.0,19,condition_video,,,,,,,,knn_k1,0.30649179220199585
stage0_contrastive_bs8_fn4_001,contrastive,c2r/background/handover_block/seed_120650234/progress_000,handover_block,seed_120650234,c2r,background,0.0,19,condition_video,,,,,,,,knn_k1,0.3036975562572479
stage0_contrastive_bs8_fn4_001,contrastive,c2r/background/hanging_mug/seed_538778923/progress_000,hanging_mug,seed_538778923,c2r,background,0.0,19,condition_video,,,,,,,,knn_k1,0.29786357283592224
stage0_contrastive_bs8_fn4_001,contrastive,c2r/background/scan_object/seed_262761732/progress_000,scan_object,seed_262761732,c2r,background,0.0,19,condition_video,,,,,,,,knn_k1,0.29843541979789734
stage0_contrastive_bs8_fn4_001,contrastive,c2r/background/lift_pot/seed_710924868/progress_000,lift_pot,seed_710924868,c2r,background,0.0,19,condition_video,,,,,,,,knn_k1,0.25911882519721985
stage0_contrastive_bs8_fn4_001,contrastive,c2r/background/put_object_cabinet/seed_13370600/progress_000,put_object_cabinet,seed_13370600,c2r,background,0.0,19,condition_video,,,,,,,,knn_k1,0.2966556251049042
stage0_contrastive_bs8_fn4_001,contrastive,c2r/background/stack_blocks_three/seed_822087810/progress_000,stack_blocks_three,seed_822087810,c2r,background,0.0,19,condition_video,,,,,,,,knn_k1,0.31096354126930237
stage0_contrastive_bs8_fn4_001,contrastive,c2r/background/place_shoe/seed_676166693/progress_000,place_shoe,seed_676166693,c2r,background,0.0,19,condition_video,,,,,,,,knn_k1,0.2751143276691437
stage0_contrastive_bs8_fn4_001,contrastive,c2r/background/adjust_bottle/seed_863397555/progress_000,adjust_bottle,seed_863397555,c2r,background,0.0,19,condition_video,,,,,,,,knn_k1,0.2577296495437622
stage0_contrastive_bs8_fn4_001,contrastive,c2r/background/place_mouse_pad/seed_457852611/progress_000,place_mouse_pad,seed_457852611,c2r,background,0.0,19,condition_video,,,,,,,,knn_k1,0.2712695896625519
stage0_contrastive_bs8_fn4_001,contrastive,c2r/background/dump_bin_bigbin/seed_773111305/progress_000,dump_bin_bigbin,seed_773111305,c2r,background,0.0,19,condition_video,,,,,,,,knn_k1,0.29234570264816284
stage0_contrastive_bs8_fn4_001,contrastive,c2r/background/move_pillbottle_pad/seed_568983342/progress_000,move_pillbottle_pad,seed_568983342,c2r,background,0.0,19,condition_video,,,,,,,,knn_k1,0.2732588052749634
stage0_contrastive_bs8_fn4_001,contrastive,c2r/background/pick_dual_bottles/seed_117166061/progress_000,pick_dual_bottles,seed_117166061,c2r,background,0.0,19,condition_video,,,,,,,,knn_k1,0.2870262861251831
stage0_contrastive_bs8_fn4_001,contrastive,c2r/background/shake_bottle/seed_331965946/progress_000,shake_bottle,seed_331965946,c2r,background,0.0,19,condition_video,,,,,,,,knn_k1,0.3390151858329773
stage0_contrastive_bs8_fn4_001,contrastive,c2r/background/place_fan/seed_543070044/progress_000,place_fan,seed_543070044,c2r,background,0.0,19,condition_video,,,,,,,,knn_k1,0.27801376581192017
stage0_contrastive_bs8_fn4_001,contrastive,c2r/background/turn_switch/seed_489873751/progress_000,turn_switch,seed_489873751,c2r,background,0.0,19,condition_video,,,,,,,,knn_k1,0.2492750883102417
stage0_contrastive_bs8_fn4_001,contrastive,c2r/background/shake_bottle_horizontally/seed_319358196/progress_000,shake_bottle_horizontally,seed_319358196,c2r,background,0.0,19,condition_video,,,,,,,,knn_k1,0.3368905484676361
stage0_contrastive_bs8_fn4_001,contrastive,c2r/background/place_container_plate/seed_14431598/progress_000,place_container_plate,seed_14431598,c2r,background,0.0,19,condition_video,,,,,,,,knn_k1,0.26340198516845703
stage0_contrastive_bs8_fn4_001,contrastive,c2r/background/rotate_qrcode/seed_372345110/progress_000,rotate_qrcode,seed_372345110,c2r,background,0.0,19,condition_video,,,,,,,,knn_k1,0.29008084535598755
stage0_contrastive_bs8_fn4_001,contrastive,c2r/background/place_object_stand/seed_715864988/progress_000,place_object_stand,seed_715864988,c2r,background,0.0,19,condition_video,,,,,,,,knn_k1,0.24883191287517548
stage0_contrastive_bs8_fn4_001,contrastive,c2r/background/put_bottles_dustbin/seed_455479075/progress_000,put_bottles_dustbin,seed_455479075,c2r,background,0.0,19,condition_video,,,,,,,,knn_k1,0.3320533037185669
stage0_contrastive_bs8_fn4_001,contrastive,c2r/background/move_stapler_pad/seed_453776751/progress_000,move_stapler_pad,seed_453776751,c2r,background,0.0,19,condition_video,,,,,,,,knn_k1,0.2604243755340576
stage0_contrastive_bs8_fn4_001,contrastive,c2r/background/place_burger_fries/seed_165469501/progress_000,place_burger_fries,seed_165469501,c2r,background,0.0,19,condition_video,,,,,,,,knn_k1,0.29976609349250793
stage0_contrastive_bs8_fn4_001,contrastive,c2r/background/place_bread_basket/seed_490234398/progress_000,place_bread_basket,seed_490234398,c2r,background,0.0,19,condition_video,,,,,,,,knn_k1,0.29657337069511414
stage0_contrastive_bs8_fn4_001,contrastive,c2r/background/pick_diverse_bottles/seed_886697844/progress_000,pick_diverse_bottles,seed_886697844,c2r,background,0.0,19,condition_video,,,,,,,,knn_k1,0.29743826389312744
stage0_contrastive_bs8_fn4_001,contrastive,c2r/background/open_microwave/seed_443701932/progress_000,open_microwave,seed_443701932,c2r,background,0.0,19,condition_video,,,,,,,,knn_k1,0.3156055808067322
stage0_contrastive_bs8_fn4_001,contrastive,c2r/background/beat_block_hammer/seed_797298394/progress_000,beat_block_hammer,seed_797298394,c2r,background,0.0,19,condition_video,,,,,,,,knn_k1,0.2432548999786377
stage0_contrastive_bs8_fn4_001,contrastive,c2r/background/press_stapler/seed_262831721/progress_000,press_stapler,seed_262831721,c2r,background,0.0,19,condition_video,,,,,,,,knn_k1,0.2564164102077484
stage0_contrastive_bs8_fn4_001,contrastive,c2r/background/click_bell/seed_748992159/progress_000,click_bell,seed_748992159,c2r,background,0.0,19,condition_video,,,,,,,,knn_k1,0.22574485838413239
stage0_contrastive_bs8_fn4_001,contrastive,c2r/background/move_playingcard_away/seed_114732817/progress_000,move_playingcard_away,seed_114732817,c2r,background,0.0,19,condition_video,,,,,,,,knn_k1,0.2516475021839142
stage0_contrastive_bs8_fn4_001,contrastive,c2r/background/open_laptop/seed_121410776/progress_000,open_laptop,seed_121410776,c2r,background,0.0,19,condition_video,,,,,,,,knn_k1,0.29612642526626587
stage0_contrastive_bs8_fn4_001,contrastive,c2r/background/move_can_pot/seed_600430797/progress_000,move_can_pot,seed_600430797,c2r,background,0.0,19,condition_video,,,,,,,,knn_k1,0.28746965527534485
stage0_contrastive_bs8_fn4_001,contrastive,c2r/background/stack_bowls_two/seed_444040936/progress_000,stack_bowls_two,seed_444040936,c2r,background,0.0,19,condition_video,,,,,,,,knn_k1,0.2861606180667877
stage0_contrastive_bs8_fn4_001,contrastive,c2r/background/place_a2b_right/seed_550624350/progress_000,place_a2b_right,seed_550624350,c2r,background,0.0,19,condition_video,,,,,,,,knn_k1,0.27006468176841736
stage0_contrastive_bs8_fn4_001,contrastive,c2r/background/stamp_seal/seed_373032052/progress_000,stamp_seal,seed_373032052,c2r,background,0.0,19,condition_video,,,,,,,,knn_k1,0.26123014092445374
stage0_contrastive_bs8_fn4_001,contrastive,c2r/background/place_object_basket/seed_13972055/progress_000,place_object_basket,seed_13972055,c2r,background,0.0,19,condition_video,,,,,,,,knn_k1,0.28332164883613586
stage0_contrastive_bs8_fn4_001,contrastive,c2r/background/handover_mic/seed_791372736/progress_000,handover_mic,seed_791372736,c2r,background,0.0,19,condition_video,,,,,,,,knn_k1,0.2786279320716858
stage0_contrastive_bs8_fn4_001,contrastive,c2r/background/place_bread_skillet/seed_682411729/progress_000,place_bread_skillet,seed_682411729,c2r,background,0.0,19,condition_video,,,,,,,,knn_k1,0.2861167788505554
stage0_contrastive_bs8_fn4_001,contrastive,c2r/background/stack_blocks_two/seed_325046254/progress_000,stack_blocks_two,seed_325046254,c2r,background,0.0,19,condition_video,,,,,,,,knn_k1,0.2878403663635254
stage0_contrastive_bs8_fn4_001,contrastive,c2r/background/place_cans_plasticbox/seed_851474539/progress_000,place_cans_plasticbox,seed_851474539,c2r,background,0.0,19,condition_video,,,,,,,,knn_k1,0.3032744824886322
stage0_contrastive_bs8_fn4_001,contrastive,c2r/background/click_alarmclock/seed_597249174/progress_000,click_alarmclock,seed_597249174,c2r,background,0.0,19,condition_video,,,,,,,,knn_k1,0.22495576739311218
stage0_contrastive_bs8_fn4_001,contrastive,c2r/background/blocks_ranking_size/seed_483186537/progress_000,blocks_ranking_size,seed_483186537,c2r,background,0.0,19,condition_video,,,,,,,,knn_k1,0.3193151354789734
stage0_contrastive_bs8_fn4_001,contrastive,c2r/background/place_phone_stand/seed_844715882/progress_000,place_phone_stand,seed_844715882,c2r,background,0.0,19,condition_video,,,,,,,,knn_k1,0.24968111515045166
stage0_contrastive_bs8_fn4_001,contrastive,c2r/background/place_can_basket/seed_873890208/progress_000,place_can_basket,seed_873890208,c2r,background,0.0,19,condition_video,,,,,,,,knn_k1,0.2949322462081909
stage0_contrastive_bs8_fn4_001,contrastive,c2r/background/place_object_scale/seed_28989601/progress_000,place_object_scale,seed_28989601,c2r,background,0.0,19,condition_video,,,,,,,,knn_k1,0.2535598874092102
stage0_contrastive_bs8_fn4_001,contrastive,c2r/background/place_a2b_left/seed_494714106/progress_000,place_a2b_left,seed_494714106,c2r,background,0.0,19,condition_video,,,,,,,,knn_k1,0.2600865066051483
stage0_contrastive_bs8_fn4_001,contrastive,c2r/background/grab_roller/seed_274067892/progress_000,grab_roller,seed_274067892,c2r,background,0.0,19,condition_video,,,,,,,,knn_k1,0.2527162730693817
stage0_contrastive_bs8_fn4_001,contrastive,c2r/background/place_dual_shoes/seed_100946921/progress_000,place_dual_shoes,seed_100946921,c2r,background,0.0,19,condition_video,,,,,,,,knn_k1,0.29276543855667114
stage0_contrastive_bs8_fn4_001,contrastive,c2r/background/place_empty_cup/seed_66017520/progress_000,place_empty_cup,seed_66017520,c2r,background,0.0,19,condition_video,,,,,,,,knn_k1,0.2655213177204132
stage0_contrastive_bs8_fn4_001,contrastive,c2r/background/blocks_ranking_rgb/seed_392877897/progress_000,blocks_ranking_rgb,seed_392877897,c2r,background,0.0,19,condition_video,,,,,,,,knn_k1,0.31474554538726807
stage0_contrastive_bs8_fn4_001,contrastive,aggregate,all,all,c2r,background,,19,condition_video,,,,,,,,knn_k1_mean,0.28165833294391635
stage0_contrastive_bs8_fn4_001,contrastive,aggregate,all,group_split,c2r,background,,19,condition_video,,,,,,,,domain_balanced_accuracy,0.5
stage0_contrastive_bs8_fn4_001,contrastive,aggregate,all,group_split,c2r,background,,19,condition_video,,,,,,,,domain_auroc,1.0
stage0_contrastive_bs8_fn4_001,contrastive,c2r/clutter/stack_bowls_three/seed_761954913/progress_000,stack_bowls_three,seed_761954913,c2r,clutter,0.0,19,condition_video,,,,,,,,knn_k1,0.30651989579200745
stage0_contrastive_bs8_fn4_001,contrastive,c2r/clutter/handover_block/seed_624737248/progress_000,handover_block,seed_624737248,c2r,clutter,0.0,19,condition_video,,,,,,,,knn_k1,0.3044830560684204
stage0_contrastive_bs8_fn4_001,contrastive,c2r/clutter/hanging_mug/seed_853936167/progress_000,hanging_mug,seed_853936167,c2r,clutter,0.0,19,condition_video,,,,,,,,knn_k1,0.2972816526889801
stage0_contrastive_bs8_fn4_001,contrastive,c2r/clutter/scan_object/seed_200154928/progress_000,scan_object,seed_200154928,c2r,clutter,0.0,19,condition_video,,,,,,,,knn_k1,0.2974095642566681
stage0_contrastive_bs8_fn4_001,contrastive,c2r/clutter/lift_pot/seed_36841133/progress_000,lift_pot,seed_36841133,c2r,clutter,0.0,19,condition_video,,,,,,,,knn_k1,0.25996097922325134
stage0_contrastive_bs8_fn4_001,contrastive,c2r/clutter/put_object_cabinet/seed_213141741/progress_000,put_object_cabinet,seed_213141741,c2r,clutter,0.0,19,condition_video,,,,,,,,knn_k1,0.2946694791316986
stage0_contrastive_bs8_fn4_001,contrastive,c2r/clutter/stack_blocks_three/seed_885782772/progress_000,stack_blocks_three,seed_885782772,c2r,clutter,0.0,19,condition_video,,,,,,,,knn_k1,0.30948302149772644
stage0_contrastive_bs8_fn4_001,contrastive,c2r/clutter/place_shoe/seed_148930251/progress_000,place_shoe,seed_148930251,c2r,clutter,0.0,19,condition_video,,,,,,,,knn_k1,0.27594566345214844
stage0_contrastive_bs8_fn4_001,contrastive,c2r/clutter/adjust_bottle/seed_487447292/progress_000,adjust_bottle,seed_487447292,c2r,clutter,0.0,19,condition_video,,,,,,,,knn_k1,0.25876834988594055
stage0_contrastive_bs8_fn4_001,contrastive,c2r/clutter/place_mouse_pad/seed_782913939/progress_000,place_mouse_pad,seed_782913939,c2r,clutter,0.0,19,condition_video,,,,,,,,knn_k1,0.27136632800102234
stage0_contrastive_bs8_fn4_001,contrastive,c2r/clutter/dump_bin_bigbin/seed_48286788/progress_000,dump_bin_bigbin,seed_48286788,c2r,clutter,0.0,19,condition_video,,,,,,,,knn_k1,0.28865647315979004
stage0_contrastive_bs8_fn4_001,contrastive,c2r/clutter/move_pillbottle_pad/seed_170572259/progress_000,move_pillbottle_pad,seed_170572259,c2r,clutter,0.0,19,condition_video,,,,,,,,knn_k1,0.27455440163612366
stage0_contrastive_bs8_fn4_001,contrastive,c2r/clutter/pick_dual_bottles/seed_4182488/progress_000,pick_dual_bottles,seed_4182488,c2r,clutter,0.0,19,condition_video,,,,,,,,knn_k1,0.2856111228466034
stage0_contrastive_bs8_fn4_001,contrastive,c2r/clutter/shake_bottle/seed_509663030/progress_000,shake_bottle,seed_509663030,c2r,clutter,0.0,19,condition_video,,,,,,,,knn_k1,0.3412911593914032
stage0_contrastive_bs8_fn4_001,contrastive,c2r/clutter/place_fan/seed_847307321/progress_000,place_fan,seed_847307321,c2r,clutter,0.0,19,condition_video,,,,,,,,knn_k1,0.2777072787284851
stage0_contrastive_bs8_fn4_001,contrastive,c2r/clutter/turn_switch/seed_106540409/progress_000,turn_switch,seed_106540409,c2r,clutter,0.0,19,condition_video,,,,,,,,knn_k1,0.2539326846599579
stage0_contrastive_bs8_fn4_001,contrastive,c2r/clutter/shake_bottle_horizontally/seed_491429438/progress_000,shake_bottle_horizontally,seed_491429438,c2r,clutter,0.0,19,condition_video,,,,,,,,knn_k1,0.3374491333961487
stage0_contrastive_bs8_fn4_001,contrastive,c2r/clutter/place_container_plate/seed_594486020/progress_000,place_container_plate,seed_594486020,c2r,clutter,0.0,19,condition_video,,,,,,,,knn_k1,0.26449427008628845
stage0_contrastive_bs8_fn4_001,contrastive,c2r/clutter/rotate_qrcode/seed_362674036/progress_000,rotate_qrcode,seed_362674036,c2r,clutter,0.0,19,condition_video,,,,,,,,knn_k1,0.2853604853153229
stage0_contrastive_bs8_fn4_001,contrastive,c2r/clutter/place_object_stand/seed_162697052/progress_000,place_object_stand,seed_162697052,c2r,clutter,0.0,19,condition_video,,,,,,,,knn_k1,0.2499055117368698
stage0_contrastive_bs8_fn4_001,contrastive,c2r/clutter/put_bottles_dustbin/seed_148690198/progress_000,put_bottles_dustbin,seed_148690198,c2r,clutter,0.0,19,condition_video,,,,,,,,knn_k1,0.3251856863498688
stage0_contrastive_bs8_fn4_001,contrastive,c2r/clutter/move_stapler_pad/seed_744409618/progress_000,move_stapler_pad,seed_744409618,c2r,clutter,0.0,19,condition_video,,,,,,,,knn_k1,0.2620854675769806
stage0_contrastive_bs8_fn4_001,contrastive,c2r/clutter/place_burger_fries/seed_303636962/progress_000,place_burger_fries,seed_303636962,c2r,clutter,0.0,19,condition_video,,,,,,,,knn_k1,0.29731202125549316
stage0_contrastive_bs8_fn4_001,contrastive,c2r/clutter/place_bread_basket/seed_105344671/progress_000,place_bread_basket,seed_105344671,c2r,clutter,0.0,19,condition_video,,,,,,,,knn_k1,0.2947768568992615
stage0_contrastive_bs8_fn4_001,contrastive,c2r/clutter/pick_diverse_bottles/seed_21321356/progress_000,pick_diverse_bottles,seed_21321356,c2r,clutter,0.0,19,condition_video,,,,,,,,knn_k1,0.29681190848350525
stage0_contrastive_bs8_fn4_001,contrastive,c2r/clutter/open_microwave/seed_136410473/progress_000,open_microwave,seed_136410473,c2r,clutter,0.0,19,condition_video,,,,,,,,knn_k1,0.3135017454624176
stage0_contrastive_bs8_fn4_001,contrastive,c2r/clutter/beat_block_hammer/seed_36693999/progress_000,beat_block_hammer,seed_36693999,c2r,clutter,0.0,19,condition_video,,,,,,,,knn_k1,0.24130550026893616
stage0_contrastive_bs8_fn4_001,contrastive,c2r/clutter/press_stapler/seed_880007787/progress_000,press_stapler,seed_880007787,c2r,clutter,0.0,19,condition_video,,,,,,,,knn_k1,0.256791889667511
stage0_contrastive_bs8_fn4_001,contrastive,c2r/clutter/click_bell/seed_539095014/progress_000,click_bell,seed_539095014,c2r,clutter,0.0,19,condition_video,,,,,,,,knn_k1,0.22552508115768433
stage0_contrastive_bs8_fn4_001,contrastive,c2r/clutter/move_playingcard_away/seed_385288247/progress_000,move_playingcard_away,seed_385288247,c2r,clutter,0.0,19,condition_video,,,,,,,,knn_k1,0.2501460313796997
stage0_contrastive_bs8_fn4_001,contrastive,c2r/clutter/open_laptop/seed_260421436/progress_000,open_laptop,seed_260421436,c2r,clutter,0.0,19,condition_video,,,,,,,,knn_k1,0.2988114655017853
stage0_contrastive_bs8_fn4_001,contrastive,c2r/clutter/move_can_pot/seed_445842829/progress_000,move_can_pot,seed_445842829,c2r,clutter,0.0,19,condition_video,,,,,,,,knn_k1,0.2860930263996124
stage0_contrastive_bs8_fn4_001,contrastive,c2r/clutter/stack_bowls_two/seed_408127787/progress_000,stack_bowls_two,seed_408127787,c2r,clutter,0.0,19,condition_video,,,,,,,,knn_k1,0.2900819182395935
stage0_contrastive_bs8_fn4_001,contrastive,c2r/clutter/place_a2b_right/seed_298826397/progress_000,place_a2b_right,seed_298826397,c2r,clutter,0.0,19,condition_video,,,,,,,,knn_k1,0.26974955201148987
stage0_contrastive_bs8_fn4_001,contrastive,c2r/clutter/stamp_seal/seed_748150648/progress_000,stamp_seal,seed_748150648,c2r,clutter,0.0,19,condition_video,,,,,,,,knn_k1,0.2609409987926483
stage0_contrastive_bs8_fn4_001,contrastive,c2r/clutter/place_object_basket/seed_455727417/progress_000,place_object_basket,seed_455727417,c2r,clutter,0.0,19,condition_video,,,,,,,,knn_k1,0.29248401522636414
stage0_contrastive_bs8_fn4_001,contrastive,c2r/clutter/handover_mic/seed_27533572/progress_000,handover_mic,seed_27533572,c2r,clutter,0.0,19,condition_video,,,,,,,,knn_k1,0.27731552720069885
stage0_contrastive_bs8_fn4_001,contrastive,c2r/clutter/place_bread_skillet/seed_470829968/progress_000,place_bread_skillet,seed_470829968,c2r,clutter,0.0,19,condition_video,,,,,,,,knn_k1,0.28447258472442627
stage0_contrastive_bs8_fn4_001,contrastive,c2r/clutter/stack_blocks_two/seed_193292576/progress_000,stack_blocks_two,seed_193292576,c2r,clutter,0.0,19,condition_video,,,,,,,,knn_k1,0.29175591468811035
stage0_contrastive_bs8_fn4_001,contrastive,c2r/clutter/place_cans_plasticbox/seed_552905247/progress_000,place_cans_plasticbox,seed_552905247,c2r,clutter,0.0,19,condition_video,,,,,,,,knn_k1,0.30514419078826904
stage0_contrastive_bs8_fn4_001,contrastive,c2r/clutter/click_alarmclock/seed_257639388/progress_000,click_alarmclock,seed_257639388,c2r,clutter,0.0,19,condition_video,,,,,,,,knn_k1,0.22418737411499023
stage0_contrastive_bs8_fn4_001,contrastive,c2r/clutter/blocks_ranking_size/seed_676842534/progress_000,blocks_ranking_size,seed_676842534,c2r,clutter,0.0,19,condition_video,,,,,,,,knn_k1,0.3151017129421234
stage0_contrastive_bs8_fn4_001,contrastive,c2r/clutter/place_phone_stand/seed_560963078/progress_000,place_phone_stand,seed_560963078,c2r,clutter,0.0,19,condition_video,,,,,,,,knn_k1,0.25061923265457153
stage0_contrastive_bs8_fn4_001,contrastive,c2r/clutter/place_can_basket/seed_578149817/progress_000,place_can_basket,seed_578149817,c2r,clutter,0.0,19,condition_video,,,,,,,,knn_k1,0.2793631851673126
stage0_contrastive_bs8_fn4_001,contrastive,c2r/clutter/place_object_scale/seed_142945748/progress_000,place_object_scale,seed_142945748,c2r,clutter,0.0,19,condition_video,,,,,,,,knn_k1,0.25622087717056274
stage0_contrastive_bs8_fn4_001,contrastive,c2r/clutter/place_a2b_left/seed_712001400/progress_000,place_a2b_left,seed_712001400,c2r,clutter,0.0,19,condition_video,,,,,,,,knn_k1,0.2641248404979706
stage0_contrastive_bs8_fn4_001,contrastive,c2r/clutter/grab_roller/seed_489372951/progress_000,grab_roller,seed_489372951,c2r,clutter,0.0,19,condition_video,,,,,,,,knn_k1,0.25412750244140625
stage0_contrastive_bs8_fn4_001,contrastive,c2r/clutter/place_dual_shoes/seed_486785621/progress_000,place_dual_shoes,seed_486785621,c2r,clutter,0.0,19,condition_video,,,,,,,,knn_k1,0.29525554180145264
stage0_contrastive_bs8_fn4_001,contrastive,c2r/clutter/place_empty_cup/seed_270996463/progress_000,place_empty_cup,seed_270996463,c2r,clutter,0.0,19,condition_video,,,,,,,,knn_k1,0.2619072198867798
stage0_contrastive_bs8_fn4_001,contrastive,c2r/clutter/blocks_ranking_rgb/seed_350545820/progress_000,blocks_ranking_rgb,seed_350545820,c2r,clutter,0.0,19,condition_video,,,,,,,,knn_k1,0.3146834969520569
stage0_contrastive_bs8_fn4_001,contrastive,aggregate,all,all,c2r,clutter,,19,condition_video,,,,,,,,knn_k1_mean,0.2814146575331688
stage0_contrastive_bs8_fn4_001,contrastive,aggregate,all,group_split,c2r,clutter,,19,condition_video,,,,,,,,domain_balanced_accuracy,0.5
stage0_contrastive_bs8_fn4_001,contrastive,aggregate,all,group_split,c2r,clutter,,19,condition_video,,,,,,,,domain_auroc,1.0
stage0_contrastive_bs8_fn4_001,contrastive,c2r/height/stack_bowls_three/seed_777107145/progress_000,stack_bowls_three,seed_777107145,c2r,height,0.0,19,condition_video,,,,,,,,knn_k1,0.3047640919685364
stage0_contrastive_bs8_fn4_001,contrastive,c2r/height/handover_block/seed_153931416/progress_000,handover_block,seed_153931416,c2r,height,0.0,19,condition_video,,,,,,,,knn_k1,0.31013813614845276
stage0_contrastive_bs8_fn4_001,contrastive,c2r/height/hanging_mug/seed_797626889/progress_000,hanging_mug,seed_797626889,c2r,height,0.0,19,condition_video,,,,,,,,knn_k1,0.2980477213859558
stage0_contrastive_bs8_fn4_001,contrastive,c2r/height/scan_object/seed_86820161/progress_000,scan_object,seed_86820161,c2r,height,0.0,19,condition_video,,,,,,,,knn_k1,0.3035670220851898
stage0_contrastive_bs8_fn4_001,contrastive,c2r/height/lift_pot/seed_358880989/progress_000,lift_pot,seed_358880989,c2r,height,0.0,19,condition_video,,,,,,,,knn_k1,0.2563993036746979
stage0_contrastive_bs8_fn4_001,contrastive,c2r/height/put_object_cabinet/seed_579804476/progress_000,put_object_cabinet,seed_579804476,c2r,height,0.0,19,condition_video,,,,,,,,knn_k1,0.2916026711463928
stage0_contrastive_bs8_fn4_001,contrastive,c2r/height/stack_blocks_three/seed_510834284/progress_000,stack_blocks_three,seed_510834284,c2r,height,0.0,19,condition_video,,,,,,,,knn_k1,0.3102099299430847
stage0_contrastive_bs8_fn4_001,contrastive,c2r/height/place_shoe/seed_547565528/progress_000,place_shoe,seed_547565528,c2r,height,0.0,19,condition_video,,,,,,,,knn_k1,0.274227499961853
stage0_contrastive_bs8_fn4_001,contrastive,c2r/height/adjust_bottle/seed_455908385/progress_000,adjust_bottle,seed_455908385,c2r,height,0.0,19,condition_video,,,,,,,,knn_k1,0.25478595495224
stage0_contrastive_bs8_fn4_001,contrastive,c2r/height/place_mouse_pad/seed_747588073/progress_000,place_mouse_pad,seed_747588073,c2r,height,0.0,19,condition_video,,,,,,,,knn_k1,0.2733229994773865
stage0_contrastive_bs8_fn4_001,contrastive,c2r/height/dump_bin_bigbin/seed_609125485/progress_000,dump_bin_bigbin,seed_609125485,c2r,height,0.0,19,condition_video,,,,,,,,knn_k1,0.2966793477535248
stage0_contrastive_bs8_fn4_001,contrastive,c2r/height/move_pillbottle_pad/seed_454258712/progress_000,move_pillbottle_pad,seed_454258712,c2r,height,0.0,19,condition_video,,,,,,,,knn_k1,0.28331032395362854
stage0_contrastive_bs8_fn4_001,contrastive,c2r/height/pick_dual_bottles/seed_625462229/progress_000,pick_dual_bottles,seed_625462229,c2r,height,0.0,19,condition_video,,,,,,,,knn_k1,0.28170862793922424
stage0_contrastive_bs8_fn4_001,contrastive,c2r/height/shake_bottle/seed_11397417/progress_000,shake_bottle,seed_11397417,c2r,height,0.0,19,condition_video,,,,,,,,knn_k1,0.3420388400554657
stage0_contrastive_bs8_fn4_001,contrastive,c2r/height/place_fan/seed_562359323/progress_000,place_fan,seed_562359323,c2r,height,0.0,19,condition_video,,,,,,,,knn_k1,0.27274611592292786
stage0_contrastive_bs8_fn4_001,contrastive,c2r/height/turn_switch/seed_388598700/progress_000,turn_switch,seed_388598700,c2r,height,0.0,19,condition_video,,,,,,,,knn_k1,0.2594395577907562
stage0_contrastive_bs8_fn4_001,contrastive,c2r/height/shake_bottle_horizontally/seed_506817488/progress_000,shake_bottle_horizontally,seed_506817488,c2r,height,0.0,19,condition_video,,,,,,,,knn_k1,0.34514349699020386
stage0_contrastive_bs8_fn4_001,contrastive,c2r/height/place_container_plate/seed_661154812/progress_000,place_container_plate,seed_661154812,c2r,height,0.0,19,condition_video,,,,,,,,knn_k1,0.26748570799827576
stage0_contrastive_bs8_fn4_001,contrastive,c2r/height/rotate_qrcode/seed_391550427/progress_000,rotate_qrcode,seed_391550427,c2r,height,0.0,19,condition_video,,,,,,,,knn_k1,0.27665582299232483
stage0_contrastive_bs8_fn4_001,contrastive,c2r/height/place_object_stand/seed_520492387/progress_000,place_object_stand,seed_520492387,c2r,height,0.0,19,condition_video,,,,,,,,knn_k1,0.2649855315685272
stage0_contrastive_bs8_fn4_001,contrastive,c2r/height/put_bottles_dustbin/seed_833796020/progress_000,put_bottles_dustbin,seed_833796020,c2r,height,0.0,19,condition_video,,,,,,,,knn_k1,0.32711121439933777
stage0_contrastive_bs8_fn4_001,contrastive,c2r/height/move_stapler_pad/seed_626979943/progress_000,move_stapler_pad,seed_626979943,c2r,height,0.0,19,condition_video,,,,,,,,knn_k1,0.26423323154449463
stage0_contrastive_bs8_fn4_001,contrastive,c2r/height/place_burger_fries/seed_44486756/progress_000,place_burger_fries,seed_44486756,c2r,height,0.0,19,condition_video,,,,,,,,knn_k1,0.2899755537509918
stage0_contrastive_bs8_fn4_001,contrastive,c2r/height/place_bread_basket/seed_769514620/progress_000,place_bread_basket,seed_769514620,c2r,height,0.0,19,condition_video,,,,,,,,knn_k1,0.30153369903564453
stage0_contrastive_bs8_fn4_001,contrastive,c2r/height/pick_diverse_bottles/seed_202104734/progress_000,pick_diverse_bottles,seed_202104734,c2r,height,0.0,19,condition_video,,,,,,,,knn_k1,0.297250360250473
stage0_contrastive_bs8_fn4_001,contrastive,c2r/height/open_microwave/seed_670586037/progress_000,open_microwave,seed_670586037,c2r,height,0.0,19,condition_video,,,,,,,,knn_k1,0.3171401619911194
stage0_contrastive_bs8_fn4_001,contrastive,c2r/height/beat_block_hammer/seed_146228030/progress_000,beat_block_hammer,seed_146228030,c2r,height,0.0,19,condition_video,,,,,,,,knn_k1,0.2408594936132431
stage0_contrastive_bs8_fn4_001,contrastive,c2r/height/press_stapler/seed_623879527/progress_000,press_stapler,seed_623879527,c2r,height,0.0,19,condition_video,,,,,,,,knn_k1,0.26420995593070984
stage0_contrastive_bs8_fn4_001,contrastive,c2r/height/click_bell/seed_576942388/progress_000,click_bell,seed_576942388,c2r,height,0.0,19,condition_video,,,,,,,,knn_k1,0.23438698053359985
stage0_contrastive_bs8_fn4_001,contrastive,c2r/height/move_playingcard_away/seed_468245999/progress_000,move_playingcard_away,seed_468245999,c2r,height,0.0,19,condition_video,,,,,,,,knn_k1,0.25980716943740845
stage0_contrastive_bs8_fn4_001,contrastive,c2r/height/open_laptop/seed_273582622/progress_000,open_laptop,seed_273582622,c2r,height,0.0,19,condition_video,,,,,,,,knn_k1,0.3036152124404907
stage0_contrastive_bs8_fn4_001,contrastive,c2r/height/move_can_pot/seed_285658487/progress_000,move_can_pot,seed_285658487,c2r,height,0.0,19,condition_video,,,,,,,,knn_k1,0.2896626889705658
stage0_contrastive_bs8_fn4_001,contrastive,c2r/height/stack_bowls_two/seed_116018094/progress_000,stack_bowls_two,seed_116018094,c2r,height,0.0,19,condition_video,,,,,,,,knn_k1,0.28704988956451416
stage0_contrastive_bs8_fn4_001,contrastive,c2r/height/place_a2b_right/seed_803724289/progress_000,place_a2b_right,seed_803724289,c2r,height,0.0,19,condition_video,,,,,,,,knn_k1,0.2757851779460907
stage0_contrastive_bs8_fn4_001,contrastive,c2r/height/stamp_seal/seed_391510540/progress_000,stamp_seal,seed_391510540,c2r,height,0.0,19,condition_video,,,,,,,,knn_k1,0.2671307623386383
stage0_contrastive_bs8_fn4_001,contrastive,c2r/height/place_object_basket/seed_760526045/progress_000,place_object_basket,seed_760526045,c2r,height,0.0,19,condition_video,,,,,,,,knn_k1,0.2859337031841278
stage0_contrastive_bs8_fn4_001,contrastive,c2r/height/handover_mic/seed_537376167/progress_000,handover_mic,seed_537376167,c2r,height,0.0,19,condition_video,,,,,,,,knn_k1,0.2830697000026703
stage0_contrastive_bs8_fn4_001,contrastive,c2r/height/place_bread_skillet/seed_394408374/progress_000,place_bread_skillet,seed_394408374,c2r,height,0.0,19,condition_video,,,,,,,,knn_k1,0.28139644861221313
stage0_contrastive_bs8_fn4_001,contrastive,c2r/height/stack_blocks_two/seed_639631926/progress_000,stack_blocks_two,seed_639631926,c2r,height,0.0,19,condition_video,,,,,,,,knn_k1,0.28945064544677734
stage0_contrastive_bs8_fn4_001,contrastive,c2r/height/place_cans_plasticbox/seed_514553626/progress_000,place_cans_plasticbox,seed_514553626,c2r,height,0.0,19,condition_video,,,,,,,,knn_k1,0.3033074140548706
stage0_contrastive_bs8_fn4_001,contrastive,c2r/height/click_alarmclock/seed_789543505/progress_000,click_alarmclock,seed_789543505,c2r,height,0.0,19,condition_video,,,,,,,,knn_k1,0.23665273189544678
stage0_contrastive_bs8_fn4_001,contrastive,c2r/height/blocks_ranking_size/seed_3661514/progress_000,blocks_ranking_size,seed_3661514,c2r,height,0.0,19,condition_video,,,,,,,,knn_k1,0.3164573311805725
stage0_contrastive_bs8_fn4_001,contrastive,c2r/height/place_phone_stand/seed_39116909/progress_000,place_phone_stand,seed_39116909,c2r,height,0.0,19,condition_video,,,,,,,,knn_k1,0.25130411982536316
stage0_contrastive_bs8_fn4_001,contrastive,c2r/height/place_can_basket/seed_788353025/progress_000,place_can_basket,seed_788353025,c2r,height,0.0,19,condition_video,,,,,,,,knn_k1,0.2772645950317383
stage0_contrastive_bs8_fn4_001,contrastive,c2r/height/place_object_scale/seed_603032508/progress_000,place_object_scale,seed_603032508,c2r,height,0.0,19,condition_video,,,,,,,,knn_k1,0.2563353180885315
stage0_contrastive_bs8_fn4_001,contrastive,c2r/height/place_a2b_left/seed_240483131/progress_000,place_a2b_left,seed_240483131,c2r,height,0.0,19,condition_video,,,,,,,,knn_k1,0.2635887861251831
stage0_contrastive_bs8_fn4_001,contrastive,c2r/height/grab_roller/seed_452075745/progress_000,grab_roller,seed_452075745,c2r,height,0.0,19,condition_video,,,,,,,,knn_k1,0.25598618388175964
stage0_contrastive_bs8_fn4_001,contrastive,c2r/height/place_dual_shoes/seed_890676601/progress_000,place_dual_shoes,seed_890676601,c2r,height,0.0,19,condition_video,,,,,,,,knn_k1,0.29028770327568054
stage0_contrastive_bs8_fn4_001,contrastive,c2r/height/place_empty_cup/seed_859277454/progress_000,place_empty_cup,seed_859277454,c2r,height,0.0,19,condition_video,,,,,,,,knn_k1,0.2637113630771637
stage0_contrastive_bs8_fn4_001,contrastive,c2r/height/blocks_ranking_rgb/seed_114117740/progress_000,blocks_ranking_rgb,seed_114117740,c2r,height,0.0,19,condition_video,,,,,,,,knn_k1,0.3186984360218048
stage0_contrastive_bs8_fn4_001,contrastive,aggregate,all,all,c2r,height,,19,condition_video,,,,,,,,knn_k1_mean,0.2832090947031975
stage0_contrastive_bs8_fn4_001,contrastive,aggregate,all,group_split,c2r,height,,19,condition_video,,,,,,,,domain_balanced_accuracy,0.5
stage0_contrastive_bs8_fn4_001,contrastive,aggregate,all,group_split,c2r,height,,19,condition_video,,,,,,,,domain_auroc,1.0
stage0_contrastive_bs8_fn4_001,contrastive,c2r/light/stack_bowls_three/seed_317869620/progress_000,stack_bowls_three,seed_317869620,c2r,light,0.0,19,condition_video,,,,,,,,knn_k1,0.3625134527683258
stage0_contrastive_bs8_fn4_001,contrastive,c2r/light/handover_block/seed_879311662/progress_000,handover_block,seed_879311662,c2r,light,0.0,19,condition_video,,,,,,,,knn_k1,0.4119241237640381
stage0_contrastive_bs8_fn4_001,contrastive,c2r/light/hanging_mug/seed_459299139/progress_000,hanging_mug,seed_459299139,c2r,light,0.0,19,condition_video,,,,,,,,knn_k1,0.3783264756202698
stage0_contrastive_bs8_fn4_001,contrastive,c2r/light/scan_object/seed_289038431/progress_000,scan_object,seed_289038431,c2r,light,0.0,19,condition_video,,,,,,,,knn_k1,0.35879772901535034
stage0_contrastive_bs8_fn4_001,contrastive,c2r/light/lift_pot/seed_185598812/progress_000,lift_pot,seed_185598812,c2r,light,0.0,19,condition_video,,,,,,,,knn_k1,0.28158918023109436
stage0_contrastive_bs8_fn4_001,contrastive,c2r/light/put_object_cabinet/seed_644929938/progress_000,put_object_cabinet,seed_644929938,c2r,light,0.0,19,condition_video,,,,,,,,knn_k1,0.3400363624095917
stage0_contrastive_bs8_fn4_001,contrastive,c2r/light/stack_blocks_three/seed_314814982/progress_000,stack_blocks_three,seed_314814982,c2r,light,0.0,19,condition_video,,,,,,,,knn_k1,0.38729798793792725
stage0_contrastive_bs8_fn4_001,contrastive,c2r/light/place_shoe/seed_259707623/progress_000,place_shoe,seed_259707623,c2r,light,0.0,19,condition_video,,,,,,,,knn_k1,0.34395450353622437
stage0_contrastive_bs8_fn4_001,contrastive,c2r/light/adjust_bottle/seed_218427993/progress_000,adjust_bottle,seed_218427993,c2r,light,0.0,19,condition_video,,,,,,,,knn_k1,0.3166925609111786
stage0_contrastive_bs8_fn4_001,contrastive,c2r/light/place_mouse_pad/seed_866209002/progress_000,place_mouse_pad,seed_866209002,c2r,light,0.0,19,condition_video,,,,,,,,knn_k1,0.36728233098983765
stage0_contrastive_bs8_fn4_001,contrastive,c2r/light/dump_bin_bigbin/seed_423840151/progress_000,dump_bin_bigbin,seed_423840151,c2r,light,0.0,19,condition_video,,,,,,,,knn_k1,0.3843356966972351
stage0_contrastive_bs8_fn4_001,contrastive,c2r/light/move_pillbottle_pad/seed_635002489/progress_000,move_pillbottle_pad,seed_635002489,c2r,light,0.0,19,condition_video,,,,,,,,knn_k1,0.38975703716278076
stage0_contrastive_bs8_fn4_001,contrastive,c2r/light/pick_dual_bottles/seed_7690756/progress_000,pick_dual_bottles,seed_7690756,c2r,light,0.0,19,condition_video,,,,,,,,knn_k1,0.3334485590457916
stage0_contrastive_bs8_fn4_001,contrastive,c2r/light/shake_bottle/seed_716268860/progress_000,shake_bottle,seed_716268860,c2r,light,0.0,19,condition_video,,,,,,,,knn_k1,0.4316604733467102
stage0_contrastive_bs8_fn4_001,contrastive,c2r/light/place_fan/seed_519267369/progress_000,place_fan,seed_519267369,c2r,light,0.0,19,condition_video,,,,,,,,knn_k1,0.3576919436454773
stage0_contrastive_bs8_fn4_001,contrastive,c2r/light/turn_switch/seed_493838736/progress_000,turn_switch,seed_493838736,c2r,light,0.0,19,condition_video,,,,,,,,knn_k1,0.40004464983940125
stage0_contrastive_bs8_fn4_001,contrastive,c2r/light/shake_bottle_horizontally/seed_497389386/progress_000,shake_bottle_horizontally,seed_497389386,c2r,light,0.0,19,condition_video,,,,,,,,knn_k1,0.40959179401397705
stage0_contrastive_bs8_fn4_001,contrastive,c2r/light/place_container_plate/seed_252210122/progress_000,place_container_plate,seed_252210122,c2r,light,0.0,19,condition_video,,,,,,,,knn_k1,0.3851291537284851
stage0_contrastive_bs8_fn4_001,contrastive,c2r/light/rotate_qrcode/seed_24255504/progress_000,rotate_qrcode,seed_24255504,c2r,light,0.0,19,condition_video,,,,,,,,knn_k1,0.40321969985961914
stage0_contrastive_bs8_fn4_001,contrastive,c2r/light/place_object_stand/seed_603755546/progress_000,place_object_stand,seed_603755546,c2r,light,0.0,19,condition_video,,,,,,,,knn_k1,0.29784417152404785
stage0_contrastive_bs8_fn4_001,contrastive,c2r/light/put_bottles_dustbin/seed_473207494/progress_000,put_bottles_dustbin,seed_473207494,c2r,light,0.0,19,condition_video,,,,,,,,knn_k1,0.393002450466156
stage0_contrastive_bs8_fn4_001,contrastive,c2r/light/move_stapler_pad/seed_724544048/progress_000,move_stapler_pad,seed_724544048,c2r,light,0.0,19,condition_video,,,,,,,,knn_k1,0.4445824921131134
stage0_contrastive_bs8_fn4_001,contrastive,c2r/light/place_burger_fries/seed_764956105/progress_000,place_burger_fries,seed_764956105,c2r,light,0.0,19,condition_video,,,,,,,,knn_k1,0.355253666639328
stage0_contrastive_bs8_fn4_001,contrastive,c2r/light/place_bread_basket/seed_548994270/progress_000,place_bread_basket,seed_548994270,c2r,light,0.0,19,condition_video,,,,,,,,knn_k1,0.34418168663978577
stage0_contrastive_bs8_fn4_001,contrastive,c2r/light/pick_diverse_bottles/seed_469296516/progress_000,pick_diverse_bottles,seed_469296516,c2r,light,0.0,19,condition_video,,,,,,,,knn_k1,0.3378221392631531
stage0_contrastive_bs8_fn4_001,contrastive,c2r/light/open_microwave/seed_126026794/progress_000,open_microwave,seed_126026794,c2r,light,0.0,19,condition_video,,,,,,,,knn_k1,0.38758912682533264
stage0_contrastive_bs8_fn4_001,contrastive,c2r/light/beat_block_hammer/seed_190785939/progress_000,beat_block_hammer,seed_190785939,c2r,light,0.0,19,condition_video,,,,,,,,knn_k1,0.3683224320411682
stage0_contrastive_bs8_fn4_001,contrastive,c2r/light/press_stapler/seed_645584852/progress_000,press_stapler,seed_645584852,c2r,light,0.0,19,condition_video,,,,,,,,knn_k1,0.350688636302948
stage0_contrastive_bs8_fn4_001,contrastive,c2r/light/click_bell/seed_611142223/progress_000,click_bell,seed_611142223,c2r,light,0.0,19,condition_video,,,,,,,,knn_k1,0.31189045310020447
stage0_contrastive_bs8_fn4_001,contrastive,c2r/light/move_playingcard_away/seed_698951458/progress_000,move_playingcard_away,seed_698951458,c2r,light,0.0,19,condition_video,,,,,,,,knn_k1,0.2795644700527191
stage0_contrastive_bs8_fn4_001,contrastive,c2r/light/open_laptop/seed_627389206/progress_000,open_laptop,seed_627389206,c2r,light,0.0,19,condition_video,,,,,,,,knn_k1,0.3389437198638916
stage0_contrastive_bs8_fn4_001,contrastive,c2r/light/move_can_pot/seed_248023816/progress_000,move_can_pot,seed_248023816,c2r,light,0.0,19,condition_video,,,,,,,,knn_k1,0.3562648296356201
stage0_contrastive_bs8_fn4_001,contrastive,c2r/light/stack_bowls_two/seed_656246828/progress_000,stack_bowls_two,seed_656246828,c2r,light,0.0,19,condition_video,,,,,,,,knn_k1,0.37772583961486816
stage0_contrastive_bs8_fn4_001,contrastive,c2r/light/place_a2b_right/seed_803416018/progress_000,place_a2b_right,seed_803416018,c2r,light,0.0,19,condition_video,,,,,,,,knn_k1,0.3144303560256958
stage0_contrastive_bs8_fn4_001,contrastive,c2r/light/stamp_seal/seed_203079918/progress_000,stamp_seal,seed_203079918,c2r,light,0.0,19,condition_video,,,,,,,,knn_k1,0.3191009759902954
stage0_contrastive_bs8_fn4_001,contrastive,c2r/light/place_object_basket/seed_241125908/progress_000,place_object_basket,seed_241125908,c2r,light,0.0,19,condition_video,,,,,,,,knn_k1,0.40068620443344116
stage0_contrastive_bs8_fn4_001,contrastive,c2r/light/handover_mic/seed_283323218/progress_000,handover_mic,seed_283323218,c2r,light,0.0,19,condition_video,,,,,,,,knn_k1,0.4207164943218231
stage0_contrastive_bs8_fn4_001,contrastive,c2r/light/place_bread_skillet/seed_156686976/progress_000,place_bread_skillet,seed_156686976,c2r,light,0.0,19,condition_video,,,,,,,,knn_k1,0.31182563304901123
stage0_contrastive_bs8_fn4_001,contrastive,c2r/light/stack_blocks_two/seed_803532712/progress_000,stack_blocks_two,seed_803532712,c2r,light,0.0,19,condition_video,,,,,,,,knn_k1,0.4128784239292145
stage0_contrastive_bs8_fn4_001,contrastive,c2r/light/place_cans_plasticbox/seed_577981354/progress_000,place_cans_plasticbox,seed_577981354,c2r,light,0.0,19,condition_video,,,,,,,,knn_k1,0.3583659529685974
stage0_contrastive_bs8_fn4_001,contrastive,c2r/light/click_alarmclock/seed_762866989/progress_000,click_alarmclock,seed_762866989,c2r,light,0.0,19,condition_video,,,,,,,,knn_k1,0.23744946718215942
stage0_contrastive_bs8_fn4_001,contrastive,c2r/light/blocks_ranking_size/seed_505985753/progress_000,blocks_ranking_size,seed_505985753,c2r,light,0.0,19,condition_video,,,,,,,,knn_k1,0.42979127168655396
stage0_contrastive_bs8_fn4_001,contrastive,c2r/light/place_phone_stand/seed_624751721/progress_000,place_phone_stand,seed_624751721,c2r,light,0.0,19,condition_video,,,,,,,,knn_k1,0.3338223993778229
stage0_contrastive_bs8_fn4_001,contrastive,c2r/light/place_can_basket/seed_542145302/progress_000,place_can_basket,seed_542145302,c2r,light,0.0,19,condition_video,,,,,,,,knn_k1,0.3106587827205658
stage0_contrastive_bs8_fn4_001,contrastive,c2r/light/place_object_scale/seed_722575534/progress_000,place_object_scale,seed_722575534,c2r,light,0.0,19,condition_video,,,,,,,,knn_k1,0.3501695692539215
stage0_contrastive_bs8_fn4_001,contrastive,c2r/light/place_a2b_left/seed_663079132/progress_000,place_a2b_left,seed_663079132,c2r,light,0.0,19,condition_video,,,,,,,,knn_k1,0.3027912974357605
stage0_contrastive_bs8_fn4_001,contrastive,c2r/light/grab_roller/seed_482689013/progress_000,grab_roller,seed_482689013,c2r,light,0.0,19,condition_video,,,,,,,,knn_k1,0.37519168853759766
stage0_contrastive_bs8_fn4_001,contrastive,c2r/light/place_dual_shoes/seed_319436374/progress_000,place_dual_shoes,seed_319436374,c2r,light,0.0,19,condition_video,,,,,,,,knn_k1,0.29195505380630493
stage0_contrastive_bs8_fn4_001,contrastive,c2r/light/place_empty_cup/seed_606914953/progress_000,place_empty_cup,seed_606914953,c2r,light,0.0,19,condition_video,,,,,,,,knn_k1,0.32349610328674316
stage0_contrastive_bs8_fn4_001,contrastive,c2r/light/blocks_ranking_rgb/seed_339352330/progress_000,blocks_ranking_rgb,seed_339352330,c2r,light,0.0,19,condition_video,,,,,,,,knn_k1,0.3638961613178253
stage0_contrastive_bs8_fn4_001,contrastive,aggregate,all,all,c2r,light,,19,condition_video,,,,,,,,knn_k1_mean,0.3568839132785797
stage0_contrastive_bs8_fn4_001,contrastive,aggregate,all,group_split,c2r,light,,19,condition_video,,,,,,,,domain_balanced_accuracy,0.5
stage0_contrastive_bs8_fn4_001,contrastive,aggregate,all,group_split,c2r,light,,19,condition_video,,,,,,,,domain_auroc,1.0
stage0_contrastive_bs8_fn4_001,contrastive,c2r/background/stack_bowls_three/seed_27804535/progress_000,stack_bowls_three,seed_27804535,c2r,background,0.0,29,condition_video,,,,,,,,knn_k1,0.4085368514060974
stage0_contrastive_bs8_fn4_001,contrastive,c2r/background/handover_block/seed_120650234/progress_000,handover_block,seed_120650234,c2r,background,0.0,29,condition_video,,,,,,,,knn_k1,0.4086725413799286
stage0_contrastive_bs8_fn4_001,contrastive,c2r/background/hanging_mug/seed_538778923/progress_000,hanging_mug,seed_538778923,c2r,background,0.0,29,condition_video,,,,,,,,knn_k1,0.4131942689418793
stage0_contrastive_bs8_fn4_001,contrastive,c2r/background/scan_object/seed_262761732/progress_000,scan_object,seed_262761732,c2r,background,0.0,29,condition_video,,,,,,,,knn_k1,0.4463387727737427
stage0_contrastive_bs8_fn4_001,contrastive,c2r/background/lift_pot/seed_710924868/progress_000,lift_pot,seed_710924868,c2r,background,0.0,29,condition_video,,,,,,,,knn_k1,0.41239768266677856
stage0_contrastive_bs8_fn4_001,contrastive,c2r/background/put_object_cabinet/seed_13370600/progress_000,put_object_cabinet,seed_13370600,c2r,background,0.0,29,condition_video,,,,,,,,knn_k1,0.3596072196960449
stage0_contrastive_bs8_fn4_001,contrastive,c2r/background/stack_blocks_three/seed_822087810/progress_000,stack_blocks_three,seed_822087810,c2r,background,0.0,29,condition_video,,,,,,,,knn_k1,0.42549657821655273
stage0_contrastive_bs8_fn4_001,contrastive,c2r/background/place_shoe/seed_676166693/progress_000,place_shoe,seed_676166693,c2r,background,0.0,29,condition_video,,,,,,,,knn_k1,0.4369930028915405
stage0_contrastive_bs8_fn4_001,contrastive,c2r/background/adjust_bottle/seed_863397555/progress_000,adjust_bottle,seed_863397555,c2r,background,0.0,29,condition_video,,,,,,,,knn_k1,0.39470380544662476
stage0_contrastive_bs8_fn4_001,contrastive,c2r/background/place_mouse_pad/seed_457852611/progress_000,place_mouse_pad,seed_457852611,c2r,background,0.0,29,condition_video,,,,,,,,knn_k1,0.43981361389160156
stage0_contrastive_bs8_fn4_001,contrastive,c2r/background/dump_bin_bigbin/seed_773111305/progress_000,dump_bin_bigbin,seed_773111305,c2r,background,0.0,29,condition_video,,,,,,,,knn_k1,0.38302192091941833
stage0_contrastive_bs8_fn4_001,contrastive,c2r/background/move_pillbottle_pad/seed_568983342/progress_000,move_pillbottle_pad,seed_568983342,c2r,background,0.0,29,condition_video,,,,,,,,knn_k1,0.4008242189884186
stage0_contrastive_bs8_fn4_001,contrastive,c2r/background/pick_dual_bottles/seed_117166061/progress_000,pick_dual_bottles,seed_117166061,c2r,background,0.0,29,condition_video,,,,,,,,knn_k1,0.40672120451927185
stage0_contrastive_bs8_fn4_001,contrastive,c2r/background/shake_bottle/seed_331965946/progress_000,shake_bottle,seed_331965946,c2r,background,0.0,29,condition_video,,,,,,,,knn_k1,0.43536245822906494
stage0_contrastive_bs8_fn4_001,contrastive,c2r/background/place_fan/seed_543070044/progress_000,place_fan,seed_543070044,c2r,background,0.0,29,condition_video,,,,,,,,knn_k1,0.39242398738861084
stage0_contrastive_bs8_fn4_001,contrastive,c2r/background/turn_switch/seed_489873751/progress_000,turn_switch,seed_489873751,c2r,background,0.0,29,condition_video,,,,,,,,knn_k1,0.42413708567619324
stage0_contrastive_bs8_fn4_001,contrastive,c2r/background/shake_bottle_horizontally/seed_319358196/progress_000,shake_bottle_horizontally,seed_319358196,c2r,background,0.0,29,condition_video,,,,,,,,knn_k1,0.4424594044685364
stage0_contrastive_bs8_fn4_001,contrastive,c2r/background/place_container_plate/seed_14431598/progress_000,place_container_plate,seed_14431598,c2r,background,0.0,29,condition_video,,,,,,,,knn_k1,0.3961755335330963
stage0_contrastive_bs8_fn4_001,contrastive,c2r/background/rotate_qrcode/seed_372345110/progress_000,rotate_qrcode,seed_372345110,c2r,background,0.0,29,condition_video,,,,,,,,knn_k1,0.39087173342704773
stage0_contrastive_bs8_fn4_001,contrastive,c2r/background/place_object_stand/seed_715864988/progress_000,place_object_stand,seed_715864988,c2r,background,0.0,29,condition_video,,,,,,,,knn_k1,0.3558030426502228
stage0_contrastive_bs8_fn4_001,contrastive,c2r/background/put_bottles_dustbin/seed_455479075/progress_000,put_bottles_dustbin,seed_455479075,c2r,background,0.0,29,condition_video,,,,,,,,knn_k1,0.4356392025947571
stage0_contrastive_bs8_fn4_001,contrastive,c2r/background/move_stapler_pad/seed_453776751/progress_000,move_stapler_pad,seed_453776751,c2r,background,0.0,29,condition_video,,,,,,,,knn_k1,0.40263694524765015
stage0_contrastive_bs8_fn4_001,contrastive,c2r/background/place_burger_fries/seed_165469501/progress_000,place_burger_fries,seed_165469501,c2r,background,0.0,29,condition_video,,,,,,,,knn_k1,0.4241011142730713
stage0_contrastive_bs8_fn4_001,contrastive,c2r/background/place_bread_basket/seed_490234398/progress_000,place_bread_basket,seed_490234398,c2r,background,0.0,29,condition_video,,,,,,,,knn_k1,0.4054977595806122
stage0_contrastive_bs8_fn4_001,contrastive,c2r/background/pick_diverse_bottles/seed_886697844/progress_000,pick_diverse_bottles,seed_886697844,c2r,background,0.0,29,condition_video,,,,,,,,knn_k1,0.418949693441391
stage0_contrastive_bs8_fn4_001,contrastive,c2r/background/open_microwave/seed_443701932/progress_000,open_microwave,seed_443701932,c2r,background,0.0,29,condition_video,,,,,,,,knn_k1,0.45860525965690613
stage0_contrastive_bs8_fn4_001,contrastive,c2r/background/beat_block_hammer/seed_797298394/progress_000,beat_block_hammer,seed_797298394,c2r,background,0.0,29,condition_video,,,,,,,,knn_k1,0.4190591275691986
stage0_contrastive_bs8_fn4_001,contrastive,c2r/background/press_stapler/seed_262831721/progress_000,press_stapler,seed_262831721,c2r,background,0.0,29,condition_video,,,,,,,,knn_k1,0.440647155046463
stage0_contrastive_bs8_fn4_001,contrastive,c2r/background/click_bell/seed_748992159/progress_000,click_bell,seed_748992159,c2r,background,0.0,29,condition_video,,,,,,,,knn_k1,0.41838374733924866
stage0_contrastive_bs8_fn4_001,contrastive,c2r/background/move_playingcard_away/seed_114732817/progress_000,move_playingcard_away,seed_114732817,c2r,background,0.0,29,condition_video,,,,,,,,knn_k1,0.3889601528644562
stage0_contrastive_bs8_fn4_001,contrastive,c2r/background/open_laptop/seed_121410776/progress_000,open_laptop,seed_121410776,c2r,background,0.0,29,condition_video,,,,,,,,knn_k1,0.4056026041507721
stage0_contrastive_bs8_fn4_001,contrastive,c2r/background/move_can_pot/seed_600430797/progress_000,move_can_pot,seed_600430797,c2r,background,0.0,29,condition_video,,,,,,,,knn_k1,0.4184362292289734
stage0_contrastive_bs8_fn4_001,contrastive,c2r/background/stack_bowls_two/seed_444040936/progress_000,stack_bowls_two,seed_444040936,c2r,background,0.0,29,condition_video,,,,,,,,knn_k1,0.4133531451225281
stage0_contrastive_bs8_fn4_001,contrastive,c2r/background/place_a2b_right/seed_550624350/progress_000,place_a2b_right,seed_550624350,c2r,background,0.0,29,condition_video,,,,,,,,knn_k1,0.3970279097557068
stage0_contrastive_bs8_fn4_001,contrastive,c2r/background/stamp_seal/seed_373032052/progress_000,stamp_seal,seed_373032052,c2r,background,0.0,29,condition_video,,,,,,,,knn_k1,0.3900729715824127
stage0_contrastive_bs8_fn4_001,contrastive,c2r/background/place_object_basket/seed_13972055/progress_000,place_object_basket,seed_13972055,c2r,background,0.0,29,condition_video,,,,,,,,knn_k1,0.40780067443847656
stage0_contrastive_bs8_fn4_001,contrastive,c2r/background/handover_mic/seed_791372736/progress_000,handover_mic,seed_791372736,c2r,background,0.0,29,condition_video,,,,,,,,knn_k1,0.39813363552093506
stage0_contrastive_bs8_fn4_001,contrastive,c2r/background/place_bread_skillet/seed_682411729/progress_000,place_bread_skillet,seed_682411729,c2r,background,0.0,29,condition_video,,,,,,,,knn_k1,0.3950704038143158
stage0_contrastive_bs8_fn4_001,contrastive,c2r/background/stack_blocks_two/seed_325046254/progress_000,stack_blocks_two,seed_325046254,c2r,background,0.0,29,condition_video,,,,,,,,knn_k1,0.4140818119049072
stage0_contrastive_bs8_fn4_001,contrastive,c2r/background/place_cans_plasticbox/seed_851474539/progress_000,place_cans_plasticbox,seed_851474539,c2r,background,0.0,29,condition_video,,,,,,,,knn_k1,0.4570228159427643
stage0_contrastive_bs8_fn4_001,contrastive,c2r/background/click_alarmclock/seed_597249174/progress_000,click_alarmclock,seed_597249174,c2r,background,0.0,29,condition_video,,,,,,,,knn_k1,0.4233017861843109
stage0_contrastive_bs8_fn4_001,contrastive,c2r/background/blocks_ranking_size/seed_483186537/progress_000,blocks_ranking_size,seed_483186537,c2r,background,0.0,29,condition_video,,,,,,,,knn_k1,0.43767422437667847
stage0_contrastive_bs8_fn4_001,contrastive,c2r/background/place_phone_stand/seed_844715882/progress_000,place_phone_stand,seed_844715882,c2r,background,0.0,29,condition_video,,,,,,,,knn_k1,0.37065014243125916
stage0_contrastive_bs8_fn4_001,contrastive,c2r/background/place_can_basket/seed_873890208/progress_000,place_can_basket,seed_873890208,c2r,background,0.0,29,condition_video,,,,,,,,knn_k1,0.41433417797088623
stage0_contrastive_bs8_fn4_001,contrastive,c2r/background/place_object_scale/seed_28989601/progress_000,place_object_scale,seed_28989601,c2r,background,0.0,29,condition_video,,,,,,,,knn_k1,0.4101261496543884
stage0_contrastive_bs8_fn4_001,contrastive,c2r/background/place_a2b_left/seed_494714106/progress_000,place_a2b_left,seed_494714106,c2r,background,0.0,29,condition_video,,,,,,,,knn_k1,0.436871737241745
stage0_contrastive_bs8_fn4_001,contrastive,c2r/background/grab_roller/seed_274067892/progress_000,grab_roller,seed_274067892,c2r,background,0.0,29,condition_video,,,,,,,,knn_k1,0.3944243788719177
stage0_contrastive_bs8_fn4_001,contrastive,c2r/background/place_dual_shoes/seed_100946921/progress_000,place_dual_shoes,seed_100946921,c2r,background,0.0,29,condition_video,,,,,,,,knn_k1,0.4268210530281067
stage0_contrastive_bs8_fn4_001,contrastive,c2r/background/place_empty_cup/seed_66017520/progress_000,place_empty_cup,seed_66017520,c2r,background,0.0,29,condition_video,,,,,,,,knn_k1,0.43635237216949463
stage0_contrastive_bs8_fn4_001,contrastive,c2r/background/blocks_ranking_rgb/seed_392877897/progress_000,blocks_ranking_rgb,seed_392877897,c2r,background,0.0,29,condition_video,,,,,,,,knn_k1,0.4509087800979614
stage0_contrastive_bs8_fn4_001,contrastive,aggregate,all,all,c2r,background,,29,condition_video,,,,,,,,knn_k1_mean,0.4136820417642593
stage0_contrastive_bs8_fn4_001,contrastive,aggregate,all,group_split,c2r,background,,29,condition_video,,,,,,,,domain_balanced_accuracy,0.5
stage0_contrastive_bs8_fn4_001,contrastive,aggregate,all,group_split,c2r,background,,29,condition_video,,,,,,,,domain_auroc,1.0
stage0_contrastive_bs8_fn4_001,contrastive,c2r/clutter/stack_bowls_three/seed_761954913/progress_000,stack_bowls_three,seed_761954913,c2r,clutter,0.0,29,condition_video,,,,,,,,knn_k1,0.41489115357398987
stage0_contrastive_bs8_fn4_001,contrastive,c2r/clutter/handover_block/seed_624737248/progress_000,handover_block,seed_624737248,c2r,clutter,0.0,29,condition_video,,,,,,,,knn_k1,0.4090852737426758
stage0_contrastive_bs8_fn4_001,contrastive,c2r/clutter/hanging_mug/seed_853936167/progress_000,hanging_mug,seed_853936167,c2r,clutter,0.0,29,condition_video,,,,,,,,knn_k1,0.4127957224845886
stage0_contrastive_bs8_fn4_001,contrastive,c2r/clutter/scan_object/seed_200154928/progress_000,scan_object,seed_200154928,c2r,clutter,0.0,29,condition_video,,,,,,,,knn_k1,0.44390928745269775
stage0_contrastive_bs8_fn4_001,contrastive,c2r/clutter/lift_pot/seed_36841133/progress_000,lift_pot,seed_36841133,c2r,clutter,0.0,29,condition_video,,,,,,,,knn_k1,0.4098154306411743
stage0_contrastive_bs8_fn4_001,contrastive,c2r/clutter/put_object_cabinet/seed_213141741/progress_000,put_object_cabinet,seed_213141741,c2r,clutter,0.0,29,condition_video,,,,,,,,knn_k1,0.35512569546699524
stage0_contrastive_bs8_fn4_001,contrastive,c2r/clutter/stack_blocks_three/seed_885782772/progress_000,stack_blocks_three,seed_885782772,c2r,clutter,0.0,29,condition_video,,,,,,,,knn_k1,0.4227449595928192
stage0_contrastive_bs8_fn4_001,contrastive,c2r/clutter/place_shoe/seed_148930251/progress_000,place_shoe,seed_148930251,c2r,clutter,0.0,29,condition_video,,,,,,,,knn_k1,0.4360966086387634
stage0_contrastive_bs8_fn4_001,contrastive,c2r/clutter/adjust_bottle/seed_487447292/progress_000,adjust_bottle,seed_487447292,c2r,clutter,0.0,29,condition_video,,,,,,,,knn_k1,0.39438289403915405
stage0_contrastive_bs8_fn4_001,contrastive,c2r/clutter/place_mouse_pad/seed_782913939/progress_000,place_mouse_pad,seed_782913939,c2r,clutter,0.0,29,condition_video,,,,,,,,knn_k1,0.441814124584198
stage0_contrastive_bs8_fn4_001,contrastive,c2r/clutter/dump_bin_bigbin/seed_48286788/progress_000,dump_bin_bigbin,seed_48286788,c2r,clutter,0.0,29,condition_video,,,,,,,,knn_k1,0.39468857645988464
stage0_contrastive_bs8_fn4_001,contrastive,c2r/clutter/move_pillbottle_pad/seed_170572259/progress_000,move_pillbottle_pad,seed_170572259,c2r,clutter,0.0,29,condition_video,,,,,,,,knn_k1,0.392693430185318
stage0_contrastive_bs8_fn4_001,contrastive,c2r/clutter/pick_dual_bottles/seed_4182488/progress_000,pick_dual_bottles,seed_4182488,c2r,clutter,0.0,29,condition_video,,,,,,,,knn_k1,0.4042288362979889
stage0_contrastive_bs8_fn4_001,contrastive,c2r/clutter/shake_bottle/seed_509663030/progress_000,shake_bottle,seed_509663030,c2r,clutter,0.0,29,condition_video,,,,,,,,knn_k1,0.4336477220058441
stage0_contrastive_bs8_fn4_001,contrastive,c2r/clutter/place_fan/seed_847307321/progress_000,place_fan,seed_847307321,c2r,clutter,0.0,29,condition_video,,,,,,,,knn_k1,0.39290866255760193
stage0_contrastive_bs8_fn4_001,contrastive,c2r/clutter/turn_switch/seed_106540409/progress_000,turn_switch,seed_106540409,c2r,clutter,0.0,29,condition_video,,,,,,,,knn_k1,0.4396211504936218
stage0_contrastive_bs8_fn4_001,contrastive,c2r/clutter/shake_bottle_horizontally/seed_491429438/progress_000,shake_bottle_horizontally,seed_491429438,c2r,clutter,0.0,29,condition_video,,,,,,,,knn_k1,0.44311925768852234
stage0_contrastive_bs8_fn4_001,contrastive,c2r/clutter/place_container_plate/seed_594486020/progress_000,place_container_plate,seed_594486020,c2r,clutter,0.0,29,condition_video,,,,,,,,knn_k1,0.3949543535709381
stage0_contrastive_bs8_fn4_001,contrastive,c2r/clutter/rotate_qrcode/seed_362674036/progress_000,rotate_qrcode,seed_362674036,c2r,clutter,0.0,29,condition_video,,,,,,,,knn_k1,0.3812539279460907
stage0_contrastive_bs8_fn4_001,contrastive,c2r/clutter/place_object_stand/seed_162697052/progress_000,place_object_stand,seed_162697052,c2r,clutter,0.0,29,condition_video,,,,,,,,knn_k1,0.3571624457836151
stage0_contrastive_bs8_fn4_001,contrastive,c2r/clutter/put_bottles_dustbin/seed_148690198/progress_000,put_bottles_dustbin,seed_148690198,c2r,clutter,0.0,29,condition_video,,,,,,,,knn_k1,0.43747952580451965
stage0_contrastive_bs8_fn4_001,contrastive,c2r/clutter/move_stapler_pad/seed_744409618/progress_000,move_stapler_pad,seed_744409618,c2r,clutter,0.0,29,condition_video,,,,,,,,knn_k1,0.39966991543769836
stage0_contrastive_bs8_fn4_001,contrastive,c2r/clutter/place_burger_fries/seed_303636962/progress_000,place_burger_fries,seed_303636962,c2r,clutter,0.0,29,condition_video,,,,,,,,knn_k1,0.417428195476532
stage0_contrastive_bs8_fn4_001,contrastive,c2r/clutter/place_bread_basket/seed_105344671/progress_000,place_bread_basket,seed_105344671,c2r,clutter,0.0,29,condition_video,,,,,,,,knn_k1,0.41420552134513855
stage0_contrastive_bs8_fn4_001,contrastive,c2r/clutter/pick_diverse_bottles/seed_21321356/progress_000,pick_diverse_bottles,seed_21321356,c2r,clutter,0.0,29,condition_video,,,,,,,,knn_k1,0.398730605840683
stage0_contrastive_bs8_fn4_001,contrastive,c2r/clutter/open_microwave/seed_136410473/progress_000,open_microwave,seed_136410473,c2r,clutter,0.0,29,condition_video,,,,,,,,knn_k1,0.4542348384857178
stage0_contrastive_bs8_fn4_001,contrastive,c2r/clutter/beat_block_hammer/seed_36693999/progress_000,beat_block_hammer,seed_36693999,c2r,clutter,0.0,29,condition_video,,,,,,,,knn_k1,0.41882768273353577
stage0_contrastive_bs8_fn4_001,contrastive,c2r/clutter/press_stapler/seed_880007787/progress_000,press_stapler,seed_880007787,c2r,clutter,0.0,29,condition_video,,,,,,,,knn_k1,0.4466264843940735
stage0_contrastive_bs8_fn4_001,contrastive,c2r/clutter/click_bell/seed_539095014/progress_000,click_bell,seed_539095014,c2r,clutter,0.0,29,condition_video,,,,,,,,knn_k1,0.41757437586784363
stage0_contrastive_bs8_fn4_001,contrastive,c2r/clutter/move_playingcard_away/seed_385288247/progress_000,move_playingcard_away,seed_385288247,c2r,clutter,0.0,29,condition_video,,,,,,,,knn_k1,0.38647010922431946
stage0_contrastive_bs8_fn4_001,contrastive,c2r/clutter/open_laptop/seed_260421436/progress_000,open_laptop,seed_260421436,c2r,clutter,0.0,29,condition_video,,,,,,,,knn_k1,0.409187376499176
stage0_contrastive_bs8_fn4_001,contrastive,c2r/clutter/move_can_pot/seed_445842829/progress_000,move_can_pot,seed_445842829,c2r,clutter,0.0,29,condition_video,,,,,,,,knn_k1,0.41962930560112
stage0_contrastive_bs8_fn4_001,contrastive,c2r/clutter/stack_bowls_two/seed_408127787/progress_000,stack_bowls_two,seed_408127787,c2r,clutter,0.0,29,condition_video,,,,,,,,knn_k1,0.4222462475299835
stage0_contrastive_bs8_fn4_001,contrastive,c2r/clutter/place_a2b_right/seed_298826397/progress_000,place_a2b_right,seed_298826397,c2r,clutter,0.0,29,condition_video,,,,,,,,knn_k1,0.3962896764278412
stage0_contrastive_bs8_fn4_001,contrastive,c2r/clutter/stamp_seal/seed_748150648/progress_000,stamp_seal,seed_748150648,c2r,clutter,0.0,29,condition_video,,,,,,,,knn_k1,0.388889342546463
stage0_contrastive_bs8_fn4_001,contrastive,c2r/clutter/place_object_basket/seed_455727417/progress_000,place_object_basket,seed_455727417,c2r,clutter,0.0,29,condition_video,,,,,,,,knn_k1,0.41689759492874146
stage0_contrastive_bs8_fn4_001,contrastive,c2r/clutter/handover_mic/seed_27533572/progress_000,handover_mic,seed_27533572,c2r,clutter,0.0,29,condition_video,,,,,,,,knn_k1,0.4002564251422882
stage0_contrastive_bs8_fn4_001,contrastive,c2r/clutter/place_bread_skillet/seed_470829968/progress_000,place_bread_skillet,seed_470829968,c2r,clutter,0.0,29,condition_video,,,,,,,,knn_k1,0.3927753269672394
stage0_contrastive_bs8_fn4_001,contrastive,c2r/clutter/stack_blocks_two/seed_193292576/progress_000,stack_blocks_two,seed_193292576,c2r,clutter,0.0,29,condition_video,,,,,,,,knn_k1,0.4190638065338135
stage0_contrastive_bs8_fn4_001,contrastive,c2r/clutter/place_cans_plasticbox/seed_552905247/progress_000,place_cans_plasticbox,seed_552905247,c2r,clutter,0.0,29,condition_video,,,,,,,,knn_k1,0.4563955068588257
stage0_contrastive_bs8_fn4_001,contrastive,c2r/clutter/click_alarmclock/seed_257639388/progress_000,click_alarmclock,seed_257639388,c2r,clutter,0.0,29,condition_video,,,,,,,,knn_k1,0.40744325518608093
stage0_contrastive_bs8_fn4_001,contrastive,c2r/clutter/blocks_ranking_size/seed_676842534/progress_000,blocks_ranking_size,seed_676842534,c2r,clutter,0.0,29,condition_video,,,,,,,,knn_k1,0.4379523992538452
stage0_contrastive_bs8_fn4_001,contrastive,c2r/clutter/place_phone_stand/seed_560963078/progress_000,place_phone_stand,seed_560963078,c2r,clutter,0.0,29,condition_video,,,,,,,,knn_k1,0.3693811893463135
stage0_contrastive_bs8_fn4_001,contrastive,c2r/clutter/place_can_basket/seed_578149817/progress_000,place_can_basket,seed_578149817,c2r,clutter,0.0,29,condition_video,,,,,,,,knn_k1,0.40226632356643677
stage0_contrastive_bs8_fn4_001,contrastive,c2r/clutter/place_object_scale/seed_142945748/progress_000,place_object_scale,seed_142945748,c2r,clutter,0.0,29,condition_video,,,,,,,,knn_k1,0.41746649146080017
stage0_contrastive_bs8_fn4_001,contrastive,c2r/clutter/place_a2b_left/seed_712001400/progress_000,place_a2b_left,seed_712001400,c2r,clutter,0.0,29,condition_video,,,,,,,,knn_k1,0.4372060298919678
stage0_contrastive_bs8_fn4_001,contrastive,c2r/clutter/grab_roller/seed_489372951/progress_000,grab_roller,seed_489372951,c2r,clutter,0.0,29,condition_video,,,,,,,,knn_k1,0.39485451579093933
stage0_contrastive_bs8_fn4_001,contrastive,c2r/clutter/place_dual_shoes/seed_486785621/progress_000,place_dual_shoes,seed_486785621,c2r,clutter,0.0,29,condition_video,,,,,,,,knn_k1,0.4258131980895996
stage0_contrastive_bs8_fn4_001,contrastive,c2r/clutter/place_empty_cup/seed_270996463/progress_000,place_empty_cup,seed_270996463,c2r,clutter,0.0,29,condition_video,,,,,,,,knn_k1,0.44440171122550964
stage0_contrastive_bs8_fn4_001,contrastive,c2r/clutter/blocks_ranking_rgb/seed_350545820/progress_000,blocks_ranking_rgb,seed_350545820,c2r,clutter,0.0,29,condition_video,,,,,,,,knn_k1,0.44760143756866455
stage0_contrastive_bs8_fn4_001,contrastive,aggregate,all,all,c2r,clutter,,29,condition_video,,,,,,,,knn_k1_mean,0.4134440785646439
stage0_contrastive_bs8_fn4_001,contrastive,aggregate,all,group_split,c2r,clutter,,29,condition_video,,,,,,,,domain_balanced_accuracy,0.5
stage0_contrastive_bs8_fn4_001,contrastive,aggregate,all,group_split,c2r,clutter,,29,condition_video,,,,,,,,domain_auroc,1.0
stage0_contrastive_bs8_fn4_001,contrastive,c2r/height/stack_bowls_three/seed_777107145/progress_000,stack_bowls_three,seed_777107145,c2r,height,0.0,29,condition_video,,,,,,,,knn_k1,0.40499481558799744
stage0_contrastive_bs8_fn4_001,contrastive,c2r/height/handover_block/seed_153931416/progress_000,handover_block,seed_153931416,c2r,height,0.0,29,condition_video,,,,,,,,knn_k1,0.4041430652141571
stage0_contrastive_bs8_fn4_001,contrastive,c2r/height/hanging_mug/seed_797626889/progress_000,hanging_mug,seed_797626889,c2r,height,0.0,29,condition_video,,,,,,,,knn_k1,0.40139245986938477
stage0_contrastive_bs8_fn4_001,contrastive,c2r/height/scan_object/seed_86820161/progress_000,scan_object,seed_86820161,c2r,height,0.0,29,condition_video,,,,,,,,knn_k1,0.43887585401535034
stage0_contrastive_bs8_fn4_001,contrastive,c2r/height/lift_pot/seed_358880989/progress_000,lift_pot,seed_358880989,c2r,height,0.0,29,condition_video,,,,,,,,knn_k1,0.4096187651157379
stage0_contrastive_bs8_fn4_001,contrastive,c2r/height/put_object_cabinet/seed_579804476/progress_000,put_object_cabinet,seed_579804476,c2r,height,0.0,29,condition_video,,,,,,,,knn_k1,0.3548143208026886
stage0_contrastive_bs8_fn4_001,contrastive,c2r/height/stack_blocks_three/seed_510834284/progress_000,stack_blocks_three,seed_510834284,c2r,height,0.0,29,condition_video,,,,,,,,knn_k1,0.42467063665390015
stage0_contrastive_bs8_fn4_001,contrastive,c2r/height/place_shoe/seed_547565528/progress_000,place_shoe,seed_547565528,c2r,height,0.0,29,condition_video,,,,,,,,knn_k1,0.43864360451698303
stage0_contrastive_bs8_fn4_001,contrastive,c2r/height/adjust_bottle/seed_455908385/progress_000,adjust_bottle,seed_455908385,c2r,height,0.0,29,condition_video,,,,,,,,knn_k1,0.38293716311454773
stage0_contrastive_bs8_fn4_001,contrastive,c2r/height/place_mouse_pad/seed_747588073/progress_000,place_mouse_pad,seed_747588073,c2r,height,0.0,29,condition_video,,,,,,,,knn_k1,0.4427344799041748
stage0_contrastive_bs8_fn4_001,contrastive,c2r/height/dump_bin_bigbin/seed_609125485/progress_000,dump_bin_bigbin,seed_609125485,c2r,height,0.0,29,condition_video,,,,,,,,knn_k1,0.37965574860572815
stage0_contrastive_bs8_fn4_001,contrastive,c2r/height/move_pillbottle_pad/seed_454258712/progress_000,move_pillbottle_pad,seed_454258712,c2r,height,0.0,29,condition_video,,,,,,,,knn_k1,0.3959556221961975
stage0_contrastive_bs8_fn4_001,contrastive,c2r/height/pick_dual_bottles/seed_625462229/progress_000,pick_dual_bottles,seed_625462229,c2r,height,0.0,29,condition_video,,,,,,,,knn_k1,0.3934343457221985
stage0_contrastive_bs8_fn4_001,contrastive,c2r/height/shake_bottle/seed_11397417/progress_000,shake_bottle,seed_11397417,c2r,height,0.0,29,condition_video,,,,,,,,knn_k1,0.4245949983596802
stage0_contrastive_bs8_fn4_001,contrastive,c2r/height/place_fan/seed_562359323/progress_000,place_fan,seed_562359323,c2r,height,0.0,29,condition_video,,,,,,,,knn_k1,0.3807295858860016
stage0_contrastive_bs8_fn4_001,contrastive,c2r/height/turn_switch/seed_388598700/progress_000,turn_switch,seed_388598700,c2r,height,0.0,29,condition_video,,,,,,,,knn_k1,0.4179849624633789
stage0_contrastive_bs8_fn4_001,contrastive,c2r/height/shake_bottle_horizontally/seed_506817488/progress_000,shake_bottle_horizontally,seed_506817488,c2r,height,0.0,29,condition_video,,,,,,,,knn_k1,0.43623170256614685
stage0_contrastive_bs8_fn4_001,contrastive,c2r/height/place_container_plate/seed_661154812/progress_000,place_container_plate,seed_661154812,c2r,height,0.0,29,condition_video,,,,,,,,knn_k1,0.3854329288005829
stage0_contrastive_bs8_fn4_001,contrastive,c2r/height/rotate_qrcode/seed_391550427/progress_000,rotate_qrcode,seed_391550427,c2r,height,0.0,29,condition_video,,,,,,,,knn_k1,0.37103548645973206
stage0_contrastive_bs8_fn4_001,contrastive,c2r/height/place_object_stand/seed_520492387/progress_000,place_object_stand,seed_520492387,c2r,height,0.0,29,condition_video,,,,,,,,knn_k1,0.35624152421951294
stage0_contrastive_bs8_fn4_001,contrastive,c2r/height/put_bottles_dustbin/seed_833796020/progress_000,put_bottles_dustbin,seed_833796020,c2r,height,0.0,29,condition_video,,,,,,,,knn_k1,0.4386192262172699
stage0_contrastive_bs8_fn4_001,contrastive,c2r/height/move_stapler_pad/seed_626979943/progress_000,move_stapler_pad,seed_626979943,c2r,height,0.0,29,condition_video,,,,,,,,knn_k1,0.3877059519290924
stage0_contrastive_bs8_fn4_001,contrastive,c2r/height/place_burger_fries/seed_44486756/progress_000,place_burger_fries,seed_44486756,c2r,height,0.0,29,condition_video,,,,,,,,knn_k1,0.4274250864982605
stage0_contrastive_bs8_fn4_001,contrastive,c2r/height/place_bread_basket/seed_769514620/progress_000,place_bread_basket,seed_769514620,c2r,height,0.0,29,condition_video,,,,,,,,knn_k1,0.4106137156486511
stage0_contrastive_bs8_fn4_001,contrastive,c2r/height/pick_diverse_bottles/seed_202104734/progress_000,pick_diverse_bottles,seed_202104734,c2r,height,0.0,29,condition_video,,,,,,,,knn_k1,0.41144824028015137
stage0_contrastive_bs8_fn4_001,contrastive,c2r/height/open_microwave/seed_670586037/progress_000,open_microwave,seed_670586037,c2r,height,0.0,29,condition_video,,,,,,,,knn_k1,0.45163536071777344
stage0_contrastive_bs8_fn4_001,contrastive,c2r/height/beat_block_hammer/seed_146228030/progress_000,beat_block_hammer,seed_146228030,c2r,height,0.0,29,condition_video,,,,,,,,knn_k1,0.41344839334487915
stage0_contrastive_bs8_fn4_001,contrastive,c2r/height/press_stapler/seed_623879527/progress_000,press_stapler,seed_623879527,c2r,height,0.0,29,condition_video,,,,,,,,knn_k1,0.41859421133995056
stage0_contrastive_bs8_fn4_001,contrastive,c2r/height/click_bell/seed_576942388/progress_000,click_bell,seed_576942388,c2r,height,0.0,29,condition_video,,,,,,,,knn_k1,0.390718936920166
stage0_contrastive_bs8_fn4_001,contrastive,c2r/height/move_playingcard_away/seed_468245999/progress_000,move_playingcard_away,seed_468245999,c2r,height,0.0,29,condition_video,,,,,,,,knn_k1,0.37595081329345703
stage0_contrastive_bs8_fn4_001,contrastive,c2r/height/open_laptop/seed_273582622/progress_000,open_laptop,seed_273582622,c2r,height,0.0,29,condition_video,,,,,,,,knn_k1,0.3988492488861084
stage0_contrastive_bs8_fn4_001,contrastive,c2r/height/move_can_pot/seed_285658487/progress_000,move_can_pot,seed_285658487,c2r,height,0.0,29,condition_video,,,,,,,,knn_k1,0.41794320940971375
stage0_contrastive_bs8_fn4_001,contrastive,c2r/height/stack_bowls_two/seed_116018094/progress_000,stack_bowls_two,seed_116018094,c2r,height,0.0,29,condition_video,,,,,,,,knn_k1,0.41237640380859375
stage0_contrastive_bs8_fn4_001,contrastive,c2r/height/place_a2b_right/seed_803724289/progress_000,place_a2b_right,seed_803724289,c2r,height,0.0,29,condition_video,,,,,,,,knn_k1,0.37056976556777954
stage0_contrastive_bs8_fn4_001,contrastive,c2r/height/stamp_seal/seed_391510540/progress_000,stamp_seal,seed_391510540,c2r,height,0.0,29,condition_video,,,,,,,,knn_k1,0.37636858224868774
stage0_contrastive_bs8_fn4_001,contrastive,c2r/height/place_object_basket/seed_760526045/progress_000,place_object_basket,seed_760526045,c2r,height,0.0,29,condition_video,,,,,,,,knn_k1,0.40266209840774536
stage0_contrastive_bs8_fn4_001,contrastive,c2r/height/handover_mic/seed_537376167/progress_000,handover_mic,seed_537376167,c2r,height,0.0,29,condition_video,,,,,,,,knn_k1,0.3859970271587372
stage0_contrastive_bs8_fn4_001,contrastive,c2r/height/place_bread_skillet/seed_394408374/progress_000,place_bread_skillet,seed_394408374,c2r,height,0.0,29,condition_video,,,,,,,,knn_k1,0.38032281398773193
stage0_contrastive_bs8_fn4_001,contrastive,c2r/height/stack_blocks_two/seed_639631926/progress_000,stack_blocks_two,seed_639631926,c2r,height,0.0,29,condition_video,,,,,,,,knn_k1,0.41411954164505005
stage0_contrastive_bs8_fn4_001,contrastive,c2r/height/place_cans_plasticbox/seed_514553626/progress_000,place_cans_plasticbox,seed_514553626,c2r,height,0.0,29,condition_video,,,,,,,,knn_k1,0.4523881673812866
stage0_contrastive_bs8_fn4_001,contrastive,c2r/height/click_alarmclock/seed_789543505/progress_000,click_alarmclock,seed_789543505,c2r,height,0.0,29,condition_video,,,,,,,,knn_k1,0.39626842737197876
stage0_contrastive_bs8_fn4_001,contrastive,c2r/height/blocks_ranking_size/seed_3661514/progress_000,blocks_ranking_size,seed_3661514,c2r,height,0.0,29,condition_video,,,,,,,,knn_k1,0.43962013721466064
stage0_contrastive_bs8_fn4_001,contrastive,c2r/height/place_phone_stand/seed_39116909/progress_000,place_phone_stand,seed_39116909,c2r,height,0.0,29,condition_video,,,,,,,,knn_k1,0.36082568764686584
stage0_contrastive_bs8_fn4_001,contrastive,c2r/height/place_can_basket/seed_788353025/progress_000,place_can_basket,seed_788353025,c2r,height,0.0,29,condition_video,,,,,,,,knn_k1,0.39455708861351013
stage0_contrastive_bs8_fn4_001,contrastive,c2r/height/place_object_scale/seed_603032508/progress_000,place_object_scale,seed_603032508,c2r,height,0.0,29,condition_video,,,,,,,,knn_k1,0.39390692114830017
stage0_contrastive_bs8_fn4_001,contrastive,c2r/height/place_a2b_left/seed_240483131/progress_000,place_a2b_left,seed_240483131,c2r,height,0.0,29,condition_video,,,,,,,,knn_k1,0.429170697927475
stage0_contrastive_bs8_fn4_001,contrastive,c2r/height/grab_roller/seed_452075745/progress_000,grab_roller,seed_452075745,c2r,height,0.0,29,condition_video,,,,,,,,knn_k1,0.38809144496917725
stage0_contrastive_bs8_fn4_001,contrastive,c2r/height/place_dual_shoes/seed_890676601/progress_000,place_dual_shoes,seed_890676601,c2r,height,0.0,29,condition_video,,,,,,,,knn_k1,0.4265052378177643
stage0_contrastive_bs8_fn4_001,contrastive,c2r/height/place_empty_cup/seed_859277454/progress_000,place_empty_cup,seed_859277454,c2r,height,0.0,29,condition_video,,,,,,,,knn_k1,0.43273666501045227
stage0_contrastive_bs8_fn4_001,contrastive,c2r/height/blocks_ranking_rgb/seed_114117740/progress_000,blocks_ranking_rgb,seed_114117740,c2r,height,0.0,29,condition_video,,,,,,,,knn_k1,0.43661943078041077
stage0_contrastive_bs8_fn4_001,contrastive,aggregate,all,all,c2r,height,,29,condition_video,,,,,,,,knn_k1_mean,0.40560361206531526
stage0_contrastive_bs8_fn4_001,contrastive,aggregate,all,group_split,c2r,height,,29,condition_video,,,,,,,,domain_balanced_accuracy,0.5
stage0_contrastive_bs8_fn4_001,contrastive,aggregate,all,group_split,c2r,height,,29,condition_video,,,,,,,,domain_auroc,1.0
stage0_contrastive_bs8_fn4_001,contrastive,c2r/light/stack_bowls_three/seed_317869620/progress_000,stack_bowls_three,seed_317869620,c2r,light,0.0,29,condition_video,,,,,,,,knn_k1,0.4515156149864197
stage0_contrastive_bs8_fn4_001,contrastive,c2r/light/handover_block/seed_879311662/progress_000,handover_block,seed_879311662,c2r,light,0.0,29,condition_video,,,,,,,,knn_k1,0.4927726984024048
stage0_contrastive_bs8_fn4_001,contrastive,c2r/light/hanging_mug/seed_459299139/progress_000,hanging_mug,seed_459299139,c2r,light,0.0,29,condition_video,,,,,,,,knn_k1,0.4590355157852173
stage0_contrastive_bs8_fn4_001,contrastive,c2r/light/scan_object/seed_289038431/progress_000,scan_object,seed_289038431,c2r,light,0.0,29,condition_video,,,,,,,,knn_k1,0.47954249382019043
stage0_contrastive_bs8_fn4_001,contrastive,c2r/light/lift_pot/seed_185598812/progress_000,lift_pot,seed_185598812,c2r,light,0.0,29,condition_video,,,,,,,,knn_k1,0.40682944655418396
stage0_contrastive_bs8_fn4_001,contrastive,c2r/light/put_object_cabinet/seed_644929938/progress_000,put_object_cabinet,seed_644929938,c2r,light,0.0,29,condition_video,,,,,,,,knn_k1,0.4075064957141876
stage0_contrastive_bs8_fn4_001,contrastive,c2r/light/stack_blocks_three/seed_314814982/progress_000,stack_blocks_three,seed_314814982,c2r,light,0.0,29,condition_video,,,,,,,,knn_k1,0.4589172899723053
stage0_contrastive_bs8_fn4_001,contrastive,c2r/light/place_shoe/seed_259707623/progress_000,place_shoe,seed_259707623,c2r,light,0.0,29,condition_video,,,,,,,,knn_k1,0.5466576218605042
stage0_contrastive_bs8_fn4_001,contrastive,c2r/light/adjust_bottle/seed_218427993/progress_000,adjust_bottle,seed_218427993,c2r,light,0.0,29,condition_video,,,,,,,,knn_k1,0.4453005790710449
stage0_contrastive_bs8_fn4_001,contrastive,c2r/light/place_mouse_pad/seed_866209002/progress_000,place_mouse_pad,seed_866209002,c2r,light,0.0,29,condition_video,,,,,,,,knn_k1,0.5162280797958374
stage0_contrastive_bs8_fn4_001,contrastive,c2r/light/dump_bin_bigbin/seed_423840151/progress_000,dump_bin_bigbin,seed_423840151,c2r,light,0.0,29,condition_video,,,,,,,,knn_k1,0.46305739879608154
stage0_contrastive_bs8_fn4_001,contrastive,c2r/light/move_pillbottle_pad/seed_635002489/progress_000,move_pillbottle_pad,seed_635002489,c2r,light,0.0,29,condition_video,,,,,,,,knn_k1,0.49173659086227417
stage0_contrastive_bs8_fn4_001,contrastive,c2r/light/pick_dual_bottles/seed_7690756/progress_000,pick_dual_bottles,seed_7690756,c2r,light,0.0,29,condition_video,,,,,,,,knn_k1,0.41920793056488037
stage0_contrastive_bs8_fn4_001,contrastive,c2r/light/shake_bottle/seed_716268860/progress_000,shake_bottle,seed_716268860,c2r,light,0.0,29,condition_video,,,,,,,,knn_k1,0.493933767080307
stage0_contrastive_bs8_fn4_001,contrastive,c2r/light/place_fan/seed_519267369/progress_000,place_fan,seed_519267369,c2r,light,0.0,29,condition_video,,,,,,,,knn_k1,0.4544236958026886
stage0_contrastive_bs8_fn4_001,contrastive,c2r/light/turn_switch/seed_493838736/progress_000,turn_switch,seed_493838736,c2r,light,0.0,29,condition_video,,,,,,,,knn_k1,0.5213426351547241
stage0_contrastive_bs8_fn4_001,contrastive,c2r/light/shake_bottle_horizontally/seed_497389386/progress_000,shake_bottle_horizontally,seed_497389386,c2r,light,0.0,29,condition_video,,,,,,,,knn_k1,0.5129169225692749
stage0_contrastive_bs8_fn4_001,contrastive,c2r/light/place_container_plate/seed_252210122/progress_000,place_container_plate,seed_252210122,c2r,light,0.0,29,condition_video,,,,,,,,knn_k1,0.5101595520973206
stage0_contrastive_bs8_fn4_001,contrastive,c2r/light/rotate_qrcode/seed_24255504/progress_000,rotate_qrcode,seed_24255504,c2r,light,0.0,29,condition_video,,,,,,,,knn_k1,0.5051375031471252
stage0_contrastive_bs8_fn4_001,contrastive,c2r/light/place_object_stand/seed_603755546/progress_000,place_object_stand,seed_603755546,c2r,light,0.0,29,condition_video,,,,,,,,knn_k1,0.38621285557746887
stage0_contrastive_bs8_fn4_001,contrastive,c2r/light/put_bottles_dustbin/seed_473207494/progress_000,put_bottles_dustbin,seed_473207494,c2r,light,0.0,29,condition_video,,,,,,,,knn_k1,0.45894455909729004
stage0_contrastive_bs8_fn4_001,contrastive,c2r/light/move_stapler_pad/seed_724544048/progress_000,move_stapler_pad,seed_724544048,c2r,light,0.0,29,condition_video,,,,,,,,knn_k1,0.5330401062965393
stage0_contrastive_bs8_fn4_001,contrastive,c2r/light/place_burger_fries/seed_764956105/progress_000,place_burger_fries,seed_764956105,c2r,light,0.0,29,condition_video,,,,,,,,knn_k1,0.5184718370437622
stage0_contrastive_bs8_fn4_001,contrastive,c2r/light/place_bread_basket/seed_548994270/progress_000,place_bread_basket,seed_548994270,c2r,light,0.0,29,condition_video,,,,,,,,knn_k1,0.4603329598903656
stage0_contrastive_bs8_fn4_001,contrastive,c2r/light/pick_diverse_bottles/seed_469296516/progress_000,pick_diverse_bottles,seed_469296516,c2r,light,0.0,29,condition_video,,,,,,,,knn_k1,0.47729215025901794
stage0_contrastive_bs8_fn4_001,contrastive,c2r/light/open_microwave/seed_126026794/progress_000,open_microwave,seed_126026794,c2r,light,0.0,29,condition_video,,,,,,,,knn_k1,0.5392538905143738
stage0_contrastive_bs8_fn4_001,contrastive,c2r/light/beat_block_hammer/seed_190785939/progress_000,beat_block_hammer,seed_190785939,c2r,light,0.0,29,condition_video,,,,,,,,knn_k1,0.5631911754608154
stage0_contrastive_bs8_fn4_001,contrastive,c2r/light/press_stapler/seed_645584852/progress_000,press_stapler,seed_645584852,c2r,light,0.0,29,condition_video,,,,,,,,knn_k1,0.48330625891685486
stage0_contrastive_bs8_fn4_001,contrastive,c2r/light/click_bell/seed_611142223/progress_000,click_bell,seed_611142223,c2r,light,0.0,29,condition_video,,,,,,,,knn_k1,0.4465443193912506
stage0_contrastive_bs8_fn4_001,contrastive,c2r/light/move_playingcard_away/seed_698951458/progress_000,move_playingcard_away,seed_698951458,c2r,light,0.0,29,condition_video,,,,,,,,knn_k1,0.4309178292751312
stage0_contrastive_bs8_fn4_001,contrastive,c2r/light/open_laptop/seed_627389206/progress_000,open_laptop,seed_627389206,c2r,light,0.0,29,condition_video,,,,,,,,knn_k1,0.4341050088405609
stage0_contrastive_bs8_fn4_001,contrastive,c2r/light/move_can_pot/seed_248023816/progress_000,move_can_pot,seed_248023816,c2r,light,0.0,29,condition_video,,,,,,,,knn_k1,0.5069304704666138
stage0_contrastive_bs8_fn4_001,contrastive,c2r/light/stack_bowls_two/seed_656246828/progress_000,stack_bowls_two,seed_656246828,c2r,light,0.0,29,condition_video,,,,,,,,knn_k1,0.4904712736606598
stage0_contrastive_bs8_fn4_001,contrastive,c2r/light/place_a2b_right/seed_803416018/progress_000,place_a2b_right,seed_803416018,c2r,light,0.0,29,condition_video,,,,,,,,knn_k1,0.44160959124565125
stage0_contrastive_bs8_fn4_001,contrastive,c2r/light/stamp_seal/seed_203079918/progress_000,stamp_seal,seed_203079918,c2r,light,0.0,29,condition_video,,,,,,,,knn_k1,0.43981295824050903
stage0_contrastive_bs8_fn4_001,contrastive,c2r/light/place_object_basket/seed_241125908/progress_000,place_object_basket,seed_241125908,c2r,light,0.0,29,condition_video,,,,,,,,knn_k1,0.5098188519477844
stage0_contrastive_bs8_fn4_001,contrastive,c2r/light/handover_mic/seed_283323218/progress_000,handover_mic,seed_283323218,c2r,light,0.0,29,condition_video,,,,,,,,knn_k1,0.5247431397438049
stage0_contrastive_bs8_fn4_001,contrastive,c2r/light/place_bread_skillet/seed_156686976/progress_000,place_bread_skillet,seed_156686976,c2r,light,0.0,29,condition_video,,,,,,,,knn_k1,0.44602149724960327
stage0_contrastive_bs8_fn4_001,contrastive,c2r/light/stack_blocks_two/seed_803532712/progress_000,stack_blocks_two,seed_803532712,c2r,light,0.0,29,condition_video,,,,,,,,knn_k1,0.5200153589248657
stage0_contrastive_bs8_fn4_001,contrastive,c2r/light/place_cans_plasticbox/seed_577981354/progress_000,place_cans_plasticbox,seed_577981354,c2r,light,0.0,29,condition_video,,,,,,,,knn_k1,0.5145670771598816
stage0_contrastive_bs8_fn4_001,contrastive,c2r/light/click_alarmclock/seed_762866989/progress_000,click_alarmclock,seed_762866989,c2r,light,0.0,29,condition_video,,,,,,,,knn_k1,0.3996250629425049
stage0_contrastive_bs8_fn4_001,contrastive,c2r/light/blocks_ranking_size/seed_505985753/progress_000,blocks_ranking_size,seed_505985753,c2r,light,0.0,29,condition_video,,,,,,,,knn_k1,0.4912855923175812
stage0_contrastive_bs8_fn4_001,contrastive,c2r/light/place_phone_stand/seed_624751721/progress_000,place_phone_stand,seed_624751721,c2r,light,0.0,29,condition_video,,,,,,,,knn_k1,0.46743831038475037
stage0_contrastive_bs8_fn4_001,contrastive,c2r/light/place_can_basket/seed_542145302/progress_000,place_can_basket,seed_542145302,c2r,light,0.0,29,condition_video,,,,,,,,knn_k1,0.4387490749359131
stage0_contrastive_bs8_fn4_001,contrastive,c2r/light/place_object_scale/seed_722575534/progress_000,place_object_scale,seed_722575534,c2r,light,0.0,29,condition_video,,,,,,,,knn_k1,0.4391610324382782
stage0_contrastive_bs8_fn4_001,contrastive,c2r/light/place_a2b_left/seed_663079132/progress_000,place_a2b_left,seed_663079132,c2r,light,0.0,29,condition_video,,,,,,,,knn_k1,0.4555802047252655
stage0_contrastive_bs8_fn4_001,contrastive,c2r/light/grab_roller/seed_482689013/progress_000,grab_roller,seed_482689013,c2r,light,0.0,29,condition_video,,,,,,,,knn_k1,0.5204829573631287
stage0_contrastive_bs8_fn4_001,contrastive,c2r/light/place_dual_shoes/seed_319436374/progress_000,place_dual_shoes,seed_319436374,c2r,light,0.0,29,condition_video,,,,,,,,knn_k1,0.43177780508995056
stage0_contrastive_bs8_fn4_001,contrastive,c2r/light/place_empty_cup/seed_606914953/progress_000,place_empty_cup,seed_606914953,c2r,light,0.0,29,condition_video,,,,,,,,knn_k1,0.45422524213790894
stage0_contrastive_bs8_fn4_001,contrastive,c2r/light/blocks_ranking_rgb/seed_339352330/progress_000,blocks_ranking_rgb,seed_339352330,c2r,light,0.0,29,condition_video,,,,,,,,knn_k1,0.5309997797012329
stage0_contrastive_bs8_fn4_001,contrastive,aggregate,all,all,c2r,light,,29,condition_video,,,,,,,,knn_k1_mean,0.4758230012655258
stage0_contrastive_bs8_fn4_001,contrastive,aggregate,all,group_split,c2r,light,,29,condition_video,,,,,,,,domain_balanced_accuracy,0.5
stage0_contrastive_bs8_fn4_001,contrastive,aggregate,all,group_split,c2r,light,,29,condition_video,,,,,,,,domain_auroc,1.0
stage0_contrastive_bs8_fn4_001,base,aggregate,all,all,c2r,background,,0,condition_video,,,,,,,,delta_vs_base/knn_k1,0.0
stage0_contrastive_bs8_fn4_001,base,aggregate,all,all,c2r,background,,0,condition_video,,,,,,,,delta_vs_base/balanced_accuracy,0.0
stage0_contrastive_bs8_fn4_001,base,aggregate,all,all,c2r,background,,0,condition_video,,,,,,,,delta_vs_base/auroc,0.0
stage0_contrastive_bs8_fn4_001,base,aggregate,all,all,c2r,clutter,,0,condition_video,,,,,,,,delta_vs_base/knn_k1,0.0
stage0_contrastive_bs8_fn4_001,base,aggregate,all,all,c2r,clutter,,0,condition_video,,,,,,,,delta_vs_base/balanced_accuracy,0.0
stage0_contrastive_bs8_fn4_001,base,aggregate,all,all,c2r,clutter,,0,condition_video,,,,,,,,delta_vs_base/auroc,0.0
stage0_contrastive_bs8_fn4_001,base,aggregate,all,all,c2r,height,,0,condition_video,,,,,,,,delta_vs_base/knn_k1,0.0
stage0_contrastive_bs8_fn4_001,base,aggregate,all,all,c2r,height,,0,condition_video,,,,,,,,delta_vs_base/balanced_accuracy,0.0
stage0_contrastive_bs8_fn4_001,base,aggregate,all,all,c2r,height,,0,condition_video,,,,,,,,delta_vs_base/auroc,0.0
stage0_contrastive_bs8_fn4_001,base,aggregate,all,all,c2r,light,,0,condition_video,,,,,,,,delta_vs_base/knn_k1,0.0
stage0_contrastive_bs8_fn4_001,base,aggregate,all,all,c2r,light,,0,condition_video,,,,,,,,delta_vs_base/balanced_accuracy,0.0
stage0_contrastive_bs8_fn4_001,base,aggregate,all,all,c2r,light,,0,condition_video,,,,,,,,delta_vs_base/auroc,0.0
stage0_contrastive_bs8_fn4_001,base,aggregate,all,all,c2r,background,,10,condition_video,,,,,,,,delta_vs_base/knn_k1,0.0
stage0_contrastive_bs8_fn4_001,base,aggregate,all,all,c2r,background,,10,condition_video,,,,,,,,delta_vs_base/balanced_accuracy,0.0
stage0_contrastive_bs8_fn4_001,base,aggregate,all,all,c2r,background,,10,condition_video,,,,,,,,delta_vs_base/auroc,0.0
stage0_contrastive_bs8_fn4_001,base,aggregate,all,all,c2r,clutter,,10,condition_video,,,,,,,,delta_vs_base/knn_k1,0.0
stage0_contrastive_bs8_fn4_001,base,aggregate,all,all,c2r,clutter,,10,condition_video,,,,,,,,delta_vs_base/balanced_accuracy,0.0
stage0_contrastive_bs8_fn4_001,base,aggregate,all,all,c2r,clutter,,10,condition_video,,,,,,,,delta_vs_base/auroc,0.0
stage0_contrastive_bs8_fn4_001,base,aggregate,all,all,c2r,height,,10,condition_video,,,,,,,,delta_vs_base/knn_k1,0.0
stage0_contrastive_bs8_fn4_001,base,aggregate,all,all,c2r,height,,10,condition_video,,,,,,,,delta_vs_base/balanced_accuracy,0.0
stage0_contrastive_bs8_fn4_001,base,aggregate,all,all,c2r,height,,10,condition_video,,,,,,,,delta_vs_base/auroc,0.0
stage0_contrastive_bs8_fn4_001,base,aggregate,all,all,c2r,light,,10,condition_video,,,,,,,,delta_vs_base/knn_k1,0.0
stage0_contrastive_bs8_fn4_001,base,aggregate,all,all,c2r,light,,10,condition_video,,,,,,,,delta_vs_base/balanced_accuracy,0.0
stage0_contrastive_bs8_fn4_001,base,aggregate,all,all,c2r,light,,10,condition_video,,,,,,,,delta_vs_base/auroc,0.0
stage0_contrastive_bs8_fn4_001,base,aggregate,all,all,c2r,background,,19,condition_video,,,,,,,,delta_vs_base/knn_k1,0.0
stage0_contrastive_bs8_fn4_001,base,aggregate,all,all,c2r,background,,19,condition_video,,,,,,,,delta_vs_base/balanced_accuracy,0.0
stage0_contrastive_bs8_fn4_001,base,aggregate,all,all,c2r,background,,19,condition_video,,,,,,,,delta_vs_base/auroc,0.0
stage0_contrastive_bs8_fn4_001,base,aggregate,all,all,c2r,clutter,,19,condition_video,,,,,,,,delta_vs_base/knn_k1,0.0
stage0_contrastive_bs8_fn4_001,base,aggregate,all,all,c2r,clutter,,19,condition_video,,,,,,,,delta_vs_base/balanced_accuracy,0.0
stage0_contrastive_bs8_fn4_001,base,aggregate,all,all,c2r,clutter,,19,condition_video,,,,,,,,delta_vs_base/auroc,0.0
stage0_contrastive_bs8_fn4_001,base,aggregate,all,all,c2r,height,,19,condition_video,,,,,,,,delta_vs_base/knn_k1,0.0
stage0_contrastive_bs8_fn4_001,base,aggregate,all,all,c2r,height,,19,condition_video,,,,,,,,delta_vs_base/balanced_accuracy,0.0
stage0_contrastive_bs8_fn4_001,base,aggregate,all,all,c2r,height,,19,condition_video,,,,,,,,delta_vs_base/auroc,0.0
stage0_contrastive_bs8_fn4_001,base,aggregate,all,all,c2r,light,,19,condition_video,,,,,,,,delta_vs_base/knn_k1,0.0
stage0_contrastive_bs8_fn4_001,base,aggregate,all,all,c2r,light,,19,condition_video,,,,,,,,delta_vs_base/balanced_accuracy,0.0
stage0_contrastive_bs8_fn4_001,base,aggregate,all,all,c2r,light,,19,condition_video,,,,,,,,delta_vs_base/auroc,0.0
stage0_contrastive_bs8_fn4_001,base,aggregate,all,all,c2r,background,,29,condition_video,,,,,,,,delta_vs_base/knn_k1,0.0
stage0_contrastive_bs8_fn4_001,base,aggregate,all,all,c2r,background,,29,condition_video,,,,,,,,delta_vs_base/balanced_accuracy,0.0
stage0_contrastive_bs8_fn4_001,base,aggregate,all,all,c2r,background,,29,condition_video,,,,,,,,delta_vs_base/auroc,0.0
stage0_contrastive_bs8_fn4_001,base,aggregate,all,all,c2r,clutter,,29,condition_video,,,,,,,,delta_vs_base/knn_k1,0.0
stage0_contrastive_bs8_fn4_001,base,aggregate,all,all,c2r,clutter,,29,condition_video,,,,,,,,delta_vs_base/balanced_accuracy,0.0
stage0_contrastive_bs8_fn4_001,base,aggregate,all,all,c2r,clutter,,29,condition_video,,,,,,,,delta_vs_base/auroc,0.0
stage0_contrastive_bs8_fn4_001,base,aggregate,all,all,c2r,height,,29,condition_video,,,,,,,,delta_vs_base/knn_k1,0.0
stage0_contrastive_bs8_fn4_001,base,aggregate,all,all,c2r,height,,29,condition_video,,,,,,,,delta_vs_base/balanced_accuracy,0.0
stage0_contrastive_bs8_fn4_001,base,aggregate,all,all,c2r,height,,29,condition_video,,,,,,,,delta_vs_base/auroc,0.0
stage0_contrastive_bs8_fn4_001,base,aggregate,all,all,c2r,light,,29,condition_video,,,,,,,,delta_vs_base/knn_k1,0.0
stage0_contrastive_bs8_fn4_001,base,aggregate,all,all,c2r,light,,29,condition_video,,,,,,,,delta_vs_base/balanced_accuracy,0.0
stage0_contrastive_bs8_fn4_001,base,aggregate,all,all,c2r,light,,29,condition_video,,,,,,,,delta_vs_base/auroc,0.0
stage0_contrastive_bs8_fn4_001,clean,aggregate,all,all,c2r,background,,0,condition_video,,,,,,,,delta_vs_base/knn_k1,-0.04206294775009156
stage0_contrastive_bs8_fn4_001,clean,aggregate,all,all,c2r,background,,0,condition_video,,,,,,,,delta_vs_base/balanced_accuracy,0.0
stage0_contrastive_bs8_fn4_001,clean,aggregate,all,all,c2r,background,,0,condition_video,,,,,,,,delta_vs_base/auroc,0.0
stage0_contrastive_bs8_fn4_001,clean,aggregate,all,all,c2r,clutter,,0,condition_video,,,,,,,,delta_vs_base/knn_k1,-0.04199177145957944
stage0_contrastive_bs8_fn4_001,clean,aggregate,all,all,c2r,clutter,,0,condition_video,,,,,,,,delta_vs_base/balanced_accuracy,0.0
stage0_contrastive_bs8_fn4_001,clean,aggregate,all,all,c2r,clutter,,0,condition_video,,,,,,,,delta_vs_base/auroc,0.0
stage0_contrastive_bs8_fn4_001,clean,aggregate,all,all,c2r,height,,0,condition_video,,,,,,,,delta_vs_base/knn_k1,-0.04292728602886203
stage0_contrastive_bs8_fn4_001,clean,aggregate,all,all,c2r,height,,0,condition_video,,,,,,,,delta_vs_base/balanced_accuracy,0.0
stage0_contrastive_bs8_fn4_001,clean,aggregate,all,all,c2r,height,,0,condition_video,,,,,,,,delta_vs_base/auroc,0.0
stage0_contrastive_bs8_fn4_001,clean,aggregate,all,all,c2r,light,,0,condition_video,,,,,,,,delta_vs_base/knn_k1,-0.06597305178642271
stage0_contrastive_bs8_fn4_001,clean,aggregate,all,all,c2r,light,,0,condition_video,,,,,,,,delta_vs_base/balanced_accuracy,0.0
stage0_contrastive_bs8_fn4_001,clean,aggregate,all,all,c2r,light,,0,condition_video,,,,,,,,delta_vs_base/auroc,0.0
stage0_contrastive_bs8_fn4_001,clean,aggregate,all,all,c2r,background,,10,condition_video,,,,,,,,delta_vs_base/knn_k1,-0.27171459138393395
stage0_contrastive_bs8_fn4_001,clean,aggregate,all,all,c2r,background,,10,condition_video,,,,,,,,delta_vs_base/balanced_accuracy,0.0
stage0_contrastive_bs8_fn4_001,clean,aggregate,all,all,c2r,background,,10,condition_video,,,,,,,,delta_vs_base/auroc,0.0
stage0_contrastive_bs8_fn4_001,clean,aggregate,all,all,c2r,clutter,,10,condition_video,,,,,,,,delta_vs_base/knn_k1,-0.27067123234272006
stage0_contrastive_bs8_fn4_001,clean,aggregate,all,all,c2r,clutter,,10,condition_video,,,,,,,,delta_vs_base/balanced_accuracy,0.0
stage0_contrastive_bs8_fn4_001,clean,aggregate,all,all,c2r,clutter,,10,condition_video,,,,,,,,delta_vs_base/auroc,0.0
stage0_contrastive_bs8_fn4_001,clean,aggregate,all,all,c2r,height,,10,condition_video,,,,,,,,delta_vs_base/knn_k1,-0.27514430254697797
stage0_contrastive_bs8_fn4_001,clean,aggregate,all,all,c2r,height,,10,condition_video,,,,,,,,delta_vs_base/balanced_accuracy,0.0
stage0_contrastive_bs8_fn4_001,clean,aggregate,all,all,c2r,height,,10,condition_video,,,,,,,,delta_vs_base/auroc,0.0
stage0_contrastive_bs8_fn4_001,clean,aggregate,all,all,c2r,light,,10,condition_video,,,,,,,,delta_vs_base/knn_k1,-0.30598737150430677
stage0_contrastive_bs8_fn4_001,clean,aggregate,all,all,c2r,light,,10,condition_video,,,,,,,,delta_vs_base/balanced_accuracy,0.0
stage0_contrastive_bs8_fn4_001,clean,aggregate,all,all,c2r,light,,10,condition_video,,,,,,,,delta_vs_base/auroc,0.0
stage0_contrastive_bs8_fn4_001,clean,aggregate,all,all,c2r,background,,19,condition_video,,,,,,,,delta_vs_base/knn_k1,-0.111116169989109
stage0_contrastive_bs8_fn4_001,clean,aggregate,all,all,c2r,background,,19,condition_video,,,,,,,,delta_vs_base/balanced_accuracy,0.0
stage0_contrastive_bs8_fn4_001,clean,aggregate,all,all,c2r,background,,19,condition_video,,,,,,,,delta_vs_base/auroc,0.0
stage0_contrastive_bs8_fn4_001,clean,aggregate,all,all,c2r,clutter,,19,condition_video,,,,,,,,delta_vs_base/knn_k1,-0.11091830849647522
stage0_contrastive_bs8_fn4_001,clean,aggregate,all,all,c2r,clutter,,19,condition_video,,,,,,,,delta_vs_base/balanced_accuracy,0.0
stage0_contrastive_bs8_fn4_001,clean,aggregate,all,all,c2r,clutter,,19,condition_video,,,,,,,,delta_vs_base/auroc,0.0
stage0_contrastive_bs8_fn4_001,clean,aggregate,all,all,c2r,height,,19,condition_video,,,,,,,,delta_vs_base/knn_k1,-0.10916007369756697
stage0_contrastive_bs8_fn4_001,clean,aggregate,all,all,c2r,height,,19,condition_video,,,,,,,,delta_vs_base/balanced_accuracy,0.0
stage0_contrastive_bs8_fn4_001,clean,aggregate,all,all,c2r,height,,19,condition_video,,,,,,,,delta_vs_base/auroc,0.0
stage0_contrastive_bs8_fn4_001,clean,aggregate,all,all,c2r,light,,19,condition_video,,,,,,,,delta_vs_base/knn_k1,-0.10879528135061262
stage0_contrastive_bs8_fn4_001,clean,aggregate,all,all,c2r,light,,19,condition_video,,,,,,,,delta_vs_base/balanced_accuracy,0.0
stage0_contrastive_bs8_fn4_001,clean,aggregate,all,all,c2r,light,,19,condition_video,,,,,,,,delta_vs_base/auroc,0.0
stage0_contrastive_bs8_fn4_001,clean,aggregate,all,all,c2r,background,,29,condition_video,,,,,,,,delta_vs_base/knn_k1,-0.06605353236198425
stage0_contrastive_bs8_fn4_001,clean,aggregate,all,all,c2r,background,,29,condition_video,,,,,,,,delta_vs_base/balanced_accuracy,0.0
stage0_contrastive_bs8_fn4_001,clean,aggregate,all,all,c2r,background,,29,condition_video,,,,,,,,delta_vs_base/auroc,0.0
stage0_contrastive_bs8_fn4_001,clean,aggregate,all,all,c2r,clutter,,29,condition_video,,,,,,,,delta_vs_base/knn_k1,-0.06666840314865113
stage0_contrastive_bs8_fn4_001,clean,aggregate,all,all,c2r,clutter,,29,condition_video,,,,,,,,delta_vs_base/balanced_accuracy,0.0
stage0_contrastive_bs8_fn4_001,clean,aggregate,all,all,c2r,clutter,,29,condition_video,,,,,,,,delta_vs_base/auroc,0.0
stage0_contrastive_bs8_fn4_001,clean,aggregate,all,all,c2r,height,,29,condition_video,,,,,,,,delta_vs_base/knn_k1,-0.06748241126537324
stage0_contrastive_bs8_fn4_001,clean,aggregate,all,all,c2r,height,,29,condition_video,,,,,,,,delta_vs_base/balanced_accuracy,0.0
stage0_contrastive_bs8_fn4_001,clean,aggregate,all,all,c2r,height,,29,condition_video,,,,,,,,delta_vs_base/auroc,0.0
stage0_contrastive_bs8_fn4_001,clean,aggregate,all,all,c2r,light,,29,condition_video,,,,,,,,delta_vs_base/knn_k1,-0.03751987457275391
stage0_contrastive_bs8_fn4_001,clean,aggregate,all,all,c2r,light,,29,condition_video,,,,,,,,delta_vs_base/balanced_accuracy,0.0
stage0_contrastive_bs8_fn4_001,clean,aggregate,all,all,c2r,light,,29,condition_video,,,,,,,,delta_vs_base/auroc,0.0
stage0_contrastive_bs8_fn4_001,contrastive,aggregate,all,all,c2r,background,,0,condition_video,,,,,,,,delta_vs_base/knn_k1,-0.05103208422660832
stage0_contrastive_bs8_fn4_001,contrastive,aggregate,all,all,c2r,background,,0,condition_video,,,,,,,,delta_vs_base/balanced_accuracy,0.0
stage0_contrastive_bs8_fn4_001,contrastive,aggregate,all,all,c2r,background,,0,condition_video,,,,,,,,delta_vs_base/auroc,0.0
stage0_contrastive_bs8_fn4_001,contrastive,aggregate,all,all,c2r,clutter,,0,condition_video,,,,,,,,delta_vs_base/knn_k1,-0.05099863111972808
stage0_contrastive_bs8_fn4_001,contrastive,aggregate,all,all,c2r,clutter,,0,condition_video,,,,,,,,delta_vs_base/balanced_accuracy,0.0
stage0_contrastive_bs8_fn4_001,contrastive,aggregate,all,all,c2r,clutter,,0,condition_video,,,,,,,,delta_vs_base/auroc,0.0
stage0_contrastive_bs8_fn4_001,contrastive,aggregate,all,all,c2r,height,,0,condition_video,,,,,,,,delta_vs_base/knn_k1,-0.05151828050613405
stage0_contrastive_bs8_fn4_001,contrastive,aggregate,all,all,c2r,height,,0,condition_video,,,,,,,,delta_vs_base/balanced_accuracy,0.0
stage0_contrastive_bs8_fn4_001,contrastive,aggregate,all,all,c2r,height,,0,condition_video,,,,,,,,delta_vs_base/auroc,0.0
stage0_contrastive_bs8_fn4_001,contrastive,aggregate,all,all,c2r,light,,0,condition_video,,,,,,,,delta_vs_base/knn_k1,-0.08069692254066463
stage0_contrastive_bs8_fn4_001,contrastive,aggregate,all,all,c2r,light,,0,condition_video,,,,,,,,delta_vs_base/balanced_accuracy,0.0
stage0_contrastive_bs8_fn4_001,contrastive,aggregate,all,all,c2r,light,,0,condition_video,,,,,,,,delta_vs_base/auroc,0.0
stage0_contrastive_bs8_fn4_001,contrastive,aggregate,all,all,c2r,background,,10,condition_video,,,,,,,,delta_vs_base/knn_k1,-0.25878015220165246
stage0_contrastive_bs8_fn4_001,contrastive,aggregate,all,all,c2r,background,,10,condition_video,,,,,,,,delta_vs_base/balanced_accuracy,0.0
stage0_contrastive_bs8_fn4_001,contrastive,aggregate,all,all,c2r,background,,10,condition_video,,,,,,,,delta_vs_base/auroc,0.0
stage0_contrastive_bs8_fn4_001,contrastive,aggregate,all,all,c2r,clutter,,10,condition_video,,,,,,,,delta_vs_base/knn_k1,-0.25763071924448017
stage0_contrastive_bs8_fn4_001,contrastive,aggregate,all,all,c2r,clutter,,10,condition_video,,,,,,,,delta_vs_base/balanced_accuracy,0.0
stage0_contrastive_bs8_fn4_001,contrastive,aggregate,all,all,c2r,clutter,,10,condition_video,,,,,,,,delta_vs_base/auroc,0.0
stage0_contrastive_bs8_fn4_001,contrastive,aggregate,all,all,c2r,height,,10,condition_video,,,,,,,,delta_vs_base/knn_k1,-0.2613352239131927
stage0_contrastive_bs8_fn4_001,contrastive,aggregate,all,all,c2r,height,,10,condition_video,,,,,,,,delta_vs_base/balanced_accuracy,0.0
stage0_contrastive_bs8_fn4_001,contrastive,aggregate,all,all,c2r,height,,10,condition_video,,,,,,,,delta_vs_base/auroc,0.0
stage0_contrastive_bs8_fn4_001,contrastive,aggregate,all,all,c2r,light,,10,condition_video,,,,,,,,delta_vs_base/knn_k1,-0.28860521554946894
stage0_contrastive_bs8_fn4_001,contrastive,aggregate,all,all,c2r,light,,10,condition_video,,,,,,,,delta_vs_base/balanced_accuracy,0.0
stage0_contrastive_bs8_fn4_001,contrastive,aggregate,all,all,c2r,light,,10,condition_video,,,,,,,,delta_vs_base/auroc,0.0
stage0_contrastive_bs8_fn4_001,contrastive,aggregate,all,all,c2r,background,,19,condition_video,,,,,,,,delta_vs_base/knn_k1,-0.118517472743988
stage0_contrastive_bs8_fn4_001,contrastive,aggregate,all,all,c2r,background,,19,condition_video,,,,,,,,delta_vs_base/balanced_accuracy,0.0
stage0_contrastive_bs8_fn4_001,contrastive,aggregate,all,all,c2r,background,,19,condition_video,,,,,,,,delta_vs_base/auroc,0.0
stage0_contrastive_bs8_fn4_001,contrastive,aggregate,all,all,c2r,clutter,,19,condition_video,,,,,,,,delta_vs_base/knn_k1,-0.1180339828133583
stage0_contrastive_bs8_fn4_001,contrastive,aggregate,all,all,c2r,clutter,,19,condition_video,,,,,,,,delta_vs_base/balanced_accuracy,0.0
stage0_contrastive_bs8_fn4_001,contrastive,aggregate,all,all,c2r,clutter,,19,condition_video,,,,,,,,delta_vs_base/auroc,0.0
stage0_contrastive_bs8_fn4_001,contrastive,aggregate,all,all,c2r,height,,19,condition_video,,,,,,,,delta_vs_base/knn_k1,-0.11504810184240338
stage0_contrastive_bs8_fn4_001,contrastive,aggregate,all,all,c2r,height,,19,condition_video,,,,,,,,delta_vs_base/balanced_accuracy,0.0
stage0_contrastive_bs8_fn4_001,contrastive,aggregate,all,all,c2r,height,,19,condition_video,,,,,,,,delta_vs_base/auroc,0.0
stage0_contrastive_bs8_fn4_001,contrastive,aggregate,all,all,c2r,light,,19,condition_video,,,,,,,,delta_vs_base/knn_k1,-0.11009133160114287
stage0_contrastive_bs8_fn4_001,contrastive,aggregate,all,all,c2r,light,,19,condition_video,,,,,,,,delta_vs_base/balanced_accuracy,0.0
stage0_contrastive_bs8_fn4_001,contrastive,aggregate,all,all,c2r,light,,19,condition_video,,,,,,,,delta_vs_base/auroc,0.0
stage0_contrastive_bs8_fn4_001,contrastive,aggregate,all,all,c2r,background,,29,condition_video,,,,,,,,delta_vs_base/knn_k1,0.02725717484951018
stage0_contrastive_bs8_fn4_001,contrastive,aggregate,all,all,c2r,background,,29,condition_video,,,,,,,,delta_vs_base/balanced_accuracy,0.0
stage0_contrastive_bs8_fn4_001,contrastive,aggregate,all,all,c2r,background,,29,condition_video,,,,,,,,delta_vs_base/auroc,0.0
stage0_contrastive_bs8_fn4_001,contrastive,aggregate,all,all,c2r,clutter,,29,condition_video,,,,,,,,delta_vs_base/knn_k1,0.027457575201988216
stage0_contrastive_bs8_fn4_001,contrastive,aggregate,all,all,c2r,clutter,,29,condition_video,,,,,,,,delta_vs_base/balanced_accuracy,0.0
stage0_contrastive_bs8_fn4_001,contrastive,aggregate,all,all,c2r,clutter,,29,condition_video,,,,,,,,delta_vs_base/auroc,0.0
stage0_contrastive_bs8_fn4_001,contrastive,aggregate,all,all,c2r,height,,29,condition_video,,,,,,,,delta_vs_base/knn_k1,0.02037830650806427
stage0_contrastive_bs8_fn4_001,contrastive,aggregate,all,all,c2r,height,,29,condition_video,,,,,,,,delta_vs_base/balanced_accuracy,0.0
stage0_contrastive_bs8_fn4_001,contrastive,aggregate,all,all,c2r,height,,29,condition_video,,,,,,,,delta_vs_base/auroc,0.0
stage0_contrastive_bs8_fn4_001,contrastive,aggregate,all,all,c2r,light,,29,condition_video,,,,,,,,delta_vs_base/knn_k1,0.0440632593631744
stage0_contrastive_bs8_fn4_001,contrastive,aggregate,all,all,c2r,light,,29,condition_video,,,,,,,,delta_vs_base/balanced_accuracy,0.0
stage0_contrastive_bs8_fn4_001,contrastive,aggregate,all,all,c2r,light,,29,condition_video,,,,,,,,delta_vs_base/auroc,0.0
