run_id,checkpoint,sample_id,task,episode_or_seed,domain,c2r_split,progress_bin,layer,token_group,perturbation,severity,timestep_quantile,timestep,sigma,noise_seed,transform_seed,metric_name,metric_value
gpu_1,base,clean/click_bell/episode_000027/0_74,click_bell,episode_000027,clean,,,,final_action,brightness,0.8,,,,4100563280526850425,4321181102006504660,action_relative_l2,0.02608506567776203
gpu_1,base,clean/click_bell/episode_000027/0_74,click_bell,episode_000027,clean,,,,final_action,brightness,0.8,,,,4100563280526850425,4321181102006504660,action_mean_abs,0.0052214921452105045
gpu_1,base,clean/click_bell/episode_000027/0_74,click_bell,episode_000027,clean,,,,final_action,brightness,0.8,,,,4100563280526850425,4321181102006504660,action_relative_l2/first_25pct,0.0
gpu_1,base,clean/click_bell/episode_000027/0_74,click_bell,episode_000027,clean,,,,final_action,brightness,0.8,,,,4100563280526850425,4321181102006504660,action_relative_l2/last_75pct,0.02704385668039322
gpu_1,base,clean/click_bell/episode_000027/0_74,click_bell,episode_000027,clean,,,,final_action,brightness,0.8,,,,4100563280526850425,4321181102006504660,endpoint_l2/left_position,0.03739501163363457
gpu_1,base,clean/click_bell/episode_000027/0_74,click_bell,episode_000027,clean,,,,final_action,brightness,0.8,,,,4100563280526850425,4321181102006504660,endpoint_l2/right_position,0.03429437428712845
gpu_1,base,clean/click_bell/episode_000027/0_74,click_bell,episode_000027,clean,,,,final_action,brightness,0.8,,,,4100563280526850425,4321181102006504660,rotation_geodesic/left_rotation,0.011220593005418777
gpu_1,base,clean/click_bell/episode_000027/0_74,click_bell,episode_000027,clean,,,,final_action,brightness,0.8,,,,4100563280526850425,4321181102006504660,rotation_geodesic/right_rotation,0.02126222848892212
gpu_1,base,clean/click_bell/episode_000027/0_74,click_bell,episode_000027,clean,,,,final_action,brightness,0.8,,,,4100563280526850425,4321181102006504660,gripper_flip_rate,0.0
gpu_1,base,clean/click_bell/episode_000027/0_74,click_bell,episode_000027,clean,,,,final_action,brightness,0.8,,,,4100563280526850425,4321181102006504660,temporal_jerk_difference,0.002401558216661215
gpu_1,base,clean/click_bell/episode_000027/0_74,click_bell,episode_000027,clean,,,,final_action,brightness,1.2,,,,4100563280526850425,4579322019718184357,action_relative_l2,0.012761899270117283
gpu_1,base,clean/click_bell/episode_000027/0_74,click_bell,episode_000027,clean,,,,final_action,brightness,1.2,,,,4100563280526850425,4579322019718184357,action_mean_abs,0.002064514672383666
gpu_1,base,clean/click_bell/episode_000027/0_74,click_bell,episode_000027,clean,,,,final_action,brightness,1.2,,,,4100563280526850425,4579322019718184357,action_relative_l2/first_25pct,0.0
gpu_1,base,clean/click_bell/episode_000027/0_74,click_bell,episode_000027,clean,,,,final_action,brightness,1.2,,,,4100563280526850425,4579322019718184357,action_relative_l2/last_75pct,0.01323098037391901
gpu_1,base,clean/click_bell/episode_000027/0_74,click_bell,episode_000027,clean,,,,final_action,brightness,1.2,,,,4100563280526850425,4579322019718184357,endpoint_l2/left_position,0.006873341277241707
gpu_1,base,clean/click_bell/episode_000027/0_74,click_bell,episode_000027,clean,,,,final_action,brightness,1.2,,,,4100563280526850425,4579322019718184357,endpoint_l2/right_position,0.005873046815395355
gpu_1,base,clean/click_bell/episode_000027/0_74,click_bell,episode_000027,clean,,,,final_action,brightness,1.2,,,,4100563280526850425,4579322019718184357,rotation_geodesic/left_rotation,0.004244379233568907
gpu_1,base,clean/click_bell/episode_000027/0_74,click_bell,episode_000027,clean,,,,final_action,brightness,1.2,,,,4100563280526850425,4579322019718184357,rotation_geodesic/right_rotation,0.00890028290450573
gpu_1,base,clean/click_bell/episode_000027/0_74,click_bell,episode_000027,clean,,,,final_action,brightness,1.2,,,,4100563280526850425,4579322019718184357,gripper_flip_rate,0.0
gpu_1,base,clean/click_bell/episode_000027/0_74,click_bell,episode_000027,clean,,,,final_action,brightness,1.2,,,,4100563280526850425,4579322019718184357,temporal_jerk_difference,0.0018192395800724626
gpu_1,base,clean/click_bell/episode_000027/0_74,click_bell,episode_000027,clean,,,,final_action,color_temperature,-0.1,,,,4100563280526850425,15847343748376151180,action_relative_l2,0.009852291084825993
gpu_1,base,clean/click_bell/episode_000027/0_74,click_bell,episode_000027,clean,,,,final_action,color_temperature,-0.1,,,,4100563280526850425,15847343748376151180,action_mean_abs,0.0018708226270973682
gpu_1,base,clean/click_bell/episode_000027/0_74,click_bell,episode_000027,clean,,,,final_action,color_temperature,-0.1,,,,4100563280526850425,15847343748376151180,action_relative_l2/first_25pct,0.0
gpu_1,base,clean/click_bell/episode_000027/0_74,click_bell,episode_000027,clean,,,,final_action,color_temperature,-0.1,,,,4100563280526850425,15847343748376151180,action_relative_l2/last_75pct,0.0102144256234169
gpu_1,base,clean/click_bell/episode_000027/0_74,click_bell,episode_000027,clean,,,,final_action,color_temperature,-0.1,,,,4100563280526850425,15847343748376151180,endpoint_l2/left_position,0.014466864988207817
gpu_1,base,clean/click_bell/episode_000027/0_74,click_bell,episode_000027,clean,,,,final_action,color_temperature,-0.1,,,,4100563280526850425,15847343748376151180,endpoint_l2/right_position,0.007217818405479193
gpu_1,base,clean/click_bell/episode_000027/0_74,click_bell,episode_000027,clean,,,,final_action,color_temperature,-0.1,,,,4100563280526850425,15847343748376151180,rotation_geodesic/left_rotation,0.005255023017525673
gpu_1,base,clean/click_bell/episode_000027/0_74,click_bell,episode_000027,clean,,,,final_action,color_temperature,-0.1,,,,4100563280526850425,15847343748376151180,rotation_geodesic/right_rotation,0.00573738431558013
gpu_1,base,clean/click_bell/episode_000027/0_74,click_bell,episode_000027,clean,,,,final_action,color_temperature,-0.1,,,,4100563280526850425,15847343748376151180,gripper_flip_rate,0.0
gpu_1,base,clean/click_bell/episode_000027/0_74,click_bell,episode_000027,clean,,,,final_action,color_temperature,-0.1,,,,4100563280526850425,15847343748376151180,temporal_jerk_difference,0.0016929925186559558
gpu_1,base,clean/click_bell/episode_000027/0_74,click_bell,episode_000027,clean,,,,final_action,color_temperature,0.1,,,,4100563280526850425,875813543527471210,action_relative_l2,0.009567665867507458
gpu_1,base,clean/click_bell/episode_000027/0_74,click_bell,episode_000027,clean,,,,final_action,color_temperature,0.1,,,,4100563280526850425,875813543527471210,action_mean_abs,0.001649205107241869
gpu_1,base,clean/click_bell/episode_000027/0_74,click_bell,episode_000027,clean,,,,final_action,color_temperature,0.1,,,,4100563280526850425,875813543527471210,action_relative_l2/first_25pct,0.0
gpu_1,base,clean/click_bell/episode_000027/0_74,click_bell,episode_000027,clean,,,,final_action,color_temperature,0.1,,,,4100563280526850425,875813543527471210,action_relative_l2/last_75pct,0.009919337928295135
gpu_1,base,clean/click_bell/episode_000027/0_74,click_bell,episode_000027,clean,,,,final_action,color_temperature,0.1,,,,4100563280526850425,875813543527471210,endpoint_l2/left_position,0.014367926865816116
gpu_1,base,clean/click_bell/episode_000027/0_74,click_bell,episode_000027,clean,,,,final_action,color_temperature,0.1,,,,4100563280526850425,875813543527471210,endpoint_l2/right_position,0.007172297220677137
gpu_1,base,clean/click_bell/episode_000027/0_74,click_bell,episode_000027,clean,,,,final_action,color_temperature,0.1,,,,4100563280526850425,875813543527471210,rotation_geodesic/left_rotation,0.007412513718008995
gpu_1,base,clean/click_bell/episode_000027/0_74,click_bell,episode_000027,clean,,,,final_action,color_temperature,0.1,,,,4100563280526850425,875813543527471210,rotation_geodesic/right_rotation,0.005824116058647633
gpu_1,base,clean/click_bell/episode_000027/0_74,click_bell,episode_000027,clean,,,,final_action,color_temperature,0.1,,,,4100563280526850425,875813543527471210,gripper_flip_rate,0.0
gpu_1,base,clean/click_bell/episode_000027/0_74,click_bell,episode_000027,clean,,,,final_action,color_temperature,0.1,,,,4100563280526850425,875813543527471210,temporal_jerk_difference,0.0015140546020120382
gpu_1,base,clean/click_bell/episode_000027/0_74,click_bell,episode_000027,clean,,,,final_action,gamma,0.8,,,,4100563280526850425,12912083535656245349,action_relative_l2,0.004162667319178581
gpu_1,base,clean/click_bell/episode_000027/0_74,click_bell,episode_000027,clean,,,,final_action,gamma,0.8,,,,4100563280526850425,12912083535656245349,action_mean_abs,0.0005263799102976918
gpu_1,base,clean/click_bell/episode_000027/0_74,click_bell,episode_000027,clean,,,,final_action,gamma,0.8,,,,4100563280526850425,12912083535656245349,action_relative_l2/first_25pct,0.0
gpu_1,base,clean/click_bell/episode_000027/0_74,click_bell,episode_000027,clean,,,,final_action,gamma,0.8,,,,4100563280526850425,12912083535656245349,action_relative_l2/last_75pct,0.004315671976655722
gpu_1,base,clean/click_bell/episode_000027/0_74,click_bell,episode_000027,clean,,,,final_action,gamma,0.8,,,,4100563280526850425,12912083535656245349,endpoint_l2/left_position,0.0040069990791380405
gpu_1,base,clean/click_bell/episode_000027/0_74,click_bell,episode_000027,clean,,,,final_action,gamma,0.8,,,,4100563280526850425,12912083535656245349,endpoint_l2/right_position,0.0013931787107139826
gpu_1,base,clean/click_bell/episode_000027/0_74,click_bell,episode_000027,clean,,,,final_action,gamma,0.8,,,,4100563280526850425,12912083535656245349,rotation_geodesic/left_rotation,0.00196071551181376
gpu_1,base,clean/click_bell/episode_000027/0_74,click_bell,episode_000027,clean,,,,final_action,gamma,0.8,,,,4100563280526850425,12912083535656245349,rotation_geodesic/right_rotation,0.003944075666368008
gpu_1,base,clean/click_bell/episode_000027/0_74,click_bell,episode_000027,clean,,,,final_action,gamma,0.8,,,,4100563280526850425,12912083535656245349,gripper_flip_rate,0.0
gpu_1,base,clean/click_bell/episode_000027/0_74,click_bell,episode_000027,clean,,,,final_action,gamma,0.8,,,,4100563280526850425,12912083535656245349,temporal_jerk_difference,0.0008813381427899003
gpu_1,base,clean/click_bell/episode_000027/0_74,click_bell,episode_000027,clean,,,,final_action,gamma,1.2,,,,4100563280526850425,7766064385072394058,action_relative_l2,0.004827173426747322
gpu_1,base,clean/click_bell/episode_000027/0_74,click_bell,episode_000027,clean,,,,final_action,gamma,1.2,,,,4100563280526850425,7766064385072394058,action_mean_abs,0.0005940623814240098
gpu_1,base,clean/click_bell/episode_000027/0_74,click_bell,episode_000027,clean,,,,final_action,gamma,1.2,,,,4100563280526850425,7766064385072394058,action_relative_l2/first_25pct,0.0
gpu_1,base,clean/click_bell/episode_000027/0_74,click_bell,episode_000027,clean,,,,final_action,gamma,1.2,,,,4100563280526850425,7766064385072394058,action_relative_l2/last_75pct,0.005004602950066328
gpu_1,base,clean/click_bell/episode_000027/0_74,click_bell,episode_000027,clean,,,,final_action,gamma,1.2,,,,4100563280526850425,7766064385072394058,endpoint_l2/left_position,0.0024118253495544195
gpu_1,base,clean/click_bell/episode_000027/0_74,click_bell,episode_000027,clean,,,,final_action,gamma,1.2,,,,4100563280526850425,7766064385072394058,endpoint_l2/right_position,0.001393191167153418
gpu_1,base,clean/click_bell/episode_000027/0_74,click_bell,episode_000027,clean,,,,final_action,gamma,1.2,,,,4100563280526850425,7766064385072394058,rotation_geodesic/left_rotation,0.001745376968756318
gpu_1,base,clean/click_bell/episode_000027/0_74,click_bell,episode_000027,clean,,,,final_action,gamma,1.2,,,,4100563280526850425,7766064385072394058,rotation_geodesic/right_rotation,0.0036027790047228336
gpu_1,base,clean/click_bell/episode_000027/0_74,click_bell,episode_000027,clean,,,,final_action,gamma,1.2,,,,4100563280526850425,7766064385072394058,gripper_flip_rate,0.0
gpu_1,base,clean/click_bell/episode_000027/0_74,click_bell,episode_000027,clean,,,,final_action,gamma,1.2,,,,4100563280526850425,7766064385072394058,temporal_jerk_difference,0.0010516827460378408
gpu_1,base,clean/click_bell/episode_000027/0_74,click_bell,episode_000027,clean,,,,final_action,gaussian_blur_sigma,0.5,,,,4100563280526850425,11882852233486672599,action_relative_l2,0.003159587737172842
gpu_1,base,clean/click_bell/episode_000027/0_74,click_bell,episode_000027,clean,,,,final_action,gaussian_blur_sigma,0.5,,,,4100563280526850425,11882852233486672599,action_mean_abs,0.0003038777213077992
gpu_1,base,clean/click_bell/episode_000027/0_74,click_bell,episode_000027,clean,,,,final_action,gaussian_blur_sigma,0.5,,,,4100563280526850425,11882852233486672599,action_relative_l2/first_25pct,0.0
gpu_1,base,clean/click_bell/episode_000027/0_74,click_bell,episode_000027,clean,,,,final_action,gaussian_blur_sigma,0.5,,,,4100563280526850425,11882852233486672599,action_relative_l2/last_75pct,0.003275722498074174
gpu_1,base,clean/click_bell/episode_000027/0_74,click_bell,episode_000027,clean,,,,final_action,gaussian_blur_sigma,0.5,,,,4100563280526850425,11882852233486672599,endpoint_l2/left_position,0.0012164522195234895
gpu_1,base,clean/click_bell/episode_000027/0_74,click_bell,episode_000027,clean,,,,final_action,gaussian_blur_sigma,0.5,,,,4100563280526850425,11882852233486672599,endpoint_l2/right_position,0.0011679083108901978
gpu_1,base,clean/click_bell/episode_000027/0_74,click_bell,episode_000027,clean,,,,final_action,gaussian_blur_sigma,0.5,,,,4100563280526850425,11882852233486672599,rotation_geodesic/left_rotation,0.0010139045771211386
gpu_1,base,clean/click_bell/episode_000027/0_74,click_bell,episode_000027,clean,,,,final_action,gaussian_blur_sigma,0.5,,,,4100563280526850425,11882852233486672599,rotation_geodesic/right_rotation,0.0023768485989421606
gpu_1,base,clean/click_bell/episode_000027/0_74,click_bell,episode_000027,clean,,,,final_action,gaussian_blur_sigma,0.5,,,,4100563280526850425,11882852233486672599,gripper_flip_rate,0.0
gpu_1,base,clean/click_bell/episode_000027/0_74,click_bell,episode_000027,clean,,,,final_action,gaussian_blur_sigma,0.5,,,,4100563280526850425,11882852233486672599,temporal_jerk_difference,0.0006206441903486848
gpu_1,base,clean/click_bell/episode_000027/0_74,click_bell,episode_000027,clean,,,,final_action,gaussian_blur_sigma,1.0,,,,4100563280526850425,1509286939569554835,action_relative_l2,0.0054208445362746716
gpu_1,base,clean/click_bell/episode_000027/0_74,click_bell,episode_000027,clean,,,,final_action,gaussian_blur_sigma,1.0,,,,4100563280526850425,1509286939569554835,action_mean_abs,0.000822004396468401
gpu_1,base,clean/click_bell/episode_000027/0_74,click_bell,episode_000027,clean,,,,final_action,gaussian_blur_sigma,1.0,,,,4100563280526850425,1509286939569554835,action_relative_l2/first_25pct,0.0
gpu_1,base,clean/click_bell/episode_000027/0_74,click_bell,episode_000027,clean,,,,final_action,gaussian_blur_sigma,1.0,,,,4100563280526850425,1509286939569554835,action_relative_l2/last_75pct,0.005620094947516918
gpu_1,base,clean/click_bell/episode_000027/0_74,click_bell,episode_000027,clean,,,,final_action,gaussian_blur_sigma,1.0,,,,4100563280526850425,1509286939569554835,endpoint_l2/left_position,0.0050945524126291275
gpu_1,base,clean/click_bell/episode_000027/0_74,click_bell,episode_000027,clean,,,,final_action,gaussian_blur_sigma,1.0,,,,4100563280526850425,1509286939569554835,endpoint_l2/right_position,0.004883198533207178
gpu_1,base,clean/click_bell/episode_000027/0_74,click_bell,episode_000027,clean,,,,final_action,gaussian_blur_sigma,1.0,,,,4100563280526850425,1509286939569554835,rotation_geodesic/left_rotation,0.0024151490069925785
gpu_1,base,clean/click_bell/episode_000027/0_74,click_bell,episode_000027,clean,,,,final_action,gaussian_blur_sigma,1.0,,,,4100563280526850425,1509286939569554835,rotation_geodesic/right_rotation,0.00233876658603549
gpu_1,base,clean/click_bell/episode_000027/0_74,click_bell,episode_000027,clean,,,,final_action,gaussian_blur_sigma,1.0,,,,4100563280526850425,1509286939569554835,gripper_flip_rate,0.0
gpu_1,base,clean/click_bell/episode_000027/0_74,click_bell,episode_000027,clean,,,,final_action,gaussian_blur_sigma,1.0,,,,4100563280526850425,1509286939569554835,temporal_jerk_difference,0.000981358578428626
gpu_1,base,clean/click_bell/episode_000027/0_74,click_bell,episode_000027,clean,,,,final_action,gaussian_noise_std,0.01,,,,4100563280526850425,1529515671173550845,action_relative_l2,0.013760062865912914
gpu_1,base,clean/click_bell/episode_000027/0_74,click_bell,episode_000027,clean,,,,final_action,gaussian_noise_std,0.01,,,,4100563280526850425,1529515671173550845,action_mean_abs,0.002217171946540475
gpu_1,base,clean/click_bell/episode_000027/0_74,click_bell,episode_000027,clean,,,,final_action,gaussian_noise_std,0.01,,,,4100563280526850425,1529515671173550845,action_relative_l2/first_25pct,0.0
gpu_1,base,clean/click_bell/episode_000027/0_74,click_bell,episode_000027,clean,,,,final_action,gaussian_noise_std,0.01,,,,4100563280526850425,1529515671173550845,action_relative_l2/last_75pct,0.014265832491219044
gpu_1,base,clean/click_bell/episode_000027/0_74,click_bell,episode_000027,clean,,,,final_action,gaussian_noise_std,0.01,,,,4100563280526850425,1529515671173550845,endpoint_l2/left_position,0.011439722962677479
gpu_1,base,clean/click_bell/episode_000027/0_74,click_bell,episode_000027,clean,,,,final_action,gaussian_noise_std,0.01,,,,4100563280526850425,1529515671173550845,endpoint_l2/right_position,0.004637641366571188
gpu_1,base,clean/click_bell/episode_000027/0_74,click_bell,episode_000027,clean,,,,final_action,gaussian_noise_std,0.01,,,,4100563280526850425,1529515671173550845,rotation_geodesic/left_rotation,0.009579114615917206
gpu_1,base,clean/click_bell/episode_000027/0_74,click_bell,episode_000027,clean,,,,final_action,gaussian_noise_std,0.01,,,,4100563280526850425,1529515671173550845,rotation_geodesic/right_rotation,0.005182215943932533
gpu_1,base,clean/click_bell/episode_000027/0_74,click_bell,episode_000027,clean,,,,final_action,gaussian_noise_std,0.01,,,,4100563280526850425,1529515671173550845,gripper_flip_rate,0.0
gpu_1,base,clean/click_bell/episode_000027/0_74,click_bell,episode_000027,clean,,,,final_action,gaussian_noise_std,0.01,,,,4100563280526850425,1529515671173550845,temporal_jerk_difference,0.001467087073251605
gpu_1,base,clean/click_bell/episode_000027/0_74,click_bell,episode_000027,clean,,,,final_action,gaussian_noise_std,0.03,,,,4100563280526850425,9041917832208938192,action_relative_l2,0.014260804280638695
gpu_1,base,clean/click_bell/episode_000027/0_74,click_bell,episode_000027,clean,,,,final_action,gaussian_noise_std,0.03,,,,4100563280526850425,9041917832208938192,action_mean_abs,0.002339987549930811
gpu_1,base,clean/click_bell/episode_000027/0_74,click_bell,episode_000027,clean,,,,final_action,gaussian_noise_std,0.03,,,,4100563280526850425,9041917832208938192,action_relative_l2/first_25pct,0.0
gpu_1,base,clean/click_bell/episode_000027/0_74,click_bell,episode_000027,clean,,,,final_action,gaussian_noise_std,0.03,,,,4100563280526850425,9041917832208938192,action_relative_l2/last_75pct,0.014784978702664375
gpu_1,base,clean/click_bell/episode_000027/0_74,click_bell,episode_000027,clean,,,,final_action,gaussian_noise_std,0.03,,,,4100563280526850425,9041917832208938192,endpoint_l2/left_position,0.008120041340589523
gpu_1,base,clean/click_bell/episode_000027/0_74,click_bell,episode_000027,clean,,,,final_action,gaussian_noise_std,0.03,,,,4100563280526850425,9041917832208938192,endpoint_l2/right_position,0.004557564854621887
gpu_1,base,clean/click_bell/episode_000027/0_74,click_bell,episode_000027,clean,,,,final_action,gaussian_noise_std,0.03,,,,4100563280526850425,9041917832208938192,rotation_geodesic/left_rotation,0.010835792869329453
gpu_1,base,clean/click_bell/episode_000027/0_74,click_bell,episode_000027,clean,,,,final_action,gaussian_noise_std,0.03,,,,4100563280526850425,9041917832208938192,rotation_geodesic/right_rotation,0.011792268604040146
gpu_1,base,clean/click_bell/episode_000027/0_74,click_bell,episode_000027,clean,,,,final_action,gaussian_noise_std,0.03,,,,4100563280526850425,9041917832208938192,gripper_flip_rate,0.0
gpu_1,base,clean/click_bell/episode_000027/0_74,click_bell,episode_000027,clean,,,,final_action,gaussian_noise_std,0.03,,,,4100563280526850425,9041917832208938192,temporal_jerk_difference,0.0014930956531316042
gpu_1,base,clean/click_bell/episode_000027/0_74,click_bell,episode_000027,clean,,,,final_action,identity,0.0,,,,4100563280526850425,,action_relative_l2,0.0
gpu_1,base,clean/click_bell/episode_000027/0_74,click_bell,episode_000027,clean,,,,final_action,identity,0.0,,,,4100563280526850425,,action_mean_abs,0.0
gpu_1,base,clean/click_bell/episode_000027/0_74,click_bell,episode_000027,clean,,,,final_action,identity,0.0,,,,4100563280526850425,,action_relative_l2/first_25pct,0.0
gpu_1,base,clean/click_bell/episode_000027/0_74,click_bell,episode_000027,clean,,,,final_action,identity,0.0,,,,4100563280526850425,,action_relative_l2/last_75pct,0.0
gpu_1,base,clean/click_bell/episode_000027/0_74,click_bell,episode_000027,clean,,,,final_action,identity,0.0,,,,4100563280526850425,,endpoint_l2/left_position,0.0
gpu_1,base,clean/click_bell/episode_000027/0_74,click_bell,episode_000027,clean,,,,final_action,identity,0.0,,,,4100563280526850425,,endpoint_l2/right_position,0.0
gpu_1,base,clean/click_bell/episode_000027/0_74,click_bell,episode_000027,clean,,,,final_action,identity,0.0,,,,4100563280526850425,,rotation_geodesic/left_rotation,0.0003236877964809537
gpu_1,base,clean/click_bell/episode_000027/0_74,click_bell,episode_000027,clean,,,,final_action,identity,0.0,,,,4100563280526850425,,rotation_geodesic/right_rotation,0.0001131319222622551
gpu_1,base,clean/click_bell/episode_000027/0_74,click_bell,episode_000027,clean,,,,final_action,identity,0.0,,,,4100563280526850425,,gripper_flip_rate,0.0
gpu_1,base,clean/click_bell/episode_000027/0_74,click_bell,episode_000027,clean,,,,final_action,identity,0.0,,,,4100563280526850425,,temporal_jerk_difference,0.0
gpu_1,base,clean/open_laptop/episode_000017/0_259,open_laptop,episode_000017,clean,,,,final_action,brightness,0.8,,,,4533883950938286080,6363183859096379563,action_relative_l2,0.05193464085459709
gpu_1,base,clean/open_laptop/episode_000017/0_259,open_laptop,episode_000017,clean,,,,final_action,brightness,0.8,,,,4533883950938286080,6363183859096379563,action_mean_abs,0.010373118333518505
gpu_1,base,clean/open_laptop/episode_000017/0_259,open_laptop,episode_000017,clean,,,,final_action,brightness,0.8,,,,4533883950938286080,6363183859096379563,action_relative_l2/first_25pct,0.0
gpu_1,base,clean/open_laptop/episode_000017/0_259,open_laptop,episode_000017,clean,,,,final_action,brightness,0.8,,,,4533883950938286080,6363183859096379563,action_relative_l2/last_75pct,0.053875792771577835
gpu_1,base,clean/open_laptop/episode_000017/0_259,open_laptop,episode_000017,clean,,,,final_action,brightness,0.8,,,,4533883950938286080,6363183859096379563,endpoint_l2/left_position,0.060092486441135406
gpu_1,base,clean/open_laptop/episode_000017/0_259,open_laptop,episode_000017,clean,,,,final_action,brightness,0.8,,,,4533883950938286080,6363183859096379563,endpoint_l2/right_position,0.03680175542831421
gpu_1,base,clean/open_laptop/episode_000017/0_259,open_laptop,episode_000017,clean,,,,final_action,brightness,0.8,,,,4533883950938286080,6363183859096379563,rotation_geodesic/left_rotation,0.016057217493653297
gpu_1,base,clean/open_laptop/episode_000017/0_259,open_laptop,episode_000017,clean,,,,final_action,brightness,0.8,,,,4533883950938286080,6363183859096379563,rotation_geodesic/right_rotation,0.05021889507770538
gpu_1,base,clean/open_laptop/episode_000017/0_259,open_laptop,episode_000017,clean,,,,final_action,brightness,0.8,,,,4533883950938286080,6363183859096379563,gripper_flip_rate,0.0
gpu_1,base,clean/open_laptop/episode_000017/0_259,open_laptop,episode_000017,clean,,,,final_action,brightness,0.8,,,,4533883950938286080,6363183859096379563,temporal_jerk_difference,0.0031090660486370325
gpu_1,base,clean/open_laptop/episode_000017/0_259,open_laptop,episode_000017,clean,,,,final_action,brightness,1.2,,,,4533883950938286080,8273599013752022625,action_relative_l2,0.03093724139034748
gpu_1,base,clean/open_laptop/episode_000017/0_259,open_laptop,episode_000017,clean,,,,final_action,brightness,1.2,,,,4533883950938286080,8273599013752022625,action_mean_abs,0.005089792422950268
gpu_1,base,clean/open_laptop/episode_000017/0_259,open_laptop,episode_000017,clean,,,,final_action,brightness,1.2,,,,4533883950938286080,8273599013752022625,action_relative_l2/first_25pct,0.0
gpu_1,base,clean/open_laptop/episode_000017/0_259,open_laptop,episode_000017,clean,,,,final_action,brightness,1.2,,,,4533883950938286080,8273599013752022625,action_relative_l2/last_75pct,0.03209357708692551
gpu_1,base,clean/open_laptop/episode_000017/0_259,open_laptop,episode_000017,clean,,,,final_action,brightness,1.2,,,,4533883950938286080,8273599013752022625,endpoint_l2/left_position,0.016882693395018578
gpu_1,base,clean/open_laptop/episode_000017/0_259,open_laptop,episode_000017,clean,,,,final_action,brightness,1.2,,,,4533883950938286080,8273599013752022625,endpoint_l2/right_position,0.013868567533791065
gpu_1,base,clean/open_laptop/episode_000017/0_259,open_laptop,episode_000017,clean,,,,final_action,brightness,1.2,,,,4533883950938286080,8273599013752022625,rotation_geodesic/left_rotation,0.01004171185195446
gpu_1,base,clean/open_laptop/episode_000017/0_259,open_laptop,episode_000017,clean,,,,final_action,brightness,1.2,,,,4533883950938286080,8273599013752022625,rotation_geodesic/right_rotation,0.015424218028783798
gpu_1,base,clean/open_laptop/episode_000017/0_259,open_laptop,episode_000017,clean,,,,final_action,brightness,1.2,,,,4533883950938286080,8273599013752022625,gripper_flip_rate,0.0
gpu_1,base,clean/open_laptop/episode_000017/0_259,open_laptop,episode_000017,clean,,,,final_action,brightness,1.2,,,,4533883950938286080,8273599013752022625,temporal_jerk_difference,0.0024023873265832663
gpu_1,base,clean/open_laptop/episode_000017/0_259,open_laptop,episode_000017,clean,,,,final_action,color_temperature,-0.1,,,,4533883950938286080,9493224626905139523,action_relative_l2,0.031154165044426918
gpu_1,base,clean/open_laptop/episode_000017/0_259,open_laptop,episode_000017,clean,,,,final_action,color_temperature,-0.1,,,,4533883950938286080,9493224626905139523,action_mean_abs,0.004281696863472462
gpu_1,base,clean/open_laptop/episode_000017/0_259,open_laptop,episode_000017,clean,,,,final_action,color_temperature,-0.1,,,,4533883950938286080,9493224626905139523,action_relative_l2/first_25pct,0.0
gpu_1,base,clean/open_laptop/episode_000017/0_259,open_laptop,episode_000017,clean,,,,final_action,color_temperature,-0.1,,,,4533883950938286080,9493224626905139523,action_relative_l2/last_75pct,0.0323186069726944
gpu_1,base,clean/open_laptop/episode_000017/0_259,open_laptop,episode_000017,clean,,,,final_action,color_temperature,-0.1,,,,4533883950938286080,9493224626905139523,endpoint_l2/left_position,0.017104757949709892
gpu_1,base,clean/open_laptop/episode_000017/0_259,open_laptop,episode_000017,clean,,,,final_action,color_temperature,-0.1,,,,4533883950938286080,9493224626905139523,endpoint_l2/right_position,0.010507389903068542
gpu_1,base,clean/open_laptop/episode_000017/0_259,open_laptop,episode_000017,clean,,,,final_action,color_temperature,-0.1,,,,4533883950938286080,9493224626905139523,rotation_geodesic/left_rotation,0.006260410416871309
gpu_1,base,clean/open_laptop/episode_000017/0_259,open_laptop,episode_000017,clean,,,,final_action,color_temperature,-0.1,,,,4533883950938286080,9493224626905139523,rotation_geodesic/right_rotation,0.014559032395482063
gpu_1,base,clean/open_laptop/episode_000017/0_259,open_laptop,episode_000017,clean,,,,final_action,color_temperature,-0.1,,,,4533883950938286080,9493224626905139523,gripper_flip_rate,0.0
gpu_1,base,clean/open_laptop/episode_000017/0_259,open_laptop,episode_000017,clean,,,,final_action,color_temperature,-0.1,,,,4533883950938286080,9493224626905139523,temporal_jerk_difference,0.0020107587333768606
gpu_1,base,clean/open_laptop/episode_000017/0_259,open_laptop,episode_000017,clean,,,,final_action,color_temperature,0.1,,,,4533883950938286080,7048629151097827844,action_relative_l2,0.017372144386172295
gpu_1,base,clean/open_laptop/episode_000017/0_259,open_laptop,episode_000017,clean,,,,final_action,color_temperature,0.1,,,,4533883950938286080,7048629151097827844,action_mean_abs,0.0031341533176600933
gpu_1,base,clean/open_laptop/episode_000017/0_259,open_laptop,episode_000017,clean,,,,final_action,color_temperature,0.1,,,,4533883950938286080,7048629151097827844,action_relative_l2/first_25pct,0.0
gpu_1,base,clean/open_laptop/episode_000017/0_259,open_laptop,episode_000017,clean,,,,final_action,color_temperature,0.1,,,,4533883950938286080,7048629151097827844,action_relative_l2/last_75pct,0.018021460622549057
gpu_1,base,clean/open_laptop/episode_000017/0_259,open_laptop,episode_000017,clean,,,,final_action,color_temperature,0.1,,,,4533883950938286080,7048629151097827844,endpoint_l2/left_position,0.021984227001667023
gpu_1,base,clean/open_laptop/episode_000017/0_259,open_laptop,episode_000017,clean,,,,final_action,color_temperature,0.1,,,,4533883950938286080,7048629151097827844,endpoint_l2/right_position,0.006703242659568787
gpu_1,base,clean/open_laptop/episode_000017/0_259,open_laptop,episode_000017,clean,,,,final_action,color_temperature,0.1,,,,4533883950938286080,7048629151097827844,rotation_geodesic/left_rotation,4.31583721365314e-05
gpu_1,base,clean/open_laptop/episode_000017/0_259,open_laptop,episode_000017,clean,,,,final_action,color_temperature,0.1,,,,4533883950938286080,7048629151097827844,rotation_geodesic/right_rotation,0.026245974004268646
gpu_1,base,clean/open_laptop/episode_000017/0_259,open_laptop,episode_000017,clean,,,,final_action,color_temperature,0.1,,,,4533883950938286080,7048629151097827844,gripper_flip_rate,0.0
gpu_1,base,clean/open_laptop/episode_000017/0_259,open_laptop,episode_000017,clean,,,,final_action,color_temperature,0.1,,,,4533883950938286080,7048629151097827844,temporal_jerk_difference,0.0018288376741111279
gpu_1,base,clean/open_laptop/episode_000017/0_259,open_laptop,episode_000017,clean,,,,final_action,gamma,0.8,,,,4533883950938286080,7226520160564033134,action_relative_l2,0.009267634712159634
gpu_1,base,clean/open_laptop/episode_000017/0_259,open_laptop,episode_000017,clean,,,,final_action,gamma,0.8,,,,4533883950938286080,7226520160564033134,action_mean_abs,0.0014315902953967452
gpu_1,base,clean/open_laptop/episode_000017/0_259,open_laptop,episode_000017,clean,,,,final_action,gamma,0.8,,,,4533883950938286080,7226520160564033134,action_relative_l2/first_25pct,0.0
gpu_1,base,clean/open_laptop/episode_000017/0_259,open_laptop,episode_000017,clean,,,,final_action,gamma,0.8,,,,4533883950938286080,7226520160564033134,action_relative_l2/last_75pct,0.009614028967916965
gpu_1,base,clean/open_laptop/episode_000017/0_259,open_laptop,episode_000017,clean,,,,final_action,gamma,0.8,,,,4533883950938286080,7226520160564033134,endpoint_l2/left_position,0.007238928694278002
gpu_1,base,clean/open_laptop/episode_000017/0_259,open_laptop,episode_000017,clean,,,,final_action,gamma,0.8,,,,4533883950938286080,7226520160564033134,endpoint_l2/right_position,0.003922330681234598
gpu_1,base,clean/open_laptop/episode_000017/0_259,open_laptop,episode_000017,clean,,,,final_action,gamma,0.8,,,,4533883950938286080,7226520160564033134,rotation_geodesic/left_rotation,0.00025796747650019825
gpu_1,base,clean/open_laptop/episode_000017/0_259,open_laptop,episode_000017,clean,,,,final_action,gamma,0.8,,,,4533883950938286080,7226520160564033134,rotation_geodesic/right_rotation,0.00971500389277935
gpu_1,base,clean/open_laptop/episode_000017/0_259,open_laptop,episode_000017,clean,,,,final_action,gamma,0.8,,,,4533883950938286080,7226520160564033134,gripper_flip_rate,0.0
gpu_1,base,clean/open_laptop/episode_000017/0_259,open_laptop,episode_000017,clean,,,,final_action,gamma,0.8,,,,4533883950938286080,7226520160564033134,temporal_jerk_difference,0.001307561993598938
gpu_1,base,clean/open_laptop/episode_000017/0_259,open_laptop,episode_000017,clean,,,,final_action,gamma,1.2,,,,4533883950938286080,7506362244356574538,action_relative_l2,0.005257312208414078
gpu_1,base,clean/open_laptop/episode_000017/0_259,open_laptop,episode_000017,clean,,,,final_action,gamma,1.2,,,,4533883950938286080,7506362244356574538,action_mean_abs,0.0008527677273377776
gpu_1,base,clean/open_laptop/episode_000017/0_259,open_laptop,episode_000017,clean,,,,final_action,gamma,1.2,,,,4533883950938286080,7506362244356574538,action_relative_l2/first_25pct,0.0
gpu_1,base,clean/open_laptop/episode_000017/0_259,open_laptop,episode_000017,clean,,,,final_action,gamma,1.2,,,,4533883950938286080,7506362244356574538,action_relative_l2/last_75pct,0.0054538133554160595
gpu_1,base,clean/open_laptop/episode_000017/0_259,open_laptop,episode_000017,clean,,,,final_action,gamma,1.2,,,,4533883950938286080,7506362244356574538,endpoint_l2/left_position,0.007534421514719725
gpu_1,base,clean/open_laptop/episode_000017/0_259,open_laptop,episode_000017,clean,,,,final_action,gamma,1.2,,,,4533883950938286080,7506362244356574538,endpoint_l2/right_position,0.004903010092675686
gpu_1,base,clean/open_laptop/episode_000017/0_259,open_laptop,episode_000017,clean,,,,final_action,gamma,1.2,,,,4533883950938286080,7506362244356574538,rotation_geodesic/left_rotation,0.0007757765706628561
gpu_1,base,clean/open_laptop/episode_000017/0_259,open_laptop,episode_000017,clean,,,,final_action,gamma,1.2,,,,4533883950938286080,7506362244356574538,rotation_geodesic/right_rotation,0.005200414918363094
gpu_1,base,clean/open_laptop/episode_000017/0_259,open_laptop,episode_000017,clean,,,,final_action,gamma,1.2,,,,4533883950938286080,7506362244356574538,gripper_flip_rate,0.0
gpu_1,base,clean/open_laptop/episode_000017/0_259,open_laptop,episode_000017,clean,,,,final_action,gamma,1.2,,,,4533883950938286080,7506362244356574538,temporal_jerk_difference,0.0009567274828441441
gpu_1,base,clean/open_laptop/episode_000017/0_259,open_laptop,episode_000017,clean,,,,final_action,gaussian_blur_sigma,0.5,,,,4533883950938286080,11522972830486069944,action_relative_l2,0.003576940158382058
gpu_1,base,clean/open_laptop/episode_000017/0_259,open_laptop,episode_000017,clean,,,,final_action,gaussian_blur_sigma,0.5,,,,4533883950938286080,11522972830486069944,action_mean_abs,0.0002941465936601162
gpu_1,base,clean/open_laptop/episode_000017/0_259,open_laptop,episode_000017,clean,,,,final_action,gaussian_blur_sigma,0.5,,,,4533883950938286080,11522972830486069944,action_relative_l2/first_25pct,0.0
gpu_1,base,clean/open_laptop/episode_000017/0_259,open_laptop,episode_000017,clean,,,,final_action,gaussian_blur_sigma,0.5,,,,4533883950938286080,11522972830486069944,action_relative_l2/last_75pct,0.0037106345407664776
gpu_1,base,clean/open_laptop/episode_000017/0_259,open_laptop,episode_000017,clean,,,,final_action,gaussian_blur_sigma,0.5,,,,4533883950938286080,11522972830486069944,endpoint_l2/left_position,0.0009191036224365234
gpu_1,base,clean/open_laptop/episode_000017/0_259,open_laptop,episode_000017,clean,,,,final_action,gaussian_blur_sigma,0.5,,,,4533883950938286080,11522972830486069944,endpoint_l2/right_position,0.0
gpu_1,base,clean/open_laptop/episode_000017/0_259,open_laptop,episode_000017,clean,,,,final_action,gaussian_blur_sigma,0.5,,,,4533883950938286080,11522972830486069944,rotation_geodesic/left_rotation,0.00023638828133698553
gpu_1,base,clean/open_laptop/episode_000017/0_259,open_laptop,episode_000017,clean,,,,final_action,gaussian_blur_sigma,0.5,,,,4533883950938286080,11522972830486069944,rotation_geodesic/right_rotation,0.0027211029082536697
gpu_1,base,clean/open_laptop/episode_000017/0_259,open_laptop,episode_000017,clean,,,,final_action,gaussian_blur_sigma,0.5,,,,4533883950938286080,11522972830486069944,gripper_flip_rate,0.0
gpu_1,base,clean/open_laptop/episode_000017/0_259,open_laptop,episode_000017,clean,,,,final_action,gaussian_blur_sigma,0.5,,,,4533883950938286080,11522972830486069944,temporal_jerk_difference,0.0009989745449274778
gpu_1,base,clean/open_laptop/episode_000017/0_259,open_laptop,episode_000017,clean,,,,final_action,gaussian_blur_sigma,1.0,,,,4533883950938286080,5150731217846411408,action_relative_l2,0.016767198219895363
gpu_1,base,clean/open_laptop/episode_000017/0_259,open_laptop,episode_000017,clean,,,,final_action,gaussian_blur_sigma,1.0,,,,4533883950938286080,5150731217846411408,action_mean_abs,0.002444301964715123
gpu_1,base,clean/open_laptop/episode_000017/0_259,open_laptop,episode_000017,clean,,,,final_action,gaussian_blur_sigma,1.0,,,,4533883950938286080,5150731217846411408,action_relative_l2/first_25pct,0.0
gpu_1,base,clean/open_laptop/episode_000017/0_259,open_laptop,episode_000017,clean,,,,final_action,gaussian_blur_sigma,1.0,,,,4533883950938286080,5150731217846411408,action_relative_l2/last_75pct,0.01739390194416046
gpu_1,base,clean/open_laptop/episode_000017/0_259,open_laptop,episode_000017,clean,,,,final_action,gaussian_blur_sigma,1.0,,,,4533883950938286080,5150731217846411408,endpoint_l2/left_position,0.011908349581062794
gpu_1,base,clean/open_laptop/episode_000017/0_259,open_laptop,episode_000017,clean,,,,final_action,gaussian_blur_sigma,1.0,,,,4533883950938286080,5150731217846411408,endpoint_l2/right_position,0.002982415957376361
gpu_1,base,clean/open_laptop/episode_000017/0_259,open_laptop,episode_000017,clean,,,,final_action,gaussian_blur_sigma,1.0,,,,4533883950938286080,5150731217846411408,rotation_geodesic/left_rotation,0.0017365795793011785
gpu_1,base,clean/open_laptop/episode_000017/0_259,open_laptop,episode_000017,clean,,,,final_action,gaussian_blur_sigma,1.0,,,,4533883950938286080,5150731217846411408,rotation_geodesic/right_rotation,0.011360092088580132
gpu_1,base,clean/open_laptop/episode_000017/0_259,open_laptop,episode_000017,clean,,,,final_action,gaussian_blur_sigma,1.0,,,,4533883950938286080,5150731217846411408,gripper_flip_rate,0.0
gpu_1,base,clean/open_laptop/episode_000017/0_259,open_laptop,episode_000017,clean,,,,final_action,gaussian_blur_sigma,1.0,,,,4533883950938286080,5150731217846411408,temporal_jerk_difference,0.0020390457939356565
gpu_1,base,clean/open_laptop/episode_000017/0_259,open_laptop,episode_000017,clean,,,,final_action,gaussian_noise_std,0.01,,,,4533883950938286080,17330233380254975681,action_relative_l2,0.0163227841258049
gpu_1,base,clean/open_laptop/episode_000017/0_259,open_laptop,episode_000017,clean,,,,final_action,gaussian_noise_std,0.01,,,,4533883950938286080,17330233380254975681,action_mean_abs,0.003319632261991501
gpu_1,base,clean/open_laptop/episode_000017/0_259,open_laptop,episode_000017,clean,,,,final_action,gaussian_noise_std,0.01,,,,4533883950938286080,17330233380254975681,action_relative_l2/first_25pct,0.0
gpu_1,base,clean/open_laptop/episode_000017/0_259,open_laptop,episode_000017,clean,,,,final_action,gaussian_noise_std,0.01,,,,4533883950938286080,17330233380254975681,action_relative_l2/last_75pct,0.016932878643274307
gpu_1,base,clean/open_laptop/episode_000017/0_259,open_laptop,episode_000017,clean,,,,final_action,gaussian_noise_std,0.01,,,,4533883950938286080,17330233380254975681,endpoint_l2/left_position,0.01654909737408161
gpu_1,base,clean/open_laptop/episode_000017/0_259,open_laptop,episode_000017,clean,,,,final_action,gaussian_noise_std,0.01,,,,4533883950938286080,17330233380254975681,endpoint_l2/right_position,0.007974705658853054
gpu_1,base,clean/open_laptop/episode_000017/0_259,open_laptop,episode_000017,clean,,,,final_action,gaussian_noise_std,0.01,,,,4533883950938286080,17330233380254975681,rotation_geodesic/left_rotation,0.009432180784642696
gpu_1,base,clean/open_laptop/episode_000017/0_259,open_laptop,episode_000017,clean,,,,final_action,gaussian_noise_std,0.01,,,,4533883950938286080,17330233380254975681,rotation_geodesic/right_rotation,0.026310473680496216
gpu_1,base,clean/open_laptop/episode_000017/0_259,open_laptop,episode_000017,clean,,,,final_action,gaussian_noise_std,0.01,,,,4533883950938286080,17330233380254975681,gripper_flip_rate,0.0
gpu_1,base,clean/open_laptop/episode_000017/0_259,open_laptop,episode_000017,clean,,,,final_action,gaussian_noise_std,0.01,,,,4533883950938286080,17330233380254975681,temporal_jerk_difference,0.0023719912860542536
gpu_1,base,clean/open_laptop/episode_000017/0_259,open_laptop,episode_000017,clean,,,,final_action,gaussian_noise_std,0.03,,,,4533883950938286080,995166590417925671,action_relative_l2,0.055324848741292953
gpu_1,base,clean/open_laptop/episode_000017/0_259,open_laptop,episode_000017,clean,,,,final_action,gaussian_noise_std,0.03,,,,4533883950938286080,995166590417925671,action_mean_abs,0.007280017249286175
gpu_1,base,clean/open_laptop/episode_000017/0_259,open_laptop,episode_000017,clean,,,,final_action,gaussian_noise_std,0.03,,,,4533883950938286080,995166590417925671,action_relative_l2/first_25pct,0.0
gpu_1,base,clean/open_laptop/episode_000017/0_259,open_laptop,episode_000017,clean,,,,final_action,gaussian_noise_std,0.03,,,,4533883950938286080,995166590417925671,action_relative_l2/last_75pct,0.05739271640777588
gpu_1,base,clean/open_laptop/episode_000017/0_259,open_laptop,episode_000017,clean,,,,final_action,gaussian_noise_std,0.03,,,,4533883950938286080,995166590417925671,endpoint_l2/left_position,0.023060189560055733
gpu_1,base,clean/open_laptop/episode_000017/0_259,open_laptop,episode_000017,clean,,,,final_action,gaussian_noise_std,0.03,,,,4533883950938286080,995166590417925671,endpoint_l2/right_position,0.012402000837028027
gpu_1,base,clean/open_laptop/episode_000017/0_259,open_laptop,episode_000017,clean,,,,final_action,gaussian_noise_std,0.03,,,,4533883950938286080,995166590417925671,rotation_geodesic/left_rotation,0.011856356635689735
gpu_1,base,clean/open_laptop/episode_000017/0_259,open_laptop,episode_000017,clean,,,,final_action,gaussian_noise_std,0.03,,,,4533883950938286080,995166590417925671,rotation_geodesic/right_rotation,0.022806869819760323
gpu_1,base,clean/open_laptop/episode_000017/0_259,open_laptop,episode_000017,clean,,,,final_action,gaussian_noise_std,0.03,,,,4533883950938286080,995166590417925671,gripper_flip_rate,0.0
gpu_1,base,clean/open_laptop/episode_000017/0_259,open_laptop,episode_000017,clean,,,,final_action,gaussian_noise_std,0.03,,,,4533883950938286080,995166590417925671,temporal_jerk_difference,0.0020953232888132334
gpu_1,base,clean/open_laptop/episode_000017/0_259,open_laptop,episode_000017,clean,,,,final_action,identity,0.0,,,,4533883950938286080,,action_relative_l2,0.0
gpu_1,base,clean/open_laptop/episode_000017/0_259,open_laptop,episode_000017,clean,,,,final_action,identity,0.0,,,,4533883950938286080,,action_mean_abs,0.0
gpu_1,base,clean/open_laptop/episode_000017/0_259,open_laptop,episode_000017,clean,,,,final_action,identity,0.0,,,,4533883950938286080,,action_relative_l2/first_25pct,0.0
gpu_1,base,clean/open_laptop/episode_000017/0_259,open_laptop,episode_000017,clean,,,,final_action,identity,0.0,,,,4533883950938286080,,action_relative_l2/last_75pct,0.0
gpu_1,base,clean/open_laptop/episode_000017/0_259,open_laptop,episode_000017,clean,,,,final_action,identity,0.0,,,,4533883950938286080,,endpoint_l2/left_position,0.0
gpu_1,base,clean/open_laptop/episode_000017/0_259,open_laptop,episode_000017,clean,,,,final_action,identity,0.0,,,,4533883950938286080,,endpoint_l2/right_position,0.0
gpu_1,base,clean/open_laptop/episode_000017/0_259,open_laptop,episode_000017,clean,,,,final_action,identity,0.0,,,,4533883950938286080,,rotation_geodesic/left_rotation,0.0
gpu_1,base,clean/open_laptop/episode_000017/0_259,open_laptop,episode_000017,clean,,,,final_action,identity,0.0,,,,4533883950938286080,,rotation_geodesic/right_rotation,8.63167442730628e-05
gpu_1,base,clean/open_laptop/episode_000017/0_259,open_laptop,episode_000017,clean,,,,final_action,identity,0.0,,,,4533883950938286080,,gripper_flip_rate,0.0
gpu_1,base,clean/open_laptop/episode_000017/0_259,open_laptop,episode_000017,clean,,,,final_action,identity,0.0,,,,4533883950938286080,,temporal_jerk_difference,0.0
gpu_1,base,clean/place_container_plate/episode_000033/0_156,place_container_plate,episode_000033,clean,,,,final_action,brightness,0.8,,,,10471219474458438708,5715733209496895161,action_relative_l2,0.5944665670394897
gpu_1,base,clean/place_container_plate/episode_000033/0_156,place_container_plate,episode_000033,clean,,,,final_action,brightness,0.8,,,,10471219474458438708,5715733209496895161,action_mean_abs,0.06001964583992958
gpu_1,base,clean/place_container_plate/episode_000033/0_156,place_container_plate,episode_000033,clean,,,,final_action,brightness,0.8,,,,10471219474458438708,5715733209496895161,action_relative_l2/first_25pct,0.0
gpu_1,base,clean/place_container_plate/episode_000033/0_156,place_container_plate,episode_000033,clean,,,,final_action,brightness,0.8,,,,10471219474458438708,5715733209496895161,action_relative_l2/last_75pct,0.6286947131156921
gpu_1,base,clean/place_container_plate/episode_000033/0_156,place_container_plate,episode_000033,clean,,,,final_action,brightness,0.8,,,,10471219474458438708,5715733209496895161,endpoint_l2/left_position,0.14980076253414154
gpu_1,base,clean/place_container_plate/episode_000033/0_156,place_container_plate,episode_000033,clean,,,,final_action,brightness,0.8,,,,10471219474458438708,5715733209496895161,endpoint_l2/right_position,0.10405359417200089
gpu_1,base,clean/place_container_plate/episode_000033/0_156,place_container_plate,episode_000033,clean,,,,final_action,brightness,0.8,,,,10471219474458438708,5715733209496895161,rotation_geodesic/left_rotation,0.03473948314785957
gpu_1,base,clean/place_container_plate/episode_000033/0_156,place_container_plate,episode_000033,clean,,,,final_action,brightness,0.8,,,,10471219474458438708,5715733209496895161,rotation_geodesic/right_rotation,0.05614999681711197
gpu_1,base,clean/place_container_plate/episode_000033/0_156,place_container_plate,episode_000033,clean,,,,final_action,brightness,0.8,,,,10471219474458438708,5715733209496895161,gripper_flip_rate,0.25
gpu_1,base,clean/place_container_plate/episode_000033/0_156,place_container_plate,episode_000033,clean,,,,final_action,brightness,0.8,,,,10471219474458438708,5715733209496895161,temporal_jerk_difference,0.010675632394850254
gpu_1,base,clean/place_container_plate/episode_000033/0_156,place_container_plate,episode_000033,clean,,,,final_action,brightness,1.2,,,,10471219474458438708,13427404499493453440,action_relative_l2,0.03432483971118927
gpu_1,base,clean/place_container_plate/episode_000033/0_156,place_container_plate,episode_000033,clean,,,,final_action,brightness,1.2,,,,10471219474458438708,13427404499493453440,action_mean_abs,0.003676503198221326
gpu_1,base,clean/place_container_plate/episode_000033/0_156,place_container_plate,episode_000033,clean,,,,final_action,brightness,1.2,,,,10471219474458438708,13427404499493453440,action_relative_l2/first_25pct,0.0
gpu_1,base,clean/place_container_plate/episode_000033/0_156,place_container_plate,episode_000033,clean,,,,final_action,brightness,1.2,,,,10471219474458438708,13427404499493453440,action_relative_l2/last_75pct,0.03630119189620018
gpu_1,base,clean/place_container_plate/episode_000033/0_156,place_container_plate,episode_000033,clean,,,,final_action,brightness,1.2,,,,10471219474458438708,13427404499493453440,endpoint_l2/left_position,0.0046549635007977486
gpu_1,base,clean/place_container_plate/episode_000033/0_156,place_container_plate,episode_000033,clean,,,,final_action,brightness,1.2,,,,10471219474458438708,13427404499493453440,endpoint_l2/right_position,0.0050140745006501675
gpu_1,base,clean/place_container_plate/episode_000033/0_156,place_container_plate,episode_000033,clean,,,,final_action,brightness,1.2,,,,10471219474458438708,13427404499493453440,rotation_geodesic/left_rotation,0.005541366524994373
gpu_1,base,clean/place_container_plate/episode_000033/0_156,place_container_plate,episode_000033,clean,,,,final_action,brightness,1.2,,,,10471219474458438708,13427404499493453440,rotation_geodesic/right_rotation,0.015014187432825565
gpu_1,base,clean/place_container_plate/episode_000033/0_156,place_container_plate,episode_000033,clean,,,,final_action,brightness,1.2,,,,10471219474458438708,13427404499493453440,gripper_flip_rate,0.0
gpu_1,base,clean/place_container_plate/episode_000033/0_156,place_container_plate,episode_000033,clean,,,,final_action,brightness,1.2,,,,10471219474458438708,13427404499493453440,temporal_jerk_difference,0.002072520786896348
gpu_1,base,clean/place_container_plate/episode_000033/0_156,place_container_plate,episode_000033,clean,,,,final_action,color_temperature,-0.1,,,,10471219474458438708,12370919830759711870,action_relative_l2,0.013963072560727596
gpu_1,base,clean/place_container_plate/episode_000033/0_156,place_container_plate,episode_000033,clean,,,,final_action,color_temperature,-0.1,,,,10471219474458438708,12370919830759711870,action_mean_abs,0.0018812230555340648
gpu_1,base,clean/place_container_plate/episode_000033/0_156,place_container_plate,episode_000033,clean,,,,final_action,color_temperature,-0.1,,,,10471219474458438708,12370919830759711870,action_relative_l2/first_25pct,0.0
gpu_1,base,clean/place_container_plate/episode_000033/0_156,place_container_plate,episode_000033,clean,,,,final_action,color_temperature,-0.1,,,,10471219474458438708,12370919830759711870,action_relative_l2/last_75pct,0.014767037704586983
gpu_1,base,clean/place_container_plate/episode_000033/0_156,place_container_plate,episode_000033,clean,,,,final_action,color_temperature,-0.1,,,,10471219474458438708,12370919830759711870,endpoint_l2/left_position,0.0032673506066203117
gpu_1,base,clean/place_container_plate/episode_000033/0_156,place_container_plate,episode_000033,clean,,,,final_action,color_temperature,-0.1,,,,10471219474458438708,12370919830759711870,endpoint_l2/right_position,0.003897546324878931
gpu_1,base,clean/place_container_plate/episode_000033/0_156,place_container_plate,episode_000033,clean,,,,final_action,color_temperature,-0.1,,,,10471219474458438708,12370919830759711870,rotation_geodesic/left_rotation,0.006140812300145626
gpu_1,base,clean/place_container_plate/episode_000033/0_156,place_container_plate,episode_000033,clean,,,,final_action,color_temperature,-0.1,,,,10471219474458438708,12370919830759711870,rotation_geodesic/right_rotation,0.013456016778945923
gpu_1,base,clean/place_container_plate/episode_000033/0_156,place_container_plate,episode_000033,clean,,,,final_action,color_temperature,-0.1,,,,10471219474458438708,12370919830759711870,gripper_flip_rate,0.0
gpu_1,base,clean/place_container_plate/episode_000033/0_156,place_container_plate,episode_000033,clean,,,,final_action,color_temperature,-0.1,,,,10471219474458438708,12370919830759711870,temporal_jerk_difference,0.0024058944545686245
gpu_1,base,clean/place_container_plate/episode_000033/0_156,place_container_plate,episode_000033,clean,,,,final_action,color_temperature,0.1,,,,10471219474458438708,3059941478060558768,action_relative_l2,0.013182641007006168
gpu_1,base,clean/place_container_plate/episode_000033/0_156,place_container_plate,episode_000033,clean,,,,final_action,color_temperature,0.1,,,,10471219474458438708,3059941478060558768,action_mean_abs,0.0018876197282224894
gpu_1,base,clean/place_container_plate/episode_000033/0_156,place_container_plate,episode_000033,clean,,,,final_action,color_temperature,0.1,,,,10471219474458438708,3059941478060558768,action_relative_l2/first_25pct,0.0
gpu_1,base,clean/place_container_plate/episode_000033/0_156,place_container_plate,episode_000033,clean,,,,final_action,color_temperature,0.1,,,,10471219474458438708,3059941478060558768,action_relative_l2/last_75pct,0.013941670767962933
gpu_1,base,clean/place_container_plate/episode_000033/0_156,place_container_plate,episode_000033,clean,,,,final_action,color_temperature,0.1,,,,10471219474458438708,3059941478060558768,endpoint_l2/left_position,0.007227214984595776
gpu_1,base,clean/place_container_plate/episode_000033/0_156,place_container_plate,episode_000033,clean,,,,final_action,color_temperature,0.1,,,,10471219474458438708,3059941478060558768,endpoint_l2/right_position,0.0038228125777095556
gpu_1,base,clean/place_container_plate/episode_000033/0_156,place_container_plate,episode_000033,clean,,,,final_action,color_temperature,0.1,,,,10471219474458438708,3059941478060558768,rotation_geodesic/left_rotation,0.006203070282936096
gpu_1,base,clean/place_container_plate/episode_000033/0_156,place_container_plate,episode_000033,clean,,,,final_action,color_temperature,0.1,,,,10471219474458438708,3059941478060558768,rotation_geodesic/right_rotation,0.014668256975710392
gpu_1,base,clean/place_container_plate/episode_000033/0_156,place_container_plate,episode_000033,clean,,,,final_action,color_temperature,0.1,,,,10471219474458438708,3059941478060558768,gripper_flip_rate,0.0
gpu_1,base,clean/place_container_plate/episode_000033/0_156,place_container_plate,episode_000033,clean,,,,final_action,color_temperature,0.1,,,,10471219474458438708,3059941478060558768,temporal_jerk_difference,0.0013959846692159772
gpu_1,base,clean/place_container_plate/episode_000033/0_156,place_container_plate,episode_000033,clean,,,,final_action,gamma,0.8,,,,10471219474458438708,6224378030923556313,action_relative_l2,0.013755682855844498
gpu_1,base,clean/place_container_plate/episode_000033/0_156,place_container_plate,episode_000033,clean,,,,final_action,gamma,0.8,,,,10471219474458438708,6224378030923556313,action_mean_abs,0.0013916136231273413
gpu_1,base,clean/place_container_plate/episode_000033/0_156,place_container_plate,episode_000033,clean,,,,final_action,gamma,0.8,,,,10471219474458438708,6224378030923556313,action_relative_l2/first_25pct,0.0
gpu_1,base,clean/place_container_plate/episode_000033/0_156,place_container_plate,episode_000033,clean,,,,final_action,gamma,0.8,,,,10471219474458438708,6224378030923556313,action_relative_l2/last_75pct,0.014547706581652164
gpu_1,base,clean/place_container_plate/episode_000033/0_156,place_container_plate,episode_000033,clean,,,,final_action,gamma,0.8,,,,10471219474458438708,6224378030923556313,endpoint_l2/left_position,0.004621617030352354
gpu_1,base,clean/place_container_plate/episode_000033/0_156,place_container_plate,episode_000033,clean,,,,final_action,gamma,0.8,,,,10471219474458438708,6224378030923556313,endpoint_l2/right_position,0.0007596015930175781
gpu_1,base,clean/place_container_plate/episode_000033/0_156,place_container_plate,episode_000033,clean,,,,final_action,gamma,0.8,,,,10471219474458438708,6224378030923556313,rotation_geodesic/left_rotation,0.0023284410126507282
gpu_1,base,clean/place_container_plate/episode_000033/0_156,place_container_plate,episode_000033,clean,,,,final_action,gamma,0.8,,,,10471219474458438708,6224378030923556313,rotation_geodesic/right_rotation,0.009151673875749111
gpu_1,base,clean/place_container_plate/episode_000033/0_156,place_container_plate,episode_000033,clean,,,,final_action,gamma,0.8,,,,10471219474458438708,6224378030923556313,gripper_flip_rate,0.0
gpu_1,base,clean/place_container_plate/episode_000033/0_156,place_container_plate,episode_000033,clean,,,,final_action,gamma,0.8,,,,10471219474458438708,6224378030923556313,temporal_jerk_difference,0.0016473252326250076
gpu_1,base,clean/place_container_plate/episode_000033/0_156,place_container_plate,episode_000033,clean,,,,final_action,gamma,1.2,,,,10471219474458438708,906277563794249191,action_relative_l2,0.007814883254468441
gpu_1,base,clean/place_container_plate/episode_000033/0_156,place_container_plate,episode_000033,clean,,,,final_action,gamma,1.2,,,,10471219474458438708,906277563794249191,action_mean_abs,0.000916266581043601
gpu_1,base,clean/place_container_plate/episode_000033/0_156,place_container_plate,episode_000033,clean,,,,final_action,gamma,1.2,,,,10471219474458438708,906277563794249191,action_relative_l2/first_25pct,0.0
gpu_1,base,clean/place_container_plate/episode_000033/0_156,place_container_plate,episode_000033,clean,,,,final_action,gamma,1.2,,,,10471219474458438708,906277563794249191,action_relative_l2/last_75pct,0.008264848031103611
gpu_1,base,clean/place_container_plate/episode_000033/0_156,place_container_plate,episode_000033,clean,,,,final_action,gamma,1.2,,,,10471219474458438708,906277563794249191,endpoint_l2/left_position,0.006049695890396833
gpu_1,base,clean/place_container_plate/episode_000033/0_156,place_container_plate,episode_000033,clean,,,,final_action,gamma,1.2,,,,10471219474458438708,906277563794249191,endpoint_l2/right_position,0.0019162314711138606
gpu_1,base,clean/place_container_plate/episode_000033/0_156,place_container_plate,episode_000033,clean,,,,final_action,gamma,1.2,,,,10471219474458438708,906277563794249191,rotation_geodesic/left_rotation,0.0018416449893265963
gpu_1,base,clean/place_container_plate/episode_000033/0_156,place_container_plate,episode_000033,clean,,,,final_action,gamma,1.2,,,,10471219474458438708,906277563794249191,rotation_geodesic/right_rotation,0.006314445752650499
gpu_1,base,clean/place_container_plate/episode_000033/0_156,place_container_plate,episode_000033,clean,,,,final_action,gamma,1.2,,,,10471219474458438708,906277563794249191,gripper_flip_rate,0.0
gpu_1,base,clean/place_container_plate/episode_000033/0_156,place_container_plate,episode_000033,clean,,,,final_action,gamma,1.2,,,,10471219474458438708,906277563794249191,temporal_jerk_difference,0.0014946978772059083
gpu_1,base,clean/place_container_plate/episode_000033/0_156,place_container_plate,episode_000033,clean,,,,final_action,gaussian_blur_sigma,0.5,,,,10471219474458438708,13687891846825993847,action_relative_l2,0.00824784953147173
gpu_1,base,clean/place_container_plate/episode_000033/0_156,place_container_plate,episode_000033,clean,,,,final_action,gaussian_blur_sigma,0.5,,,,10471219474458438708,13687891846825993847,action_mean_abs,0.0007718785782344639
gpu_1,base,clean/place_container_plate/episode_000033/0_156,place_container_plate,episode_000033,clean,,,,final_action,gaussian_blur_sigma,0.5,,,,10471219474458438708,13687891846825993847,action_relative_l2/first_25pct,0.0
gpu_1,base,clean/place_container_plate/episode_000033/0_156,place_container_plate,episode_000033,clean,,,,final_action,gaussian_blur_sigma,0.5,,,,10471219474458438708,13687891846825993847,action_relative_l2/last_75pct,0.008722743019461632
gpu_1,base,clean/place_container_plate/episode_000033/0_156,place_container_plate,episode_000033,clean,,,,final_action,gaussian_blur_sigma,0.5,,,,10471219474458438708,13687891846825993847,endpoint_l2/left_position,0.0024129864759743214
gpu_1,base,clean/place_container_plate/episode_000033/0_156,place_container_plate,episode_000033,clean,,,,final_action,gaussian_blur_sigma,0.5,,,,10471219474458438708,13687891846825993847,endpoint_l2/right_position,0.0
gpu_1,base,clean/place_container_plate/episode_000033/0_156,place_container_plate,episode_000033,clean,,,,final_action,gaussian_blur_sigma,0.5,,,,10471219474458438708,13687891846825993847,rotation_geodesic/left_rotation,0.0013141959207132459
gpu_1,base,clean/place_container_plate/episode_000033/0_156,place_container_plate,episode_000033,clean,,,,final_action,gaussian_blur_sigma,0.5,,,,10471219474458438708,13687891846825993847,rotation_geodesic/right_rotation,0.0030494160018861294
gpu_1,base,clean/place_container_plate/episode_000033/0_156,place_container_plate,episode_000033,clean,,,,final_action,gaussian_blur_sigma,0.5,,,,10471219474458438708,13687891846825993847,gripper_flip_rate,0.0
gpu_1,base,clean/place_container_plate/episode_000033/0_156,place_container_plate,episode_000033,clean,,,,final_action,gaussian_blur_sigma,0.5,,,,10471219474458438708,13687891846825993847,temporal_jerk_difference,0.0014722661580890417
gpu_1,base,clean/place_container_plate/episode_000033/0_156,place_container_plate,episode_000033,clean,,,,final_action,gaussian_blur_sigma,1.0,,,,10471219474458438708,12185843836051114294,action_relative_l2,0.020889971405267715
gpu_1,base,clean/place_container_plate/episode_000033/0_156,place_container_plate,episode_000033,clean,,,,final_action,gaussian_blur_sigma,1.0,,,,10471219474458438708,12185843836051114294,action_mean_abs,0.0020217704586684704
gpu_1,base,clean/place_container_plate/episode_000033/0_156,place_container_plate,episode_000033,clean,,,,final_action,gaussian_blur_sigma,1.0,,,,10471219474458438708,12185843836051114294,action_relative_l2/first_25pct,0.0
gpu_1,base,clean/place_container_plate/episode_000033/0_156,place_container_plate,episode_000033,clean,,,,final_action,gaussian_blur_sigma,1.0,,,,10471219474458438708,12185843836051114294,action_relative_l2/last_75pct,0.022092772647738457
gpu_1,base,clean/place_container_plate/episode_000033/0_156,place_container_plate,episode_000033,clean,,,,final_action,gaussian_blur_sigma,1.0,,,,10471219474458438708,12185843836051114294,endpoint_l2/left_position,0.0022310817148536444
gpu_1,base,clean/place_container_plate/episode_000033/0_156,place_container_plate,episode_000033,clean,,,,final_action,gaussian_blur_sigma,1.0,,,,10471219474458438708,12185843836051114294,endpoint_l2/right_position,0.001393191167153418
gpu_1,base,clean/place_container_plate/episode_000033/0_156,place_container_plate,episode_000033,clean,,,,final_action,gaussian_blur_sigma,1.0,,,,10471219474458438708,12185843836051114294,rotation_geodesic/left_rotation,0.0028034201823174953
gpu_1,base,clean/place_container_plate/episode_000033/0_156,place_container_plate,episode_000033,clean,,,,final_action,gaussian_blur_sigma,1.0,,,,10471219474458438708,12185843836051114294,rotation_geodesic/right_rotation,0.007378260605037212
gpu_1,base,clean/place_container_plate/episode_000033/0_156,place_container_plate,episode_000033,clean,,,,final_action,gaussian_blur_sigma,1.0,,,,10471219474458438708,12185843836051114294,gripper_flip_rate,0.0
gpu_1,base,clean/place_container_plate/episode_000033/0_156,place_container_plate,episode_000033,clean,,,,final_action,gaussian_blur_sigma,1.0,,,,10471219474458438708,12185843836051114294,temporal_jerk_difference,0.002198697067797184
gpu_1,base,clean/place_container_plate/episode_000033/0_156,place_container_plate,episode_000033,clean,,,,final_action,gaussian_noise_std,0.01,,,,10471219474458438708,17679738631140918171,action_relative_l2,0.12643033266067505
gpu_1,base,clean/place_container_plate/episode_000033/0_156,place_container_plate,episode_000033,clean,,,,final_action,gaussian_noise_std,0.01,,,,10471219474458438708,17679738631140918171,action_mean_abs,0.009799797087907791
gpu_1,base,clean/place_container_plate/episode_000033/0_156,place_container_plate,episode_000033,clean,,,,final_action,gaussian_noise_std,0.01,,,,10471219474458438708,17679738631140918171,action_relative_l2/first_25pct,0.0
gpu_1,base,clean/place_container_plate/episode_000033/0_156,place_container_plate,episode_000033,clean,,,,final_action,gaussian_noise_std,0.01,,,,10471219474458438708,17679738631140918171,action_relative_l2/last_75pct,0.13370993733406067
gpu_1,base,clean/place_container_plate/episode_000033/0_156,place_container_plate,episode_000033,clean,,,,final_action,gaussian_noise_std,0.01,,,,10471219474458438708,17679738631140918171,endpoint_l2/left_position,0.005385586526244879
gpu_1,base,clean/place_container_plate/episode_000033/0_156,place_container_plate,episode_000033,clean,,,,final_action,gaussian_noise_std,0.01,,,,10471219474458438708,17679738631140918171,endpoint_l2/right_position,0.005572776775807142
gpu_1,base,clean/place_container_plate/episode_000033/0_156,place_container_plate,episode_000033,clean,,,,final_action,gaussian_noise_std,0.01,,,,10471219474458438708,17679738631140918171,rotation_geodesic/left_rotation,0.015292112715542316
gpu_1,base,clean/place_container_plate/episode_000033/0_156,place_container_plate,episode_000033,clean,,,,final_action,gaussian_noise_std,0.01,,,,10471219474458438708,17679738631140918171,rotation_geodesic/right_rotation,0.020125914365053177
gpu_1,base,clean/place_container_plate/episode_000033/0_156,place_container_plate,episode_000033,clean,,,,final_action,gaussian_noise_std,0.01,,,,10471219474458438708,17679738631140918171,gripper_flip_rate,0.0
gpu_1,base,clean/place_container_plate/episode_000033/0_156,place_container_plate,episode_000033,clean,,,,final_action,gaussian_noise_std,0.01,,,,10471219474458438708,17679738631140918171,temporal_jerk_difference,0.0029471556190401316
gpu_1,base,clean/place_container_plate/episode_000033/0_156,place_container_plate,episode_000033,clean,,,,final_action,gaussian_noise_std,0.03,,,,10471219474458438708,13013057233012687563,action_relative_l2,0.1509682536125183
gpu_1,base,clean/place_container_plate/episode_000033/0_156,place_container_plate,episode_000033,clean,,,,final_action,gaussian_noise_std,0.03,,,,10471219474458438708,13013057233012687563,action_mean_abs,0.011475278064608574
gpu_1,base,clean/place_container_plate/episode_000033/0_156,place_container_plate,episode_000033,clean,,,,final_action,gaussian_noise_std,0.03,,,,10471219474458438708,13013057233012687563,action_relative_l2/first_25pct,0.0
gpu_1,base,clean/place_container_plate/episode_000033/0_156,place_container_plate,episode_000033,clean,,,,final_action,gaussian_noise_std,0.03,,,,10471219474458438708,13013057233012687563,action_relative_l2/last_75pct,0.1596606969833374
gpu_1,base,clean/place_container_plate/episode_000033/0_156,place_container_plate,episode_000033,clean,,,,final_action,gaussian_noise_std,0.03,,,,10471219474458438708,13013057233012687563,endpoint_l2/left_position,0.018796494230628014
gpu_1,base,clean/place_container_plate/episode_000033/0_156,place_container_plate,episode_000033,clean,,,,final_action,gaussian_noise_std,0.03,,,,10471219474458438708,13013057233012687563,endpoint_l2/right_position,0.007048469968140125
gpu_1,base,clean/place_container_plate/episode_000033/0_156,place_container_plate,episode_000033,clean,,,,final_action,gaussian_noise_std,0.03,,,,10471219474458438708,13013057233012687563,rotation_geodesic/left_rotation,0.016314145177602768
gpu_1,base,clean/place_container_plate/episode_000033/0_156,place_container_plate,episode_000033,clean,,,,final_action,gaussian_noise_std,0.03,,,,10471219474458438708,13013057233012687563,rotation_geodesic/right_rotation,0.03227585181593895
gpu_1,base,clean/place_container_plate/episode_000033/0_156,place_container_plate,episode_000033,clean,,,,final_action,gaussian_noise_std,0.03,,,,10471219474458438708,13013057233012687563,gripper_flip_rate,0.0
gpu_1,base,clean/place_container_plate/episode_000033/0_156,place_container_plate,episode_000033,clean,,,,final_action,gaussian_noise_std,0.03,,,,10471219474458438708,13013057233012687563,temporal_jerk_difference,0.0030848507303744555
gpu_1,base,clean/place_container_plate/episode_000033/0_156,place_container_plate,episode_000033,clean,,,,final_action,identity,0.0,,,,10471219474458438708,,action_relative_l2,0.0
gpu_1,base,clean/place_container_plate/episode_000033/0_156,place_container_plate,episode_000033,clean,,,,final_action,identity,0.0,,,,10471219474458438708,,action_mean_abs,0.0
gpu_1,base,clean/place_container_plate/episode_000033/0_156,place_container_plate,episode_000033,clean,,,,final_action,identity,0.0,,,,10471219474458438708,,action_relative_l2/first_25pct,0.0
gpu_1,base,clean/place_container_plate/episode_000033/0_156,place_container_plate,episode_000033,clean,,,,final_action,identity,0.0,,,,10471219474458438708,,action_relative_l2/last_75pct,0.0
gpu_1,base,clean/place_container_plate/episode_000033/0_156,place_container_plate,episode_000033,clean,,,,final_action,identity,0.0,,,,10471219474458438708,,endpoint_l2/left_position,0.0
gpu_1,base,clean/place_container_plate/episode_000033/0_156,place_container_plate,episode_000033,clean,,,,final_action,identity,0.0,,,,10471219474458438708,,endpoint_l2/right_position,0.0
gpu_1,base,clean/place_container_plate/episode_000033/0_156,place_container_plate,episode_000033,clean,,,,final_action,identity,0.0,,,,10471219474458438708,,rotation_geodesic/left_rotation,0.0001957462663995102
gpu_1,base,clean/place_container_plate/episode_000033/0_156,place_container_plate,episode_000033,clean,,,,final_action,identity,0.0,,,,10471219474458438708,,rotation_geodesic/right_rotation,0.00017000762454699725
gpu_1,base,clean/place_container_plate/episode_000033/0_156,place_container_plate,episode_000033,clean,,,,final_action,identity,0.0,,,,10471219474458438708,,gripper_flip_rate,0.0
gpu_1,base,clean/place_container_plate/episode_000033/0_156,place_container_plate,episode_000033,clean,,,,final_action,identity,0.0,,,,10471219474458438708,,temporal_jerk_difference,0.0
gpu_1,base,clean/put_bottles_dustbin/episode_000006/0_549,put_bottles_dustbin,episode_000006,clean,,,,final_action,brightness,0.8,,,,569836324477247425,1394009349984855089,action_relative_l2,0.5804376602172852
gpu_1,base,clean/put_bottles_dustbin/episode_000006/0_549,put_bottles_dustbin,episode_000006,clean,,,,final_action,brightness,0.8,,,,569836324477247425,1394009349984855089,action_mean_abs,0.042097076773643494
gpu_1,base,clean/put_bottles_dustbin/episode_000006/0_549,put_bottles_dustbin,episode_000006,clean,,,,final_action,brightness,0.8,,,,569836324477247425,1394009349984855089,action_relative_l2/first_25pct,0.0
gpu_1,base,clean/put_bottles_dustbin/episode_000006/0_549,put_bottles_dustbin,episode_000006,clean,,,,final_action,brightness,0.8,,,,569836324477247425,1394009349984855089,action_relative_l2/last_75pct,0.6147937178611755
gpu_1,base,clean/put_bottles_dustbin/episode_000006/0_549,put_bottles_dustbin,episode_000006,clean,,,,final_action,brightness,0.8,,,,569836324477247425,1394009349984855089,endpoint_l2/left_position,0.022433768957853317
gpu_1,base,clean/put_bottles_dustbin/episode_000006/0_549,put_bottles_dustbin,episode_000006,clean,,,,final_action,brightness,0.8,,,,569836324477247425,1394009349984855089,endpoint_l2/right_position,0.005624672863632441
gpu_1,base,clean/put_bottles_dustbin/episode_000006/0_549,put_bottles_dustbin,episode_000006,clean,,,,final_action,brightness,0.8,,,,569836324477247425,1394009349984855089,rotation_geodesic/left_rotation,0.01863112300634384
gpu_1,base,clean/put_bottles_dustbin/episode_000006/0_549,put_bottles_dustbin,episode_000006,clean,,,,final_action,brightness,0.8,,,,569836324477247425,1394009349984855089,rotation_geodesic/right_rotation,0.027909627184271812
gpu_1,base,clean/put_bottles_dustbin/episode_000006/0_549,put_bottles_dustbin,episode_000006,clean,,,,final_action,brightness,0.8,,,,569836324477247425,1394009349984855089,gripper_flip_rate,0.25
gpu_1,base,clean/put_bottles_dustbin/episode_000006/0_549,put_bottles_dustbin,episode_000006,clean,,,,final_action,brightness,0.8,,,,569836324477247425,1394009349984855089,temporal_jerk_difference,0.007866280153393745
gpu_1,base,clean/put_bottles_dustbin/episode_000006/0_549,put_bottles_dustbin,episode_000006,clean,,,,final_action,brightness,1.2,,,,569836324477247425,8114302215028719186,action_relative_l2,0.015609446913003922
gpu_1,base,clean/put_bottles_dustbin/episode_000006/0_549,put_bottles_dustbin,episode_000006,clean,,,,final_action,brightness,1.2,,,,569836324477247425,8114302215028719186,action_mean_abs,0.0020217103883624077
gpu_1,base,clean/put_bottles_dustbin/episode_000006/0_549,put_bottles_dustbin,episode_000006,clean,,,,final_action,brightness,1.2,,,,569836324477247425,8114302215028719186,action_relative_l2/first_25pct,0.0
gpu_1,base,clean/put_bottles_dustbin/episode_000006/0_549,put_bottles_dustbin,episode_000006,clean,,,,final_action,brightness,1.2,,,,569836324477247425,8114302215028719186,action_relative_l2/last_75pct,0.016533367335796356
gpu_1,base,clean/put_bottles_dustbin/episode_000006/0_549,put_bottles_dustbin,episode_000006,clean,,,,final_action,brightness,1.2,,,,569836324477247425,8114302215028719186,endpoint_l2/left_position,0.012724804691970348
gpu_1,base,clean/put_bottles_dustbin/episode_000006/0_549,put_bottles_dustbin,episode_000006,clean,,,,final_action,brightness,1.2,,,,569836324477247425,8114302215028719186,endpoint_l2/right_position,0.002063117688521743
gpu_1,base,clean/put_bottles_dustbin/episode_000006/0_549,put_bottles_dustbin,episode_000006,clean,,,,final_action,brightness,1.2,,,,569836324477247425,8114302215028719186,rotation_geodesic/left_rotation,0.0038228421472012997
gpu_1,base,clean/put_bottles_dustbin/episode_000006/0_549,put_bottles_dustbin,episode_000006,clean,,,,final_action,brightness,1.2,,,,569836324477247425,8114302215028719186,rotation_geodesic/right_rotation,0.01657278463244438
gpu_1,base,clean/put_bottles_dustbin/episode_000006/0_549,put_bottles_dustbin,episode_000006,clean,,,,final_action,brightness,1.2,,,,569836324477247425,8114302215028719186,gripper_flip_rate,0.0
gpu_1,base,clean/put_bottles_dustbin/episode_000006/0_549,put_bottles_dustbin,episode_000006,clean,,,,final_action,brightness,1.2,,,,569836324477247425,8114302215028719186,temporal_jerk_difference,0.0014024260453879833
gpu_1,base,clean/put_bottles_dustbin/episode_000006/0_549,put_bottles_dustbin,episode_000006,clean,,,,final_action,color_temperature,-0.1,,,,569836324477247425,14816179961873656132,action_relative_l2,0.018814532086253166
gpu_1,base,clean/put_bottles_dustbin/episode_000006/0_549,put_bottles_dustbin,episode_000006,clean,,,,final_action,color_temperature,-0.1,,,,569836324477247425,14816179961873656132,action_mean_abs,0.0018250362481921911
gpu_1,base,clean/put_bottles_dustbin/episode_000006/0_549,put_bottles_dustbin,episode_000006,clean,,,,final_action,color_temperature,-0.1,,,,569836324477247425,14816179961873656132,action_relative_l2/first_25pct,0.0
gpu_1,base,clean/put_bottles_dustbin/episode_000006/0_549,put_bottles_dustbin,episode_000006,clean,,,,final_action,color_temperature,-0.1,,,,569836324477247425,14816179961873656132,action_relative_l2/last_75pct,0.019928161054849625
gpu_1,base,clean/put_bottles_dustbin/episode_000006/0_549,put_bottles_dustbin,episode_000006,clean,,,,final_action,color_temperature,-0.1,,,,569836324477247425,14816179961873656132,endpoint_l2/left_position,0.004844428040087223
gpu_1,base,clean/put_bottles_dustbin/episode_000006/0_549,put_bottles_dustbin,episode_000006,clean,,,,final_action,color_temperature,-0.1,,,,569836324477247425,14816179961873656132,endpoint_l2/right_position,0.0025606430135667324
gpu_1,base,clean/put_bottles_dustbin/episode_000006/0_549,put_bottles_dustbin,episode_000006,clean,,,,final_action,color_temperature,-0.1,,,,569836324477247425,14816179961873656132,rotation_geodesic/left_rotation,0.004585613496601582
gpu_1,base,clean/put_bottles_dustbin/episode_000006/0_549,put_bottles_dustbin,episode_000006,clean,,,,final_action,color_temperature,-0.1,,,,569836324477247425,14816179961873656132,rotation_geodesic/right_rotation,0.014659230597317219
gpu_1,base,clean/put_bottles_dustbin/episode_000006/0_549,put_bottles_dustbin,episode_000006,clean,,,,final_action,color_temperature,-0.1,,,,569836324477247425,14816179961873656132,gripper_flip_rate,0.0
gpu_1,base,clean/put_bottles_dustbin/episode_000006/0_549,put_bottles_dustbin,episode_000006,clean,,,,final_action,color_temperature,-0.1,,,,569836324477247425,14816179961873656132,temporal_jerk_difference,0.0012097525177523494
gpu_1,base,clean/put_bottles_dustbin/episode_000006/0_549,put_bottles_dustbin,episode_000006,clean,,,,final_action,color_temperature,0.1,,,,569836324477247425,14578194793345110634,action_relative_l2,0.02333642914891243
gpu_1,base,clean/put_bottles_dustbin/episode_000006/0_549,put_bottles_dustbin,episode_000006,clean,,,,final_action,color_temperature,0.1,,,,569836324477247425,14578194793345110634,action_mean_abs,0.002636966062709689
gpu_1,base,clean/put_bottles_dustbin/episode_000006/0_549,put_bottles_dustbin,episode_000006,clean,,,,final_action,color_temperature,0.1,,,,569836324477247425,14578194793345110634,action_relative_l2/first_25pct,0.0
gpu_1,base,clean/put_bottles_dustbin/episode_000006/0_549,put_bottles_dustbin,episode_000006,clean,,,,final_action,color_temperature,0.1,,,,569836324477247425,14578194793345110634,action_relative_l2/last_75pct,0.02471770904958248
gpu_1,base,clean/put_bottles_dustbin/episode_000006/0_549,put_bottles_dustbin,episode_000006,clean,,,,final_action,color_temperature,0.1,,,,569836324477247425,14578194793345110634,endpoint_l2/left_position,0.006760044954717159
gpu_1,base,clean/put_bottles_dustbin/episode_000006/0_549,put_bottles_dustbin,episode_000006,clean,,,,final_action,color_temperature,0.1,,,,569836324477247425,14578194793345110634,endpoint_l2/right_position,0.0035851020365953445
gpu_1,base,clean/put_bottles_dustbin/episode_000006/0_549,put_bottles_dustbin,episode_000006,clean,,,,final_action,color_temperature,0.1,,,,569836324477247425,14578194793345110634,rotation_geodesic/left_rotation,0.004553564824163914
gpu_1,base,clean/put_bottles_dustbin/episode_000006/0_549,put_bottles_dustbin,episode_000006,clean,,,,final_action,color_temperature,0.1,,,,569836324477247425,14578194793345110634,rotation_geodesic/right_rotation,0.013487759046256542
gpu_1,base,clean/put_bottles_dustbin/episode_000006/0_549,put_bottles_dustbin,episode_000006,clean,,,,final_action,color_temperature,0.1,,,,569836324477247425,14578194793345110634,gripper_flip_rate,0.0
gpu_1,base,clean/put_bottles_dustbin/episode_000006/0_549,put_bottles_dustbin,episode_000006,clean,,,,final_action,color_temperature,0.1,,,,569836324477247425,14578194793345110634,temporal_jerk_difference,0.0015057009877637029
gpu_1,base,clean/put_bottles_dustbin/episode_000006/0_549,put_bottles_dustbin,episode_000006,clean,,,,final_action,gamma,0.8,,,,569836324477247425,16933093666737702996,action_relative_l2,0.015677986666560173
gpu_1,base,clean/put_bottles_dustbin/episode_000006/0_549,put_bottles_dustbin,episode_000006,clean,,,,final_action,gamma,0.8,,,,569836324477247425,16933093666737702996,action_mean_abs,0.0014378030318766832
gpu_1,base,clean/put_bottles_dustbin/episode_000006/0_549,put_bottles_dustbin,episode_000006,clean,,,,final_action,gamma,0.8,,,,569836324477247425,16933093666737702996,action_relative_l2/first_25pct,0.0
gpu_1,base,clean/put_bottles_dustbin/episode_000006/0_549,put_bottles_dustbin,episode_000006,clean,,,,final_action,gamma,0.8,,,,569836324477247425,16933093666737702996,action_relative_l2/last_75pct,0.016605963930487633
gpu_1,base,clean/put_bottles_dustbin/episode_000006/0_549,put_bottles_dustbin,episode_000006,clean,,,,final_action,gamma,0.8,,,,569836324477247425,16933093666737702996,endpoint_l2/left_position,0.005784034263342619
gpu_1,base,clean/put_bottles_dustbin/episode_000006/0_549,put_bottles_dustbin,episode_000006,clean,,,,final_action,gamma,0.8,,,,569836324477247425,16933093666737702996,endpoint_l2/right_position,0.001393199316225946
gpu_1,base,clean/put_bottles_dustbin/episode_000006/0_549,put_bottles_dustbin,episode_000006,clean,,,,final_action,gamma,0.8,,,,569836324477247425,16933093666737702996,rotation_geodesic/left_rotation,0.0007257376564666629
gpu_1,base,clean/put_bottles_dustbin/episode_000006/0_549,put_bottles_dustbin,episode_000006,clean,,,,final_action,gamma,0.8,,,,569836324477247425,16933093666737702996,rotation_geodesic/right_rotation,0.007338746450841427
gpu_1,base,clean/put_bottles_dustbin/episode_000006/0_549,put_bottles_dustbin,episode_000006,clean,,,,final_action,gamma,0.8,,,,569836324477247425,16933093666737702996,gripper_flip_rate,0.0
gpu_1,base,clean/put_bottles_dustbin/episode_000006/0_549,put_bottles_dustbin,episode_000006,clean,,,,final_action,gamma,0.8,,,,569836324477247425,16933093666737702996,temporal_jerk_difference,0.0010547679848968983
gpu_1,base,clean/put_bottles_dustbin/episode_000006/0_549,put_bottles_dustbin,episode_000006,clean,,,,final_action,gamma,1.2,,,,569836324477247425,12625001604940726536,action_relative_l2,0.004703679122030735
gpu_1,base,clean/put_bottles_dustbin/episode_000006/0_549,put_bottles_dustbin,episode_000006,clean,,,,final_action,gamma,1.2,,,,569836324477247425,12625001604940726536,action_mean_abs,0.0004887663526460528
gpu_1,base,clean/put_bottles_dustbin/episode_000006/0_549,put_bottles_dustbin,episode_000006,clean,,,,final_action,gamma,1.2,,,,569836324477247425,12625001604940726536,action_relative_l2/first_25pct,0.0
gpu_1,base,clean/put_bottles_dustbin/episode_000006/0_549,put_bottles_dustbin,episode_000006,clean,,,,final_action,gamma,1.2,,,,569836324477247425,12625001604940726536,action_relative_l2/last_75pct,0.0049820891581475735
gpu_1,base,clean/put_bottles_dustbin/episode_000006/0_549,put_bottles_dustbin,episode_000006,clean,,,,final_action,gamma,1.2,,,,569836324477247425,12625001604940726536,endpoint_l2/left_position,0.0025400349404662848
gpu_1,base,clean/put_bottles_dustbin/episode_000006/0_549,put_bottles_dustbin,episode_000006,clean,,,,final_action,gamma,1.2,,,,569836324477247425,12625001604940726536,endpoint_l2/right_position,0.0011679083108901978
gpu_1,base,clean/put_bottles_dustbin/episode_000006/0_549,put_bottles_dustbin,episode_000006,clean,,,,final_action,gamma,1.2,,,,569836324477247425,12625001604940726536,rotation_geodesic/left_rotation,0.002053511096164584
gpu_1,base,clean/put_bottles_dustbin/episode_000006/0_549,put_bottles_dustbin,episode_000006,clean,,,,final_action,gamma,1.2,,,,569836324477247425,12625001604940726536,rotation_geodesic/right_rotation,0.006861997302621603
gpu_1,base,clean/put_bottles_dustbin/episode_000006/0_549,put_bottles_dustbin,episode_000006,clean,,,,final_action,gamma,1.2,,,,569836324477247425,12625001604940726536,gripper_flip_rate,0.0
gpu_1,base,clean/put_bottles_dustbin/episode_000006/0_549,put_bottles_dustbin,episode_000006,clean,,,,final_action,gamma,1.2,,,,569836324477247425,12625001604940726536,temporal_jerk_difference,0.0009616471361368895
gpu_1,base,clean/put_bottles_dustbin/episode_000006/0_549,put_bottles_dustbin,episode_000006,clean,,,,final_action,gaussian_blur_sigma,0.5,,,,569836324477247425,12482998238198523405,action_relative_l2,0.00684066116809845
gpu_1,base,clean/put_bottles_dustbin/episode_000006/0_549,put_bottles_dustbin,episode_000006,clean,,,,final_action,gaussian_blur_sigma,0.5,,,,569836324477247425,12482998238198523405,action_mean_abs,0.0006112505798228085
gpu_1,base,clean/put_bottles_dustbin/episode_000006/0_549,put_bottles_dustbin,episode_000006,clean,,,,final_action,gaussian_blur_sigma,0.5,,,,569836324477247425,12482998238198523405,action_relative_l2/first_25pct,0.0
gpu_1,base,clean/put_bottles_dustbin/episode_000006/0_549,put_bottles_dustbin,episode_000006,clean,,,,final_action,gaussian_blur_sigma,0.5,,,,569836324477247425,12482998238198523405,action_relative_l2/last_75pct,0.007245558779686689
gpu_1,base,clean/put_bottles_dustbin/episode_000006/0_549,put_bottles_dustbin,episode_000006,clean,,,,final_action,gaussian_blur_sigma,0.5,,,,569836324477247425,12482998238198523405,endpoint_l2/left_position,0.0012059020809829235
gpu_1,base,clean/put_bottles_dustbin/episode_000006/0_549,put_bottles_dustbin,episode_000006,clean,,,,final_action,gaussian_blur_sigma,0.5,,,,569836324477247425,12482998238198523405,endpoint_l2/right_position,0.0011679083108901978
gpu_1,base,clean/put_bottles_dustbin/episode_000006/0_549,put_bottles_dustbin,episode_000006,clean,,,,final_action,gaussian_blur_sigma,0.5,,,,569836324477247425,12482998238198523405,rotation_geodesic/left_rotation,0.0016466665547341108
gpu_1,base,clean/put_bottles_dustbin/episode_000006/0_549,put_bottles_dustbin,episode_000006,clean,,,,final_action,gaussian_blur_sigma,0.5,,,,569836324477247425,12482998238198523405,rotation_geodesic/right_rotation,0.0026596831157803535
gpu_1,base,clean/put_bottles_dustbin/episode_000006/0_549,put_bottles_dustbin,episode_000006,clean,,,,final_action,gaussian_blur_sigma,0.5,,,,569836324477247425,12482998238198523405,gripper_flip_rate,0.0
gpu_1,base,clean/put_bottles_dustbin/episode_000006/0_549,put_bottles_dustbin,episode_000006,clean,,,,final_action,gaussian_blur_sigma,0.5,,,,569836324477247425,12482998238198523405,temporal_jerk_difference,0.0008273783605545759
gpu_1,base,clean/put_bottles_dustbin/episode_000006/0_549,put_bottles_dustbin,episode_000006,clean,,,,final_action,gaussian_blur_sigma,1.0,,,,569836324477247425,2603120455614262532,action_relative_l2,0.5738184452056885
gpu_1,base,clean/put_bottles_dustbin/episode_000006/0_549,put_bottles_dustbin,episode_000006,clean,,,,final_action,gaussian_blur_sigma,1.0,,,,569836324477247425,2603120455614262532,action_mean_abs,0.03920294716954231
gpu_1,base,clean/put_bottles_dustbin/episode_000006/0_549,put_bottles_dustbin,episode_000006,clean,,,,final_action,gaussian_blur_sigma,1.0,,,,569836324477247425,2603120455614262532,action_relative_l2/first_25pct,0.0
gpu_1,base,clean/put_bottles_dustbin/episode_000006/0_549,put_bottles_dustbin,episode_000006,clean,,,,final_action,gaussian_blur_sigma,1.0,,,,569836324477247425,2603120455614262532,action_relative_l2/last_75pct,0.6077827215194702
gpu_1,base,clean/put_bottles_dustbin/episode_000006/0_549,put_bottles_dustbin,episode_000006,clean,,,,final_action,gaussian_blur_sigma,1.0,,,,569836324477247425,2603120455614262532,endpoint_l2/left_position,0.03265221789479256
gpu_1,base,clean/put_bottles_dustbin/episode_000006/0_549,put_bottles_dustbin,episode_000006,clean,,,,final_action,gaussian_blur_sigma,1.0,,,,569836324477247425,2603120455614262532,endpoint_l2/right_position,0.004466332495212555
gpu_1,base,clean/put_bottles_dustbin/episode_000006/0_549,put_bottles_dustbin,episode_000006,clean,,,,final_action,gaussian_blur_sigma,1.0,,,,569836324477247425,2603120455614262532,rotation_geodesic/left_rotation,0.016206638887524605
gpu_1,base,clean/put_bottles_dustbin/episode_000006/0_549,put_bottles_dustbin,episode_000006,clean,,,,final_action,gaussian_blur_sigma,1.0,,,,569836324477247425,2603120455614262532,rotation_geodesic/right_rotation,0.02981269359588623
gpu_1,base,clean/put_bottles_dustbin/episode_000006/0_549,put_bottles_dustbin,episode_000006,clean,,,,final_action,gaussian_blur_sigma,1.0,,,,569836324477247425,2603120455614262532,gripper_flip_rate,0.25
gpu_1,base,clean/put_bottles_dustbin/episode_000006/0_549,put_bottles_dustbin,episode_000006,clean,,,,final_action,gaussian_blur_sigma,1.0,,,,569836324477247425,2603120455614262532,temporal_jerk_difference,0.006766831036657095
gpu_1,base,clean/put_bottles_dustbin/episode_000006/0_549,put_bottles_dustbin,episode_000006,clean,,,,final_action,gaussian_noise_std,0.01,,,,569836324477247425,9490953497224402498,action_relative_l2,0.03990639001131058
gpu_1,base,clean/put_bottles_dustbin/episode_000006/0_549,put_bottles_dustbin,episode_000006,clean,,,,final_action,gaussian_noise_std,0.01,,,,569836324477247425,9490953497224402498,action_mean_abs,0.003621221985667944
gpu_1,base,clean/put_bottles_dustbin/episode_000006/0_549,put_bottles_dustbin,episode_000006,clean,,,,final_action,gaussian_noise_std,0.01,,,,569836324477247425,9490953497224402498,action_relative_l2/first_25pct,0.0
gpu_1,base,clean/put_bottles_dustbin/episode_000006/0_549,put_bottles_dustbin,episode_000006,clean,,,,final_action,gaussian_noise_std,0.01,,,,569836324477247425,9490953497224402498,action_relative_l2/last_75pct,0.04226844385266304
gpu_1,base,clean/put_bottles_dustbin/episode_000006/0_549,put_bottles_dustbin,episode_000006,clean,,,,final_action,gaussian_noise_std,0.01,,,,569836324477247425,9490953497224402498,endpoint_l2/left_position,0.0050800871104002
gpu_1,base,clean/put_bottles_dustbin/episode_000006/0_549,put_bottles_dustbin,episode_000006,clean,,,,final_action,gaussian_noise_std,0.01,,,,569836324477247425,9490953497224402498,endpoint_l2/right_position,0.0038946697022765875
gpu_1,base,clean/put_bottles_dustbin/episode_000006/0_549,put_bottles_dustbin,episode_000006,clean,,,,final_action,gaussian_noise_std,0.01,,,,569836324477247425,9490953497224402498,rotation_geodesic/left_rotation,0.010946850292384624
gpu_1,base,clean/put_bottles_dustbin/episode_000006/0_549,put_bottles_dustbin,episode_000006,clean,,,,final_action,gaussian_noise_std,0.01,,,,569836324477247425,9490953497224402498,rotation_geodesic/right_rotation,0.022101091220974922
gpu_1,base,clean/put_bottles_dustbin/episode_000006/0_549,put_bottles_dustbin,episode_000006,clean,,,,final_action,gaussian_noise_std,0.01,,,,569836324477247425,9490953497224402498,gripper_flip_rate,0.0
gpu_1,base,clean/put_bottles_dustbin/episode_000006/0_549,put_bottles_dustbin,episode_000006,clean,,,,final_action,gaussian_noise_std,0.01,,,,569836324477247425,9490953497224402498,temporal_jerk_difference,0.0019214242929592729
gpu_1,base,clean/put_bottles_dustbin/episode_000006/0_549,put_bottles_dustbin,episode_000006,clean,,,,final_action,gaussian_noise_std,0.03,,,,569836324477247425,16403314817068746778,action_relative_l2,0.04164230078458786
gpu_1,base,clean/put_bottles_dustbin/episode_000006/0_549,put_bottles_dustbin,episode_000006,clean,,,,final_action,gaussian_noise_std,0.03,,,,569836324477247425,16403314817068746778,action_mean_abs,0.004637288860976696
gpu_1,base,clean/put_bottles_dustbin/episode_000006/0_549,put_bottles_dustbin,episode_000006,clean,,,,final_action,gaussian_noise_std,0.03,,,,569836324477247425,16403314817068746778,action_relative_l2/first_25pct,0.0
gpu_1,base,clean/put_bottles_dustbin/episode_000006/0_549,put_bottles_dustbin,episode_000006,clean,,,,final_action,gaussian_noise_std,0.03,,,,569836324477247425,16403314817068746778,action_relative_l2/last_75pct,0.0441071018576622
gpu_1,base,clean/put_bottles_dustbin/episode_000006/0_549,put_bottles_dustbin,episode_000006,clean,,,,final_action,gaussian_noise_std,0.03,,,,569836324477247425,16403314817068746778,endpoint_l2/left_position,0.014111582189798355
gpu_1,base,clean/put_bottles_dustbin/episode_000006/0_549,put_bottles_dustbin,episode_000006,clean,,,,final_action,gaussian_noise_std,0.03,,,,569836324477247425,16403314817068746778,endpoint_l2/right_position,0.003586146980524063
gpu_1,base,clean/put_bottles_dustbin/episode_000006/0_549,put_bottles_dustbin,episode_000006,clean,,,,final_action,gaussian_noise_std,0.03,,,,569836324477247425,16403314817068746778,rotation_geodesic/left_rotation,0.012062137946486473
gpu_1,base,clean/put_bottles_dustbin/episode_000006/0_549,put_bottles_dustbin,episode_000006,clean,,,,final_action,gaussian_noise_std,0.03,,,,569836324477247425,16403314817068746778,rotation_geodesic/right_rotation,0.023811092600226402
gpu_1,base,clean/put_bottles_dustbin/episode_000006/0_549,put_bottles_dustbin,episode_000006,clean,,,,final_action,gaussian_noise_std,0.03,,,,569836324477247425,16403314817068746778,gripper_flip_rate,0.0
gpu_1,base,clean/put_bottles_dustbin/episode_000006/0_549,put_bottles_dustbin,episode_000006,clean,,,,final_action,gaussian_noise_std,0.03,,,,569836324477247425,16403314817068746778,temporal_jerk_difference,0.0015970017993822694
gpu_1,base,clean/put_bottles_dustbin/episode_000006/0_549,put_bottles_dustbin,episode_000006,clean,,,,final_action,identity,0.0,,,,569836324477247425,,action_relative_l2,0.0
gpu_1,base,clean/put_bottles_dustbin/episode_000006/0_549,put_bottles_dustbin,episode_000006,clean,,,,final_action,identity,0.0,,,,569836324477247425,,action_mean_abs,0.0
gpu_1,base,clean/put_bottles_dustbin/episode_000006/0_549,put_bottles_dustbin,episode_000006,clean,,,,final_action,identity,0.0,,,,569836324477247425,,action_relative_l2/first_25pct,0.0
gpu_1,base,clean/put_bottles_dustbin/episode_000006/0_549,put_bottles_dustbin,episode_000006,clean,,,,final_action,identity,0.0,,,,569836324477247425,,action_relative_l2/last_75pct,0.0
gpu_1,base,clean/put_bottles_dustbin/episode_000006/0_549,put_bottles_dustbin,episode_000006,clean,,,,final_action,identity,0.0,,,,569836324477247425,,endpoint_l2/left_position,0.0
gpu_1,base,clean/put_bottles_dustbin/episode_000006/0_549,put_bottles_dustbin,episode_000006,clean,,,,final_action,identity,0.0,,,,569836324477247425,,endpoint_l2/right_position,0.0
gpu_1,base,clean/put_bottles_dustbin/episode_000006/0_549,put_bottles_dustbin,episode_000006,clean,,,,final_action,identity,0.0,,,,569836324477247425,,rotation_geodesic/left_rotation,0.0002815168700180948
gpu_1,base,clean/put_bottles_dustbin/episode_000006/0_549,put_bottles_dustbin,episode_000006,clean,,,,final_action,identity,0.0,,,,569836324477247425,,rotation_geodesic/right_rotation,0.000353113078745082
gpu_1,base,clean/put_bottles_dustbin/episode_000006/0_549,put_bottles_dustbin,episode_000006,clean,,,,final_action,identity,0.0,,,,569836324477247425,,gripper_flip_rate,0.0
gpu_1,base,clean/put_bottles_dustbin/episode_000006/0_549,put_bottles_dustbin,episode_000006,clean,,,,final_action,identity,0.0,,,,569836324477247425,,temporal_jerk_difference,0.0
gpu_1,base,clean/turn_switch/episode_000047/0_98,turn_switch,episode_000047,clean,,,,final_action,brightness,0.8,,,,16604683412220122174,2894186492195837140,action_relative_l2,0.029454980045557022
gpu_1,base,clean/turn_switch/episode_000047/0_98,turn_switch,episode_000047,clean,,,,final_action,brightness,0.8,,,,16604683412220122174,2894186492195837140,action_mean_abs,0.004936952143907547
gpu_1,base,clean/turn_switch/episode_000047/0_98,turn_switch,episode_000047,clean,,,,final_action,brightness,0.8,,,,16604683412220122174,2894186492195837140,action_relative_l2/first_25pct,0.0
gpu_1,base,clean/turn_switch/episode_000047/0_98,turn_switch,episode_000047,clean,,,,final_action,brightness,0.8,,,,16604683412220122174,2894186492195837140,action_relative_l2/last_75pct,0.03057733178138733
gpu_1,base,clean/turn_switch/episode_000047/0_98,turn_switch,episode_000047,clean,,,,final_action,brightness,0.8,,,,16604683412220122174,2894186492195837140,endpoint_l2/left_position,0.029780326411128044
gpu_1,base,clean/turn_switch/episode_000047/0_98,turn_switch,episode_000047,clean,,,,final_action,brightness,0.8,,,,16604683412220122174,2894186492195837140,endpoint_l2/right_position,0.01009342446923256
gpu_1,base,clean/turn_switch/episode_000047/0_98,turn_switch,episode_000047,clean,,,,final_action,brightness,0.8,,,,16604683412220122174,2894186492195837140,rotation_geodesic/left_rotation,0.0089931795373559
gpu_1,base,clean/turn_switch/episode_000047/0_98,turn_switch,episode_000047,clean,,,,final_action,brightness,0.8,,,,16604683412220122174,2894186492195837140,rotation_geodesic/right_rotation,0.01664520427584648
gpu_1,base,clean/turn_switch/episode_000047/0_98,turn_switch,episode_000047,clean,,,,final_action,brightness,0.8,,,,16604683412220122174,2894186492195837140,gripper_flip_rate,0.0
gpu_1,base,clean/turn_switch/episode_000047/0_98,turn_switch,episode_000047,clean,,,,final_action,brightness,0.8,,,,16604683412220122174,2894186492195837140,temporal_jerk_difference,0.0023541594855487347
gpu_1,base,clean/turn_switch/episode_000047/0_98,turn_switch,episode_000047,clean,,,,final_action,brightness,1.2,,,,16604683412220122174,3109882623584244822,action_relative_l2,0.017453817650675774
gpu_1,base,clean/turn_switch/episode_000047/0_98,turn_switch,episode_000047,clean,,,,final_action,brightness,1.2,,,,16604683412220122174,3109882623584244822,action_mean_abs,0.002435348927974701
gpu_1,base,clean/turn_switch/episode_000047/0_98,turn_switch,episode_000047,clean,,,,final_action,brightness,1.2,,,,16604683412220122174,3109882623584244822,action_relative_l2/first_25pct,0.0
gpu_1,base,clean/turn_switch/episode_000047/0_98,turn_switch,episode_000047,clean,,,,final_action,brightness,1.2,,,,16604683412220122174,3109882623584244822,action_relative_l2/last_75pct,0.018118876963853836
gpu_1,base,clean/turn_switch/episode_000047/0_98,turn_switch,episode_000047,clean,,,,final_action,brightness,1.2,,,,16604683412220122174,3109882623584244822,endpoint_l2/left_position,0.009896409697830677
gpu_1,base,clean/turn_switch/episode_000047/0_98,turn_switch,episode_000047,clean,,,,final_action,brightness,1.2,,,,16604683412220122174,3109882623584244822,endpoint_l2/right_position,0.0038324655033648014
gpu_1,base,clean/turn_switch/episode_000047/0_98,turn_switch,episode_000047,clean,,,,final_action,brightness,1.2,,,,16604683412220122174,3109882623584244822,rotation_geodesic/left_rotation,0.008926568552851677
gpu_1,base,clean/turn_switch/episode_000047/0_98,turn_switch,episode_000047,clean,,,,final_action,brightness,1.2,,,,16604683412220122174,3109882623584244822,rotation_geodesic/right_rotation,0.010187997482717037
gpu_1,base,clean/turn_switch/episode_000047/0_98,turn_switch,episode_000047,clean,,,,final_action,brightness,1.2,,,,16604683412220122174,3109882623584244822,gripper_flip_rate,0.0
gpu_1,base,clean/turn_switch/episode_000047/0_98,turn_switch,episode_000047,clean,,,,final_action,brightness,1.2,,,,16604683412220122174,3109882623584244822,temporal_jerk_difference,0.0019173853797838092
gpu_1,base,clean/turn_switch/episode_000047/0_98,turn_switch,episode_000047,clean,,,,final_action,color_temperature,-0.1,,,,16604683412220122174,13981428570655036527,action_relative_l2,0.0508250892162323
gpu_1,base,clean/turn_switch/episode_000047/0_98,turn_switch,episode_000047,clean,,,,final_action,color_temperature,-0.1,,,,16604683412220122174,13981428570655036527,action_mean_abs,0.0062404777854681015
gpu_1,base,clean/turn_switch/episode_000047/0_98,turn_switch,episode_000047,clean,,,,final_action,color_temperature,-0.1,,,,16604683412220122174,13981428570655036527,action_relative_l2/first_25pct,0.0
gpu_1,base,clean/turn_switch/episode_000047/0_98,turn_switch,episode_000047,clean,,,,final_action,color_temperature,-0.1,,,,16604683412220122174,13981428570655036527,action_relative_l2/last_75pct,0.05276172608137131
gpu_1,base,clean/turn_switch/episode_000047/0_98,turn_switch,episode_000047,clean,,,,final_action,color_temperature,-0.1,,,,16604683412220122174,13981428570655036527,endpoint_l2/left_position,0.031118258833885193
gpu_1,base,clean/turn_switch/episode_000047/0_98,turn_switch,episode_000047,clean,,,,final_action,color_temperature,-0.1,,,,16604683412220122174,13981428570655036527,endpoint_l2/right_position,0.008315282873809338
gpu_1,base,clean/turn_switch/episode_000047/0_98,turn_switch,episode_000047,clean,,,,final_action,color_temperature,-0.1,,,,16604683412220122174,13981428570655036527,rotation_geodesic/left_rotation,0.006032888777554035
gpu_1,base,clean/turn_switch/episode_000047/0_98,turn_switch,episode_000047,clean,,,,final_action,color_temperature,-0.1,,,,16604683412220122174,13981428570655036527,rotation_geodesic/right_rotation,0.027808455750346184
gpu_1,base,clean/turn_switch/episode_000047/0_98,turn_switch,episode_000047,clean,,,,final_action,color_temperature,-0.1,,,,16604683412220122174,13981428570655036527,gripper_flip_rate,0.0
gpu_1,base,clean/turn_switch/episode_000047/0_98,turn_switch,episode_000047,clean,,,,final_action,color_temperature,-0.1,,,,16604683412220122174,13981428570655036527,temporal_jerk_difference,0.0024381293915212154
gpu_1,base,clean/turn_switch/episode_000047/0_98,turn_switch,episode_000047,clean,,,,final_action,color_temperature,0.1,,,,16604683412220122174,7431615385873627060,action_relative_l2,0.029699781909585
gpu_1,base,clean/turn_switch/episode_000047/0_98,turn_switch,episode_000047,clean,,,,final_action,color_temperature,0.1,,,,16604683412220122174,7431615385873627060,action_mean_abs,0.003524525323882699
gpu_1,base,clean/turn_switch/episode_000047/0_98,turn_switch,episode_000047,clean,,,,final_action,color_temperature,0.1,,,,16604683412220122174,7431615385873627060,action_relative_l2/first_25pct,0.0
gpu_1,base,clean/turn_switch/episode_000047/0_98,turn_switch,episode_000047,clean,,,,final_action,color_temperature,0.1,,,,16604683412220122174,7431615385873627060,action_relative_l2/last_75pct,0.030831461772322655
gpu_1,base,clean/turn_switch/episode_000047/0_98,turn_switch,episode_000047,clean,,,,final_action,color_temperature,0.1,,,,16604683412220122174,7431615385873627060,endpoint_l2/left_position,0.020058492198586464
gpu_1,base,clean/turn_switch/episode_000047/0_98,turn_switch,episode_000047,clean,,,,final_action,color_temperature,0.1,,,,16604683412220122174,7431615385873627060,endpoint_l2/right_position,0.003981971647590399
gpu_1,base,clean/turn_switch/episode_000047/0_98,turn_switch,episode_000047,clean,,,,final_action,color_temperature,0.1,,,,16604683412220122174,7431615385873627060,rotation_geodesic/left_rotation,0.00564015144482255
gpu_1,base,clean/turn_switch/episode_000047/0_98,turn_switch,episode_000047,clean,,,,final_action,color_temperature,0.1,,,,16604683412220122174,7431615385873627060,rotation_geodesic/right_rotation,0.007373095955699682
gpu_1,base,clean/turn_switch/episode_000047/0_98,turn_switch,episode_000047,clean,,,,final_action,color_temperature,0.1,,,,16604683412220122174,7431615385873627060,gripper_flip_rate,0.0
gpu_1,base,clean/turn_switch/episode_000047/0_98,turn_switch,episode_000047,clean,,,,final_action,color_temperature,0.1,,,,16604683412220122174,7431615385873627060,temporal_jerk_difference,0.002161160809919238
gpu_1,base,clean/turn_switch/episode_000047/0_98,turn_switch,episode_000047,clean,,,,final_action,gamma,0.8,,,,16604683412220122174,8944454782225478405,action_relative_l2,0.031244944781064987
gpu_1,base,clean/turn_switch/episode_000047/0_98,turn_switch,episode_000047,clean,,,,final_action,gamma,0.8,,,,16604683412220122174,8944454782225478405,action_mean_abs,0.003906670957803726
gpu_1,base,clean/turn_switch/episode_000047/0_98,turn_switch,episode_000047,clean,,,,final_action,gamma,0.8,,,,16604683412220122174,8944454782225478405,action_relative_l2/first_25pct,0.0
gpu_1,base,clean/turn_switch/episode_000047/0_98,turn_switch,episode_000047,clean,,,,final_action,gamma,0.8,,,,16604683412220122174,8944454782225478405,action_relative_l2/last_75pct,0.03243550285696983
gpu_1,base,clean/turn_switch/episode_000047/0_98,turn_switch,episode_000047,clean,,,,final_action,gamma,0.8,,,,16604683412220122174,8944454782225478405,endpoint_l2/left_position,0.018381422385573387
gpu_1,base,clean/turn_switch/episode_000047/0_98,turn_switch,episode_000047,clean,,,,final_action,gamma,0.8,,,,16604683412220122174,8944454782225478405,endpoint_l2/right_position,0.004915478639304638
gpu_1,base,clean/turn_switch/episode_000047/0_98,turn_switch,episode_000047,clean,,,,final_action,gamma,0.8,,,,16604683412220122174,8944454782225478405,rotation_geodesic/left_rotation,0.005705452989786863
gpu_1,base,clean/turn_switch/episode_000047/0_98,turn_switch,episode_000047,clean,,,,final_action,gamma,0.8,,,,16604683412220122174,8944454782225478405,rotation_geodesic/right_rotation,0.010791447944939137
gpu_1,base,clean/turn_switch/episode_000047/0_98,turn_switch,episode_000047,clean,,,,final_action,gamma,0.8,,,,16604683412220122174,8944454782225478405,gripper_flip_rate,0.0
gpu_1,base,clean/turn_switch/episode_000047/0_98,turn_switch,episode_000047,clean,,,,final_action,gamma,0.8,,,,16604683412220122174,8944454782225478405,temporal_jerk_difference,0.0019361068261787295
gpu_1,base,clean/turn_switch/episode_000047/0_98,turn_switch,episode_000047,clean,,,,final_action,gamma,1.2,,,,16604683412220122174,12775208076006040830,action_relative_l2,0.041356224566698074
gpu_1,base,clean/turn_switch/episode_000047/0_98,turn_switch,episode_000047,clean,,,,final_action,gamma,1.2,,,,16604683412220122174,12775208076006040830,action_mean_abs,0.004596995655447245
gpu_1,base,clean/turn_switch/episode_000047/0_98,turn_switch,episode_000047,clean,,,,final_action,gamma,1.2,,,,16604683412220122174,12775208076006040830,action_relative_l2/first_25pct,0.0
gpu_1,base,clean/turn_switch/episode_000047/0_98,turn_switch,episode_000047,clean,,,,final_action,gamma,1.2,,,,16604683412220122174,12775208076006040830,action_relative_l2/last_75pct,0.04293205961585045
gpu_1,base,clean/turn_switch/episode_000047/0_98,turn_switch,episode_000047,clean,,,,final_action,gamma,1.2,,,,16604683412220122174,12775208076006040830,endpoint_l2/left_position,0.01909184642136097
gpu_1,base,clean/turn_switch/episode_000047/0_98,turn_switch,episode_000047,clean,,,,final_action,gamma,1.2,,,,16604683412220122174,12775208076006040830,endpoint_l2/right_position,0.004915478639304638
gpu_1,base,clean/turn_switch/episode_000047/0_98,turn_switch,episode_000047,clean,,,,final_action,gamma,1.2,,,,16604683412220122174,12775208076006040830,rotation_geodesic/left_rotation,0.0023333397693932056
gpu_1,base,clean/turn_switch/episode_000047/0_98,turn_switch,episode_000047,clean,,,,final_action,gamma,1.2,,,,16604683412220122174,12775208076006040830,rotation_geodesic/right_rotation,0.018498610705137253
gpu_1,base,clean/turn_switch/episode_000047/0_98,turn_switch,episode_000047,clean,,,,final_action,gamma,1.2,,,,16604683412220122174,12775208076006040830,gripper_flip_rate,0.0
gpu_1,base,clean/turn_switch/episode_000047/0_98,turn_switch,episode_000047,clean,,,,final_action,gamma,1.2,,,,16604683412220122174,12775208076006040830,temporal_jerk_difference,0.0017721235053613782
gpu_1,base,clean/turn_switch/episode_000047/0_98,turn_switch,episode_000047,clean,,,,final_action,gaussian_blur_sigma,0.5,,,,16604683412220122174,17406867596367059733,action_relative_l2,0.0051096705719828606
gpu_1,base,clean/turn_switch/episode_000047/0_98,turn_switch,episode_000047,clean,,,,final_action,gaussian_blur_sigma,0.5,,,,16604683412220122174,17406867596367059733,action_mean_abs,0.0004777064605150372
gpu_1,base,clean/turn_switch/episode_000047/0_98,turn_switch,episode_000047,clean,,,,final_action,gaussian_blur_sigma,0.5,,,,16604683412220122174,17406867596367059733,action_relative_l2/first_25pct,0.0
gpu_1,base,clean/turn_switch/episode_000047/0_98,turn_switch,episode_000047,clean,,,,final_action,gaussian_blur_sigma,0.5,,,,16604683412220122174,17406867596367059733,action_relative_l2/last_75pct,0.005304369144141674
gpu_1,base,clean/turn_switch/episode_000047/0_98,turn_switch,episode_000047,clean,,,,final_action,gaussian_blur_sigma,0.5,,,,16604683412220122174,17406867596367059733,endpoint_l2/left_position,0.0012164522195234895
gpu_1,base,clean/turn_switch/episode_000047/0_98,turn_switch,episode_000047,clean,,,,final_action,gaussian_blur_sigma,0.5,,,,16604683412220122174,17406867596367059733,endpoint_l2/right_position,0.0011679083108901978
gpu_1,base,clean/turn_switch/episode_000047/0_98,turn_switch,episode_000047,clean,,,,final_action,gaussian_blur_sigma,0.5,,,,16604683412220122174,17406867596367059733,rotation_geodesic/left_rotation,0.0007659487891942263
gpu_1,base,clean/turn_switch/episode_000047/0_98,turn_switch,episode_000047,clean,,,,final_action,gaussian_blur_sigma,0.5,,,,16604683412220122174,17406867596367059733,rotation_geodesic/right_rotation,0.0032358744647353888
gpu_1,base,clean/turn_switch/episode_000047/0_98,turn_switch,episode_000047,clean,,,,final_action,gaussian_blur_sigma,0.5,,,,16604683412220122174,17406867596367059733,gripper_flip_rate,0.0
gpu_1,base,clean/turn_switch/episode_000047/0_98,turn_switch,episode_000047,clean,,,,final_action,gaussian_blur_sigma,0.5,,,,16604683412220122174,17406867596367059733,temporal_jerk_difference,0.0011231350945308805
gpu_1,base,clean/turn_switch/episode_000047/0_98,turn_switch,episode_000047,clean,,,,final_action,gaussian_blur_sigma,1.0,,,,16604683412220122174,1591302671540779324,action_relative_l2,0.008133649826049805
gpu_1,base,clean/turn_switch/episode_000047/0_98,turn_switch,episode_000047,clean,,,,final_action,gaussian_blur_sigma,1.0,,,,16604683412220122174,1591302671540779324,action_mean_abs,0.0009032358648255467
gpu_1,base,clean/turn_switch/episode_000047/0_98,turn_switch,episode_000047,clean,,,,final_action,gaussian_blur_sigma,1.0,,,,16604683412220122174,1591302671540779324,action_relative_l2/first_25pct,0.0
gpu_1,base,clean/turn_switch/episode_000047/0_98,turn_switch,episode_000047,clean,,,,final_action,gaussian_blur_sigma,1.0,,,,16604683412220122174,1591302671540779324,action_relative_l2/last_75pct,0.008443573489785194
gpu_1,base,clean/turn_switch/episode_000047/0_98,turn_switch,episode_000047,clean,,,,final_action,gaussian_blur_sigma,1.0,,,,16604683412220122174,1591302671540779324,endpoint_l2/left_position,0.003115016268566251
gpu_1,base,clean/turn_switch/episode_000047/0_98,turn_switch,episode_000047,clean,,,,final_action,gaussian_blur_sigma,1.0,,,,16604683412220122174,1591302671540779324,endpoint_l2/right_position,0.0011679083108901978
gpu_1,base,clean/turn_switch/episode_000047/0_98,turn_switch,episode_000047,clean,,,,final_action,gaussian_blur_sigma,1.0,,,,16604683412220122174,1591302671540779324,rotation_geodesic/left_rotation,0.002106442116200924
gpu_1,base,clean/turn_switch/episode_000047/0_98,turn_switch,episode_000047,clean,,,,final_action,gaussian_blur_sigma,1.0,,,,16604683412220122174,1591302671540779324,rotation_geodesic/right_rotation,0.003091369289904833
gpu_1,base,clean/turn_switch/episode_000047/0_98,turn_switch,episode_000047,clean,,,,final_action,gaussian_blur_sigma,1.0,,,,16604683412220122174,1591302671540779324,gripper_flip_rate,0.0
gpu_1,base,clean/turn_switch/episode_000047/0_98,turn_switch,episode_000047,clean,,,,final_action,gaussian_blur_sigma,1.0,,,,16604683412220122174,1591302671540779324,temporal_jerk_difference,0.0010599626693874598
gpu_1,base,clean/turn_switch/episode_000047/0_98,turn_switch,episode_000047,clean,,,,final_action,gaussian_noise_std,0.01,,,,16604683412220122174,12285946054869263813,action_relative_l2,0.04897089675068855
gpu_1,base,clean/turn_switch/episode_000047/0_98,turn_switch,episode_000047,clean,,,,final_action,gaussian_noise_std,0.01,,,,16604683412220122174,12285946054869263813,action_mean_abs,0.0066041783429682255
gpu_1,base,clean/turn_switch/episode_000047/0_98,turn_switch,episode_000047,clean,,,,final_action,gaussian_noise_std,0.01,,,,16604683412220122174,12285946054869263813,action_relative_l2/first_25pct,0.0
gpu_1,base,clean/turn_switch/episode_000047/0_98,turn_switch,episode_000047,clean,,,,final_action,gaussian_noise_std,0.01,,,,16604683412220122174,12285946054869263813,action_relative_l2/last_75pct,0.05083688348531723
gpu_1,base,clean/turn_switch/episode_000047/0_98,turn_switch,episode_000047,clean,,,,final_action,gaussian_noise_std,0.01,,,,16604683412220122174,12285946054869263813,endpoint_l2/left_position,0.03360326588153839
gpu_1,base,clean/turn_switch/episode_000047/0_98,turn_switch,episode_000047,clean,,,,final_action,gaussian_noise_std,0.01,,,,16604683412220122174,12285946054869263813,endpoint_l2/right_position,0.0025606430135667324
gpu_1,base,clean/turn_switch/episode_000047/0_98,turn_switch,episode_000047,clean,,,,final_action,gaussian_noise_std,0.01,,,,16604683412220122174,12285946054869263813,rotation_geodesic/left_rotation,0.009201345965266228
gpu_1,base,clean/turn_switch/episode_000047/0_98,turn_switch,episode_000047,clean,,,,final_action,gaussian_noise_std,0.01,,,,16604683412220122174,12285946054869263813,rotation_geodesic/right_rotation,0.031705841422080994
gpu_1,base,clean/turn_switch/episode_000047/0_98,turn_switch,episode_000047,clean,,,,final_action,gaussian_noise_std,0.01,,,,16604683412220122174,12285946054869263813,gripper_flip_rate,0.0
gpu_1,base,clean/turn_switch/episode_000047/0_98,turn_switch,episode_000047,clean,,,,final_action,gaussian_noise_std,0.01,,,,16604683412220122174,12285946054869263813,temporal_jerk_difference,0.002449578605592251
gpu_1,base,clean/turn_switch/episode_000047/0_98,turn_switch,episode_000047,clean,,,,final_action,gaussian_noise_std,0.03,,,,16604683412220122174,11263194624413296043,action_relative_l2,0.04470307379961014
gpu_1,base,clean/turn_switch/episode_000047/0_98,turn_switch,episode_000047,clean,,,,final_action,gaussian_noise_std,0.03,,,,16604683412220122174,11263194624413296043,action_mean_abs,0.006207948550581932
gpu_1,base,clean/turn_switch/episode_000047/0_98,turn_switch,episode_000047,clean,,,,final_action,gaussian_noise_std,0.03,,,,16604683412220122174,11263194624413296043,action_relative_l2/first_25pct,0.0
gpu_1,base,clean/turn_switch/episode_000047/0_98,turn_switch,episode_000047,clean,,,,final_action,gaussian_noise_std,0.03,,,,16604683412220122174,11263194624413296043,action_relative_l2/last_75pct,0.04640644043684006
gpu_1,base,clean/turn_switch/episode_000047/0_98,turn_switch,episode_000047,clean,,,,final_action,gaussian_noise_std,0.03,,,,16604683412220122174,11263194624413296043,endpoint_l2/left_position,0.02919423207640648
gpu_1,base,clean/turn_switch/episode_000047/0_98,turn_switch,episode_000047,clean,,,,final_action,gaussian_noise_std,0.03,,,,16604683412220122174,11263194624413296043,endpoint_l2/right_position,0.0013958782656118274
gpu_1,base,clean/turn_switch/episode_000047/0_98,turn_switch,episode_000047,clean,,,,final_action,gaussian_noise_std,0.03,,,,16604683412220122174,11263194624413296043,rotation_geodesic/left_rotation,0.008979461155831814
gpu_1,base,clean/turn_switch/episode_000047/0_98,turn_switch,episode_000047,clean,,,,final_action,gaussian_noise_std,0.03,,,,16604683412220122174,11263194624413296043,rotation_geodesic/right_rotation,0.04055273160338402
gpu_1,base,clean/turn_switch/episode_000047/0_98,turn_switch,episode_000047,clean,,,,final_action,gaussian_noise_std,0.03,,,,16604683412220122174,11263194624413296043,gripper_flip_rate,0.0
gpu_1,base,clean/turn_switch/episode_000047/0_98,turn_switch,episode_000047,clean,,,,final_action,gaussian_noise_std,0.03,,,,16604683412220122174,11263194624413296043,temporal_jerk_difference,0.0020926049910485744
gpu_1,base,clean/turn_switch/episode_000047/0_98,turn_switch,episode_000047,clean,,,,final_action,identity,0.0,,,,16604683412220122174,,action_relative_l2,0.0
gpu_1,base,clean/turn_switch/episode_000047/0_98,turn_switch,episode_000047,clean,,,,final_action,identity,0.0,,,,16604683412220122174,,action_mean_abs,0.0
gpu_1,base,clean/turn_switch/episode_000047/0_98,turn_switch,episode_000047,clean,,,,final_action,identity,0.0,,,,16604683412220122174,,action_relative_l2/first_25pct,0.0
gpu_1,base,clean/turn_switch/episode_000047/0_98,turn_switch,episode_000047,clean,,,,final_action,identity,0.0,,,,16604683412220122174,,action_relative_l2/last_75pct,0.0
gpu_1,base,clean/turn_switch/episode_000047/0_98,turn_switch,episode_000047,clean,,,,final_action,identity,0.0,,,,16604683412220122174,,endpoint_l2/left_position,0.0
gpu_1,base,clean/turn_switch/episode_000047/0_98,turn_switch,episode_000047,clean,,,,final_action,identity,0.0,,,,16604683412220122174,,endpoint_l2/right_position,0.0
gpu_1,base,clean/turn_switch/episode_000047/0_98,turn_switch,episode_000047,clean,,,,final_action,identity,0.0,,,,16604683412220122174,,rotation_geodesic/left_rotation,0.0002962373837362975
gpu_1,base,clean/turn_switch/episode_000047/0_98,turn_switch,episode_000047,clean,,,,final_action,identity,0.0,,,,16604683412220122174,,rotation_geodesic/right_rotation,9.525514178676531e-05
gpu_1,base,clean/turn_switch/episode_000047/0_98,turn_switch,episode_000047,clean,,,,final_action,identity,0.0,,,,16604683412220122174,,gripper_flip_rate,0.0
gpu_1,base,clean/turn_switch/episode_000047/0_98,turn_switch,episode_000047,clean,,,,final_action,identity,0.0,,,,16604683412220122174,,temporal_jerk_difference,0.0
gpu_1,clean,clean/click_bell/episode_000027/0_74,click_bell,episode_000027,clean,,,,final_action,brightness,0.8,,,,4100563280526850425,4321181102006504660,action_relative_l2,0.019905906170606613
gpu_1,clean,clean/click_bell/episode_000027/0_74,click_bell,episode_000027,clean,,,,final_action,brightness,0.8,,,,4100563280526850425,4321181102006504660,action_mean_abs,0.0032219253480434418
gpu_1,clean,clean/click_bell/episode_000027/0_74,click_bell,episode_000027,clean,,,,final_action,brightness,0.8,,,,4100563280526850425,4321181102006504660,action_relative_l2/first_25pct,0.0
gpu_1,clean,clean/click_bell/episode_000027/0_74,click_bell,episode_000027,clean,,,,final_action,brightness,0.8,,,,4100563280526850425,4321181102006504660,action_relative_l2/last_75pct,0.02061263658106327
gpu_1,clean,clean/click_bell/episode_000027/0_74,click_bell,episode_000027,clean,,,,final_action,brightness,0.8,,,,4100563280526850425,4321181102006504660,endpoint_l2/left_position,0.009839416481554508
gpu_1,clean,clean/click_bell/episode_000027/0_74,click_bell,episode_000027,clean,,,,final_action,brightness,0.8,,,,4100563280526850425,4321181102006504660,endpoint_l2/right_position,0.019387980923056602
gpu_1,clean,clean/click_bell/episode_000027/0_74,click_bell,episode_000027,clean,,,,final_action,brightness,0.8,,,,4100563280526850425,4321181102006504660,rotation_geodesic/left_rotation,0.005721867084503174
gpu_1,clean,clean/click_bell/episode_000027/0_74,click_bell,episode_000027,clean,,,,final_action,brightness,0.8,,,,4100563280526850425,4321181102006504660,rotation_geodesic/right_rotation,0.030568599700927734
gpu_1,clean,clean/click_bell/episode_000027/0_74,click_bell,episode_000027,clean,,,,final_action,brightness,0.8,,,,4100563280526850425,4321181102006504660,gripper_flip_rate,0.0
gpu_1,clean,clean/click_bell/episode_000027/0_74,click_bell,episode_000027,clean,,,,final_action,brightness,0.8,,,,4100563280526850425,4321181102006504660,temporal_jerk_difference,0.0016625417629256845
gpu_1,clean,clean/click_bell/episode_000027/0_74,click_bell,episode_000027,clean,,,,final_action,brightness,1.2,,,,4100563280526850425,4579322019718184357,action_relative_l2,0.012200111523270607
gpu_1,clean,clean/click_bell/episode_000027/0_74,click_bell,episode_000027,clean,,,,final_action,brightness,1.2,,,,4100563280526850425,4579322019718184357,action_mean_abs,0.001729337964206934
gpu_1,clean,clean/click_bell/episode_000027/0_74,click_bell,episode_000027,clean,,,,final_action,brightness,1.2,,,,4100563280526850425,4579322019718184357,action_relative_l2/first_25pct,0.0
gpu_1,clean,clean/click_bell/episode_000027/0_74,click_bell,episode_000027,clean,,,,final_action,brightness,1.2,,,,4100563280526850425,4579322019718184357,action_relative_l2/last_75pct,0.012633257545530796
gpu_1,clean,clean/click_bell/episode_000027/0_74,click_bell,episode_000027,clean,,,,final_action,brightness,1.2,,,,4100563280526850425,4579322019718184357,endpoint_l2/left_position,0.0022472271230071783
gpu_1,clean,clean/click_bell/episode_000027/0_74,click_bell,episode_000027,clean,,,,final_action,brightness,1.2,,,,4100563280526850425,4579322019718184357,endpoint_l2/right_position,0.02091240882873535
gpu_1,clean,clean/click_bell/episode_000027/0_74,click_bell,episode_000027,clean,,,,final_action,brightness,1.2,,,,4100563280526850425,4579322019718184357,rotation_geodesic/left_rotation,0.002991091925650835
gpu_1,clean,clean/click_bell/episode_000027/0_74,click_bell,episode_000027,clean,,,,final_action,brightness,1.2,,,,4100563280526850425,4579322019718184357,rotation_geodesic/right_rotation,0.020396165549755096
gpu_1,clean,clean/click_bell/episode_000027/0_74,click_bell,episode_000027,clean,,,,final_action,brightness,1.2,,,,4100563280526850425,4579322019718184357,gripper_flip_rate,0.0
gpu_1,clean,clean/click_bell/episode_000027/0_74,click_bell,episode_000027,clean,,,,final_action,brightness,1.2,,,,4100563280526850425,4579322019718184357,temporal_jerk_difference,0.0012884843163192272
gpu_1,clean,clean/click_bell/episode_000027/0_74,click_bell,episode_000027,clean,,,,final_action,color_temperature,-0.1,,,,4100563280526850425,15847343748376151180,action_relative_l2,0.01752261072397232
gpu_1,clean,clean/click_bell/episode_000027/0_74,click_bell,episode_000027,clean,,,,final_action,color_temperature,-0.1,,,,4100563280526850425,15847343748376151180,action_mean_abs,0.002920128172263503
gpu_1,clean,clean/click_bell/episode_000027/0_74,click_bell,episode_000027,clean,,,,final_action,color_temperature,-0.1,,,,4100563280526850425,15847343748376151180,action_relative_l2/first_25pct,0.0
gpu_1,clean,clean/click_bell/episode_000027/0_74,click_bell,episode_000027,clean,,,,final_action,color_temperature,-0.1,,,,4100563280526850425,15847343748376151180,action_relative_l2/last_75pct,0.018144723027944565
gpu_1,clean,clean/click_bell/episode_000027/0_74,click_bell,episode_000027,clean,,,,final_action,color_temperature,-0.1,,,,4100563280526850425,15847343748376151180,endpoint_l2/left_position,0.007390735205262899
gpu_1,clean,clean/click_bell/episode_000027/0_74,click_bell,episode_000027,clean,,,,final_action,color_temperature,-0.1,,,,4100563280526850425,15847343748376151180,endpoint_l2/right_position,0.011637956835329533
gpu_1,clean,clean/click_bell/episode_000027/0_74,click_bell,episode_000027,clean,,,,final_action,color_temperature,-0.1,,,,4100563280526850425,15847343748376151180,rotation_geodesic/left_rotation,0.007405280601233244
gpu_1,clean,clean/click_bell/episode_000027/0_74,click_bell,episode_000027,clean,,,,final_action,color_temperature,-0.1,,,,4100563280526850425,15847343748376151180,rotation_geodesic/right_rotation,0.03044639155268669
gpu_1,clean,clean/click_bell/episode_000027/0_74,click_bell,episode_000027,clean,,,,final_action,color_temperature,-0.1,,,,4100563280526850425,15847343748376151180,gripper_flip_rate,0.0
gpu_1,clean,clean/click_bell/episode_000027/0_74,click_bell,episode_000027,clean,,,,final_action,color_temperature,-0.1,,,,4100563280526850425,15847343748376151180,temporal_jerk_difference,0.001738085295073688
gpu_1,clean,clean/click_bell/episode_000027/0_74,click_bell,episode_000027,clean,,,,final_action,color_temperature,0.1,,,,4100563280526850425,875813543527471210,action_relative_l2,0.010370158590376377
gpu_1,clean,clean/click_bell/episode_000027/0_74,click_bell,episode_000027,clean,,,,final_action,color_temperature,0.1,,,,4100563280526850425,875813543527471210,action_mean_abs,0.0011996470857411623
gpu_1,clean,clean/click_bell/episode_000027/0_74,click_bell,episode_000027,clean,,,,final_action,color_temperature,0.1,,,,4100563280526850425,875813543527471210,action_relative_l2/first_25pct,0.0
gpu_1,clean,clean/click_bell/episode_000027/0_74,click_bell,episode_000027,clean,,,,final_action,color_temperature,0.1,,,,4100563280526850425,875813543527471210,action_relative_l2/last_75pct,0.01073833554983139
gpu_1,clean,clean/click_bell/episode_000027/0_74,click_bell,episode_000027,clean,,,,final_action,color_temperature,0.1,,,,4100563280526850425,875813543527471210,endpoint_l2/left_position,0.001584343728609383
gpu_1,clean,clean/click_bell/episode_000027/0_74,click_bell,episode_000027,clean,,,,final_action,color_temperature,0.1,,,,4100563280526850425,875813543527471210,endpoint_l2/right_position,0.005585783161222935
gpu_1,clean,clean/click_bell/episode_000027/0_74,click_bell,episode_000027,clean,,,,final_action,color_temperature,0.1,,,,4100563280526850425,875813543527471210,rotation_geodesic/left_rotation,0.0045902542769908905
gpu_1,clean,clean/click_bell/episode_000027/0_74,click_bell,episode_000027,clean,,,,final_action,color_temperature,0.1,,,,4100563280526850425,875813543527471210,rotation_geodesic/right_rotation,0.016468346118927002
gpu_1,clean,clean/click_bell/episode_000027/0_74,click_bell,episode_000027,clean,,,,final_action,color_temperature,0.1,,,,4100563280526850425,875813543527471210,gripper_flip_rate,0.0
gpu_1,clean,clean/click_bell/episode_000027/0_74,click_bell,episode_000027,clean,,,,final_action,color_temperature,0.1,,,,4100563280526850425,875813543527471210,temporal_jerk_difference,0.0015103410696610808
gpu_1,clean,clean/click_bell/episode_000027/0_74,click_bell,episode_000027,clean,,,,final_action,gamma,0.8,,,,4100563280526850425,12912083535656245349,action_relative_l2,0.003922602627426386
gpu_1,clean,clean/click_bell/episode_000027/0_74,click_bell,episode_000027,clean,,,,final_action,gamma,0.8,,,,4100563280526850425,12912083535656245349,action_mean_abs,0.0003576466697268188
gpu_1,clean,clean/click_bell/episode_000027/0_74,click_bell,episode_000027,clean,,,,final_action,gamma,0.8,,,,4100563280526850425,12912083535656245349,action_relative_l2/first_25pct,0.0
gpu_1,clean,clean/click_bell/episode_000027/0_74,click_bell,episode_000027,clean,,,,final_action,gamma,0.8,,,,4100563280526850425,12912083535656245349,action_relative_l2/last_75pct,0.004061868879944086
gpu_1,clean,clean/click_bell/episode_000027/0_74,click_bell,episode_000027,clean,,,,final_action,gamma,0.8,,,,4100563280526850425,12912083535656245349,endpoint_l2/left_position,0.0007806755602359772
gpu_1,clean,clean/click_bell/episode_000027/0_74,click_bell,episode_000027,clean,,,,final_action,gamma,0.8,,,,4100563280526850425,12912083535656245349,endpoint_l2/right_position,0.0032735716085880995
gpu_1,clean,clean/click_bell/episode_000027/0_74,click_bell,episode_000027,clean,,,,final_action,gamma,0.8,,,,4100563280526850425,12912083535656245349,rotation_geodesic/left_rotation,0.0005961784045211971
gpu_1,clean,clean/click_bell/episode_000027/0_74,click_bell,episode_000027,clean,,,,final_action,gamma,0.8,,,,4100563280526850425,12912083535656245349,rotation_geodesic/right_rotation,0.004095831885933876
gpu_1,clean,clean/click_bell/episode_000027/0_74,click_bell,episode_000027,clean,,,,final_action,gamma,0.8,,,,4100563280526850425,12912083535656245349,gripper_flip_rate,0.0
gpu_1,clean,clean/click_bell/episode_000027/0_74,click_bell,episode_000027,clean,,,,final_action,gamma,0.8,,,,4100563280526850425,12912083535656245349,temporal_jerk_difference,0.0008497920352965593
gpu_1,clean,clean/click_bell/episode_000027/0_74,click_bell,episode_000027,clean,,,,final_action,gamma,1.2,,,,4100563280526850425,7766064385072394058,action_relative_l2,0.004192979075014591
gpu_1,clean,clean/click_bell/episode_000027/0_74,click_bell,episode_000027,clean,,,,final_action,gamma,1.2,,,,4100563280526850425,7766064385072394058,action_mean_abs,0.0003542291233316064
gpu_1,clean,clean/click_bell/episode_000027/0_74,click_bell,episode_000027,clean,,,,final_action,gamma,1.2,,,,4100563280526850425,7766064385072394058,action_relative_l2/first_25pct,0.0
gpu_1,clean,clean/click_bell/episode_000027/0_74,click_bell,episode_000027,clean,,,,final_action,gamma,1.2,,,,4100563280526850425,7766064385072394058,action_relative_l2/last_75pct,0.004341844003647566
gpu_1,clean,clean/click_bell/episode_000027/0_74,click_bell,episode_000027,clean,,,,final_action,gamma,1.2,,,,4100563280526850425,7766064385072394058,endpoint_l2/left_position,0.00045955926179885864
gpu_1,clean,clean/click_bell/episode_000027/0_74,click_bell,episode_000027,clean,,,,final_action,gamma,1.2,,,,4100563280526850425,7766064385072394058,endpoint_l2/right_position,0.0
gpu_1,clean,clean/click_bell/episode_000027/0_74,click_bell,episode_000027,clean,,,,final_action,gamma,1.2,,,,4100563280526850425,7766064385072394058,rotation_geodesic/left_rotation,0.0024831395130604506
gpu_1,clean,clean/click_bell/episode_000027/0_74,click_bell,episode_000027,clean,,,,final_action,gamma,1.2,,,,4100563280526850425,7766064385072394058,rotation_geodesic/right_rotation,0.003616730682551861
gpu_1,clean,clean/click_bell/episode_000027/0_74,click_bell,episode_000027,clean,,,,final_action,gamma,1.2,,,,4100563280526850425,7766064385072394058,gripper_flip_rate,0.0
gpu_1,clean,clean/click_bell/episode_000027/0_74,click_bell,episode_000027,clean,,,,final_action,gamma,1.2,,,,4100563280526850425,7766064385072394058,temporal_jerk_difference,0.0009537962032482028
gpu_1,clean,clean/click_bell/episode_000027/0_74,click_bell,episode_000027,clean,,,,final_action,gaussian_blur_sigma,0.5,,,,4100563280526850425,11882852233486672599,action_relative_l2,0.0050754002295434475
gpu_1,clean,clean/click_bell/episode_000027/0_74,click_bell,episode_000027,clean,,,,final_action,gaussian_blur_sigma,0.5,,,,4100563280526850425,11882852233486672599,action_mean_abs,0.0004983593244105577
gpu_1,clean,clean/click_bell/episode_000027/0_74,click_bell,episode_000027,clean,,,,final_action,gaussian_blur_sigma,0.5,,,,4100563280526850425,11882852233486672599,action_relative_l2/first_25pct,0.0
gpu_1,clean,clean/click_bell/episode_000027/0_74,click_bell,episode_000027,clean,,,,final_action,gaussian_blur_sigma,0.5,,,,4100563280526850425,11882852233486672599,action_relative_l2/last_75pct,0.0052555943839251995
gpu_1,clean,clean/click_bell/episode_000027/0_74,click_bell,episode_000027,clean,,,,final_action,gaussian_blur_sigma,0.5,,,,4100563280526850425,11882852233486672599,endpoint_l2/left_position,0.0
gpu_1,clean,clean/click_bell/episode_000027/0_74,click_bell,episode_000027,clean,,,,final_action,gaussian_blur_sigma,0.5,,,,4100563280526850425,11882852233486672599,endpoint_l2/right_position,0.0013958823401480913
gpu_1,clean,clean/click_bell/episode_000027/0_74,click_bell,episode_000027,clean,,,,final_action,gaussian_blur_sigma,0.5,,,,4100563280526850425,11882852233486672599,rotation_geodesic/left_rotation,0.002956409240141511
gpu_1,clean,clean/click_bell/episode_000027/0_74,click_bell,episode_000027,clean,,,,final_action,gaussian_blur_sigma,0.5,,,,4100563280526850425,11882852233486672599,rotation_geodesic/right_rotation,0.005177908111363649
gpu_1,clean,clean/click_bell/episode_000027/0_74,click_bell,episode_000027,clean,,,,final_action,gaussian_blur_sigma,0.5,,,,4100563280526850425,11882852233486672599,gripper_flip_rate,0.0
gpu_1,clean,clean/click_bell/episode_000027/0_74,click_bell,episode_000027,clean,,,,final_action,gaussian_blur_sigma,0.5,,,,4100563280526850425,11882852233486672599,temporal_jerk_difference,0.0010026899399235845
gpu_1,clean,clean/click_bell/episode_000027/0_74,click_bell,episode_000027,clean,,,,final_action,gaussian_blur_sigma,1.0,,,,4100563280526850425,1509286939569554835,action_relative_l2,0.006082675885409117
gpu_1,clean,clean/click_bell/episode_000027/0_74,click_bell,episode_000027,clean,,,,final_action,gaussian_blur_sigma,1.0,,,,4100563280526850425,1509286939569554835,action_mean_abs,0.000669304165057838
gpu_1,clean,clean/click_bell/episode_000027/0_74,click_bell,episode_000027,clean,,,,final_action,gaussian_blur_sigma,1.0,,,,4100563280526850425,1509286939569554835,action_relative_l2/first_25pct,0.0
gpu_1,clean,clean/click_bell/episode_000027/0_74,click_bell,episode_000027,clean,,,,final_action,gaussian_blur_sigma,1.0,,,,4100563280526850425,1509286939569554835,action_relative_l2/last_75pct,0.006298632360994816
gpu_1,clean,clean/click_bell/episode_000027/0_74,click_bell,episode_000027,clean,,,,final_action,gaussian_blur_sigma,1.0,,,,4100563280526850425,1509286939569554835,endpoint_l2/left_position,0.0012064904440194368
gpu_1,clean,clean/click_bell/episode_000027/0_74,click_bell,episode_000027,clean,,,,final_action,gaussian_blur_sigma,1.0,,,,4100563280526850425,1509286939569554835,endpoint_l2/right_position,0.003255104646086693
gpu_1,clean,clean/click_bell/episode_000027/0_74,click_bell,episode_000027,clean,,,,final_action,gaussian_blur_sigma,1.0,,,,4100563280526850425,1509286939569554835,rotation_geodesic/left_rotation,0.0015204481314867735
gpu_1,clean,clean/click_bell/episode_000027/0_74,click_bell,episode_000027,clean,,,,final_action,gaussian_blur_sigma,1.0,,,,4100563280526850425,1509286939569554835,rotation_geodesic/right_rotation,0.01033982913941145
gpu_1,clean,clean/click_bell/episode_000027/0_74,click_bell,episode_000027,clean,,,,final_action,gaussian_blur_sigma,1.0,,,,4100563280526850425,1509286939569554835,gripper_flip_rate,0.0
gpu_1,clean,clean/click_bell/episode_000027/0_74,click_bell,episode_000027,clean,,,,final_action,gaussian_blur_sigma,1.0,,,,4100563280526850425,1509286939569554835,temporal_jerk_difference,0.0009820733685046434
gpu_1,clean,clean/click_bell/episode_000027/0_74,click_bell,episode_000027,clean,,,,final_action,gaussian_noise_std,0.01,,,,4100563280526850425,1529515671173550845,action_relative_l2,0.012816023081541061
gpu_1,clean,clean/click_bell/episode_000027/0_74,click_bell,episode_000027,clean,,,,final_action,gaussian_noise_std,0.01,,,,4100563280526850425,1529515671173550845,action_mean_abs,0.0016904831863939762
gpu_1,clean,clean/click_bell/episode_000027/0_74,click_bell,episode_000027,clean,,,,final_action,gaussian_noise_std,0.01,,,,4100563280526850425,1529515671173550845,action_relative_l2/first_25pct,0.0
gpu_1,clean,clean/click_bell/episode_000027/0_74,click_bell,episode_000027,clean,,,,final_action,gaussian_noise_std,0.01,,,,4100563280526850425,1529515671173550845,action_relative_l2/last_75pct,0.013271036557853222
gpu_1,clean,clean/click_bell/episode_000027/0_74,click_bell,episode_000027,clean,,,,final_action,gaussian_noise_std,0.01,,,,4100563280526850425,1529515671173550845,endpoint_l2/left_position,0.0026226728223264217
gpu_1,clean,clean/click_bell/episode_000027/0_74,click_bell,episode_000027,clean,,,,final_action,gaussian_noise_std,0.01,,,,4100563280526850425,1529515671173550845,endpoint_l2/right_position,0.008617376908659935
gpu_1,clean,clean/click_bell/episode_000027/0_74,click_bell,episode_000027,clean,,,,final_action,gaussian_noise_std,0.01,,,,4100563280526850425,1529515671173550845,rotation_geodesic/left_rotation,0.005519750993698835
gpu_1,clean,clean/click_bell/episode_000027/0_74,click_bell,episode_000027,clean,,,,final_action,gaussian_noise_std,0.01,,,,4100563280526850425,1529515671173550845,rotation_geodesic/right_rotation,0.01948009803891182
gpu_1,clean,clean/click_bell/episode_000027/0_74,click_bell,episode_000027,clean,,,,final_action,gaussian_noise_std,0.01,,,,4100563280526850425,1529515671173550845,gripper_flip_rate,0.0
gpu_1,clean,clean/click_bell/episode_000027/0_74,click_bell,episode_000027,clean,,,,final_action,gaussian_noise_std,0.01,,,,4100563280526850425,1529515671173550845,temporal_jerk_difference,0.0018346853321418166
gpu_1,clean,clean/click_bell/episode_000027/0_74,click_bell,episode_000027,clean,,,,final_action,gaussian_noise_std,0.03,,,,4100563280526850425,9041917832208938192,action_relative_l2,0.019009316340088844
gpu_1,clean,clean/click_bell/episode_000027/0_74,click_bell,episode_000027,clean,,,,final_action,gaussian_noise_std,0.03,,,,4100563280526850425,9041917832208938192,action_mean_abs,0.0029383585788309574
gpu_1,clean,clean/click_bell/episode_000027/0_74,click_bell,episode_000027,clean,,,,final_action,gaussian_noise_std,0.03,,,,4100563280526850425,9041917832208938192,action_relative_l2/first_25pct,0.0
gpu_1,clean,clean/click_bell/episode_000027/0_74,click_bell,episode_000027,clean,,,,final_action,gaussian_noise_std,0.03,,,,4100563280526850425,9041917832208938192,action_relative_l2/last_75pct,0.019684214144945145
gpu_1,clean,clean/click_bell/episode_000027/0_74,click_bell,episode_000027,clean,,,,final_action,gaussian_noise_std,0.03,,,,4100563280526850425,9041917832208938192,endpoint_l2/left_position,0.00761590339243412
gpu_1,clean,clean/click_bell/episode_000027/0_74,click_bell,episode_000027,clean,,,,final_action,gaussian_noise_std,0.03,,,,4100563280526850425,9041917832208938192,endpoint_l2/right_position,0.01188146322965622
gpu_1,clean,clean/click_bell/episode_000027/0_74,click_bell,episode_000027,clean,,,,final_action,gaussian_noise_std,0.03,,,,4100563280526850425,9041917832208938192,rotation_geodesic/left_rotation,0.007582382299005985
gpu_1,clean,clean/click_bell/episode_000027/0_74,click_bell,episode_000027,clean,,,,final_action,gaussian_noise_std,0.03,,,,4100563280526850425,9041917832208938192,rotation_geodesic/right_rotation,0.03019062615931034
gpu_1,clean,clean/click_bell/episode_000027/0_74,click_bell,episode_000027,clean,,,,final_action,gaussian_noise_std,0.03,,,,4100563280526850425,9041917832208938192,gripper_flip_rate,0.0
gpu_1,clean,clean/click_bell/episode_000027/0_74,click_bell,episode_000027,clean,,,,final_action,gaussian_noise_std,0.03,,,,4100563280526850425,9041917832208938192,temporal_jerk_difference,0.001836548326537013
gpu_1,clean,clean/click_bell/episode_000027/0_74,click_bell,episode_000027,clean,,,,final_action,identity,0.0,,,,4100563280526850425,,action_relative_l2,0.0
gpu_1,clean,clean/click_bell/episode_000027/0_74,click_bell,episode_000027,clean,,,,final_action,identity,0.0,,,,4100563280526850425,,action_mean_abs,0.0
gpu_1,clean,clean/click_bell/episode_000027/0_74,click_bell,episode_000027,clean,,,,final_action,identity,0.0,,,,4100563280526850425,,action_relative_l2/first_25pct,0.0
gpu_1,clean,clean/click_bell/episode_000027/0_74,click_bell,episode_000027,clean,,,,final_action,identity,0.0,,,,4100563280526850425,,action_relative_l2/last_75pct,0.0
gpu_1,clean,clean/click_bell/episode_000027/0_74,click_bell,episode_000027,clean,,,,final_action,identity,0.0,,,,4100563280526850425,,endpoint_l2/left_position,0.0
gpu_1,clean,clean/click_bell/episode_000027/0_74,click_bell,episode_000027,clean,,,,final_action,identity,0.0,,,,4100563280526850425,,endpoint_l2/right_position,0.0
gpu_1,clean,clean/click_bell/episode_000027/0_74,click_bell,episode_000027,clean,,,,final_action,identity,0.0,,,,4100563280526850425,,rotation_geodesic/left_rotation,0.0001078959321603179
gpu_1,clean,clean/click_bell/episode_000027/0_74,click_bell,episode_000027,clean,,,,final_action,identity,0.0,,,,4100563280526850425,,rotation_geodesic/right_rotation,0.0001347111101495102
gpu_1,clean,clean/click_bell/episode_000027/0_74,click_bell,episode_000027,clean,,,,final_action,identity,0.0,,,,4100563280526850425,,gripper_flip_rate,0.0
gpu_1,clean,clean/click_bell/episode_000027/0_74,click_bell,episode_000027,clean,,,,final_action,identity,0.0,,,,4100563280526850425,,temporal_jerk_difference,0.0
gpu_1,clean,clean/open_laptop/episode_000017/0_259,open_laptop,episode_000017,clean,,,,final_action,brightness,0.8,,,,4533883950938286080,6363183859096379563,action_relative_l2,0.04682086035609245
gpu_1,clean,clean/open_laptop/episode_000017/0_259,open_laptop,episode_000017,clean,,,,final_action,brightness,0.8,,,,4533883950938286080,6363183859096379563,action_mean_abs,0.00543229142203927
gpu_1,clean,clean/open_laptop/episode_000017/0_259,open_laptop,episode_000017,clean,,,,final_action,brightness,0.8,,,,4533883950938286080,6363183859096379563,action_relative_l2/first_25pct,0.0
gpu_1,clean,clean/open_laptop/episode_000017/0_259,open_laptop,episode_000017,clean,,,,final_action,brightness,0.8,,,,4533883950938286080,6363183859096379563,action_relative_l2/last_75pct,0.048468317836523056
gpu_1,clean,clean/open_laptop/episode_000017/0_259,open_laptop,episode_000017,clean,,,,final_action,brightness,0.8,,,,4533883950938286080,6363183859096379563,endpoint_l2/left_position,0.008050156757235527
gpu_1,clean,clean/open_laptop/episode_000017/0_259,open_laptop,episode_000017,clean,,,,final_action,brightness,0.8,,,,4533883950938286080,6363183859096379563,endpoint_l2/right_position,0.05178748816251755
gpu_1,clean,clean/open_laptop/episode_000017/0_259,open_laptop,episode_000017,clean,,,,final_action,brightness,0.8,,,,4533883950938286080,6363183859096379563,rotation_geodesic/left_rotation,0.008502906188368797
gpu_1,clean,clean/open_laptop/episode_000017/0_259,open_laptop,episode_000017,clean,,,,final_action,brightness,0.8,,,,4533883950938286080,6363183859096379563,rotation_geodesic/right_rotation,0.06935763359069824
gpu_1,clean,clean/open_laptop/episode_000017/0_259,open_laptop,episode_000017,clean,,,,final_action,brightness,0.8,,,,4533883950938286080,6363183859096379563,gripper_flip_rate,0.0
gpu_1,clean,clean/open_laptop/episode_000017/0_259,open_laptop,episode_000017,clean,,,,final_action,brightness,0.8,,,,4533883950938286080,6363183859096379563,temporal_jerk_difference,0.0017763028154149652
gpu_1,clean,clean/open_laptop/episode_000017/0_259,open_laptop,episode_000017,clean,,,,final_action,brightness,1.2,,,,4533883950938286080,8273599013752022625,action_relative_l2,0.15922574698925018
gpu_1,clean,clean/open_laptop/episode_000017/0_259,open_laptop,episode_000017,clean,,,,final_action,brightness,1.2,,,,4533883950938286080,8273599013752022625,action_mean_abs,0.013711956329643726
gpu_1,clean,clean/open_laptop/episode_000017/0_259,open_laptop,episode_000017,clean,,,,final_action,brightness,1.2,,,,4533883950938286080,8273599013752022625,action_relative_l2/first_25pct,0.0
gpu_1,clean,clean/open_laptop/episode_000017/0_259,open_laptop,episode_000017,clean,,,,final_action,brightness,1.2,,,,4533883950938286080,8273599013752022625,action_relative_l2/last_75pct,0.1648283153772354
gpu_1,clean,clean/open_laptop/episode_000017/0_259,open_laptop,episode_000017,clean,,,,final_action,brightness,1.2,,,,4533883950938286080,8273599013752022625,endpoint_l2/left_position,0.0033512646332383156
gpu_1,clean,clean/open_laptop/episode_000017/0_259,open_laptop,episode_000017,clean,,,,final_action,brightness,1.2,,,,4533883950938286080,8273599013752022625,endpoint_l2/right_position,0.07438687235116959
gpu_1,clean,clean/open_laptop/episode_000017/0_259,open_laptop,episode_000017,clean,,,,final_action,brightness,1.2,,,,4533883950938286080,8273599013752022625,rotation_geodesic/left_rotation,0.007671997882425785
gpu_1,clean,clean/open_laptop/episode_000017/0_259,open_laptop,episode_000017,clean,,,,final_action,brightness,1.2,,,,4533883950938286080,8273599013752022625,rotation_geodesic/right_rotation,0.2597073018550873
gpu_1,clean,clean/open_laptop/episode_000017/0_259,open_laptop,episode_000017,clean,,,,final_action,brightness,1.2,,,,4533883950938286080,8273599013752022625,gripper_flip_rate,0.0
gpu_1,clean,clean/open_laptop/episode_000017/0_259,open_laptop,episode_000017,clean,,,,final_action,brightness,1.2,,,,4533883950938286080,8273599013752022625,temporal_jerk_difference,0.002009495161473751
gpu_1,clean,clean/open_laptop/episode_000017/0_259,open_laptop,episode_000017,clean,,,,final_action,color_temperature,-0.1,,,,4533883950938286080,9493224626905139523,action_relative_l2,0.02972686104476452
gpu_1,clean,clean/open_laptop/episode_000017/0_259,open_laptop,episode_000017,clean,,,,final_action,color_temperature,-0.1,,,,4533883950938286080,9493224626905139523,action_mean_abs,0.003734785132110119
gpu_1,clean,clean/open_laptop/episode_000017/0_259,open_laptop,episode_000017,clean,,,,final_action,color_temperature,-0.1,,,,4533883950938286080,9493224626905139523,action_relative_l2/first_25pct,0.0
gpu_1,clean,clean/open_laptop/episode_000017/0_259,open_laptop,episode_000017,clean,,,,final_action,color_temperature,-0.1,,,,4533883950938286080,9493224626905139523,action_relative_l2/last_75pct,0.030772842466831207
gpu_1,clean,clean/open_laptop/episode_000017/0_259,open_laptop,episode_000017,clean,,,,final_action,color_temperature,-0.1,,,,4533883950938286080,9493224626905139523,endpoint_l2/left_position,0.007422299589961767
gpu_1,clean,clean/open_laptop/episode_000017/0_259,open_laptop,episode_000017,clean,,,,final_action,color_temperature,-0.1,,,,4533883950938286080,9493224626905139523,endpoint_l2/right_position,0.04281353950500488
gpu_1,clean,clean/open_laptop/episode_000017/0_259,open_laptop,episode_000017,clean,,,,final_action,color_temperature,-0.1,,,,4533883950938286080,9493224626905139523,rotation_geodesic/left_rotation,0.007291383575648069
gpu_1,clean,clean/open_laptop/episode_000017/0_259,open_laptop,episode_000017,clean,,,,final_action,color_temperature,-0.1,,,,4533883950938286080,9493224626905139523,rotation_geodesic/right_rotation,0.04254167899489403
gpu_1,clean,clean/open_laptop/episode_000017/0_259,open_laptop,episode_000017,clean,,,,final_action,color_temperature,-0.1,,,,4533883950938286080,9493224626905139523,gripper_flip_rate,0.0
gpu_1,clean,clean/open_laptop/episode_000017/0_259,open_laptop,episode_000017,clean,,,,final_action,color_temperature,-0.1,,,,4533883950938286080,9493224626905139523,temporal_jerk_difference,0.0020367042161524296
gpu_1,clean,clean/open_laptop/episode_000017/0_259,open_laptop,episode_000017,clean,,,,final_action,color_temperature,0.1,,,,4533883950938286080,7048629151097827844,action_relative_l2,0.008070508949458599
gpu_1,clean,clean/open_laptop/episode_000017/0_259,open_laptop,episode_000017,clean,,,,final_action,color_temperature,0.1,,,,4533883950938286080,7048629151097827844,action_mean_abs,0.0010809851810336113
gpu_1,clean,clean/open_laptop/episode_000017/0_259,open_laptop,episode_000017,clean,,,,final_action,color_temperature,0.1,,,,4533883950938286080,7048629151097827844,action_relative_l2/first_25pct,0.0
gpu_1,clean,clean/open_laptop/episode_000017/0_259,open_laptop,episode_000017,clean,,,,final_action,color_temperature,0.1,,,,4533883950938286080,7048629151097827844,action_relative_l2/last_75pct,0.008354481309652328
gpu_1,clean,clean/open_laptop/episode_000017/0_259,open_laptop,episode_000017,clean,,,,final_action,color_temperature,0.1,,,,4533883950938286080,7048629151097827844,endpoint_l2/left_position,0.0012064932379871607
gpu_1,clean,clean/open_laptop/episode_000017/0_259,open_laptop,episode_000017,clean,,,,final_action,color_temperature,0.1,,,,4533883950938286080,7048629151097827844,endpoint_l2/right_position,0.02017132379114628
gpu_1,clean,clean/open_laptop/episode_000017/0_259,open_laptop,episode_000017,clean,,,,final_action,color_temperature,0.1,,,,4533883950938286080,7048629151097827844,rotation_geodesic/left_rotation,0.005001473240554333
gpu_1,clean,clean/open_laptop/episode_000017/0_259,open_laptop,episode_000017,clean,,,,final_action,color_temperature,0.1,,,,4533883950938286080,7048629151097827844,rotation_geodesic/right_rotation,0.005668108817189932
gpu_1,clean,clean/open_laptop/episode_000017/0_259,open_laptop,episode_000017,clean,,,,final_action,color_temperature,0.1,,,,4533883950938286080,7048629151097827844,gripper_flip_rate,0.0
gpu_1,clean,clean/open_laptop/episode_000017/0_259,open_laptop,episode_000017,clean,,,,final_action,color_temperature,0.1,,,,4533883950938286080,7048629151097827844,temporal_jerk_difference,0.001178509322926402
gpu_1,clean,clean/open_laptop/episode_000017/0_259,open_laptop,episode_000017,clean,,,,final_action,gamma,0.8,,,,4533883950938286080,7226520160564033134,action_relative_l2,0.005773073062300682
gpu_1,clean,clean/open_laptop/episode_000017/0_259,open_laptop,episode_000017,clean,,,,final_action,gamma,0.8,,,,4533883950938286080,7226520160564033134,action_mean_abs,0.0006920634768903255
gpu_1,clean,clean/open_laptop/episode_000017/0_259,open_laptop,episode_000017,clean,,,,final_action,gamma,0.8,,,,4533883950938286080,7226520160564033134,action_relative_l2/first_25pct,0.0
gpu_1,clean,clean/open_laptop/episode_000017/0_259,open_laptop,episode_000017,clean,,,,final_action,gamma,0.8,,,,4533883950938286080,7226520160564033134,action_relative_l2/last_75pct,0.005976206623017788
gpu_1,clean,clean/open_laptop/episode_000017/0_259,open_laptop,episode_000017,clean,,,,final_action,gamma,0.8,,,,4533883950938286080,7226520160564033134,endpoint_l2/left_position,0.0004595518112182617
gpu_1,clean,clean/open_laptop/episode_000017/0_259,open_laptop,episode_000017,clean,,,,final_action,gamma,0.8,,,,4533883950938286080,7226520160564033134,endpoint_l2/right_position,0.010852215811610222
gpu_1,clean,clean/open_laptop/episode_000017/0_259,open_laptop,episode_000017,clean,,,,final_action,gamma,0.8,,,,4533883950938286080,7226520160564033134,rotation_geodesic/left_rotation,0.0035181601997464895
gpu_1,clean,clean/open_laptop/episode_000017/0_259,open_laptop,episode_000017,clean,,,,final_action,gamma,0.8,,,,4533883950938286080,7226520160564033134,rotation_geodesic/right_rotation,0.007961113005876541
gpu_1,clean,clean/open_laptop/episode_000017/0_259,open_laptop,episode_000017,clean,,,,final_action,gamma,0.8,,,,4533883950938286080,7226520160564033134,gripper_flip_rate,0.0
gpu_1,clean,clean/open_laptop/episode_000017/0_259,open_laptop,episode_000017,clean,,,,final_action,gamma,0.8,,,,4533883950938286080,7226520160564033134,temporal_jerk_difference,0.0012043077731505036
gpu_1,clean,clean/open_laptop/episode_000017/0_259,open_laptop,episode_000017,clean,,,,final_action,gamma,1.2,,,,4533883950938286080,7506362244356574538,action_relative_l2,0.010366786271333694
gpu_1,clean,clean/open_laptop/episode_000017/0_259,open_laptop,episode_000017,clean,,,,final_action,gamma,1.2,,,,4533883950938286080,7506362244356574538,action_mean_abs,0.0011389695573598146
gpu_1,clean,clean/open_laptop/episode_000017/0_259,open_laptop,episode_000017,clean,,,,final_action,gamma,1.2,,,,4533883950938286080,7506362244356574538,action_relative_l2/first_25pct,0.0
gpu_1,clean,clean/open_laptop/episode_000017/0_259,open_laptop,episode_000017,clean,,,,final_action,gamma,1.2,,,,4533883950938286080,7506362244356574538,action_relative_l2/last_75pct,0.010731556452810764
gpu_1,clean,clean/open_laptop/episode_000017/0_259,open_laptop,episode_000017,clean,,,,final_action,gamma,1.2,,,,4533883950938286080,7506362244356574538,endpoint_l2/left_position,0.0018121728207916021
gpu_1,clean,clean/open_laptop/episode_000017/0_259,open_laptop,episode_000017,clean,,,,final_action,gamma,1.2,,,,4533883950938286080,7506362244356574538,endpoint_l2/right_position,0.018286677077412605
gpu_1,clean,clean/open_laptop/episode_000017/0_259,open_laptop,episode_000017,clean,,,,final_action,gamma,1.2,,,,4533883950938286080,7506362244356574538,rotation_geodesic/left_rotation,0.002456583548337221
gpu_1,clean,clean/open_laptop/episode_000017/0_259,open_laptop,episode_000017,clean,,,,final_action,gamma,1.2,,,,4533883950938286080,7506362244356574538,rotation_geodesic/right_rotation,0.014212380163371563
gpu_1,clean,clean/open_laptop/episode_000017/0_259,open_laptop,episode_000017,clean,,,,final_action,gamma,1.2,,,,4533883950938286080,7506362244356574538,gripper_flip_rate,0.0
gpu_1,clean,clean/open_laptop/episode_000017/0_259,open_laptop,episode_000017,clean,,,,final_action,gamma,1.2,,,,4533883950938286080,7506362244356574538,temporal_jerk_difference,0.0011289917165413499
gpu_1,clean,clean/open_laptop/episode_000017/0_259,open_laptop,episode_000017,clean,,,,final_action,gaussian_blur_sigma,0.5,,,,4533883950938286080,11522972830486069944,action_relative_l2,0.004495671018958092
gpu_1,clean,clean/open_laptop/episode_000017/0_259,open_laptop,episode_000017,clean,,,,final_action,gaussian_blur_sigma,0.5,,,,4533883950938286080,11522972830486069944,action_mean_abs,0.0004938787897117436
gpu_1,clean,clean/open_laptop/episode_000017/0_259,open_laptop,episode_000017,clean,,,,final_action,gaussian_blur_sigma,0.5,,,,4533883950938286080,11522972830486069944,action_relative_l2/first_25pct,0.0
gpu_1,clean,clean/open_laptop/episode_000017/0_259,open_laptop,episode_000017,clean,,,,final_action,gaussian_blur_sigma,0.5,,,,4533883950938286080,11522972830486069944,action_relative_l2/last_75pct,0.004653857089579105
gpu_1,clean,clean/open_laptop/episode_000017/0_259,open_laptop,episode_000017,clean,,,,final_action,gaussian_blur_sigma,0.5,,,,4533883950938286080,11522972830486069944,endpoint_l2/left_position,0.0009058968280442059
gpu_1,clean,clean/open_laptop/episode_000017/0_259,open_laptop,episode_000017,clean,,,,final_action,gaussian_blur_sigma,0.5,,,,4533883950938286080,11522972830486069944,endpoint_l2/right_position,0.007210852112621069
gpu_1,clean,clean/open_laptop/episode_000017/0_259,open_laptop,episode_000017,clean,,,,final_action,gaussian_blur_sigma,0.5,,,,4533883950938286080,11522972830486069944,rotation_geodesic/left_rotation,0.0017137433169409633
gpu_1,clean,clean/open_laptop/episode_000017/0_259,open_laptop,episode_000017,clean,,,,final_action,gaussian_blur_sigma,0.5,,,,4533883950938286080,11522972830486069944,rotation_geodesic/right_rotation,0.005898798815906048
gpu_1,clean,clean/open_laptop/episode_000017/0_259,open_laptop,episode_000017,clean,,,,final_action,gaussian_blur_sigma,0.5,,,,4533883950938286080,11522972830486069944,gripper_flip_rate,0.0
gpu_1,clean,clean/open_laptop/episode_000017/0_259,open_laptop,episode_000017,clean,,,,final_action,gaussian_blur_sigma,0.5,,,,4533883950938286080,11522972830486069944,temporal_jerk_difference,0.0007599499658681452
gpu_1,clean,clean/open_laptop/episode_000017/0_259,open_laptop,episode_000017,clean,,,,final_action,gaussian_blur_sigma,1.0,,,,4533883950938286080,5150731217846411408,action_relative_l2,0.007093843538314104
gpu_1,clean,clean/open_laptop/episode_000017/0_259,open_laptop,episode_000017,clean,,,,final_action,gaussian_blur_sigma,1.0,,,,4533883950938286080,5150731217846411408,action_mean_abs,0.0008293009595945477
gpu_1,clean,clean/open_laptop/episode_000017/0_259,open_laptop,episode_000017,clean,,,,final_action,gaussian_blur_sigma,1.0,,,,4533883950938286080,5150731217846411408,action_relative_l2/first_25pct,0.0
gpu_1,clean,clean/open_laptop/episode_000017/0_259,open_laptop,episode_000017,clean,,,,final_action,gaussian_blur_sigma,1.0,,,,4533883950938286080,5150731217846411408,action_relative_l2/last_75pct,0.007343450095504522
gpu_1,clean,clean/open_laptop/episode_000017/0_259,open_laptop,episode_000017,clean,,,,final_action,gaussian_blur_sigma,1.0,,,,4533883950938286080,5150731217846411408,endpoint_l2/left_position,0.0009198759798891842
gpu_1,clean,clean/open_laptop/episode_000017/0_259,open_laptop,episode_000017,clean,,,,final_action,gaussian_blur_sigma,1.0,,,,4533883950938286080,5150731217846411408,endpoint_l2/right_position,0.01370907761156559
gpu_1,clean,clean/open_laptop/episode_000017/0_259,open_laptop,episode_000017,clean,,,,final_action,gaussian_blur_sigma,1.0,,,,4533883950938286080,5150731217846411408,rotation_geodesic/left_rotation,0.0018324155826121569
gpu_1,clean,clean/open_laptop/episode_000017/0_259,open_laptop,episode_000017,clean,,,,final_action,gaussian_blur_sigma,1.0,,,,4533883950938286080,5150731217846411408,rotation_geodesic/right_rotation,0.008614066056907177
gpu_1,clean,clean/open_laptop/episode_000017/0_259,open_laptop,episode_000017,clean,,,,final_action,gaussian_blur_sigma,1.0,,,,4533883950938286080,5150731217846411408,gripper_flip_rate,0.0
gpu_1,clean,clean/open_laptop/episode_000017/0_259,open_laptop,episode_000017,clean,,,,final_action,gaussian_blur_sigma,1.0,,,,4533883950938286080,5150731217846411408,temporal_jerk_difference,0.0012116114376112819
gpu_1,clean,clean/open_laptop/episode_000017/0_259,open_laptop,episode_000017,clean,,,,final_action,gaussian_noise_std,0.01,,,,4533883950938286080,17330233380254975681,action_relative_l2,0.02209947444498539
gpu_1,clean,clean/open_laptop/episode_000017/0_259,open_laptop,episode_000017,clean,,,,final_action,gaussian_noise_std,0.01,,,,4533883950938286080,17330233380254975681,action_mean_abs,0.0027388096787035465
gpu_1,clean,clean/open_laptop/episode_000017/0_259,open_laptop,episode_000017,clean,,,,final_action,gaussian_noise_std,0.01,,,,4533883950938286080,17330233380254975681,action_relative_l2/first_25pct,0.0
gpu_1,clean,clean/open_laptop/episode_000017/0_259,open_laptop,episode_000017,clean,,,,final_action,gaussian_noise_std,0.01,,,,4533883950938286080,17330233380254975681,action_relative_l2/last_75pct,0.022877076640725136
gpu_1,clean,clean/open_laptop/episode_000017/0_259,open_laptop,episode_000017,clean,,,,final_action,gaussian_noise_std,0.01,,,,4533883950938286080,17330233380254975681,endpoint_l2/left_position,0.005032392218708992
gpu_1,clean,clean/open_laptop/episode_000017/0_259,open_laptop,episode_000017,clean,,,,final_action,gaussian_noise_std,0.01,,,,4533883950938286080,17330233380254975681,endpoint_l2/right_position,0.026699261739850044
gpu_1,clean,clean/open_laptop/episode_000017/0_259,open_laptop,episode_000017,clean,,,,final_action,gaussian_noise_std,0.01,,,,4533883950938286080,17330233380254975681,rotation_geodesic/left_rotation,0.004132104571908712
gpu_1,clean,clean/open_laptop/episode_000017/0_259,open_laptop,episode_000017,clean,,,,final_action,gaussian_noise_std,0.01,,,,4533883950938286080,17330233380254975681,rotation_geodesic/right_rotation,0.0328742191195488
gpu_1,clean,clean/open_laptop/episode_000017/0_259,open_laptop,episode_000017,clean,,,,final_action,gaussian_noise_std,0.01,,,,4533883950938286080,17330233380254975681,gripper_flip_rate,0.0
gpu_1,clean,clean/open_laptop/episode_000017/0_259,open_laptop,episode_000017,clean,,,,final_action,gaussian_noise_std,0.01,,,,4533883950938286080,17330233380254975681,temporal_jerk_difference,0.0014702138723805547
gpu_1,clean,clean/open_laptop/episode_000017/0_259,open_laptop,episode_000017,clean,,,,final_action,gaussian_noise_std,0.03,,,,4533883950938286080,995166590417925671,action_relative_l2,0.14334025979042053
gpu_1,clean,clean/open_laptop/episode_000017/0_259,open_laptop,episode_000017,clean,,,,final_action,gaussian_noise_std,0.03,,,,4533883950938286080,995166590417925671,action_mean_abs,0.012381212785840034
gpu_1,clean,clean/open_laptop/episode_000017/0_259,open_laptop,episode_000017,clean,,,,final_action,gaussian_noise_std,0.03,,,,4533883950938286080,995166590417925671,action_relative_l2/first_25pct,0.0
gpu_1,clean,clean/open_laptop/episode_000017/0_259,open_laptop,episode_000017,clean,,,,final_action,gaussian_noise_std,0.03,,,,4533883950938286080,995166590417925671,action_relative_l2/last_75pct,0.14838388562202454
gpu_1,clean,clean/open_laptop/episode_000017/0_259,open_laptop,episode_000017,clean,,,,final_action,gaussian_noise_std,0.03,,,,4533883950938286080,995166590417925671,endpoint_l2/left_position,0.0057816035114228725
gpu_1,clean,clean/open_laptop/episode_000017/0_259,open_laptop,episode_000017,clean,,,,final_action,gaussian_noise_std,0.03,,,,4533883950938286080,995166590417925671,endpoint_l2/right_position,0.05347701907157898
gpu_1,clean,clean/open_laptop/episode_000017/0_259,open_laptop,episode_000017,clean,,,,final_action,gaussian_noise_std,0.03,,,,4533883950938286080,995166590417925671,rotation_geodesic/left_rotation,0.007846546359360218
gpu_1,clean,clean/open_laptop/episode_000017/0_259,open_laptop,episode_000017,clean,,,,final_action,gaussian_noise_std,0.03,,,,4533883950938286080,995166590417925671,rotation_geodesic/right_rotation,0.22749754786491394
gpu_1,clean,clean/open_laptop/episode_000017/0_259,open_laptop,episode_000017,clean,,,,final_action,gaussian_noise_std,0.03,,,,4533883950938286080,995166590417925671,gripper_flip_rate,0.0
gpu_1,clean,clean/open_laptop/episode_000017/0_259,open_laptop,episode_000017,clean,,,,final_action,gaussian_noise_std,0.03,,,,4533883950938286080,995166590417925671,temporal_jerk_difference,0.0018260988872498274
gpu_1,clean,clean/open_laptop/episode_000017/0_259,open_laptop,episode_000017,clean,,,,final_action,identity,0.0,,,,4533883950938286080,,action_relative_l2,0.0
gpu_1,clean,clean/open_laptop/episode_000017/0_259,open_laptop,episode_000017,clean,,,,final_action,identity,0.0,,,,4533883950938286080,,action_mean_abs,0.0
gpu_1,clean,clean/open_laptop/episode_000017/0_259,open_laptop,episode_000017,clean,,,,final_action,identity,0.0,,,,4533883950938286080,,action_relative_l2/first_25pct,0.0
gpu_1,clean,clean/open_laptop/episode_000017/0_259,open_laptop,episode_000017,clean,,,,final_action,identity,0.0,,,,4533883950938286080,,action_relative_l2/last_75pct,0.0
gpu_1,clean,clean/open_laptop/episode_000017/0_259,open_laptop,episode_000017,clean,,,,final_action,identity,0.0,,,,4533883950938286080,,endpoint_l2/left_position,0.0
gpu_1,clean,clean/open_laptop/episode_000017/0_259,open_laptop,episode_000017,clean,,,,final_action,identity,0.0,,,,4533883950938286080,,endpoint_l2/right_position,0.0
gpu_1,clean,clean/open_laptop/episode_000017/0_259,open_laptop,episode_000017,clean,,,,final_action,identity,0.0,,,,4533883950938286080,,rotation_geodesic/left_rotation,2.15791860682657e-05
gpu_1,clean,clean/open_laptop/episode_000017/0_259,open_laptop,episode_000017,clean,,,,final_action,identity,0.0,,,,4533883950938286080,,rotation_geodesic/right_rotation,0.00017208734061568975
gpu_1,clean,clean/open_laptop/episode_000017/0_259,open_laptop,episode_000017,clean,,,,final_action,identity,0.0,,,,4533883950938286080,,gripper_flip_rate,0.0
gpu_1,clean,clean/open_laptop/episode_000017/0_259,open_laptop,episode_000017,clean,,,,final_action,identity,0.0,,,,4533883950938286080,,temporal_jerk_difference,0.0
gpu_1,clean,clean/place_container_plate/episode_000033/0_156,place_container_plate,episode_000033,clean,,,,final_action,brightness,0.8,,,,10471219474458438708,5715733209496895161,action_relative_l2,0.08059225976467133
gpu_1,clean,clean/place_container_plate/episode_000033/0_156,place_container_plate,episode_000033,clean,,,,final_action,brightness,0.8,,,,10471219474458438708,5715733209496895161,action_mean_abs,0.00915522500872612
gpu_1,clean,clean/place_container_plate/episode_000033/0_156,place_container_plate,episode_000033,clean,,,,final_action,brightness,0.8,,,,10471219474458438708,5715733209496895161,action_relative_l2/first_25pct,0.0
gpu_1,clean,clean/place_container_plate/episode_000033/0_156,place_container_plate,episode_000033,clean,,,,final_action,brightness,0.8,,,,10471219474458438708,5715733209496895161,action_relative_l2/last_75pct,0.08339513838291168
gpu_1,clean,clean/place_container_plate/episode_000033/0_156,place_container_plate,episode_000033,clean,,,,final_action,brightness,0.8,,,,10471219474458438708,5715733209496895161,endpoint_l2/left_position,0.029296359047293663
gpu_1,clean,clean/place_container_plate/episode_000033/0_156,place_container_plate,episode_000033,clean,,,,final_action,brightness,0.8,,,,10471219474458438708,5715733209496895161,endpoint_l2/right_position,0.08100155740976334
gpu_1,clean,clean/place_container_plate/episode_000033/0_156,place_container_plate,episode_000033,clean,,,,final_action,brightness,0.8,,,,10471219474458438708,5715733209496895161,rotation_geodesic/left_rotation,0.022123586386442184
gpu_1,clean,clean/place_container_plate/episode_000033/0_156,place_container_plate,episode_000033,clean,,,,final_action,brightness,0.8,,,,10471219474458438708,5715733209496895161,rotation_geodesic/right_rotation,0.123859703540802
gpu_1,clean,clean/place_container_plate/episode_000033/0_156,place_container_plate,episode_000033,clean,,,,final_action,brightness,0.8,,,,10471219474458438708,5715733209496895161,gripper_flip_rate,0.0
gpu_1,clean,clean/place_container_plate/episode_000033/0_156,place_container_plate,episode_000033,clean,,,,final_action,brightness,0.8,,,,10471219474458438708,5715733209496895161,temporal_jerk_difference,0.002076434437185526
gpu_1,clean,clean/place_container_plate/episode_000033/0_156,place_container_plate,episode_000033,clean,,,,final_action,brightness,1.2,,,,10471219474458438708,13427404499493453440,action_relative_l2,0.014311781153082848
gpu_1,clean,clean/place_container_plate/episode_000033/0_156,place_container_plate,episode_000033,clean,,,,final_action,brightness,1.2,,,,10471219474458438708,13427404499493453440,action_mean_abs,0.0025055413134396076
gpu_1,clean,clean/place_container_plate/episode_000033/0_156,place_container_plate,episode_000033,clean,,,,final_action,brightness,1.2,,,,10471219474458438708,13427404499493453440,action_relative_l2/first_25pct,0.0
gpu_1,clean,clean/place_container_plate/episode_000033/0_156,place_container_plate,episode_000033,clean,,,,final_action,brightness,1.2,,,,10471219474458438708,13427404499493453440,action_relative_l2/last_75pct,0.014809523709118366
gpu_1,clean,clean/place_container_plate/episode_000033/0_156,place_container_plate,episode_000033,clean,,,,final_action,brightness,1.2,,,,10471219474458438708,13427404499493453440,endpoint_l2/left_position,0.024040021002292633
gpu_1,clean,clean/place_container_plate/episode_000033/0_156,place_container_plate,episode_000033,clean,,,,final_action,brightness,1.2,,,,10471219474458438708,13427404499493453440,endpoint_l2/right_position,0.012520086020231247
gpu_1,clean,clean/place_container_plate/episode_000033/0_156,place_container_plate,episode_000033,clean,,,,final_action,brightness,1.2,,,,10471219474458438708,13427404499493453440,rotation_geodesic/left_rotation,0.017298130318522453
gpu_1,clean,clean/place_container_plate/episode_000033/0_156,place_container_plate,episode_000033,clean,,,,final_action,brightness,1.2,,,,10471219474458438708,13427404499493453440,rotation_geodesic/right_rotation,0.013719907030463219
gpu_1,clean,clean/place_container_plate/episode_000033/0_156,place_container_plate,episode_000033,clean,,,,final_action,brightness,1.2,,,,10471219474458438708,13427404499493453440,gripper_flip_rate,0.0
gpu_1,clean,clean/place_container_plate/episode_000033/0_156,place_container_plate,episode_000033,clean,,,,final_action,brightness,1.2,,,,10471219474458438708,13427404499493453440,temporal_jerk_difference,0.0017176028341054916
gpu_1,clean,clean/place_container_plate/episode_000033/0_156,place_container_plate,episode_000033,clean,,,,final_action,color_temperature,-0.1,,,,10471219474458438708,12370919830759711870,action_relative_l2,0.07874854654073715
gpu_1,clean,clean/place_container_plate/episode_000033/0_156,place_container_plate,episode_000033,clean,,,,final_action,color_temperature,-0.1,,,,10471219474458438708,12370919830759711870,action_mean_abs,0.008998087607324123
gpu_1,clean,clean/place_container_plate/episode_000033/0_156,place_container_plate,episode_000033,clean,,,,final_action,color_temperature,-0.1,,,,10471219474458438708,12370919830759711870,action_relative_l2/first_25pct,0.0
gpu_1,clean,clean/place_container_plate/episode_000033/0_156,place_container_plate,episode_000033,clean,,,,final_action,color_temperature,-0.1,,,,10471219474458438708,12370919830759711870,action_relative_l2/last_75pct,0.08148729801177979
gpu_1,clean,clean/place_container_plate/episode_000033/0_156,place_container_plate,episode_000033,clean,,,,final_action,color_temperature,-0.1,,,,10471219474458438708,12370919830759711870,endpoint_l2/left_position,0.027778133749961853
gpu_1,clean,clean/place_container_plate/episode_000033/0_156,place_container_plate,episode_000033,clean,,,,final_action,color_temperature,-0.1,,,,10471219474458438708,12370919830759711870,endpoint_l2/right_position,0.08291609585285187
gpu_1,clean,clean/place_container_plate/episode_000033/0_156,place_container_plate,episode_000033,clean,,,,final_action,color_temperature,-0.1,,,,10471219474458438708,12370919830759711870,rotation_geodesic/left_rotation,0.026887357234954834
gpu_1,clean,clean/place_container_plate/episode_000033/0_156,place_container_plate,episode_000033,clean,,,,final_action,color_temperature,-0.1,,,,10471219474458438708,12370919830759711870,rotation_geodesic/right_rotation,0.11915279924869537
gpu_1,clean,clean/place_container_plate/episode_000033/0_156,place_container_plate,episode_000033,clean,,,,final_action,color_temperature,-0.1,,,,10471219474458438708,12370919830759711870,gripper_flip_rate,0.0
gpu_1,clean,clean/place_container_plate/episode_000033/0_156,place_container_plate,episode_000033,clean,,,,final_action,color_temperature,-0.1,,,,10471219474458438708,12370919830759711870,temporal_jerk_difference,0.0017050291644409299
gpu_1,clean,clean/place_container_plate/episode_000033/0_156,place_container_plate,episode_000033,clean,,,,final_action,color_temperature,0.1,,,,10471219474458438708,3059941478060558768,action_relative_l2,0.01035650260746479
gpu_1,clean,clean/place_container_plate/episode_000033/0_156,place_container_plate,episode_000033,clean,,,,final_action,color_temperature,0.1,,,,10471219474458438708,3059941478060558768,action_mean_abs,0.0014970540069043636
gpu_1,clean,clean/place_container_plate/episode_000033/0_156,place_container_plate,episode_000033,clean,,,,final_action,color_temperature,0.1,,,,10471219474458438708,3059941478060558768,action_relative_l2/first_25pct,0.0
gpu_1,clean,clean/place_container_plate/episode_000033/0_156,place_container_plate,episode_000033,clean,,,,final_action,color_temperature,0.1,,,,10471219474458438708,3059941478060558768,action_relative_l2/last_75pct,0.010716686956584454
gpu_1,clean,clean/place_container_plate/episode_000033/0_156,place_container_plate,episode_000033,clean,,,,final_action,color_temperature,0.1,,,,10471219474458438708,3059941478060558768,endpoint_l2/left_position,0.021266786381602287
gpu_1,clean,clean/place_container_plate/episode_000033/0_156,place_container_plate,episode_000033,clean,,,,final_action,color_temperature,0.1,,,,10471219474458438708,3059941478060558768,endpoint_l2/right_position,0.004915478639304638
gpu_1,clean,clean/place_container_plate/episode_000033/0_156,place_container_plate,episode_000033,clean,,,,final_action,color_temperature,0.1,,,,10471219474458438708,3059941478060558768,rotation_geodesic/left_rotation,0.011444897390902042
gpu_1,clean,clean/place_container_plate/episode_000033/0_156,place_container_plate,episode_000033,clean,,,,final_action,color_temperature,0.1,,,,10471219474458438708,3059941478060558768,rotation_geodesic/right_rotation,0.00941337738186121
gpu_1,clean,clean/place_container_plate/episode_000033/0_156,place_container_plate,episode_000033,clean,,,,final_action,color_temperature,0.1,,,,10471219474458438708,3059941478060558768,gripper_flip_rate,0.0
gpu_1,clean,clean/place_container_plate/episode_000033/0_156,place_container_plate,episode_000033,clean,,,,final_action,color_temperature,0.1,,,,10471219474458438708,3059941478060558768,temporal_jerk_difference,0.0016246414743363857
gpu_1,clean,clean/place_container_plate/episode_000033/0_156,place_container_plate,episode_000033,clean,,,,final_action,gamma,0.8,,,,10471219474458438708,6224378030923556313,action_relative_l2,0.003875870257616043
gpu_1,clean,clean/place_container_plate/episode_000033/0_156,place_container_plate,episode_000033,clean,,,,final_action,gamma,0.8,,,,10471219474458438708,6224378030923556313,action_mean_abs,0.0003835145616903901
gpu_1,clean,clean/place_container_plate/episode_000033/0_156,place_container_plate,episode_000033,clean,,,,final_action,gamma,0.8,,,,10471219474458438708,6224378030923556313,action_relative_l2/first_25pct,0.0
gpu_1,clean,clean/place_container_plate/episode_000033/0_156,place_container_plate,episode_000033,clean,,,,final_action,gamma,0.8,,,,10471219474458438708,6224378030923556313,action_relative_l2/last_75pct,0.004010667558759451
gpu_1,clean,clean/place_container_plate/episode_000033/0_156,place_container_plate,episode_000033,clean,,,,final_action,gamma,0.8,,,,10471219474458438708,6224378030923556313,endpoint_l2/left_position,0.0015613511204719543
gpu_1,clean,clean/place_container_plate/episode_000033/0_156,place_container_plate,episode_000033,clean,,,,final_action,gamma,0.8,,,,10471219474458438708,6224378030923556313,endpoint_l2/right_position,0.0023358017206192017
gpu_1,clean,clean/place_container_plate/episode_000033/0_156,place_container_plate,episode_000033,clean,,,,final_action,gamma,0.8,,,,10471219474458438708,6224378030923556313,rotation_geodesic/left_rotation,0.0028494710568338633
gpu_1,clean,clean/place_container_plate/episode_000033/0_156,place_container_plate,episode_000033,clean,,,,final_action,gamma,0.8,,,,10471219474458438708,6224378030923556313,rotation_geodesic/right_rotation,0.002453938592225313
gpu_1,clean,clean/place_container_plate/episode_000033/0_156,place_container_plate,episode_000033,clean,,,,final_action,gamma,0.8,,,,10471219474458438708,6224378030923556313,gripper_flip_rate,0.0
gpu_1,clean,clean/place_container_plate/episode_000033/0_156,place_container_plate,episode_000033,clean,,,,final_action,gamma,0.8,,,,10471219474458438708,6224378030923556313,temporal_jerk_difference,0.0011607811320573092
gpu_1,clean,clean/place_container_plate/episode_000033/0_156,place_container_plate,episode_000033,clean,,,,final_action,gamma,1.2,,,,10471219474458438708,906277563794249191,action_relative_l2,0.003515402087941766
gpu_1,clean,clean/place_container_plate/episode_000033/0_156,place_container_plate,episode_000033,clean,,,,final_action,gamma,1.2,,,,10471219474458438708,906277563794249191,action_mean_abs,0.0003328032325953245
gpu_1,clean,clean/place_container_plate/episode_000033/0_156,place_container_plate,episode_000033,clean,,,,final_action,gamma,1.2,,,,10471219474458438708,906277563794249191,action_relative_l2/first_25pct,0.0
gpu_1,clean,clean/place_container_plate/episode_000033/0_156,place_container_plate,episode_000033,clean,,,,final_action,gamma,1.2,,,,10471219474458438708,906277563794249191,action_relative_l2/last_75pct,0.003637662623077631
gpu_1,clean,clean/place_container_plate/episode_000033/0_156,place_container_plate,episode_000033,clean,,,,final_action,gamma,1.2,,,,10471219474458438708,906277563794249191,endpoint_l2/left_position,0.0015613511204719543
gpu_1,clean,clean/place_container_plate/episode_000033/0_156,place_container_plate,episode_000033,clean,,,,final_action,gamma,1.2,,,,10471219474458438708,906277563794249191,endpoint_l2/right_position,0.0021554327104240656
gpu_1,clean,clean/place_container_plate/episode_000033/0_156,place_container_plate,episode_000033,clean,,,,final_action,gamma,1.2,,,,10471219474458438708,906277563794249191,rotation_geodesic/left_rotation,0.001574516063556075
gpu_1,clean,clean/place_container_plate/episode_000033/0_156,place_container_plate,episode_000033,clean,,,,final_action,gamma,1.2,,,,10471219474458438708,906277563794249191,rotation_geodesic/right_rotation,0.002899979241192341
gpu_1,clean,clean/place_container_plate/episode_000033/0_156,place_container_plate,episode_000033,clean,,,,final_action,gamma,1.2,,,,10471219474458438708,906277563794249191,gripper_flip_rate,0.0
gpu_1,clean,clean/place_container_plate/episode_000033/0_156,place_container_plate,episode_000033,clean,,,,final_action,gamma,1.2,,,,10471219474458438708,906277563794249191,temporal_jerk_difference,0.0008016683859750628
gpu_1,clean,clean/place_container_plate/episode_000033/0_156,place_container_plate,episode_000033,clean,,,,final_action,gaussian_blur_sigma,0.5,,,,10471219474458438708,13687891846825993847,action_relative_l2,0.00336406659334898
gpu_1,clean,clean/place_container_plate/episode_000033/0_156,place_container_plate,episode_000033,clean,,,,final_action,gaussian_blur_sigma,0.5,,,,10471219474458438708,13687891846825993847,action_mean_abs,0.0002400270604994148
gpu_1,clean,clean/place_container_plate/episode_000033/0_156,place_container_plate,episode_000033,clean,,,,final_action,gaussian_blur_sigma,0.5,,,,10471219474458438708,13687891846825993847,action_relative_l2/first_25pct,0.0
gpu_1,clean,clean/place_container_plate/episode_000033/0_156,place_container_plate,episode_000033,clean,,,,final_action,gaussian_blur_sigma,0.5,,,,10471219474458438708,13687891846825993847,action_relative_l2/last_75pct,0.003481063758954406
gpu_1,clean,clean/place_container_plate/episode_000033/0_156,place_container_plate,episode_000033,clean,,,,final_action,gaussian_blur_sigma,0.5,,,,10471219474458438708,13687891846825993847,endpoint_l2/left_position,0.0
gpu_1,clean,clean/place_container_plate/episode_000033/0_156,place_container_plate,episode_000033,clean,,,,final_action,gaussian_blur_sigma,0.5,,,,10471219474458438708,13687891846825993847,endpoint_l2/right_position,0.0015192031860351562
gpu_1,clean,clean/place_container_plate/episode_000033/0_156,place_container_plate,episode_000033,clean,,,,final_action,gaussian_blur_sigma,0.5,,,,10471219474458438708,13687891846825993847,rotation_geodesic/left_rotation,0.001600436749868095
gpu_1,clean,clean/place_container_plate/episode_000033/0_156,place_container_plate,episode_000033,clean,,,,final_action,gaussian_blur_sigma,0.5,,,,10471219474458438708,13687891846825993847,rotation_geodesic/right_rotation,0.0021503246389329433
gpu_1,clean,clean/place_container_plate/episode_000033/0_156,place_container_plate,episode_000033,clean,,,,final_action,gaussian_blur_sigma,0.5,,,,10471219474458438708,13687891846825993847,gripper_flip_rate,0.0
gpu_1,clean,clean/place_container_plate/episode_000033/0_156,place_container_plate,episode_000033,clean,,,,final_action,gaussian_blur_sigma,0.5,,,,10471219474458438708,13687891846825993847,temporal_jerk_difference,0.0007674882654100657
gpu_1,clean,clean/place_container_plate/episode_000033/0_156,place_container_plate,episode_000033,clean,,,,final_action,gaussian_blur_sigma,1.0,,,,10471219474458438708,12185843836051114294,action_relative_l2,0.0033966947812587023
gpu_1,clean,clean/place_container_plate/episode_000033/0_156,place_container_plate,episode_000033,clean,,,,final_action,gaussian_blur_sigma,1.0,,,,10471219474458438708,12185843836051114294,action_mean_abs,0.00026251174858771265
gpu_1,clean,clean/place_container_plate/episode_000033/0_156,place_container_plate,episode_000033,clean,,,,final_action,gaussian_blur_sigma,1.0,,,,10471219474458438708,12185843836051114294,action_relative_l2/first_25pct,0.0
gpu_1,clean,clean/place_container_plate/episode_000033/0_156,place_container_plate,episode_000033,clean,,,,final_action,gaussian_blur_sigma,1.0,,,,10471219474458438708,12185843836051114294,action_relative_l2/last_75pct,0.003514826763421297
gpu_1,clean,clean/place_container_plate/episode_000033/0_156,place_container_plate,episode_000033,clean,,,,final_action,gaussian_blur_sigma,1.0,,,,10471219474458438708,12185843836051114294,endpoint_l2/left_position,0.0
gpu_1,clean,clean/place_container_plate/episode_000033/0_156,place_container_plate,episode_000033,clean,,,,final_action,gaussian_blur_sigma,1.0,,,,10471219474458438708,12185843836051114294,endpoint_l2/right_position,0.0015192031860351562
gpu_1,clean,clean/place_container_plate/episode_000033/0_156,place_container_plate,episode_000033,clean,,,,final_action,gaussian_blur_sigma,1.0,,,,10471219474458438708,12185843836051114294,rotation_geodesic/left_rotation,0.0022339599672704935
gpu_1,clean,clean/place_container_plate/episode_000033/0_156,place_container_plate,episode_000033,clean,,,,final_action,gaussian_blur_sigma,1.0,,,,10471219474458438708,12185843836051114294,rotation_geodesic/right_rotation,0.0023375600576400757
gpu_1,clean,clean/place_container_plate/episode_000033/0_156,place_container_plate,episode_000033,clean,,,,final_action,gaussian_blur_sigma,1.0,,,,10471219474458438708,12185843836051114294,gripper_flip_rate,0.0
gpu_1,clean,clean/place_container_plate/episode_000033/0_156,place_container_plate,episode_000033,clean,,,,final_action,gaussian_blur_sigma,1.0,,,,10471219474458438708,12185843836051114294,temporal_jerk_difference,0.0008936796803027391
gpu_1,clean,clean/place_container_plate/episode_000033/0_156,place_container_plate,episode_000033,clean,,,,final_action,gaussian_noise_std,0.01,,,,10471219474458438708,17679738631140918171,action_relative_l2,0.007273418363183737
gpu_1,clean,clean/place_container_plate/episode_000033/0_156,place_container_plate,episode_000033,clean,,,,final_action,gaussian_noise_std,0.01,,,,10471219474458438708,17679738631140918171,action_mean_abs,0.0010521349031478167
gpu_1,clean,clean/place_container_plate/episode_000033/0_156,place_container_plate,episode_000033,clean,,,,final_action,gaussian_noise_std,0.01,,,,10471219474458438708,17679738631140918171,action_relative_l2/first_25pct,0.0
gpu_1,clean,clean/place_container_plate/episode_000033/0_156,place_container_plate,episode_000033,clean,,,,final_action,gaussian_noise_std,0.01,,,,10471219474458438708,17679738631140918171,action_relative_l2/last_75pct,0.007526376750320196
gpu_1,clean,clean/place_container_plate/episode_000033/0_156,place_container_plate,episode_000033,clean,,,,final_action,gaussian_noise_std,0.01,,,,10471219474458438708,17679738631140918171,endpoint_l2/left_position,0.004300448577851057
gpu_1,clean,clean/place_container_plate/episode_000033/0_156,place_container_plate,episode_000033,clean,,,,final_action,gaussian_noise_std,0.01,,,,10471219474458438708,17679738631140918171,endpoint_l2/right_position,0.0028893642593175173
gpu_1,clean,clean/place_container_plate/episode_000033/0_156,place_container_plate,episode_000033,clean,,,,final_action,gaussian_noise_std,0.01,,,,10471219474458438708,17679738631140918171,rotation_geodesic/left_rotation,0.004504641517996788
gpu_1,clean,clean/place_container_plate/episode_000033/0_156,place_container_plate,episode_000033,clean,,,,final_action,gaussian_noise_std,0.01,,,,10471219474458438708,17679738631140918171,rotation_geodesic/right_rotation,0.010651743970811367
gpu_1,clean,clean/place_container_plate/episode_000033/0_156,place_container_plate,episode_000033,clean,,,,final_action,gaussian_noise_std,0.01,,,,10471219474458438708,17679738631140918171,gripper_flip_rate,0.0
gpu_1,clean,clean/place_container_plate/episode_000033/0_156,place_container_plate,episode_000033,clean,,,,final_action,gaussian_noise_std,0.01,,,,10471219474458438708,17679738631140918171,temporal_jerk_difference,0.0014017840148881078
gpu_1,clean,clean/place_container_plate/episode_000033/0_156,place_container_plate,episode_000033,clean,,,,final_action,gaussian_noise_std,0.03,,,,10471219474458438708,13013057233012687563,action_relative_l2,0.07906907796859741
gpu_1,clean,clean/place_container_plate/episode_000033/0_156,place_container_plate,episode_000033,clean,,,,final_action,gaussian_noise_std,0.03,,,,10471219474458438708,13013057233012687563,action_mean_abs,0.008171001449227333
gpu_1,clean,clean/place_container_plate/episode_000033/0_156,place_container_plate,episode_000033,clean,,,,final_action,gaussian_noise_std,0.03,,,,10471219474458438708,13013057233012687563,action_relative_l2/first_25pct,0.0
gpu_1,clean,clean/place_container_plate/episode_000033/0_156,place_container_plate,episode_000033,clean,,,,final_action,gaussian_noise_std,0.03,,,,10471219474458438708,13013057233012687563,action_relative_l2/last_75pct,0.08181898295879364
gpu_1,clean,clean/place_container_plate/episode_000033/0_156,place_container_plate,episode_000033,clean,,,,final_action,gaussian_noise_std,0.03,,,,10471219474458438708,13013057233012687563,endpoint_l2/left_position,0.014494289644062519
gpu_1,clean,clean/place_container_plate/episode_000033/0_156,place_container_plate,episode_000033,clean,,,,final_action,gaussian_noise_std,0.03,,,,10471219474458438708,13013057233012687563,endpoint_l2/right_position,0.08093877136707306
gpu_1,clean,clean/place_container_plate/episode_000033/0_156,place_container_plate,episode_000033,clean,,,,final_action,gaussian_noise_std,0.03,,,,10471219474458438708,13013057233012687563,rotation_geodesic/left_rotation,0.01050344668328762
gpu_1,clean,clean/place_container_plate/episode_000033/0_156,place_container_plate,episode_000033,clean,,,,final_action,gaussian_noise_std,0.03,,,,10471219474458438708,13013057233012687563,rotation_geodesic/right_rotation,0.12128400802612305
gpu_1,clean,clean/place_container_plate/episode_000033/0_156,place_container_plate,episode_000033,clean,,,,final_action,gaussian_noise_std,0.03,,,,10471219474458438708,13013057233012687563,gripper_flip_rate,0.0
gpu_1,clean,clean/place_container_plate/episode_000033/0_156,place_container_plate,episode_000033,clean,,,,final_action,gaussian_noise_std,0.03,,,,10471219474458438708,13013057233012687563,temporal_jerk_difference,0.0018515854608267546
gpu_1,clean,clean/place_container_plate/episode_000033/0_156,place_container_plate,episode_000033,clean,,,,final_action,identity,0.0,,,,10471219474458438708,,action_relative_l2,0.0
gpu_1,clean,clean/place_container_plate/episode_000033/0_156,place_container_plate,episode_000033,clean,,,,final_action,identity,0.0,,,,10471219474458438708,,action_mean_abs,0.0
gpu_1,clean,clean/place_container_plate/episode_000033/0_156,place_container_plate,episode_000033,clean,,,,final_action,identity,0.0,,,,10471219474458438708,,action_relative_l2/first_25pct,0.0
gpu_1,clean,clean/place_container_plate/episode_000033/0_156,place_container_plate,episode_000033,clean,,,,final_action,identity,0.0,,,,10471219474458438708,,action_relative_l2/last_75pct,0.0
gpu_1,clean,clean/place_container_plate/episode_000033/0_156,place_container_plate,episode_000033,clean,,,,final_action,identity,0.0,,,,10471219474458438708,,endpoint_l2/left_position,0.0
gpu_1,clean,clean/place_container_plate/episode_000033/0_156,place_container_plate,episode_000033,clean,,,,final_action,identity,0.0,,,,10471219474458438708,,endpoint_l2/right_position,0.0
gpu_1,clean,clean/place_container_plate/episode_000033/0_156,place_container_plate,episode_000033,clean,,,,final_action,identity,0.0,,,,10471219474458438708,,rotation_geodesic/left_rotation,0.0001847281528171152
gpu_1,clean,clean/place_container_plate/episode_000033/0_156,place_container_plate,episode_000033,clean,,,,final_action,identity,0.0,,,,10471219474458438708,,rotation_geodesic/right_rotation,0.00021632226707879454
gpu_1,clean,clean/place_container_plate/episode_000033/0_156,place_container_plate,episode_000033,clean,,,,final_action,identity,0.0,,,,10471219474458438708,,gripper_flip_rate,0.0
gpu_1,clean,clean/place_container_plate/episode_000033/0_156,place_container_plate,episode_000033,clean,,,,final_action,identity,0.0,,,,10471219474458438708,,temporal_jerk_difference,0.0
gpu_1,clean,clean/put_bottles_dustbin/episode_000006/0_549,put_bottles_dustbin,episode_000006,clean,,,,final_action,brightness,0.8,,,,569836324477247425,1394009349984855089,action_relative_l2,0.023831890895962715
gpu_1,clean,clean/put_bottles_dustbin/episode_000006/0_549,put_bottles_dustbin,episode_000006,clean,,,,final_action,brightness,0.8,,,,569836324477247425,1394009349984855089,action_mean_abs,0.003950849641114473
gpu_1,clean,clean/put_bottles_dustbin/episode_000006/0_549,put_bottles_dustbin,episode_000006,clean,,,,final_action,brightness,0.8,,,,569836324477247425,1394009349984855089,action_relative_l2/first_25pct,0.0
gpu_1,clean,clean/put_bottles_dustbin/episode_000006/0_549,put_bottles_dustbin,episode_000006,clean,,,,final_action,brightness,0.8,,,,569836324477247425,1394009349984855089,action_relative_l2/last_75pct,0.024669691920280457
gpu_1,clean,clean/put_bottles_dustbin/episode_000006/0_549,put_bottles_dustbin,episode_000006,clean,,,,final_action,brightness,0.8,,,,569836324477247425,1394009349984855089,endpoint_l2/left_position,0.021425805985927582
gpu_1,clean,clean/put_bottles_dustbin/episode_000006/0_549,put_bottles_dustbin,episode_000006,clean,,,,final_action,brightness,0.8,,,,569836324477247425,1394009349984855089,endpoint_l2/right_position,0.015467610210180283
gpu_1,clean,clean/put_bottles_dustbin/episode_000006/0_549,put_bottles_dustbin,episode_000006,clean,,,,final_action,brightness,0.8,,,,569836324477247425,1394009349984855089,rotation_geodesic/left_rotation,0.03107466734945774
gpu_1,clean,clean/put_bottles_dustbin/episode_000006/0_549,put_bottles_dustbin,episode_000006,clean,,,,final_action,brightness,0.8,,,,569836324477247425,1394009349984855089,rotation_geodesic/right_rotation,0.017083177343010902
gpu_1,clean,clean/put_bottles_dustbin/episode_000006/0_549,put_bottles_dustbin,episode_000006,clean,,,,final_action,brightness,0.8,,,,569836324477247425,1394009349984855089,gripper_flip_rate,0.0
gpu_1,clean,clean/put_bottles_dustbin/episode_000006/0_549,put_bottles_dustbin,episode_000006,clean,,,,final_action,brightness,0.8,,,,569836324477247425,1394009349984855089,temporal_jerk_difference,0.0016500870697200298
gpu_1,clean,clean/put_bottles_dustbin/episode_000006/0_549,put_bottles_dustbin,episode_000006,clean,,,,final_action,brightness,1.2,,,,569836324477247425,8114302215028719186,action_relative_l2,0.020874297246336937
gpu_1,clean,clean/put_bottles_dustbin/episode_000006/0_549,put_bottles_dustbin,episode_000006,clean,,,,final_action,brightness,1.2,,,,569836324477247425,8114302215028719186,action_mean_abs,0.003272213041782379
gpu_1,clean,clean/put_bottles_dustbin/episode_000006/0_549,put_bottles_dustbin,episode_000006,clean,,,,final_action,brightness,1.2,,,,569836324477247425,8114302215028719186,action_relative_l2/first_25pct,0.0
gpu_1,clean,clean/put_bottles_dustbin/episode_000006/0_549,put_bottles_dustbin,episode_000006,clean,,,,final_action,brightness,1.2,,,,569836324477247425,8114302215028719186,action_relative_l2/last_75pct,0.021608125418424606
gpu_1,clean,clean/put_bottles_dustbin/episode_000006/0_549,put_bottles_dustbin,episode_000006,clean,,,,final_action,brightness,1.2,,,,569836324477247425,8114302215028719186,endpoint_l2/left_position,0.01727764494717121
gpu_1,clean,clean/put_bottles_dustbin/episode_000006/0_549,put_bottles_dustbin,episode_000006,clean,,,,final_action,brightness,1.2,,,,569836324477247425,8114302215028719186,endpoint_l2/right_position,0.01918986812233925
gpu_1,clean,clean/put_bottles_dustbin/episode_000006/0_549,put_bottles_dustbin,episode_000006,clean,,,,final_action,brightness,1.2,,,,569836324477247425,8114302215028719186,rotation_geodesic/left_rotation,0.027297481894493103
gpu_1,clean,clean/put_bottles_dustbin/episode_000006/0_549,put_bottles_dustbin,episode_000006,clean,,,,final_action,brightness,1.2,,,,569836324477247425,8114302215028719186,rotation_geodesic/right_rotation,0.0168747715651989
gpu_1,clean,clean/put_bottles_dustbin/episode_000006/0_549,put_bottles_dustbin,episode_000006,clean,,,,final_action,brightness,1.2,,,,569836324477247425,8114302215028719186,gripper_flip_rate,0.0
gpu_1,clean,clean/put_bottles_dustbin/episode_000006/0_549,put_bottles_dustbin,episode_000006,clean,,,,final_action,brightness,1.2,,,,569836324477247425,8114302215028719186,temporal_jerk_difference,0.002066107001155615
gpu_1,clean,clean/put_bottles_dustbin/episode_000006/0_549,put_bottles_dustbin,episode_000006,clean,,,,final_action,color_temperature,-0.1,,,,569836324477247425,14816179961873656132,action_relative_l2,0.01677536964416504
gpu_1,clean,clean/put_bottles_dustbin/episode_000006/0_549,put_bottles_dustbin,episode_000006,clean,,,,final_action,color_temperature,-0.1,,,,569836324477247425,14816179961873656132,action_mean_abs,0.002879224019125104
gpu_1,clean,clean/put_bottles_dustbin/episode_000006/0_549,put_bottles_dustbin,episode_000006,clean,,,,final_action,color_temperature,-0.1,,,,569836324477247425,14816179961873656132,action_relative_l2/first_25pct,0.0
gpu_1,clean,clean/put_bottles_dustbin/episode_000006/0_549,put_bottles_dustbin,episode_000006,clean,,,,final_action,color_temperature,-0.1,,,,569836324477247425,14816179961873656132,action_relative_l2/last_75pct,0.017365101724863052
gpu_1,clean,clean/put_bottles_dustbin/episode_000006/0_549,put_bottles_dustbin,episode_000006,clean,,,,final_action,color_temperature,-0.1,,,,569836324477247425,14816179961873656132,endpoint_l2/left_position,0.02482570894062519
gpu_1,clean,clean/put_bottles_dustbin/episode_000006/0_549,put_bottles_dustbin,episode_000006,clean,,,,final_action,color_temperature,-0.1,,,,569836324477247425,14816179961873656132,endpoint_l2/right_position,0.008125501684844494
gpu_1,clean,clean/put_bottles_dustbin/episode_000006/0_549,put_bottles_dustbin,episode_000006,clean,,,,final_action,color_temperature,-0.1,,,,569836324477247425,14816179961873656132,rotation_geodesic/left_rotation,0.020538778975605965
gpu_1,clean,clean/put_bottles_dustbin/episode_000006/0_549,put_bottles_dustbin,episode_000006,clean,,,,final_action,color_temperature,-0.1,,,,569836324477247425,14816179961873656132,rotation_geodesic/right_rotation,0.016497895121574402
gpu_1,clean,clean/put_bottles_dustbin/episode_000006/0_549,put_bottles_dustbin,episode_000006,clean,,,,final_action,color_temperature,-0.1,,,,569836324477247425,14816179961873656132,gripper_flip_rate,0.0
gpu_1,clean,clean/put_bottles_dustbin/episode_000006/0_549,put_bottles_dustbin,episode_000006,clean,,,,final_action,color_temperature,-0.1,,,,569836324477247425,14816179961873656132,temporal_jerk_difference,0.0016742937732487917
gpu_1,clean,clean/put_bottles_dustbin/episode_000006/0_549,put_bottles_dustbin,episode_000006,clean,,,,final_action,color_temperature,0.1,,,,569836324477247425,14578194793345110634,action_relative_l2,0.008396399207413197
gpu_1,clean,clean/put_bottles_dustbin/episode_000006/0_549,put_bottles_dustbin,episode_000006,clean,,,,final_action,color_temperature,0.1,,,,569836324477247425,14578194793345110634,action_mean_abs,0.0011492256307974458
gpu_1,clean,clean/put_bottles_dustbin/episode_000006/0_549,put_bottles_dustbin,episode_000006,clean,,,,final_action,color_temperature,0.1,,,,569836324477247425,14578194793345110634,action_relative_l2/first_25pct,0.0
gpu_1,clean,clean/put_bottles_dustbin/episode_000006/0_549,put_bottles_dustbin,episode_000006,clean,,,,final_action,color_temperature,0.1,,,,569836324477247425,14578194793345110634,action_relative_l2/last_75pct,0.008691570721566677
gpu_1,clean,clean/put_bottles_dustbin/episode_000006/0_549,put_bottles_dustbin,episode_000006,clean,,,,final_action,color_temperature,0.1,,,,569836324477247425,14578194793345110634,endpoint_l2/left_position,0.01172672864049673
gpu_1,clean,clean/put_bottles_dustbin/episode_000006/0_549,put_bottles_dustbin,episode_000006,clean,,,,final_action,color_temperature,0.1,,,,569836324477247425,14578194793345110634,endpoint_l2/right_position,0.0047303237952291965
gpu_1,clean,clean/put_bottles_dustbin/episode_000006/0_549,put_bottles_dustbin,episode_000006,clean,,,,final_action,color_temperature,0.1,,,,569836324477247425,14578194793345110634,rotation_geodesic/left_rotation,0.010597200132906437
gpu_1,clean,clean/put_bottles_dustbin/episode_000006/0_549,put_bottles_dustbin,episode_000006,clean,,,,final_action,color_temperature,0.1,,,,569836324477247425,14578194793345110634,rotation_geodesic/right_rotation,0.006703786086291075
gpu_1,clean,clean/put_bottles_dustbin/episode_000006/0_549,put_bottles_dustbin,episode_000006,clean,,,,final_action,color_temperature,0.1,,,,569836324477247425,14578194793345110634,gripper_flip_rate,0.0
gpu_1,clean,clean/put_bottles_dustbin/episode_000006/0_549,put_bottles_dustbin,episode_000006,clean,,,,final_action,color_temperature,0.1,,,,569836324477247425,14578194793345110634,temporal_jerk_difference,0.0014218926662579179
gpu_1,clean,clean/put_bottles_dustbin/episode_000006/0_549,put_bottles_dustbin,episode_000006,clean,,,,final_action,gamma,0.8,,,,569836324477247425,16933093666737702996,action_relative_l2,0.007887296378612518
gpu_1,clean,clean/put_bottles_dustbin/episode_000006/0_549,put_bottles_dustbin,episode_000006,clean,,,,final_action,gamma,0.8,,,,569836324477247425,16933093666737702996,action_mean_abs,0.0009859493002295494
gpu_1,clean,clean/put_bottles_dustbin/episode_000006/0_549,put_bottles_dustbin,episode_000006,clean,,,,final_action,gamma,0.8,,,,569836324477247425,16933093666737702996,action_relative_l2/first_25pct,0.0
gpu_1,clean,clean/put_bottles_dustbin/episode_000006/0_549,put_bottles_dustbin,episode_000006,clean,,,,final_action,gamma,0.8,,,,569836324477247425,16933093666737702996,action_relative_l2/last_75pct,0.008164571598172188
gpu_1,clean,clean/put_bottles_dustbin/episode_000006/0_549,put_bottles_dustbin,episode_000006,clean,,,,final_action,gamma,0.8,,,,569836324477247425,16933093666737702996,endpoint_l2/left_position,0.01215490885078907
gpu_1,clean,clean/put_bottles_dustbin/episode_000006/0_549,put_bottles_dustbin,episode_000006,clean,,,,final_action,gamma,0.8,,,,569836324477247425,16933093666737702996,endpoint_l2/right_position,0.005144893657416105
gpu_1,clean,clean/put_bottles_dustbin/episode_000006/0_549,put_bottles_dustbin,episode_000006,clean,,,,final_action,gamma,0.8,,,,569836324477247425,16933093666737702996,rotation_geodesic/left_rotation,0.008913774974644184
gpu_1,clean,clean/put_bottles_dustbin/episode_000006/0_549,put_bottles_dustbin,episode_000006,clean,,,,final_action,gamma,0.8,,,,569836324477247425,16933093666737702996,rotation_geodesic/right_rotation,0.0056487745605409145
gpu_1,clean,clean/put_bottles_dustbin/episode_000006/0_549,put_bottles_dustbin,episode_000006,clean,,,,final_action,gamma,0.8,,,,569836324477247425,16933093666737702996,gripper_flip_rate,0.0
gpu_1,clean,clean/put_bottles_dustbin/episode_000006/0_549,put_bottles_dustbin,episode_000006,clean,,,,final_action,gamma,0.8,,,,569836324477247425,16933093666737702996,temporal_jerk_difference,0.0012136359000578523
gpu_1,clean,clean/put_bottles_dustbin/episode_000006/0_549,put_bottles_dustbin,episode_000006,clean,,,,final_action,gamma,1.2,,,,569836324477247425,12625001604940726536,action_relative_l2,0.005301219876855612
gpu_1,clean,clean/put_bottles_dustbin/episode_000006/0_549,put_bottles_dustbin,episode_000006,clean,,,,final_action,gamma,1.2,,,,569836324477247425,12625001604940726536,action_mean_abs,0.0006850056233815849
gpu_1,clean,clean/put_bottles_dustbin/episode_000006/0_549,put_bottles_dustbin,episode_000006,clean,,,,final_action,gamma,1.2,,,,569836324477247425,12625001604940726536,action_relative_l2/first_25pct,0.0
gpu_1,clean,clean/put_bottles_dustbin/episode_000006/0_549,put_bottles_dustbin,episode_000006,clean,,,,final_action,gamma,1.2,,,,569836324477247425,12625001604940726536,action_relative_l2/last_75pct,0.005487582180649042
gpu_1,clean,clean/put_bottles_dustbin/episode_000006/0_549,put_bottles_dustbin,episode_000006,clean,,,,final_action,gamma,1.2,,,,569836324477247425,12625001604940726536,endpoint_l2/left_position,0.00407294649630785
gpu_1,clean,clean/put_bottles_dustbin/episode_000006/0_549,put_bottles_dustbin,episode_000006,clean,,,,final_action,gamma,1.2,,,,569836324477247425,12625001604940726536,endpoint_l2/right_position,0.007210434414446354
gpu_1,clean,clean/put_bottles_dustbin/episode_000006/0_549,put_bottles_dustbin,episode_000006,clean,,,,final_action,gamma,1.2,,,,569836324477247425,12625001604940726536,rotation_geodesic/left_rotation,0.003379490692168474
gpu_1,clean,clean/put_bottles_dustbin/episode_000006/0_549,put_bottles_dustbin,episode_000006,clean,,,,final_action,gamma,1.2,,,,569836324477247425,12625001604940726536,rotation_geodesic/right_rotation,0.006069637835025787
gpu_1,clean,clean/put_bottles_dustbin/episode_000006/0_549,put_bottles_dustbin,episode_000006,clean,,,,final_action,gamma,1.2,,,,569836324477247425,12625001604940726536,gripper_flip_rate,0.0
gpu_1,clean,clean/put_bottles_dustbin/episode_000006/0_549,put_bottles_dustbin,episode_000006,clean,,,,final_action,gamma,1.2,,,,569836324477247425,12625001604940726536,temporal_jerk_difference,0.0012785623548552394
gpu_1,clean,clean/put_bottles_dustbin/episode_000006/0_549,put_bottles_dustbin,episode_000006,clean,,,,final_action,gaussian_blur_sigma,0.5,,,,569836324477247425,12482998238198523405,action_relative_l2,0.00415441207587719
gpu_1,clean,clean/put_bottles_dustbin/episode_000006/0_549,put_bottles_dustbin,episode_000006,clean,,,,final_action,gaussian_blur_sigma,0.5,,,,569836324477247425,12482998238198523405,action_mean_abs,0.00045352839515544474
gpu_1,clean,clean/put_bottles_dustbin/episode_000006/0_549,put_bottles_dustbin,episode_000006,clean,,,,final_action,gaussian_blur_sigma,0.5,,,,569836324477247425,12482998238198523405,action_relative_l2/first_25pct,0.0
gpu_1,clean,clean/put_bottles_dustbin/episode_000006/0_549,put_bottles_dustbin,episode_000006,clean,,,,final_action,gaussian_blur_sigma,0.5,,,,569836324477247425,12482998238198523405,action_relative_l2/last_75pct,0.004300458822399378
gpu_1,clean,clean/put_bottles_dustbin/episode_000006/0_549,put_bottles_dustbin,episode_000006,clean,,,,final_action,gaussian_blur_sigma,0.5,,,,569836324477247425,12482998238198523405,endpoint_l2/left_position,0.002003489760681987
gpu_1,clean,clean/put_bottles_dustbin/episode_000006/0_549,put_bottles_dustbin,episode_000006,clean,,,,final_action,gaussian_blur_sigma,0.5,,,,569836324477247425,12482998238198523405,endpoint_l2/right_position,0.002889360534027219
gpu_1,clean,clean/put_bottles_dustbin/episode_000006/0_549,put_bottles_dustbin,episode_000006,clean,,,,final_action,gaussian_blur_sigma,0.5,,,,569836324477247425,12482998238198523405,rotation_geodesic/left_rotation,0.003984943963587284
gpu_1,clean,clean/put_bottles_dustbin/episode_000006/0_549,put_bottles_dustbin,episode_000006,clean,,,,final_action,gaussian_blur_sigma,0.5,,,,569836324477247425,12482998238198523405,rotation_geodesic/right_rotation,0.0046602897346019745
gpu_1,clean,clean/put_bottles_dustbin/episode_000006/0_549,put_bottles_dustbin,episode_000006,clean,,,,final_action,gaussian_blur_sigma,0.5,,,,569836324477247425,12482998238198523405,gripper_flip_rate,0.0
gpu_1,clean,clean/put_bottles_dustbin/episode_000006/0_549,put_bottles_dustbin,episode_000006,clean,,,,final_action,gaussian_blur_sigma,0.5,,,,569836324477247425,12482998238198523405,temporal_jerk_difference,0.0011682955082505941
gpu_1,clean,clean/put_bottles_dustbin/episode_000006/0_549,put_bottles_dustbin,episode_000006,clean,,,,final_action,gaussian_blur_sigma,1.0,,,,569836324477247425,2603120455614262532,action_relative_l2,0.006085209082812071
gpu_1,clean,clean/put_bottles_dustbin/episode_000006/0_549,put_bottles_dustbin,episode_000006,clean,,,,final_action,gaussian_blur_sigma,1.0,,,,569836324477247425,2603120455614262532,action_mean_abs,0.0007680091657675803
gpu_1,clean,clean/put_bottles_dustbin/episode_000006/0_549,put_bottles_dustbin,episode_000006,clean,,,,final_action,gaussian_blur_sigma,1.0,,,,569836324477247425,2603120455614262532,action_relative_l2/first_25pct,0.0
gpu_1,clean,clean/put_bottles_dustbin/episode_000006/0_549,put_bottles_dustbin,episode_000006,clean,,,,final_action,gaussian_blur_sigma,1.0,,,,569836324477247425,2603120455614262532,action_relative_l2/last_75pct,0.006299132015556097
gpu_1,clean,clean/put_bottles_dustbin/episode_000006/0_549,put_bottles_dustbin,episode_000006,clean,,,,final_action,gaussian_blur_sigma,1.0,,,,569836324477247425,2603120455614262532,endpoint_l2/left_position,0.0018382072448730469
gpu_1,clean,clean/put_bottles_dustbin/episode_000006/0_549,put_bottles_dustbin,episode_000006,clean,,,,final_action,gaussian_blur_sigma,1.0,,,,569836324477247425,2603120455614262532,endpoint_l2/right_position,0.00317833898589015
gpu_1,clean,clean/put_bottles_dustbin/episode_000006/0_549,put_bottles_dustbin,episode_000006,clean,,,,final_action,gaussian_blur_sigma,1.0,,,,569836324477247425,2603120455614262532,rotation_geodesic/left_rotation,0.005052087362855673
gpu_1,clean,clean/put_bottles_dustbin/episode_000006/0_549,put_bottles_dustbin,episode_000006,clean,,,,final_action,gaussian_blur_sigma,1.0,,,,569836324477247425,2603120455614262532,rotation_geodesic/right_rotation,0.005890726111829281
gpu_1,clean,clean/put_bottles_dustbin/episode_000006/0_549,put_bottles_dustbin,episode_000006,clean,,,,final_action,gaussian_blur_sigma,1.0,,,,569836324477247425,2603120455614262532,gripper_flip_rate,0.0
gpu_1,clean,clean/put_bottles_dustbin/episode_000006/0_549,put_bottles_dustbin,episode_000006,clean,,,,final_action,gaussian_blur_sigma,1.0,,,,569836324477247425,2603120455614262532,temporal_jerk_difference,0.0013521480141207576
gpu_1,clean,clean/put_bottles_dustbin/episode_000006/0_549,put_bottles_dustbin,episode_000006,clean,,,,final_action,gaussian_noise_std,0.01,,,,569836324477247425,9490953497224402498,action_relative_l2,0.010732878930866718
gpu_1,clean,clean/put_bottles_dustbin/episode_000006/0_549,put_bottles_dustbin,episode_000006,clean,,,,final_action,gaussian_noise_std,0.01,,,,569836324477247425,9490953497224402498,action_mean_abs,0.0016084129456430674
gpu_1,clean,clean/put_bottles_dustbin/episode_000006/0_549,put_bottles_dustbin,episode_000006,clean,,,,final_action,gaussian_noise_std,0.01,,,,569836324477247425,9490953497224402498,action_relative_l2/first_25pct,0.0
gpu_1,clean,clean/put_bottles_dustbin/episode_000006/0_549,put_bottles_dustbin,episode_000006,clean,,,,final_action,gaussian_noise_std,0.01,,,,569836324477247425,9490953497224402498,action_relative_l2/last_75pct,0.011110189370810986
gpu_1,clean,clean/put_bottles_dustbin/episode_000006/0_549,put_bottles_dustbin,episode_000006,clean,,,,final_action,gaussian_noise_std,0.01,,,,569836324477247425,9490953497224402498,endpoint_l2/left_position,0.004279276821762323
gpu_1,clean,clean/put_bottles_dustbin/episode_000006/0_549,put_bottles_dustbin,episode_000006,clean,,,,final_action,gaussian_noise_std,0.01,,,,569836324477247425,9490953497224402498,endpoint_l2/right_position,0.007217631209641695
gpu_1,clean,clean/put_bottles_dustbin/episode_000006/0_549,put_bottles_dustbin,episode_000006,clean,,,,final_action,gaussian_noise_std,0.01,,,,569836324477247425,9490953497224402498,rotation_geodesic/left_rotation,0.01453717052936554
gpu_1,clean,clean/put_bottles_dustbin/episode_000006/0_549,put_bottles_dustbin,episode_000006,clean,,,,final_action,gaussian_noise_std,0.01,,,,569836324477247425,9490953497224402498,rotation_geodesic/right_rotation,0.008109427988529205
gpu_1,clean,clean/put_bottles_dustbin/episode_000006/0_549,put_bottles_dustbin,episode_000006,clean,,,,final_action,gaussian_noise_std,0.01,,,,569836324477247425,9490953497224402498,gripper_flip_rate,0.0
gpu_1,clean,clean/put_bottles_dustbin/episode_000006/0_549,put_bottles_dustbin,episode_000006,clean,,,,final_action,gaussian_noise_std,0.01,,,,569836324477247425,9490953497224402498,temporal_jerk_difference,0.0015240374486893415
gpu_1,clean,clean/put_bottles_dustbin/episode_000006/0_549,put_bottles_dustbin,episode_000006,clean,,,,final_action,gaussian_noise_std,0.03,,,,569836324477247425,16403314817068746778,action_relative_l2,0.02566215582191944
gpu_1,clean,clean/put_bottles_dustbin/episode_000006/0_549,put_bottles_dustbin,episode_000006,clean,,,,final_action,gaussian_noise_std,0.03,,,,569836324477247425,16403314817068746778,action_mean_abs,0.003992254380136728
gpu_1,clean,clean/put_bottles_dustbin/episode_000006/0_549,put_bottles_dustbin,episode_000006,clean,,,,final_action,gaussian_noise_std,0.03,,,,569836324477247425,16403314817068746778,action_relative_l2/first_25pct,0.0
gpu_1,clean,clean/put_bottles_dustbin/episode_000006/0_549,put_bottles_dustbin,episode_000006,clean,,,,final_action,gaussian_noise_std,0.03,,,,569836324477247425,16403314817068746778,action_relative_l2/last_75pct,0.026564300060272217
gpu_1,clean,clean/put_bottles_dustbin/episode_000006/0_549,put_bottles_dustbin,episode_000006,clean,,,,final_action,gaussian_noise_std,0.03,,,,569836324477247425,16403314817068746778,endpoint_l2/left_position,0.024021996185183525
gpu_1,clean,clean/put_bottles_dustbin/episode_000006/0_549,put_bottles_dustbin,episode_000006,clean,,,,final_action,gaussian_noise_std,0.03,,,,569836324477247425,16403314817068746778,endpoint_l2/right_position,0.022379131987690926
gpu_1,clean,clean/put_bottles_dustbin/episode_000006/0_549,put_bottles_dustbin,episode_000006,clean,,,,final_action,gaussian_noise_std,0.03,,,,569836324477247425,16403314817068746778,rotation_geodesic/left_rotation,0.03582413122057915
gpu_1,clean,clean/put_bottles_dustbin/episode_000006/0_549,put_bottles_dustbin,episode_000006,clean,,,,final_action,gaussian_noise_std,0.03,,,,569836324477247425,16403314817068746778,rotation_geodesic/right_rotation,0.01789764314889908
gpu_1,clean,clean/put_bottles_dustbin/episode_000006/0_549,put_bottles_dustbin,episode_000006,clean,,,,final_action,gaussian_noise_std,0.03,,,,569836324477247425,16403314817068746778,gripper_flip_rate,0.0
gpu_1,clean,clean/put_bottles_dustbin/episode_000006/0_549,put_bottles_dustbin,episode_000006,clean,,,,final_action,gaussian_noise_std,0.03,,,,569836324477247425,16403314817068746778,temporal_jerk_difference,0.0016510996501892805
gpu_1,clean,clean/put_bottles_dustbin/episode_000006/0_549,put_bottles_dustbin,episode_000006,clean,,,,final_action,identity,0.0,,,,569836324477247425,,action_relative_l2,0.0
gpu_1,clean,clean/put_bottles_dustbin/episode_000006/0_549,put_bottles_dustbin,episode_000006,clean,,,,final_action,identity,0.0,,,,569836324477247425,,action_mean_abs,0.0
gpu_1,clean,clean/put_bottles_dustbin/episode_000006/0_549,put_bottles_dustbin,episode_000006,clean,,,,final_action,identity,0.0,,,,569836324477247425,,action_relative_l2/first_25pct,0.0
gpu_1,clean,clean/put_bottles_dustbin/episode_000006/0_549,put_bottles_dustbin,episode_000006,clean,,,,final_action,identity,0.0,,,,569836324477247425,,action_relative_l2/last_75pct,0.0
gpu_1,clean,clean/put_bottles_dustbin/episode_000006/0_549,put_bottles_dustbin,episode_000006,clean,,,,final_action,identity,0.0,,,,569836324477247425,,endpoint_l2/left_position,0.0
gpu_1,clean,clean/put_bottles_dustbin/episode_000006/0_549,put_bottles_dustbin,episode_000006,clean,,,,final_action,identity,0.0,,,,569836324477247425,,endpoint_l2/right_position,0.0
gpu_1,clean,clean/put_bottles_dustbin/episode_000006/0_549,put_bottles_dustbin,episode_000006,clean,,,,final_action,identity,0.0,,,,569836324477247425,,rotation_geodesic/left_rotation,0.0001810257526813075
gpu_1,clean,clean/put_bottles_dustbin/episode_000006/0_549,put_bottles_dustbin,episode_000006,clean,,,,final_action,identity,0.0,,,,569836324477247425,,rotation_geodesic/right_rotation,8.053462079260498e-05
gpu_1,clean,clean/put_bottles_dustbin/episode_000006/0_549,put_bottles_dustbin,episode_000006,clean,,,,final_action,identity,0.0,,,,569836324477247425,,gripper_flip_rate,0.0
gpu_1,clean,clean/put_bottles_dustbin/episode_000006/0_549,put_bottles_dustbin,episode_000006,clean,,,,final_action,identity,0.0,,,,569836324477247425,,temporal_jerk_difference,0.0
gpu_1,clean,clean/turn_switch/episode_000047/0_98,turn_switch,episode_000047,clean,,,,final_action,brightness,0.8,,,,16604683412220122174,2894186492195837140,action_relative_l2,0.013569300994277
gpu_1,clean,clean/turn_switch/episode_000047/0_98,turn_switch,episode_000047,clean,,,,final_action,brightness,0.8,,,,16604683412220122174,2894186492195837140,action_mean_abs,0.002802595729008317
gpu_1,clean,clean/turn_switch/episode_000047/0_98,turn_switch,episode_000047,clean,,,,final_action,brightness,0.8,,,,16604683412220122174,2894186492195837140,action_relative_l2/first_25pct,0.0
gpu_1,clean,clean/turn_switch/episode_000047/0_98,turn_switch,episode_000047,clean,,,,final_action,brightness,0.8,,,,16604683412220122174,2894186492195837140,action_relative_l2/last_75pct,0.014041760936379433
gpu_1,clean,clean/turn_switch/episode_000047/0_98,turn_switch,episode_000047,clean,,,,final_action,brightness,0.8,,,,16604683412220122174,2894186492195837140,endpoint_l2/left_position,0.01177377998828888
gpu_1,clean,clean/turn_switch/episode_000047/0_98,turn_switch,episode_000047,clean,,,,final_action,brightness,0.8,,,,16604683412220122174,2894186492195837140,endpoint_l2/right_position,0.007649776991456747
gpu_1,clean,clean/turn_switch/episode_000047/0_98,turn_switch,episode_000047,clean,,,,final_action,brightness,0.8,,,,16604683412220122174,2894186492195837140,rotation_geodesic/left_rotation,0.015688056126236916
gpu_1,clean,clean/turn_switch/episode_000047/0_98,turn_switch,episode_000047,clean,,,,final_action,brightness,0.8,,,,16604683412220122174,2894186492195837140,rotation_geodesic/right_rotation,0.009256556630134583
gpu_1,clean,clean/turn_switch/episode_000047/0_98,turn_switch,episode_000047,clean,,,,final_action,brightness,0.8,,,,16604683412220122174,2894186492195837140,gripper_flip_rate,0.0
gpu_1,clean,clean/turn_switch/episode_000047/0_98,turn_switch,episode_000047,clean,,,,final_action,brightness,0.8,,,,16604683412220122174,2894186492195837140,temporal_jerk_difference,0.0021873058285564184
gpu_1,clean,clean/turn_switch/episode_000047/0_98,turn_switch,episode_000047,clean,,,,final_action,brightness,1.2,,,,16604683412220122174,3109882623584244822,action_relative_l2,0.020633922889828682
gpu_1,clean,clean/turn_switch/episode_000047/0_98,turn_switch,episode_000047,clean,,,,final_action,brightness,1.2,,,,16604683412220122174,3109882623584244822,action_mean_abs,0.003324417397379875
gpu_1,clean,clean/turn_switch/episode_000047/0_98,turn_switch,episode_000047,clean,,,,final_action,brightness,1.2,,,,16604683412220122174,3109882623584244822,action_relative_l2/first_25pct,0.0
gpu_1,clean,clean/turn_switch/episode_000047/0_98,turn_switch,episode_000047,clean,,,,final_action,brightness,1.2,,,,16604683412220122174,3109882623584244822,action_relative_l2/last_75pct,0.021352361887693405
gpu_1,clean,clean/turn_switch/episode_000047/0_98,turn_switch,episode_000047,clean,,,,final_action,brightness,1.2,,,,16604683412220122174,3109882623584244822,endpoint_l2/left_position,0.025819197297096252
gpu_1,clean,clean/turn_switch/episode_000047/0_98,turn_switch,episode_000047,clean,,,,final_action,brightness,1.2,,,,16604683412220122174,3109882623584244822,endpoint_l2/right_position,0.013292435556650162
gpu_1,clean,clean/turn_switch/episode_000047/0_98,turn_switch,episode_000047,clean,,,,final_action,brightness,1.2,,,,16604683412220122174,3109882623584244822,rotation_geodesic/left_rotation,0.01851259171962738
gpu_1,clean,clean/turn_switch/episode_000047/0_98,turn_switch,episode_000047,clean,,,,final_action,brightness,1.2,,,,16604683412220122174,3109882623584244822,rotation_geodesic/right_rotation,0.030012574046850204
gpu_1,clean,clean/turn_switch/episode_000047/0_98,turn_switch,episode_000047,clean,,,,final_action,brightness,1.2,,,,16604683412220122174,3109882623584244822,gripper_flip_rate,0.0
gpu_1,clean,clean/turn_switch/episode_000047/0_98,turn_switch,episode_000047,clean,,,,final_action,brightness,1.2,,,,16604683412220122174,3109882623584244822,temporal_jerk_difference,0.0020330233965069056
gpu_1,clean,clean/turn_switch/episode_000047/0_98,turn_switch,episode_000047,clean,,,,final_action,color_temperature,-0.1,,,,16604683412220122174,13981428570655036527,action_relative_l2,0.008907829411327839
gpu_1,clean,clean/turn_switch/episode_000047/0_98,turn_switch,episode_000047,clean,,,,final_action,color_temperature,-0.1,,,,16604683412220122174,13981428570655036527,action_mean_abs,0.0015984936617314816
gpu_1,clean,clean/turn_switch/episode_000047/0_98,turn_switch,episode_000047,clean,,,,final_action,color_temperature,-0.1,,,,16604683412220122174,13981428570655036527,action_relative_l2/first_25pct,0.0
gpu_1,clean,clean/turn_switch/episode_000047/0_98,turn_switch,episode_000047,clean,,,,final_action,color_temperature,-0.1,,,,16604683412220122174,13981428570655036527,action_relative_l2/last_75pct,0.009217984974384308
gpu_1,clean,clean/turn_switch/episode_000047/0_98,turn_switch,episode_000047,clean,,,,final_action,color_temperature,-0.1,,,,16604683412220122174,13981428570655036527,endpoint_l2/left_position,0.009559715166687965
gpu_1,clean,clean/turn_switch/episode_000047/0_98,turn_switch,episode_000047,clean,,,,final_action,color_temperature,-0.1,,,,16604683412220122174,13981428570655036527,endpoint_l2/right_position,0.003851365763694048
gpu_1,clean,clean/turn_switch/episode_000047/0_98,turn_switch,episode_000047,clean,,,,final_action,color_temperature,-0.1,,,,16604683412220122174,13981428570655036527,rotation_geodesic/left_rotation,0.008738795295357704
gpu_1,clean,clean/turn_switch/episode_000047/0_98,turn_switch,episode_000047,clean,,,,final_action,color_temperature,-0.1,,,,16604683412220122174,13981428570655036527,rotation_geodesic/right_rotation,0.010361751541495323
gpu_1,clean,clean/turn_switch/episode_000047/0_98,turn_switch,episode_000047,clean,,,,final_action,color_temperature,-0.1,,,,16604683412220122174,13981428570655036527,gripper_flip_rate,0.0
gpu_1,clean,clean/turn_switch/episode_000047/0_98,turn_switch,episode_000047,clean,,,,final_action,color_temperature,-0.1,,,,16604683412220122174,13981428570655036527,temporal_jerk_difference,0.001778144622221589
gpu_1,clean,clean/turn_switch/episode_000047/0_98,turn_switch,episode_000047,clean,,,,final_action,color_temperature,0.1,,,,16604683412220122174,7431615385873627060,action_relative_l2,0.006382129155099392
gpu_1,clean,clean/turn_switch/episode_000047/0_98,turn_switch,episode_000047,clean,,,,final_action,color_temperature,0.1,,,,16604683412220122174,7431615385873627060,action_mean_abs,0.0008232805412262678
gpu_1,clean,clean/turn_switch/episode_000047/0_98,turn_switch,episode_000047,clean,,,,final_action,color_temperature,0.1,,,,16604683412220122174,7431615385873627060,action_relative_l2/first_25pct,0.0
gpu_1,clean,clean/turn_switch/episode_000047/0_98,turn_switch,episode_000047,clean,,,,final_action,color_temperature,0.1,,,,16604683412220122174,7431615385873627060,action_relative_l2/last_75pct,0.006604344118386507
gpu_1,clean,clean/turn_switch/episode_000047/0_98,turn_switch,episode_000047,clean,,,,final_action,color_temperature,0.1,,,,16604683412220122174,7431615385873627060,endpoint_l2/left_position,0.0012059020809829235
gpu_1,clean,clean/turn_switch/episode_000047/0_98,turn_switch,episode_000047,clean,,,,final_action,color_temperature,0.1,,,,16604683412220122174,7431615385873627060,endpoint_l2/right_position,0.002441608579829335
gpu_1,clean,clean/turn_switch/episode_000047/0_98,turn_switch,episode_000047,clean,,,,final_action,color_temperature,0.1,,,,16604683412220122174,7431615385873627060,rotation_geodesic/left_rotation,0.006958156358450651
gpu_1,clean,clean/turn_switch/episode_000047/0_98,turn_switch,episode_000047,clean,,,,final_action,color_temperature,0.1,,,,16604683412220122174,7431615385873627060,rotation_geodesic/right_rotation,0.004226079210639
gpu_1,clean,clean/turn_switch/episode_000047/0_98,turn_switch,episode_000047,clean,,,,final_action,color_temperature,0.1,,,,16604683412220122174,7431615385873627060,gripper_flip_rate,0.0
gpu_1,clean,clean/turn_switch/episode_000047/0_98,turn_switch,episode_000047,clean,,,,final_action,color_temperature,0.1,,,,16604683412220122174,7431615385873627060,temporal_jerk_difference,0.0016173996264114976
gpu_1,clean,clean/turn_switch/episode_000047/0_98,turn_switch,episode_000047,clean,,,,final_action,gamma,0.8,,,,16604683412220122174,8944454782225478405,action_relative_l2,0.003869979176670313
gpu_1,clean,clean/turn_switch/episode_000047/0_98,turn_switch,episode_000047,clean,,,,final_action,gamma,0.8,,,,16604683412220122174,8944454782225478405,action_mean_abs,0.00036649618414230645
gpu_1,clean,clean/turn_switch/episode_000047/0_98,turn_switch,episode_000047,clean,,,,final_action,gamma,0.8,,,,16604683412220122174,8944454782225478405,action_relative_l2/first_25pct,0.0
gpu_1,clean,clean/turn_switch/episode_000047/0_98,turn_switch,episode_000047,clean,,,,final_action,gamma,0.8,,,,16604683412220122174,8944454782225478405,action_relative_l2/last_75pct,0.004004725255072117
gpu_1,clean,clean/turn_switch/episode_000047/0_98,turn_switch,episode_000047,clean,,,,final_action,gamma,0.8,,,,16604683412220122174,8944454782225478405,endpoint_l2/left_position,0.0007968544960021973
gpu_1,clean,clean/turn_switch/episode_000047/0_98,turn_switch,episode_000047,clean,,,,final_action,gamma,0.8,,,,16604683412220122174,8944454782225478405,endpoint_l2/right_position,0.0007645096629858017
gpu_1,clean,clean/turn_switch/episode_000047/0_98,turn_switch,episode_000047,clean,,,,final_action,gamma,0.8,,,,16604683412220122174,8944454782225478405,rotation_geodesic/left_rotation,0.0028351950459182262
gpu_1,clean,clean/turn_switch/episode_000047/0_98,turn_switch,episode_000047,clean,,,,final_action,gamma,0.8,,,,16604683412220122174,8944454782225478405,rotation_geodesic/right_rotation,0.0026015627663582563
gpu_1,clean,clean/turn_switch/episode_000047/0_98,turn_switch,episode_000047,clean,,,,final_action,gamma,0.8,,,,16604683412220122174,8944454782225478405,gripper_flip_rate,0.0
gpu_1,clean,clean/turn_switch/episode_000047/0_98,turn_switch,episode_000047,clean,,,,final_action,gamma,0.8,,,,16604683412220122174,8944454782225478405,temporal_jerk_difference,0.0010681223357096314
gpu_1,clean,clean/turn_switch/episode_000047/0_98,turn_switch,episode_000047,clean,,,,final_action,gamma,1.2,,,,16604683412220122174,12775208076006040830,action_relative_l2,0.003555315313860774
gpu_1,clean,clean/turn_switch/episode_000047/0_98,turn_switch,episode_000047,clean,,,,final_action,gamma,1.2,,,,16604683412220122174,12775208076006040830,action_mean_abs,0.00026641524164006114
gpu_1,clean,clean/turn_switch/episode_000047/0_98,turn_switch,episode_000047,clean,,,,final_action,gamma,1.2,,,,16604683412220122174,12775208076006040830,action_relative_l2/first_25pct,0.0
gpu_1,clean,clean/turn_switch/episode_000047/0_98,turn_switch,episode_000047,clean,,,,final_action,gamma,1.2,,,,16604683412220122174,12775208076006040830,action_relative_l2/last_75pct,0.0036791053134948015
gpu_1,clean,clean/turn_switch/episode_000047/0_98,turn_switch,episode_000047,clean,,,,final_action,gamma,1.2,,,,16604683412220122174,12775208076006040830,endpoint_l2/left_position,0.0007968544960021973
gpu_1,clean,clean/turn_switch/episode_000047/0_98,turn_switch,episode_000047,clean,,,,final_action,gamma,1.2,,,,16604683412220122174,12775208076006040830,endpoint_l2/right_position,0.0007645096629858017
gpu_1,clean,clean/turn_switch/episode_000047/0_98,turn_switch,episode_000047,clean,,,,final_action,gamma,1.2,,,,16604683412220122174,12775208076006040830,rotation_geodesic/left_rotation,0.0020595076493918896
gpu_1,clean,clean/turn_switch/episode_000047/0_98,turn_switch,episode_000047,clean,,,,final_action,gamma,1.2,,,,16604683412220122174,12775208076006040830,rotation_geodesic/right_rotation,0.002413710579276085
gpu_1,clean,clean/turn_switch/episode_000047/0_98,turn_switch,episode_000047,clean,,,,final_action,gamma,1.2,,,,16604683412220122174,12775208076006040830,gripper_flip_rate,0.0
gpu_1,clean,clean/turn_switch/episode_000047/0_98,turn_switch,episode_000047,clean,,,,final_action,gamma,1.2,,,,16604683412220122174,12775208076006040830,temporal_jerk_difference,0.0009072199463844299
gpu_1,clean,clean/turn_switch/episode_000047/0_98,turn_switch,episode_000047,clean,,,,final_action,gaussian_blur_sigma,0.5,,,,16604683412220122174,17406867596367059733,action_relative_l2,0.002685060491785407
gpu_1,clean,clean/turn_switch/episode_000047/0_98,turn_switch,episode_000047,clean,,,,final_action,gaussian_blur_sigma,0.5,,,,16604683412220122174,17406867596367059733,action_mean_abs,0.0001649286423344165
gpu_1,clean,clean/turn_switch/episode_000047/0_98,turn_switch,episode_000047,clean,,,,final_action,gaussian_blur_sigma,0.5,,,,16604683412220122174,17406867596367059733,action_relative_l2/first_25pct,0.0
gpu_1,clean,clean/turn_switch/episode_000047/0_98,turn_switch,episode_000047,clean,,,,final_action,gaussian_blur_sigma,0.5,,,,16604683412220122174,17406867596367059733,action_relative_l2/last_75pct,0.0027785496786236763
gpu_1,clean,clean/turn_switch/episode_000047/0_98,turn_switch,episode_000047,clean,,,,final_action,gaussian_blur_sigma,0.5,,,,16604683412220122174,17406867596367059733,endpoint_l2/left_position,0.0009191036224365234
gpu_1,clean,clean/turn_switch/episode_000047/0_98,turn_switch,episode_000047,clean,,,,final_action,gaussian_blur_sigma,0.5,,,,16604683412220122174,17406867596367059733,endpoint_l2/right_position,0.0007645096629858017
gpu_1,clean,clean/turn_switch/episode_000047/0_98,turn_switch,episode_000047,clean,,,,final_action,gaussian_blur_sigma,0.5,,,,16604683412220122174,17406867596367059733,rotation_geodesic/left_rotation,0.0013686791062355042
gpu_1,clean,clean/turn_switch/episode_000047/0_98,turn_switch,episode_000047,clean,,,,final_action,gaussian_blur_sigma,0.5,,,,16604683412220122174,17406867596367059733,rotation_geodesic/right_rotation,0.0020932131446897984
gpu_1,clean,clean/turn_switch/episode_000047/0_98,turn_switch,episode_000047,clean,,,,final_action,gaussian_blur_sigma,0.5,,,,16604683412220122174,17406867596367059733,gripper_flip_rate,0.0
gpu_1,clean,clean/turn_switch/episode_000047/0_98,turn_switch,episode_000047,clean,,,,final_action,gaussian_blur_sigma,0.5,,,,16604683412220122174,17406867596367059733,temporal_jerk_difference,0.000613759271800518
gpu_1,clean,clean/turn_switch/episode_000047/0_98,turn_switch,episode_000047,clean,,,,final_action,gaussian_blur_sigma,1.0,,,,16604683412220122174,1591302671540779324,action_relative_l2,0.007108359131962061
gpu_1,clean,clean/turn_switch/episode_000047/0_98,turn_switch,episode_000047,clean,,,,final_action,gaussian_blur_sigma,1.0,,,,16604683412220122174,1591302671540779324,action_mean_abs,0.0008880813838914037
gpu_1,clean,clean/turn_switch/episode_000047/0_98,turn_switch,episode_000047,clean,,,,final_action,gaussian_blur_sigma,1.0,,,,16604683412220122174,1591302671540779324,action_relative_l2/first_25pct,0.0
gpu_1,clean,clean/turn_switch/episode_000047/0_98,turn_switch,episode_000047,clean,,,,final_action,gaussian_blur_sigma,1.0,,,,16604683412220122174,1591302671540779324,action_relative_l2/last_75pct,0.007355860434472561
gpu_1,clean,clean/turn_switch/episode_000047/0_98,turn_switch,episode_000047,clean,,,,final_action,gaussian_blur_sigma,1.0,,,,16604683412220122174,1591302671540779324,endpoint_l2/left_position,0.014338591136038303
gpu_1,clean,clean/turn_switch/episode_000047/0_98,turn_switch,episode_000047,clean,,,,final_action,gaussian_blur_sigma,1.0,,,,16604683412220122174,1591302671540779324,endpoint_l2/right_position,0.001627538469620049
gpu_1,clean,clean/turn_switch/episode_000047/0_98,turn_switch,episode_000047,clean,,,,final_action,gaussian_blur_sigma,1.0,,,,16604683412220122174,1591302671540779324,rotation_geodesic/left_rotation,0.00860104151070118
gpu_1,clean,clean/turn_switch/episode_000047/0_98,turn_switch,episode_000047,clean,,,,final_action,gaussian_blur_sigma,1.0,,,,16604683412220122174,1591302671540779324,rotation_geodesic/right_rotation,0.0025069054681807756
gpu_1,clean,clean/turn_switch/episode_000047/0_98,turn_switch,episode_000047,clean,,,,final_action,gaussian_blur_sigma,1.0,,,,16604683412220122174,1591302671540779324,gripper_flip_rate,0.0
gpu_1,clean,clean/turn_switch/episode_000047/0_98,turn_switch,episode_000047,clean,,,,final_action,gaussian_blur_sigma,1.0,,,,16604683412220122174,1591302671540779324,temporal_jerk_difference,0.0011894152266904712
gpu_1,clean,clean/turn_switch/episode_000047/0_98,turn_switch,episode_000047,clean,,,,final_action,gaussian_noise_std,0.01,,,,16604683412220122174,12285946054869263813,action_relative_l2,0.011378271505236626
gpu_1,clean,clean/turn_switch/episode_000047/0_98,turn_switch,episode_000047,clean,,,,final_action,gaussian_noise_std,0.01,,,,16604683412220122174,12285946054869263813,action_mean_abs,0.002059661317616701
gpu_1,clean,clean/turn_switch/episode_000047/0_98,turn_switch,episode_000047,clean,,,,final_action,gaussian_noise_std,0.01,,,,16604683412220122174,12285946054869263813,action_relative_l2/first_25pct,0.0
gpu_1,clean,clean/turn_switch/episode_000047/0_98,turn_switch,episode_000047,clean,,,,final_action,gaussian_noise_std,0.01,,,,16604683412220122174,12285946054869263813,action_relative_l2/last_75pct,0.01177444402128458
gpu_1,clean,clean/turn_switch/episode_000047/0_98,turn_switch,episode_000047,clean,,,,final_action,gaussian_noise_std,0.01,,,,16604683412220122174,12285946054869263813,endpoint_l2/left_position,0.006240201648324728
gpu_1,clean,clean/turn_switch/episode_000047/0_98,turn_switch,episode_000047,clean,,,,final_action,gaussian_noise_std,0.01,,,,16604683412220122174,12285946054869263813,endpoint_l2/right_position,0.005799043923616409
gpu_1,clean,clean/turn_switch/episode_000047/0_98,turn_switch,episode_000047,clean,,,,final_action,gaussian_noise_std,0.01,,,,16604683412220122174,12285946054869263813,rotation_geodesic/left_rotation,0.013957238756120205
gpu_1,clean,clean/turn_switch/episode_000047/0_98,turn_switch,episode_000047,clean,,,,final_action,gaussian_noise_std,0.01,,,,16604683412220122174,12285946054869263813,rotation_geodesic/right_rotation,0.007798750884830952
gpu_1,clean,clean/turn_switch/episode_000047/0_98,turn_switch,episode_000047,clean,,,,final_action,gaussian_noise_std,0.01,,,,16604683412220122174,12285946054869263813,gripper_flip_rate,0.0
gpu_1,clean,clean/turn_switch/episode_000047/0_98,turn_switch,episode_000047,clean,,,,final_action,gaussian_noise_std,0.01,,,,16604683412220122174,12285946054869263813,temporal_jerk_difference,0.002128533087670803
gpu_1,clean,clean/turn_switch/episode_000047/0_98,turn_switch,episode_000047,clean,,,,final_action,gaussian_noise_std,0.03,,,,16604683412220122174,11263194624413296043,action_relative_l2,0.013298146426677704
gpu_1,clean,clean/turn_switch/episode_000047/0_98,turn_switch,episode_000047,clean,,,,final_action,gaussian_noise_std,0.03,,,,16604683412220122174,11263194624413296043,action_mean_abs,0.002757397945970297
gpu_1,clean,clean/turn_switch/episode_000047/0_98,turn_switch,episode_000047,clean,,,,final_action,gaussian_noise_std,0.03,,,,16604683412220122174,11263194624413296043,action_relative_l2/first_25pct,0.0
gpu_1,clean,clean/turn_switch/episode_000047/0_98,turn_switch,episode_000047,clean,,,,final_action,gaussian_noise_std,0.03,,,,16604683412220122174,11263194624413296043,action_relative_l2/last_75pct,0.013761165551841259
gpu_1,clean,clean/turn_switch/episode_000047/0_98,turn_switch,episode_000047,clean,,,,final_action,gaussian_noise_std,0.03,,,,16604683412220122174,11263194624413296043,endpoint_l2/left_position,0.011302098631858826
gpu_1,clean,clean/turn_switch/episode_000047/0_98,turn_switch,episode_000047,clean,,,,final_action,gaussian_noise_std,0.03,,,,16604683412220122174,11263194624413296043,endpoint_l2/right_position,0.008454266004264355
gpu_1,clean,clean/turn_switch/episode_000047/0_98,turn_switch,episode_000047,clean,,,,final_action,gaussian_noise_std,0.03,,,,16604683412220122174,11263194624413296043,rotation_geodesic/left_rotation,0.0139264902099967
gpu_1,clean,clean/turn_switch/episode_000047/0_98,turn_switch,episode_000047,clean,,,,final_action,gaussian_noise_std,0.03,,,,16604683412220122174,11263194624413296043,rotation_geodesic/right_rotation,0.009929986670613289
gpu_1,clean,clean/turn_switch/episode_000047/0_98,turn_switch,episode_000047,clean,,,,final_action,gaussian_noise_std,0.03,,,,16604683412220122174,11263194624413296043,gripper_flip_rate,0.0
gpu_1,clean,clean/turn_switch/episode_000047/0_98,turn_switch,episode_000047,clean,,,,final_action,gaussian_noise_std,0.03,,,,16604683412220122174,11263194624413296043,temporal_jerk_difference,0.002104602288454771
gpu_1,clean,clean/turn_switch/episode_000047/0_98,turn_switch,episode_000047,clean,,,,final_action,identity,0.0,,,,16604683412220122174,,action_relative_l2,0.0
gpu_1,clean,clean/turn_switch/episode_000047/0_98,turn_switch,episode_000047,clean,,,,final_action,identity,0.0,,,,16604683412220122174,,action_mean_abs,0.0
gpu_1,clean,clean/turn_switch/episode_000047/0_98,turn_switch,episode_000047,clean,,,,final_action,identity,0.0,,,,16604683412220122174,,action_relative_l2/first_25pct,0.0
gpu_1,clean,clean/turn_switch/episode_000047/0_98,turn_switch,episode_000047,clean,,,,final_action,identity,0.0,,,,16604683412220122174,,action_relative_l2/last_75pct,0.0
gpu_1,clean,clean/turn_switch/episode_000047/0_98,turn_switch,episode_000047,clean,,,,final_action,identity,0.0,,,,16604683412220122174,,endpoint_l2/left_position,0.0
gpu_1,clean,clean/turn_switch/episode_000047/0_98,turn_switch,episode_000047,clean,,,,final_action,identity,0.0,,,,16604683412220122174,,endpoint_l2/right_position,0.0
gpu_1,clean,clean/turn_switch/episode_000047/0_98,turn_switch,episode_000047,clean,,,,final_action,identity,0.0,,,,16604683412220122174,,rotation_geodesic/left_rotation,0.00017208734061568975
gpu_1,clean,clean/turn_switch/episode_000047/0_98,turn_switch,episode_000047,clean,,,,final_action,identity,0.0,,,,16604683412220122174,,rotation_geodesic/right_rotation,0.00012684926332440227
gpu_1,clean,clean/turn_switch/episode_000047/0_98,turn_switch,episode_000047,clean,,,,final_action,identity,0.0,,,,16604683412220122174,,gripper_flip_rate,0.0
gpu_1,clean,clean/turn_switch/episode_000047/0_98,turn_switch,episode_000047,clean,,,,final_action,identity,0.0,,,,16604683412220122174,,temporal_jerk_difference,0.0
gpu_1,contrastive,clean/click_bell/episode_000027/0_74,click_bell,episode_000027,clean,,,,final_action,brightness,0.8,,,,4100563280526850425,4321181102006504660,action_relative_l2,0.01832490786910057
gpu_1,contrastive,clean/click_bell/episode_000027/0_74,click_bell,episode_000027,clean,,,,final_action,brightness,0.8,,,,4100563280526850425,4321181102006504660,action_mean_abs,0.0023202928714454174
gpu_1,contrastive,clean/click_bell/episode_000027/0_74,click_bell,episode_000027,clean,,,,final_action,brightness,0.8,,,,4100563280526850425,4321181102006504660,action_relative_l2/first_25pct,0.0
gpu_1,contrastive,clean/click_bell/episode_000027/0_74,click_bell,episode_000027,clean,,,,final_action,brightness,0.8,,,,4100563280526850425,4321181102006504660,action_relative_l2/last_75pct,0.018983181565999985
gpu_1,contrastive,clean/click_bell/episode_000027/0_74,click_bell,episode_000027,clean,,,,final_action,brightness,0.8,,,,4100563280526850425,4321181102006504660,endpoint_l2/left_position,0.002869869815185666
gpu_1,contrastive,clean/click_bell/episode_000027/0_74,click_bell,episode_000027,clean,,,,final_action,brightness,0.8,,,,4100563280526850425,4321181102006504660,endpoint_l2/right_position,0.011881077662110329
gpu_1,contrastive,clean/click_bell/episode_000027/0_74,click_bell,episode_000027,clean,,,,final_action,brightness,0.8,,,,4100563280526850425,4321181102006504660,rotation_geodesic/left_rotation,0.005413074977695942
gpu_1,contrastive,clean/click_bell/episode_000027/0_74,click_bell,episode_000027,clean,,,,final_action,brightness,0.8,,,,4100563280526850425,4321181102006504660,rotation_geodesic/right_rotation,0.030890775844454765
gpu_1,contrastive,clean/click_bell/episode_000027/0_74,click_bell,episode_000027,clean,,,,final_action,brightness,0.8,,,,4100563280526850425,4321181102006504660,gripper_flip_rate,0.0
gpu_1,contrastive,clean/click_bell/episode_000027/0_74,click_bell,episode_000027,clean,,,,final_action,brightness,0.8,,,,4100563280526850425,4321181102006504660,temporal_jerk_difference,0.0015199931804090738
gpu_1,contrastive,clean/click_bell/episode_000027/0_74,click_bell,episode_000027,clean,,,,final_action,brightness,1.2,,,,4100563280526850425,4579322019718184357,action_relative_l2,0.023358607664704323
gpu_1,contrastive,clean/click_bell/episode_000027/0_74,click_bell,episode_000027,clean,,,,final_action,brightness,1.2,,,,4100563280526850425,4579322019718184357,action_mean_abs,0.0028333039954304695
gpu_1,contrastive,clean/click_bell/episode_000027/0_74,click_bell,episode_000027,clean,,,,final_action,brightness,1.2,,,,4100563280526850425,4579322019718184357,action_relative_l2/first_25pct,0.0
gpu_1,contrastive,clean/click_bell/episode_000027/0_74,click_bell,episode_000027,clean,,,,final_action,brightness,1.2,,,,4100563280526850425,4579322019718184357,action_relative_l2/last_75pct,0.02419770509004593
gpu_1,contrastive,clean/click_bell/episode_000027/0_74,click_bell,episode_000027,clean,,,,final_action,brightness,1.2,,,,4100563280526850425,4579322019718184357,endpoint_l2/left_position,0.002869869815185666
gpu_1,contrastive,clean/click_bell/episode_000027/0_74,click_bell,episode_000027,clean,,,,final_action,brightness,1.2,,,,4100563280526850425,4579322019718184357,endpoint_l2/right_position,0.012067040428519249
gpu_1,contrastive,clean/click_bell/episode_000027/0_74,click_bell,episode_000027,clean,,,,final_action,brightness,1.2,,,,4100563280526850425,4579322019718184357,rotation_geodesic/left_rotation,0.003971435595303774
gpu_1,contrastive,clean/click_bell/episode_000027/0_74,click_bell,episode_000027,clean,,,,final_action,brightness,1.2,,,,4100563280526850425,4579322019718184357,rotation_geodesic/right_rotation,0.04336308315396309
gpu_1,contrastive,clean/click_bell/episode_000027/0_74,click_bell,episode_000027,clean,,,,final_action,brightness,1.2,,,,4100563280526850425,4579322019718184357,gripper_flip_rate,0.0
gpu_1,contrastive,clean/click_bell/episode_000027/0_74,click_bell,episode_000027,clean,,,,final_action,brightness,1.2,,,,4100563280526850425,4579322019718184357,temporal_jerk_difference,0.0016172113828361034
gpu_1,contrastive,clean/click_bell/episode_000027/0_74,click_bell,episode_000027,clean,,,,final_action,color_temperature,-0.1,,,,4100563280526850425,15847343748376151180,action_relative_l2,0.008786614052951336
gpu_1,contrastive,clean/click_bell/episode_000027/0_74,click_bell,episode_000027,clean,,,,final_action,color_temperature,-0.1,,,,4100563280526850425,15847343748376151180,action_mean_abs,0.0013737634290009737
gpu_1,contrastive,clean/click_bell/episode_000027/0_74,click_bell,episode_000027,clean,,,,final_action,color_temperature,-0.1,,,,4100563280526850425,15847343748376151180,action_relative_l2/first_25pct,0.0
gpu_1,contrastive,clean/click_bell/episode_000027/0_74,click_bell,episode_000027,clean,,,,final_action,color_temperature,-0.1,,,,4100563280526850425,15847343748376151180,action_relative_l2/last_75pct,0.009102250449359417
gpu_1,contrastive,clean/click_bell/episode_000027/0_74,click_bell,episode_000027,clean,,,,final_action,color_temperature,-0.1,,,,4100563280526850425,15847343748376151180,endpoint_l2/left_position,0.003376980544999242
gpu_1,contrastive,clean/click_bell/episode_000027/0_74,click_bell,episode_000027,clean,,,,final_action,color_temperature,-0.1,,,,4100563280526850425,15847343748376151180,endpoint_l2/right_position,0.011616808362305164
gpu_1,contrastive,clean/click_bell/episode_000027/0_74,click_bell,episode_000027,clean,,,,final_action,color_temperature,-0.1,,,,4100563280526850425,15847343748376151180,rotation_geodesic/left_rotation,0.003993631340563297
gpu_1,contrastive,clean/click_bell/episode_000027/0_74,click_bell,episode_000027,clean,,,,final_action,color_temperature,-0.1,,,,4100563280526850425,15847343748376151180,rotation_geodesic/right_rotation,0.013316174037754536
gpu_1,contrastive,clean/click_bell/episode_000027/0_74,click_bell,episode_000027,clean,,,,final_action,color_temperature,-0.1,,,,4100563280526850425,15847343748376151180,gripper_flip_rate,0.0
gpu_1,contrastive,clean/click_bell/episode_000027/0_74,click_bell,episode_000027,clean,,,,final_action,color_temperature,-0.1,,,,4100563280526850425,15847343748376151180,temporal_jerk_difference,0.0015519348671659827
gpu_1,contrastive,clean/click_bell/episode_000027/0_74,click_bell,episode_000027,clean,,,,final_action,color_temperature,0.1,,,,4100563280526850425,875813543527471210,action_relative_l2,0.011160673573613167
gpu_1,contrastive,clean/click_bell/episode_000027/0_74,click_bell,episode_000027,clean,,,,final_action,color_temperature,0.1,,,,4100563280526850425,875813543527471210,action_mean_abs,0.0012435081880539656
gpu_1,contrastive,clean/click_bell/episode_000027/0_74,click_bell,episode_000027,clean,,,,final_action,color_temperature,0.1,,,,4100563280526850425,875813543527471210,action_relative_l2/first_25pct,0.0
gpu_1,contrastive,clean/click_bell/episode_000027/0_74,click_bell,episode_000027,clean,,,,final_action,color_temperature,0.1,,,,4100563280526850425,875813543527471210,action_relative_l2/last_75pct,0.011561591178178787
gpu_1,contrastive,clean/click_bell/episode_000027/0_74,click_bell,episode_000027,clean,,,,final_action,color_temperature,0.1,,,,4100563280526850425,875813543527471210,endpoint_l2/left_position,0.00210727215744555
gpu_1,contrastive,clean/click_bell/episode_000027/0_74,click_bell,episode_000027,clean,,,,final_action,color_temperature,0.1,,,,4100563280526850425,875813543527471210,endpoint_l2/right_position,0.0036089220084249973
gpu_1,contrastive,clean/click_bell/episode_000027/0_74,click_bell,episode_000027,clean,,,,final_action,color_temperature,0.1,,,,4100563280526850425,875813543527471210,rotation_geodesic/left_rotation,0.0062822639010846615
gpu_1,contrastive,clean/click_bell/episode_000027/0_74,click_bell,episode_000027,clean,,,,final_action,color_temperature,0.1,,,,4100563280526850425,875813543527471210,rotation_geodesic/right_rotation,0.018720952793955803
gpu_1,contrastive,clean/click_bell/episode_000027/0_74,click_bell,episode_000027,clean,,,,final_action,color_temperature,0.1,,,,4100563280526850425,875813543527471210,gripper_flip_rate,0.0
gpu_1,contrastive,clean/click_bell/episode_000027/0_74,click_bell,episode_000027,clean,,,,final_action,color_temperature,0.1,,,,4100563280526850425,875813543527471210,temporal_jerk_difference,0.0014817023184150457
gpu_1,contrastive,clean/click_bell/episode_000027/0_74,click_bell,episode_000027,clean,,,,final_action,gamma,0.8,,,,4100563280526850425,12912083535656245349,action_relative_l2,0.0025676207151263952
gpu_1,contrastive,clean/click_bell/episode_000027/0_74,click_bell,episode_000027,clean,,,,final_action,gamma,0.8,,,,4100563280526850425,12912083535656245349,action_mean_abs,0.0001747425558278337
gpu_1,contrastive,clean/click_bell/episode_000027/0_74,click_bell,episode_000027,clean,,,,final_action,gamma,0.8,,,,4100563280526850425,12912083535656245349,action_relative_l2/first_25pct,0.0
gpu_1,contrastive,clean/click_bell/episode_000027/0_74,click_bell,episode_000027,clean,,,,final_action,gamma,0.8,,,,4100563280526850425,12912083535656245349,action_relative_l2/last_75pct,0.002659855643287301
gpu_1,contrastive,clean/click_bell/episode_000027/0_74,click_bell,episode_000027,clean,,,,final_action,gamma,0.8,,,,4100563280526850425,12912083535656245349,endpoint_l2/left_position,0.0007968544960021973
gpu_1,contrastive,clean/click_bell/episode_000027/0_74,click_bell,episode_000027,clean,,,,final_action,gamma,0.8,,,,4100563280526850425,12912083535656245349,endpoint_l2/right_position,0.0
gpu_1,contrastive,clean/click_bell/episode_000027/0_74,click_bell,episode_000027,clean,,,,final_action,gamma,0.8,,,,4100563280526850425,12912083535656245349,rotation_geodesic/left_rotation,0.0016801625024527311
gpu_1,contrastive,clean/click_bell/episode_000027/0_74,click_bell,episode_000027,clean,,,,final_action,gamma,0.8,,,,4100563280526850425,12912083535656245349,rotation_geodesic/right_rotation,0.002206700388342142
gpu_1,contrastive,clean/click_bell/episode_000027/0_74,click_bell,episode_000027,clean,,,,final_action,gamma,0.8,,,,4100563280526850425,12912083535656245349,gripper_flip_rate,0.0
gpu_1,contrastive,clean/click_bell/episode_000027/0_74,click_bell,episode_000027,clean,,,,final_action,gamma,0.8,,,,4100563280526850425,12912083535656245349,temporal_jerk_difference,0.0005486098234541714
gpu_1,contrastive,clean/click_bell/episode_000027/0_74,click_bell,episode_000027,clean,,,,final_action,gamma,1.2,,,,4100563280526850425,7766064385072394058,action_relative_l2,0.002875045407563448
gpu_1,contrastive,clean/click_bell/episode_000027/0_74,click_bell,episode_000027,clean,,,,final_action,gamma,1.2,,,,4100563280526850425,7766064385072394058,action_mean_abs,0.00023832215811125934
gpu_1,contrastive,clean/click_bell/episode_000027/0_74,click_bell,episode_000027,clean,,,,final_action,gamma,1.2,,,,4100563280526850425,7766064385072394058,action_relative_l2/first_25pct,0.0
gpu_1,contrastive,clean/click_bell/episode_000027/0_74,click_bell,episode_000027,clean,,,,final_action,gamma,1.2,,,,4100563280526850425,7766064385072394058,action_relative_l2/last_75pct,0.0029783237259835005
gpu_1,contrastive,clean/click_bell/episode_000027/0_74,click_bell,episode_000027,clean,,,,final_action,gamma,1.2,,,,4100563280526850425,7766064385072394058,endpoint_l2/left_position,0.0007968544960021973
gpu_1,contrastive,clean/click_bell/episode_000027/0_74,click_bell,episode_000027,clean,,,,final_action,gamma,1.2,,,,4100563280526850425,7766064385072394058,endpoint_l2/right_position,0.0
gpu_1,contrastive,clean/click_bell/episode_000027/0_74,click_bell,episode_000027,clean,,,,final_action,gamma,1.2,,,,4100563280526850425,7766064385072394058,rotation_geodesic/left_rotation,0.001192356925457716
gpu_1,contrastive,clean/click_bell/episode_000027/0_74,click_bell,episode_000027,clean,,,,final_action,gamma,1.2,,,,4100563280526850425,7766064385072394058,rotation_geodesic/right_rotation,0.003237091237679124
gpu_1,contrastive,clean/click_bell/episode_000027/0_74,click_bell,episode_000027,clean,,,,final_action,gamma,1.2,,,,4100563280526850425,7766064385072394058,gripper_flip_rate,0.0
gpu_1,contrastive,clean/click_bell/episode_000027/0_74,click_bell,episode_000027,clean,,,,final_action,gamma,1.2,,,,4100563280526850425,7766064385072394058,temporal_jerk_difference,0.0006603306392207742
gpu_1,contrastive,clean/click_bell/episode_000027/0_74,click_bell,episode_000027,clean,,,,final_action,gaussian_blur_sigma,0.5,,,,4100563280526850425,11882852233486672599,action_relative_l2,0.002203753450885415
gpu_1,contrastive,clean/click_bell/episode_000027/0_74,click_bell,episode_000027,clean,,,,final_action,gaussian_blur_sigma,0.5,,,,4100563280526850425,11882852233486672599,action_mean_abs,0.0001121393361245282
gpu_1,contrastive,clean/click_bell/episode_000027/0_74,click_bell,episode_000027,clean,,,,final_action,gaussian_blur_sigma,0.5,,,,4100563280526850425,11882852233486672599,action_relative_l2/first_25pct,0.0
gpu_1,contrastive,clean/click_bell/episode_000027/0_74,click_bell,episode_000027,clean,,,,final_action,gaussian_blur_sigma,0.5,,,,4100563280526850425,11882852233486672599,action_relative_l2/last_75pct,0.0022829172667115927
gpu_1,contrastive,clean/click_bell/episode_000027/0_74,click_bell,episode_000027,clean,,,,final_action,gaussian_blur_sigma,0.5,,,,4100563280526850425,11882852233486672599,endpoint_l2/left_position,0.0
gpu_1,contrastive,clean/click_bell/episode_000027/0_74,click_bell,episode_000027,clean,,,,final_action,gaussian_blur_sigma,0.5,,,,4100563280526850425,11882852233486672599,endpoint_l2/right_position,0.0
gpu_1,contrastive,clean/click_bell/episode_000027/0_74,click_bell,episode_000027,clean,,,,final_action,gaussian_blur_sigma,0.5,,,,4100563280526850425,11882852233486672599,rotation_geodesic/left_rotation,0.001192356925457716
gpu_1,contrastive,clean/click_bell/episode_000027/0_74,click_bell,episode_000027,clean,,,,final_action,gaussian_blur_sigma,0.5,,,,4100563280526850425,11882852233486672599,rotation_geodesic/right_rotation,0.001968179829418659
gpu_1,contrastive,clean/click_bell/episode_000027/0_74,click_bell,episode_000027,clean,,,,final_action,gaussian_blur_sigma,0.5,,,,4100563280526850425,11882852233486672599,gripper_flip_rate,0.0
gpu_1,contrastive,clean/click_bell/episode_000027/0_74,click_bell,episode_000027,clean,,,,final_action,gaussian_blur_sigma,0.5,,,,4100563280526850425,11882852233486672599,temporal_jerk_difference,0.00039247708627954125
gpu_1,contrastive,clean/click_bell/episode_000027/0_74,click_bell,episode_000027,clean,,,,final_action,gaussian_blur_sigma,1.0,,,,4100563280526850425,1509286939569554835,action_relative_l2,0.002614737255498767
gpu_1,contrastive,clean/click_bell/episode_000027/0_74,click_bell,episode_000027,clean,,,,final_action,gaussian_blur_sigma,1.0,,,,4100563280526850425,1509286939569554835,action_mean_abs,0.00018864987941924483
gpu_1,contrastive,clean/click_bell/episode_000027/0_74,click_bell,episode_000027,clean,,,,final_action,gaussian_blur_sigma,1.0,,,,4100563280526850425,1509286939569554835,action_relative_l2/first_25pct,0.0
gpu_1,contrastive,clean/click_bell/episode_000027/0_74,click_bell,episode_000027,clean,,,,final_action,gaussian_blur_sigma,1.0,,,,4100563280526850425,1509286939569554835,action_relative_l2/last_75pct,0.0027086646296083927
gpu_1,contrastive,clean/click_bell/episode_000027/0_74,click_bell,episode_000027,clean,,,,final_action,gaussian_blur_sigma,1.0,,,,4100563280526850425,1509286939569554835,endpoint_l2/left_position,0.0007968544960021973
gpu_1,contrastive,clean/click_bell/episode_000027/0_74,click_bell,episode_000027,clean,,,,final_action,gaussian_blur_sigma,1.0,,,,4100563280526850425,1509286939569554835,endpoint_l2/right_position,0.0013958782656118274
gpu_1,contrastive,clean/click_bell/episode_000027/0_74,click_bell,episode_000027,clean,,,,final_action,gaussian_blur_sigma,1.0,,,,4100563280526850425,1509286939569554835,rotation_geodesic/left_rotation,0.0016806393396109343
gpu_1,contrastive,clean/click_bell/episode_000027/0_74,click_bell,episode_000027,clean,,,,final_action,gaussian_blur_sigma,1.0,,,,4100563280526850425,1509286939569554835,rotation_geodesic/right_rotation,0.0024438658729195595
gpu_1,contrastive,clean/click_bell/episode_000027/0_74,click_bell,episode_000027,clean,,,,final_action,gaussian_blur_sigma,1.0,,,,4100563280526850425,1509286939569554835,gripper_flip_rate,0.0
gpu_1,contrastive,clean/click_bell/episode_000027/0_74,click_bell,episode_000027,clean,,,,final_action,gaussian_blur_sigma,1.0,,,,4100563280526850425,1509286939569554835,temporal_jerk_difference,0.0006069599185138941
gpu_1,contrastive,clean/click_bell/episode_000027/0_74,click_bell,episode_000027,clean,,,,final_action,gaussian_noise_std,0.01,,,,4100563280526850425,1529515671173550845,action_relative_l2,0.007235736586153507
gpu_1,contrastive,clean/click_bell/episode_000027/0_74,click_bell,episode_000027,clean,,,,final_action,gaussian_noise_std,0.01,,,,4100563280526850425,1529515671173550845,action_mean_abs,0.0010225714650005102
gpu_1,contrastive,clean/click_bell/episode_000027/0_74,click_bell,episode_000027,clean,,,,final_action,gaussian_noise_std,0.01,,,,4100563280526850425,1529515671173550845,action_relative_l2/first_25pct,0.0
gpu_1,contrastive,clean/click_bell/episode_000027/0_74,click_bell,episode_000027,clean,,,,final_action,gaussian_noise_std,0.01,,,,4100563280526850425,1529515671173550845,action_relative_l2/last_75pct,0.00749566126614809
gpu_1,contrastive,clean/click_bell/episode_000027/0_74,click_bell,episode_000027,clean,,,,final_action,gaussian_noise_std,0.01,,,,4100563280526850425,1529515671173550845,endpoint_l2/left_position,0.0012059045257046819
gpu_1,contrastive,clean/click_bell/episode_000027/0_74,click_bell,episode_000027,clean,,,,final_action,gaussian_noise_std,0.01,,,,4100563280526850425,1529515671173550845,endpoint_l2/right_position,0.0038946550339460373
gpu_1,contrastive,clean/click_bell/episode_000027/0_74,click_bell,episode_000027,clean,,,,final_action,gaussian_noise_std,0.01,,,,4100563280526850425,1529515671173550845,rotation_geodesic/left_rotation,0.003997357562184334
gpu_1,contrastive,clean/click_bell/episode_000027/0_74,click_bell,episode_000027,clean,,,,final_action,gaussian_noise_std,0.01,,,,4100563280526850425,1529515671173550845,rotation_geodesic/right_rotation,0.009831519797444344
gpu_1,contrastive,clean/click_bell/episode_000027/0_74,click_bell,episode_000027,clean,,,,final_action,gaussian_noise_std,0.01,,,,4100563280526850425,1529515671173550845,gripper_flip_rate,0.0
gpu_1,contrastive,clean/click_bell/episode_000027/0_74,click_bell,episode_000027,clean,,,,final_action,gaussian_noise_std,0.01,,,,4100563280526850425,1529515671173550845,temporal_jerk_difference,0.0017332378774881363
gpu_1,contrastive,clean/click_bell/episode_000027/0_74,click_bell,episode_000027,clean,,,,final_action,gaussian_noise_std,0.03,,,,4100563280526850425,9041917832208938192,action_relative_l2,0.010167236439883709
gpu_1,contrastive,clean/click_bell/episode_000027/0_74,click_bell,episode_000027,clean,,,,final_action,gaussian_noise_std,0.03,,,,4100563280526850425,9041917832208938192,action_mean_abs,0.0014984047738835216
gpu_1,contrastive,clean/click_bell/episode_000027/0_74,click_bell,episode_000027,clean,,,,final_action,gaussian_noise_std,0.03,,,,4100563280526850425,9041917832208938192,action_relative_l2/first_25pct,0.0
gpu_1,contrastive,clean/click_bell/episode_000027/0_74,click_bell,episode_000027,clean,,,,final_action,gaussian_noise_std,0.03,,,,4100563280526850425,9041917832208938192,action_relative_l2/last_75pct,0.010532467626035213
gpu_1,contrastive,clean/click_bell/episode_000027/0_74,click_bell,episode_000027,clean,,,,final_action,gaussian_noise_std,0.03,,,,4100563280526850425,9041917832208938192,endpoint_l2/left_position,0.0012164409272372723
gpu_1,contrastive,clean/click_bell/episode_000027/0_74,click_bell,episode_000027,clean,,,,final_action,gaussian_noise_std,0.03,,,,4100563280526850425,9041917832208938192,endpoint_l2/right_position,0.00835913885384798
gpu_1,contrastive,clean/click_bell/episode_000027/0_74,click_bell,episode_000027,clean,,,,final_action,gaussian_noise_std,0.03,,,,4100563280526850425,9041917832208938192,rotation_geodesic/left_rotation,0.005506319459527731
gpu_1,contrastive,clean/click_bell/episode_000027/0_74,click_bell,episode_000027,clean,,,,final_action,gaussian_noise_std,0.03,,,,4100563280526850425,9041917832208938192,rotation_geodesic/right_rotation,0.017739739269018173
gpu_1,contrastive,clean/click_bell/episode_000027/0_74,click_bell,episode_000027,clean,,,,final_action,gaussian_noise_std,0.03,,,,4100563280526850425,9041917832208938192,gripper_flip_rate,0.0
gpu_1,contrastive,clean/click_bell/episode_000027/0_74,click_bell,episode_000027,clean,,,,final_action,gaussian_noise_std,0.03,,,,4100563280526850425,9041917832208938192,temporal_jerk_difference,0.0015845067100599408
gpu_1,contrastive,clean/click_bell/episode_000027/0_74,click_bell,episode_000027,clean,,,,final_action,identity,0.0,,,,4100563280526850425,,action_relative_l2,0.0
gpu_1,contrastive,clean/click_bell/episode_000027/0_74,click_bell,episode_000027,clean,,,,final_action,identity,0.0,,,,4100563280526850425,,action_mean_abs,0.0
gpu_1,contrastive,clean/click_bell/episode_000027/0_74,click_bell,episode_000027,clean,,,,final_action,identity,0.0,,,,4100563280526850425,,action_relative_l2/first_25pct,0.0
gpu_1,contrastive,clean/click_bell/episode_000027/0_74,click_bell,episode_000027,clean,,,,final_action,identity,0.0,,,,4100563280526850425,,action_relative_l2/last_75pct,0.0
gpu_1,contrastive,clean/click_bell/episode_000027/0_74,click_bell,episode_000027,clean,,,,final_action,identity,0.0,,,,4100563280526850425,,endpoint_l2/left_position,0.0
gpu_1,contrastive,clean/click_bell/episode_000027/0_74,click_bell,episode_000027,clean,,,,final_action,identity,0.0,,,,4100563280526850425,,endpoint_l2/right_position,0.0
gpu_1,contrastive,clean/click_bell/episode_000027/0_74,click_bell,episode_000027,clean,,,,final_action,identity,0.0,,,,4100563280526850425,,rotation_geodesic/left_rotation,0.00023737103038001806
gpu_1,contrastive,clean/click_bell/episode_000027/0_74,click_bell,episode_000027,clean,,,,final_action,identity,0.0,,,,4100563280526850425,,rotation_geodesic/right_rotation,0.00019944865198340267
gpu_1,contrastive,clean/click_bell/episode_000027/0_74,click_bell,episode_000027,clean,,,,final_action,identity,0.0,,,,4100563280526850425,,gripper_flip_rate,0.0
gpu_1,contrastive,clean/click_bell/episode_000027/0_74,click_bell,episode_000027,clean,,,,final_action,identity,0.0,,,,4100563280526850425,,temporal_jerk_difference,0.0
gpu_1,contrastive,clean/open_laptop/episode_000017/0_259,open_laptop,episode_000017,clean,,,,final_action,brightness,0.8,,,,4533883950938286080,6363183859096379563,action_relative_l2,0.015645712614059448
gpu_1,contrastive,clean/open_laptop/episode_000017/0_259,open_laptop,episode_000017,clean,,,,final_action,brightness,0.8,,,,4533883950938286080,6363183859096379563,action_mean_abs,0.002443442353978753
gpu_1,contrastive,clean/open_laptop/episode_000017/0_259,open_laptop,episode_000017,clean,,,,final_action,brightness,0.8,,,,4533883950938286080,6363183859096379563,action_relative_l2/first_25pct,0.0
gpu_1,contrastive,clean/open_laptop/episode_000017/0_259,open_laptop,episode_000017,clean,,,,final_action,brightness,0.8,,,,4533883950938286080,6363183859096379563,action_relative_l2/last_75pct,0.01620693877339363
gpu_1,contrastive,clean/open_laptop/episode_000017/0_259,open_laptop,episode_000017,clean,,,,final_action,brightness,0.8,,,,4533883950938286080,6363183859096379563,endpoint_l2/left_position,0.005120509769767523
gpu_1,contrastive,clean/open_laptop/episode_000017/0_259,open_laptop,episode_000017,clean,,,,final_action,brightness,0.8,,,,4533883950938286080,6363183859096379563,endpoint_l2/right_position,0.03510335087776184
gpu_1,contrastive,clean/open_laptop/episode_000017/0_259,open_laptop,episode_000017,clean,,,,final_action,brightness,0.8,,,,4533883950938286080,6363183859096379563,rotation_geodesic/left_rotation,0.008445733226835728
gpu_1,contrastive,clean/open_laptop/episode_000017/0_259,open_laptop,episode_000017,clean,,,,final_action,brightness,0.8,,,,4533883950938286080,6363183859096379563,rotation_geodesic/right_rotation,0.021000441163778305
gpu_1,contrastive,clean/open_laptop/episode_000017/0_259,open_laptop,episode_000017,clean,,,,final_action,brightness,0.8,,,,4533883950938286080,6363183859096379563,gripper_flip_rate,0.0
gpu_1,contrastive,clean/open_laptop/episode_000017/0_259,open_laptop,episode_000017,clean,,,,final_action,brightness,0.8,,,,4533883950938286080,6363183859096379563,temporal_jerk_difference,0.0017593132797628641
gpu_1,contrastive,clean/open_laptop/episode_000017/0_259,open_laptop,episode_000017,clean,,,,final_action,brightness,1.2,,,,4533883950938286080,8273599013752022625,action_relative_l2,0.032705772668123245
gpu_1,contrastive,clean/open_laptop/episode_000017/0_259,open_laptop,episode_000017,clean,,,,final_action,brightness,1.2,,,,4533883950938286080,8273599013752022625,action_mean_abs,0.004282201640307903
gpu_1,contrastive,clean/open_laptop/episode_000017/0_259,open_laptop,episode_000017,clean,,,,final_action,brightness,1.2,,,,4533883950938286080,8273599013752022625,action_relative_l2/first_25pct,0.0
gpu_1,contrastive,clean/open_laptop/episode_000017/0_259,open_laptop,episode_000017,clean,,,,final_action,brightness,1.2,,,,4533883950938286080,8273599013752022625,action_relative_l2/last_75pct,0.033878959715366364
gpu_1,contrastive,clean/open_laptop/episode_000017/0_259,open_laptop,episode_000017,clean,,,,final_action,brightness,1.2,,,,4533883950938286080,8273599013752022625,endpoint_l2/left_position,0.006482906173914671
gpu_1,contrastive,clean/open_laptop/episode_000017/0_259,open_laptop,episode_000017,clean,,,,final_action,brightness,1.2,,,,4533883950938286080,8273599013752022625,endpoint_l2/right_position,0.05978216975927353
gpu_1,contrastive,clean/open_laptop/episode_000017/0_259,open_laptop,episode_000017,clean,,,,final_action,brightness,1.2,,,,4533883950938286080,8273599013752022625,rotation_geodesic/left_rotation,0.008267972618341446
gpu_1,contrastive,clean/open_laptop/episode_000017/0_259,open_laptop,episode_000017,clean,,,,final_action,brightness,1.2,,,,4533883950938286080,8273599013752022625,rotation_geodesic/right_rotation,0.05230065807700157
gpu_1,contrastive,clean/open_laptop/episode_000017/0_259,open_laptop,episode_000017,clean,,,,final_action,brightness,1.2,,,,4533883950938286080,8273599013752022625,gripper_flip_rate,0.0
gpu_1,contrastive,clean/open_laptop/episode_000017/0_259,open_laptop,episode_000017,clean,,,,final_action,brightness,1.2,,,,4533883950938286080,8273599013752022625,temporal_jerk_difference,0.001949017751030624
gpu_1,contrastive,clean/open_laptop/episode_000017/0_259,open_laptop,episode_000017,clean,,,,final_action,color_temperature,-0.1,,,,4533883950938286080,9493224626905139523,action_relative_l2,0.029785597696900368
gpu_1,contrastive,clean/open_laptop/episode_000017/0_259,open_laptop,episode_000017,clean,,,,final_action,color_temperature,-0.1,,,,4533883950938286080,9493224626905139523,action_mean_abs,0.0031296696979552507
gpu_1,contrastive,clean/open_laptop/episode_000017/0_259,open_laptop,episode_000017,clean,,,,final_action,color_temperature,-0.1,,,,4533883950938286080,9493224626905139523,action_relative_l2/first_25pct,0.0
gpu_1,contrastive,clean/open_laptop/episode_000017/0_259,open_laptop,episode_000017,clean,,,,final_action,color_temperature,-0.1,,,,4533883950938286080,9493224626905139523,action_relative_l2/last_75pct,0.030854033306241035
gpu_1,contrastive,clean/open_laptop/episode_000017/0_259,open_laptop,episode_000017,clean,,,,final_action,color_temperature,-0.1,,,,4533883950938286080,9493224626905139523,endpoint_l2/left_position,0.008871737867593765
gpu_1,contrastive,clean/open_laptop/episode_000017/0_259,open_laptop,episode_000017,clean,,,,final_action,color_temperature,-0.1,,,,4533883950938286080,9493224626905139523,endpoint_l2/right_position,0.02228717878460884
gpu_1,contrastive,clean/open_laptop/episode_000017/0_259,open_laptop,episode_000017,clean,,,,final_action,color_temperature,-0.1,,,,4533883950938286080,9493224626905139523,rotation_geodesic/left_rotation,0.005888734944164753
gpu_1,contrastive,clean/open_laptop/episode_000017/0_259,open_laptop,episode_000017,clean,,,,final_action,color_temperature,-0.1,,,,4533883950938286080,9493224626905139523,rotation_geodesic/right_rotation,0.045397501438856125
gpu_1,contrastive,clean/open_laptop/episode_000017/0_259,open_laptop,episode_000017,clean,,,,final_action,color_temperature,-0.1,,,,4533883950938286080,9493224626905139523,gripper_flip_rate,0.0
gpu_1,contrastive,clean/open_laptop/episode_000017/0_259,open_laptop,episode_000017,clean,,,,final_action,color_temperature,-0.1,,,,4533883950938286080,9493224626905139523,temporal_jerk_difference,0.0018259920179843903
gpu_1,contrastive,clean/open_laptop/episode_000017/0_259,open_laptop,episode_000017,clean,,,,final_action,color_temperature,0.1,,,,4533883950938286080,7048629151097827844,action_relative_l2,0.008412027731537819
gpu_1,contrastive,clean/open_laptop/episode_000017/0_259,open_laptop,episode_000017,clean,,,,final_action,color_temperature,0.1,,,,4533883950938286080,7048629151097827844,action_mean_abs,0.0012610099511221051
gpu_1,contrastive,clean/open_laptop/episode_000017/0_259,open_laptop,episode_000017,clean,,,,final_action,color_temperature,0.1,,,,4533883950938286080,7048629151097827844,action_relative_l2/first_25pct,0.0
gpu_1,contrastive,clean/open_laptop/episode_000017/0_259,open_laptop,episode_000017,clean,,,,final_action,color_temperature,0.1,,,,4533883950938286080,7048629151097827844,action_relative_l2/last_75pct,0.00871377531439066
gpu_1,contrastive,clean/open_laptop/episode_000017/0_259,open_laptop,episode_000017,clean,,,,final_action,color_temperature,0.1,,,,4533883950938286080,7048629151097827844,endpoint_l2/left_position,0.001998521387577057
gpu_1,contrastive,clean/open_laptop/episode_000017/0_259,open_laptop,episode_000017,clean,,,,final_action,color_temperature,0.1,,,,4533883950938286080,7048629151097827844,endpoint_l2/right_position,0.018089795485138893
gpu_1,contrastive,clean/open_laptop/episode_000017/0_259,open_laptop,episode_000017,clean,,,,final_action,color_temperature,0.1,,,,4533883950938286080,7048629151097827844,rotation_geodesic/left_rotation,0.004710111767053604
gpu_1,contrastive,clean/open_laptop/episode_000017/0_259,open_laptop,episode_000017,clean,,,,final_action,color_temperature,0.1,,,,4533883950938286080,7048629151097827844,rotation_geodesic/right_rotation,0.00816093385219574
gpu_1,contrastive,clean/open_laptop/episode_000017/0_259,open_laptop,episode_000017,clean,,,,final_action,color_temperature,0.1,,,,4533883950938286080,7048629151097827844,gripper_flip_rate,0.0
gpu_1,contrastive,clean/open_laptop/episode_000017/0_259,open_laptop,episode_000017,clean,,,,final_action,color_temperature,0.1,,,,4533883950938286080,7048629151097827844,temporal_jerk_difference,0.0015971551183611155
gpu_1,contrastive,clean/open_laptop/episode_000017/0_259,open_laptop,episode_000017,clean,,,,final_action,gamma,0.8,,,,4533883950938286080,7226520160564033134,action_relative_l2,0.006460340227931738
gpu_1,contrastive,clean/open_laptop/episode_000017/0_259,open_laptop,episode_000017,clean,,,,final_action,gamma,0.8,,,,4533883950938286080,7226520160564033134,action_mean_abs,0.0007175625651143491
gpu_1,contrastive,clean/open_laptop/episode_000017/0_259,open_laptop,episode_000017,clean,,,,final_action,gamma,0.8,,,,4533883950938286080,7226520160564033134,action_relative_l2/first_25pct,0.0
gpu_1,contrastive,clean/open_laptop/episode_000017/0_259,open_laptop,episode_000017,clean,,,,final_action,gamma,0.8,,,,4533883950938286080,7226520160564033134,action_relative_l2/last_75pct,0.006692078430205584
gpu_1,contrastive,clean/open_laptop/episode_000017/0_259,open_laptop,episode_000017,clean,,,,final_action,gamma,0.8,,,,4533883950938286080,7226520160564033134,endpoint_l2/left_position,0.0009191110730171204
gpu_1,contrastive,clean/open_laptop/episode_000017/0_259,open_laptop,episode_000017,clean,,,,final_action,gamma,0.8,,,,4533883950938286080,7226520160564033134,endpoint_l2/right_position,0.01327081024646759
gpu_1,contrastive,clean/open_laptop/episode_000017/0_259,open_laptop,episode_000017,clean,,,,final_action,gamma,0.8,,,,4533883950938286080,7226520160564033134,rotation_geodesic/left_rotation,0.0031491757836192846
gpu_1,contrastive,clean/open_laptop/episode_000017/0_259,open_laptop,episode_000017,clean,,,,final_action,gamma,0.8,,,,4533883950938286080,7226520160564033134,rotation_geodesic/right_rotation,0.00811171904206276
gpu_1,contrastive,clean/open_laptop/episode_000017/0_259,open_laptop,episode_000017,clean,,,,final_action,gamma,0.8,,,,4533883950938286080,7226520160564033134,gripper_flip_rate,0.0
gpu_1,contrastive,clean/open_laptop/episode_000017/0_259,open_laptop,episode_000017,clean,,,,final_action,gamma,0.8,,,,4533883950938286080,7226520160564033134,temporal_jerk_difference,0.0010287470649927855
gpu_1,contrastive,clean/open_laptop/episode_000017/0_259,open_laptop,episode_000017,clean,,,,final_action,gamma,1.2,,,,4533883950938286080,7506362244356574538,action_relative_l2,0.03826368972659111
gpu_1,contrastive,clean/open_laptop/episode_000017/0_259,open_laptop,episode_000017,clean,,,,final_action,gamma,1.2,,,,4533883950938286080,7506362244356574538,action_mean_abs,0.0032143215648829937
gpu_1,contrastive,clean/open_laptop/episode_000017/0_259,open_laptop,episode_000017,clean,,,,final_action,gamma,1.2,,,,4533883950938286080,7506362244356574538,action_relative_l2/first_25pct,0.0
gpu_1,contrastive,clean/open_laptop/episode_000017/0_259,open_laptop,episode_000017,clean,,,,final_action,gamma,1.2,,,,4533883950938286080,7506362244356574538,action_relative_l2/last_75pct,0.039636243134737015
gpu_1,contrastive,clean/open_laptop/episode_000017/0_259,open_laptop,episode_000017,clean,,,,final_action,gamma,1.2,,,,4533883950938286080,7506362244356574538,endpoint_l2/left_position,0.003623574273660779
gpu_1,contrastive,clean/open_laptop/episode_000017/0_259,open_laptop,episode_000017,clean,,,,final_action,gamma,1.2,,,,4533883950938286080,7506362244356574538,endpoint_l2/right_position,0.020828083157539368
gpu_1,contrastive,clean/open_laptop/episode_000017/0_259,open_laptop,episode_000017,clean,,,,final_action,gamma,1.2,,,,4533883950938286080,7506362244356574538,rotation_geodesic/left_rotation,0.002460128627717495
gpu_1,contrastive,clean/open_laptop/episode_000017/0_259,open_laptop,episode_000017,clean,,,,final_action,gamma,1.2,,,,4533883950938286080,7506362244356574538,rotation_geodesic/right_rotation,0.05923870578408241
gpu_1,contrastive,clean/open_laptop/episode_000017/0_259,open_laptop,episode_000017,clean,,,,final_action,gamma,1.2,,,,4533883950938286080,7506362244356574538,gripper_flip_rate,0.0
gpu_1,contrastive,clean/open_laptop/episode_000017/0_259,open_laptop,episode_000017,clean,,,,final_action,gamma,1.2,,,,4533883950938286080,7506362244356574538,temporal_jerk_difference,0.0011188237695023417
gpu_1,contrastive,clean/open_laptop/episode_000017/0_259,open_laptop,episode_000017,clean,,,,final_action,gaussian_blur_sigma,0.5,,,,4533883950938286080,11522972830486069944,action_relative_l2,0.0022931338753551245
gpu_1,contrastive,clean/open_laptop/episode_000017/0_259,open_laptop,episode_000017,clean,,,,final_action,gaussian_blur_sigma,0.5,,,,4533883950938286080,11522972830486069944,action_mean_abs,0.00014028427540324628
gpu_1,contrastive,clean/open_laptop/episode_000017/0_259,open_laptop,episode_000017,clean,,,,final_action,gaussian_blur_sigma,0.5,,,,4533883950938286080,11522972830486069944,action_relative_l2/first_25pct,0.0
gpu_1,contrastive,clean/open_laptop/episode_000017/0_259,open_laptop,episode_000017,clean,,,,final_action,gaussian_blur_sigma,0.5,,,,4533883950938286080,11522972830486069944,action_relative_l2/last_75pct,0.0023753906134516
gpu_1,contrastive,clean/open_laptop/episode_000017/0_259,open_laptop,episode_000017,clean,,,,final_action,gaussian_blur_sigma,0.5,,,,4533883950938286080,11522972830486069944,endpoint_l2/left_position,0.00045955926179885864
gpu_1,contrastive,clean/open_laptop/episode_000017/0_259,open_laptop,episode_000017,clean,,,,final_action,gaussian_blur_sigma,0.5,,,,4533883950938286080,11522972830486069944,endpoint_l2/right_position,0.0024577463045716286
gpu_1,contrastive,clean/open_laptop/episode_000017/0_259,open_laptop,episode_000017,clean,,,,final_action,gaussian_blur_sigma,0.5,,,,4533883950938286080,11522972830486069944,rotation_geodesic/left_rotation,0.0005093846120871603
gpu_1,contrastive,clean/open_laptop/episode_000017/0_259,open_laptop,episode_000017,clean,,,,final_action,gaussian_blur_sigma,0.5,,,,4533883950938286080,11522972830486069944,rotation_geodesic/right_rotation,0.0019288507755845785
gpu_1,contrastive,clean/open_laptop/episode_000017/0_259,open_laptop,episode_000017,clean,,,,final_action,gaussian_blur_sigma,0.5,,,,4533883950938286080,11522972830486069944,gripper_flip_rate,0.0
gpu_1,contrastive,clean/open_laptop/episode_000017/0_259,open_laptop,episode_000017,clean,,,,final_action,gaussian_blur_sigma,0.5,,,,4533883950938286080,11522972830486069944,temporal_jerk_difference,0.0004649871261790395
gpu_1,contrastive,clean/open_laptop/episode_000017/0_259,open_laptop,episode_000017,clean,,,,final_action,gaussian_blur_sigma,1.0,,,,4533883950938286080,5150731217846411408,action_relative_l2,0.00585051067173481
gpu_1,contrastive,clean/open_laptop/episode_000017/0_259,open_laptop,episode_000017,clean,,,,final_action,gaussian_blur_sigma,1.0,,,,4533883950938286080,5150731217846411408,action_mean_abs,0.0006558476015925407
gpu_1,contrastive,clean/open_laptop/episode_000017/0_259,open_laptop,episode_000017,clean,,,,final_action,gaussian_blur_sigma,1.0,,,,4533883950938286080,5150731217846411408,action_relative_l2/first_25pct,0.0
gpu_1,contrastive,clean/open_laptop/episode_000017/0_259,open_laptop,episode_000017,clean,,,,final_action,gaussian_blur_sigma,1.0,,,,4533883950938286080,5150731217846411408,action_relative_l2/last_75pct,0.006060373969376087
gpu_1,contrastive,clean/open_laptop/episode_000017/0_259,open_laptop,episode_000017,clean,,,,final_action,gaussian_blur_sigma,1.0,,,,4533883950938286080,5150731217846411408,endpoint_l2/left_position,0.00045955926179885864
gpu_1,contrastive,clean/open_laptop/episode_000017/0_259,open_laptop,episode_000017,clean,,,,final_action,gaussian_blur_sigma,1.0,,,,4533883950938286080,5150731217846411408,endpoint_l2/right_position,0.016036562621593475
gpu_1,contrastive,clean/open_laptop/episode_000017/0_259,open_laptop,episode_000017,clean,,,,final_action,gaussian_blur_sigma,1.0,,,,4533883950938286080,5150731217846411408,rotation_geodesic/left_rotation,0.002946021966636181
gpu_1,contrastive,clean/open_laptop/episode_000017/0_259,open_laptop,episode_000017,clean,,,,final_action,gaussian_blur_sigma,1.0,,,,4533883950938286080,5150731217846411408,rotation_geodesic/right_rotation,0.006764109246432781
gpu_1,contrastive,clean/open_laptop/episode_000017/0_259,open_laptop,episode_000017,clean,,,,final_action,gaussian_blur_sigma,1.0,,,,4533883950938286080,5150731217846411408,gripper_flip_rate,0.0
gpu_1,contrastive,clean/open_laptop/episode_000017/0_259,open_laptop,episode_000017,clean,,,,final_action,gaussian_blur_sigma,1.0,,,,4533883950938286080,5150731217846411408,temporal_jerk_difference,0.0007622329285368323
gpu_1,contrastive,clean/open_laptop/episode_000017/0_259,open_laptop,episode_000017,clean,,,,final_action,gaussian_noise_std,0.01,,,,4533883950938286080,17330233380254975681,action_relative_l2,0.0390675812959671
gpu_1,contrastive,clean/open_laptop/episode_000017/0_259,open_laptop,episode_000017,clean,,,,final_action,gaussian_noise_std,0.01,,,,4533883950938286080,17330233380254975681,action_mean_abs,0.0038269523065537214
gpu_1,contrastive,clean/open_laptop/episode_000017/0_259,open_laptop,episode_000017,clean,,,,final_action,gaussian_noise_std,0.01,,,,4533883950938286080,17330233380254975681,action_relative_l2/first_25pct,0.0
gpu_1,contrastive,clean/open_laptop/episode_000017/0_259,open_laptop,episode_000017,clean,,,,final_action,gaussian_noise_std,0.01,,,,4533883950938286080,17330233380254975681,action_relative_l2/last_75pct,0.0404689721763134
gpu_1,contrastive,clean/open_laptop/episode_000017/0_259,open_laptop,episode_000017,clean,,,,final_action,gaussian_noise_std,0.01,,,,4533883950938286080,17330233380254975681,endpoint_l2/left_position,0.00624155392870307
gpu_1,contrastive,clean/open_laptop/episode_000017/0_259,open_laptop,episode_000017,clean,,,,final_action,gaussian_noise_std,0.01,,,,4533883950938286080,17330233380254975681,endpoint_l2/right_position,0.021019214764237404
gpu_1,contrastive,clean/open_laptop/episode_000017/0_259,open_laptop,episode_000017,clean,,,,final_action,gaussian_noise_std,0.01,,,,4533883950938286080,17330233380254975681,rotation_geodesic/left_rotation,0.007513865362852812
gpu_1,contrastive,clean/open_laptop/episode_000017/0_259,open_laptop,episode_000017,clean,,,,final_action,gaussian_noise_std,0.01,,,,4533883950938286080,17330233380254975681,rotation_geodesic/right_rotation,0.058892570436000824
gpu_1,contrastive,clean/open_laptop/episode_000017/0_259,open_laptop,episode_000017,clean,,,,final_action,gaussian_noise_std,0.01,,,,4533883950938286080,17330233380254975681,gripper_flip_rate,0.0
gpu_1,contrastive,clean/open_laptop/episode_000017/0_259,open_laptop,episode_000017,clean,,,,final_action,gaussian_noise_std,0.01,,,,4533883950938286080,17330233380254975681,temporal_jerk_difference,0.001993603305891156
gpu_1,contrastive,clean/open_laptop/episode_000017/0_259,open_laptop,episode_000017,clean,,,,final_action,gaussian_noise_std,0.03,,,,4533883950938286080,995166590417925671,action_relative_l2,0.01287052407860756
gpu_1,contrastive,clean/open_laptop/episode_000017/0_259,open_laptop,episode_000017,clean,,,,final_action,gaussian_noise_std,0.03,,,,4533883950938286080,995166590417925671,action_mean_abs,0.002126473467797041
gpu_1,contrastive,clean/open_laptop/episode_000017/0_259,open_laptop,episode_000017,clean,,,,final_action,gaussian_noise_std,0.03,,,,4533883950938286080,995166590417925671,action_relative_l2/first_25pct,0.0
gpu_1,contrastive,clean/open_laptop/episode_000017/0_259,open_laptop,episode_000017,clean,,,,final_action,gaussian_noise_std,0.03,,,,4533883950938286080,995166590417925671,action_relative_l2/last_75pct,0.013332202099263668
gpu_1,contrastive,clean/open_laptop/episode_000017/0_259,open_laptop,episode_000017,clean,,,,final_action,gaussian_noise_std,0.03,,,,4533883950938286080,995166590417925671,endpoint_l2/left_position,0.003376980544999242
gpu_1,contrastive,clean/open_laptop/episode_000017/0_259,open_laptop,episode_000017,clean,,,,final_action,gaussian_noise_std,0.03,,,,4533883950938286080,995166590417925671,endpoint_l2/right_position,0.017520641908049583
gpu_1,contrastive,clean/open_laptop/episode_000017/0_259,open_laptop,episode_000017,clean,,,,final_action,gaussian_noise_std,0.03,,,,4533883950938286080,995166590417925671,rotation_geodesic/left_rotation,0.008523346856236458
gpu_1,contrastive,clean/open_laptop/episode_000017/0_259,open_laptop,episode_000017,clean,,,,final_action,gaussian_noise_std,0.03,,,,4533883950938286080,995166590417925671,rotation_geodesic/right_rotation,0.01863110437989235
gpu_1,contrastive,clean/open_laptop/episode_000017/0_259,open_laptop,episode_000017,clean,,,,final_action,gaussian_noise_std,0.03,,,,4533883950938286080,995166590417925671,gripper_flip_rate,0.0
gpu_1,contrastive,clean/open_laptop/episode_000017/0_259,open_laptop,episode_000017,clean,,,,final_action,gaussian_noise_std,0.03,,,,4533883950938286080,995166590417925671,temporal_jerk_difference,0.00162099942099303
gpu_1,contrastive,clean/open_laptop/episode_000017/0_259,open_laptop,episode_000017,clean,,,,final_action,identity,0.0,,,,4533883950938286080,,action_relative_l2,0.0
gpu_1,contrastive,clean/open_laptop/episode_000017/0_259,open_laptop,episode_000017,clean,,,,final_action,identity,0.0,,,,4533883950938286080,,action_mean_abs,0.0
gpu_1,contrastive,clean/open_laptop/episode_000017/0_259,open_laptop,episode_000017,clean,,,,final_action,identity,0.0,,,,4533883950938286080,,action_relative_l2/first_25pct,0.0
gpu_1,contrastive,clean/open_laptop/episode_000017/0_259,open_laptop,episode_000017,clean,,,,final_action,identity,0.0,,,,4533883950938286080,,action_relative_l2/last_75pct,0.0
gpu_1,contrastive,clean/open_laptop/episode_000017/0_259,open_laptop,episode_000017,clean,,,,final_action,identity,0.0,,,,4533883950938286080,,endpoint_l2/left_position,0.0
gpu_1,contrastive,clean/open_laptop/episode_000017/0_259,open_laptop,episode_000017,clean,,,,final_action,identity,0.0,,,,4533883950938286080,,endpoint_l2/right_position,0.0
gpu_1,contrastive,clean/open_laptop/episode_000017/0_259,open_laptop,episode_000017,clean,,,,final_action,identity,0.0,,,,4533883950938286080,,rotation_geodesic/left_rotation,4.31583721365314e-05
gpu_1,contrastive,clean/open_laptop/episode_000017/0_259,open_laptop,episode_000017,clean,,,,final_action,identity,0.0,,,,4533883950938286080,,rotation_geodesic/right_rotation,0.0002783606178127229
gpu_1,contrastive,clean/open_laptop/episode_000017/0_259,open_laptop,episode_000017,clean,,,,final_action,identity,0.0,,,,4533883950938286080,,gripper_flip_rate,0.0
gpu_1,contrastive,clean/open_laptop/episode_000017/0_259,open_laptop,episode_000017,clean,,,,final_action,identity,0.0,,,,4533883950938286080,,temporal_jerk_difference,0.0
gpu_1,contrastive,clean/place_container_plate/episode_000033/0_156,place_container_plate,episode_000033,clean,,,,final_action,brightness,0.8,,,,10471219474458438708,5715733209496895161,action_relative_l2,0.022130705416202545
gpu_1,contrastive,clean/place_container_plate/episode_000033/0_156,place_container_plate,episode_000033,clean,,,,final_action,brightness,0.8,,,,10471219474458438708,5715733209496895161,action_mean_abs,0.0030065439641475677
gpu_1,contrastive,clean/place_container_plate/episode_000033/0_156,place_container_plate,episode_000033,clean,,,,final_action,brightness,0.8,,,,10471219474458438708,5715733209496895161,action_relative_l2/first_25pct,0.0
gpu_1,contrastive,clean/place_container_plate/episode_000033/0_156,place_container_plate,episode_000033,clean,,,,final_action,brightness,0.8,,,,10471219474458438708,5715733209496895161,action_relative_l2/last_75pct,0.022922571748495102
gpu_1,contrastive,clean/place_container_plate/episode_000033/0_156,place_container_plate,episode_000033,clean,,,,final_action,brightness,0.8,,,,10471219474458438708,5715733209496895161,endpoint_l2/left_position,0.03452562913298607
gpu_1,contrastive,clean/place_container_plate/episode_000033/0_156,place_container_plate,episode_000033,clean,,,,final_action,brightness,0.8,,,,10471219474458438708,5715733209496895161,endpoint_l2/right_position,0.003806839231401682
gpu_1,contrastive,clean/place_container_plate/episode_000033/0_156,place_container_plate,episode_000033,clean,,,,final_action,brightness,0.8,,,,10471219474458438708,5715733209496895161,rotation_geodesic/left_rotation,0.03589562699198723
gpu_1,contrastive,clean/place_container_plate/episode_000033/0_156,place_container_plate,episode_000033,clean,,,,final_action,brightness,0.8,,,,10471219474458438708,5715733209496895161,rotation_geodesic/right_rotation,0.006646792870014906
gpu_1,contrastive,clean/place_container_plate/episode_000033/0_156,place_container_plate,episode_000033,clean,,,,final_action,brightness,0.8,,,,10471219474458438708,5715733209496895161,gripper_flip_rate,0.0
gpu_1,contrastive,clean/place_container_plate/episode_000033/0_156,place_container_plate,episode_000033,clean,,,,final_action,brightness,0.8,,,,10471219474458438708,5715733209496895161,temporal_jerk_difference,0.001844277372583747
gpu_1,contrastive,clean/place_container_plate/episode_000033/0_156,place_container_plate,episode_000033,clean,,,,final_action,brightness,1.2,,,,10471219474458438708,13427404499493453440,action_relative_l2,0.038395900279283524
gpu_1,contrastive,clean/place_container_plate/episode_000033/0_156,place_container_plate,episode_000033,clean,,,,final_action,brightness,1.2,,,,10471219474458438708,13427404499493453440,action_mean_abs,0.005126975942403078
gpu_1,contrastive,clean/place_container_plate/episode_000033/0_156,place_container_plate,episode_000033,clean,,,,final_action,brightness,1.2,,,,10471219474458438708,13427404499493453440,action_relative_l2/first_25pct,0.0
gpu_1,contrastive,clean/place_container_plate/episode_000033/0_156,place_container_plate,episode_000033,clean,,,,final_action,brightness,1.2,,,,10471219474458438708,13427404499493453440,action_relative_l2/last_75pct,0.03976975753903389
gpu_1,contrastive,clean/place_container_plate/episode_000033/0_156,place_container_plate,episode_000033,clean,,,,final_action,brightness,1.2,,,,10471219474458438708,13427404499493453440,endpoint_l2/left_position,0.04713166132569313
gpu_1,contrastive,clean/place_container_plate/episode_000033/0_156,place_container_plate,episode_000033,clean,,,,final_action,brightness,1.2,,,,10471219474458438708,13427404499493453440,endpoint_l2/right_position,0.010651818476617336
gpu_1,contrastive,clean/place_container_plate/episode_000033/0_156,place_container_plate,episode_000033,clean,,,,final_action,brightness,1.2,,,,10471219474458438708,13427404499493453440,rotation_geodesic/left_rotation,0.0666934996843338
gpu_1,contrastive,clean/place_container_plate/episode_000033/0_156,place_container_plate,episode_000033,clean,,,,final_action,brightness,1.2,,,,10471219474458438708,13427404499493453440,rotation_geodesic/right_rotation,0.008359575644135475
gpu_1,contrastive,clean/place_container_plate/episode_000033/0_156,place_container_plate,episode_000033,clean,,,,final_action,brightness,1.2,,,,10471219474458438708,13427404499493453440,gripper_flip_rate,0.0
gpu_1,contrastive,clean/place_container_plate/episode_000033/0_156,place_container_plate,episode_000033,clean,,,,final_action,brightness,1.2,,,,10471219474458438708,13427404499493453440,temporal_jerk_difference,0.002484017750248313
gpu_1,contrastive,clean/place_container_plate/episode_000033/0_156,place_container_plate,episode_000033,clean,,,,final_action,color_temperature,-0.1,,,,10471219474458438708,12370919830759711870,action_relative_l2,0.018892493098974228
gpu_1,contrastive,clean/place_container_plate/episode_000033/0_156,place_container_plate,episode_000033,clean,,,,final_action,color_temperature,-0.1,,,,10471219474458438708,12370919830759711870,action_mean_abs,0.002581549808382988
gpu_1,contrastive,clean/place_container_plate/episode_000033/0_156,place_container_plate,episode_000033,clean,,,,final_action,color_temperature,-0.1,,,,10471219474458438708,12370919830759711870,action_relative_l2/first_25pct,0.0
gpu_1,contrastive,clean/place_container_plate/episode_000033/0_156,place_container_plate,episode_000033,clean,,,,final_action,color_temperature,-0.1,,,,10471219474458438708,12370919830759711870,action_relative_l2/last_75pct,0.019568493589758873
gpu_1,contrastive,clean/place_container_plate/episode_000033/0_156,place_container_plate,episode_000033,clean,,,,final_action,color_temperature,-0.1,,,,10471219474458438708,12370919830759711870,endpoint_l2/left_position,0.03299449384212494
gpu_1,contrastive,clean/place_container_plate/episode_000033/0_156,place_container_plate,episode_000033,clean,,,,final_action,color_temperature,-0.1,,,,10471219474458438708,12370919830759711870,endpoint_l2/right_position,0.0035895968321710825
gpu_1,contrastive,clean/place_container_plate/episode_000033/0_156,place_container_plate,episode_000033,clean,,,,final_action,color_temperature,-0.1,,,,10471219474458438708,12370919830759711870,rotation_geodesic/left_rotation,0.028030913323163986
gpu_1,contrastive,clean/place_container_plate/episode_000033/0_156,place_container_plate,episode_000033,clean,,,,final_action,color_temperature,-0.1,,,,10471219474458438708,12370919830759711870,rotation_geodesic/right_rotation,0.0042381142266094685
gpu_1,contrastive,clean/place_container_plate/episode_000033/0_156,place_container_plate,episode_000033,clean,,,,final_action,color_temperature,-0.1,,,,10471219474458438708,12370919830759711870,gripper_flip_rate,0.0
gpu_1,contrastive,clean/place_container_plate/episode_000033/0_156,place_container_plate,episode_000033,clean,,,,final_action,color_temperature,-0.1,,,,10471219474458438708,12370919830759711870,temporal_jerk_difference,0.0023280347231775522
gpu_1,contrastive,clean/place_container_plate/episode_000033/0_156,place_container_plate,episode_000033,clean,,,,final_action,color_temperature,0.1,,,,10471219474458438708,3059941478060558768,action_relative_l2,0.013962654396891594
gpu_1,contrastive,clean/place_container_plate/episode_000033/0_156,place_container_plate,episode_000033,clean,,,,final_action,color_temperature,0.1,,,,10471219474458438708,3059941478060558768,action_mean_abs,0.0016669993055984378
gpu_1,contrastive,clean/place_container_plate/episode_000033/0_156,place_container_plate,episode_000033,clean,,,,final_action,color_temperature,0.1,,,,10471219474458438708,3059941478060558768,action_relative_l2/first_25pct,0.0
gpu_1,contrastive,clean/place_container_plate/episode_000033/0_156,place_container_plate,episode_000033,clean,,,,final_action,color_temperature,0.1,,,,10471219474458438708,3059941478060558768,action_relative_l2/last_75pct,0.01446225680410862
gpu_1,contrastive,clean/place_container_plate/episode_000033/0_156,place_container_plate,episode_000033,clean,,,,final_action,color_temperature,0.1,,,,10471219474458438708,3059941478060558768,endpoint_l2/left_position,0.018811695277690887
gpu_1,contrastive,clean/place_container_plate/episode_000033/0_156,place_container_plate,episode_000033,clean,,,,final_action,color_temperature,0.1,,,,10471219474458438708,3059941478060558768,endpoint_l2/right_position,0.0007645115256309509
gpu_1,contrastive,clean/place_container_plate/episode_000033/0_156,place_container_plate,episode_000033,clean,,,,final_action,color_temperature,0.1,,,,10471219474458438708,3059941478060558768,rotation_geodesic/left_rotation,0.022502783685922623
gpu_1,contrastive,clean/place_container_plate/episode_000033/0_156,place_container_plate,episode_000033,clean,,,,final_action,color_temperature,0.1,,,,10471219474458438708,3059941478060558768,rotation_geodesic/right_rotation,0.004676809534430504
gpu_1,contrastive,clean/place_container_plate/episode_000033/0_156,place_container_plate,episode_000033,clean,,,,final_action,color_temperature,0.1,,,,10471219474458438708,3059941478060558768,gripper_flip_rate,0.0
gpu_1,contrastive,clean/place_container_plate/episode_000033/0_156,place_container_plate,episode_000033,clean,,,,final_action,color_temperature,0.1,,,,10471219474458438708,3059941478060558768,temporal_jerk_difference,0.0016464174259454012
gpu_1,contrastive,clean/place_container_plate/episode_000033/0_156,place_container_plate,episode_000033,clean,,,,final_action,gamma,0.8,,,,10471219474458438708,6224378030923556313,action_relative_l2,0.0034062545746564865
gpu_1,contrastive,clean/place_container_plate/episode_000033/0_156,place_container_plate,episode_000033,clean,,,,final_action,gamma,0.8,,,,10471219474458438708,6224378030923556313,action_mean_abs,0.000254573707934469
gpu_1,contrastive,clean/place_container_plate/episode_000033/0_156,place_container_plate,episode_000033,clean,,,,final_action,gamma,0.8,,,,10471219474458438708,6224378030923556313,action_relative_l2/first_25pct,0.0
gpu_1,contrastive,clean/place_container_plate/episode_000033/0_156,place_container_plate,episode_000033,clean,,,,final_action,gamma,0.8,,,,10471219474458438708,6224378030923556313,action_relative_l2/last_75pct,0.003528134897351265
gpu_1,contrastive,clean/place_container_plate/episode_000033/0_156,place_container_plate,episode_000033,clean,,,,final_action,gamma,0.8,,,,10471219474458438708,6224378030923556313,endpoint_l2/left_position,0.0014453985495492816
gpu_1,contrastive,clean/place_container_plate/episode_000033/0_156,place_container_plate,episode_000033,clean,,,,final_action,gamma,0.8,,,,10471219474458438708,6224378030923556313,endpoint_l2/right_position,0.0
gpu_1,contrastive,clean/place_container_plate/episode_000033/0_156,place_container_plate,episode_000033,clean,,,,final_action,gamma,0.8,,,,10471219474458438708,6224378030923556313,rotation_geodesic/left_rotation,0.002722926437854767
gpu_1,contrastive,clean/place_container_plate/episode_000033/0_156,place_container_plate,episode_000033,clean,,,,final_action,gamma,0.8,,,,10471219474458438708,6224378030923556313,rotation_geodesic/right_rotation,0.002123412676155567
gpu_1,contrastive,clean/place_container_plate/episode_000033/0_156,place_container_plate,episode_000033,clean,,,,final_action,gamma,0.8,,,,10471219474458438708,6224378030923556313,gripper_flip_rate,0.0
gpu_1,contrastive,clean/place_container_plate/episode_000033/0_156,place_container_plate,episode_000033,clean,,,,final_action,gamma,0.8,,,,10471219474458438708,6224378030923556313,temporal_jerk_difference,0.0007977757486514747
gpu_1,contrastive,clean/place_container_plate/episode_000033/0_156,place_container_plate,episode_000033,clean,,,,final_action,gamma,1.2,,,,10471219474458438708,906277563794249191,action_relative_l2,0.005342756863683462
gpu_1,contrastive,clean/place_container_plate/episode_000033/0_156,place_container_plate,episode_000033,clean,,,,final_action,gamma,1.2,,,,10471219474458438708,906277563794249191,action_mean_abs,0.0005586714250966907
gpu_1,contrastive,clean/place_container_plate/episode_000033/0_156,place_container_plate,episode_000033,clean,,,,final_action,gamma,1.2,,,,10471219474458438708,906277563794249191,action_relative_l2/first_25pct,0.0
gpu_1,contrastive,clean/place_container_plate/episode_000033/0_156,place_container_plate,episode_000033,clean,,,,final_action,gamma,1.2,,,,10471219474458438708,906277563794249191,action_relative_l2/last_75pct,0.0055339280515909195
gpu_1,contrastive,clean/place_container_plate/episode_000033/0_156,place_container_plate,episode_000033,clean,,,,final_action,gamma,1.2,,,,10471219474458438708,906277563794249191,endpoint_l2/left_position,0.002473863773047924
gpu_1,contrastive,clean/place_container_plate/episode_000033/0_156,place_container_plate,episode_000033,clean,,,,final_action,gamma,1.2,,,,10471219474458438708,906277563794249191,endpoint_l2/right_position,0.0009620181517675519
gpu_1,contrastive,clean/place_container_plate/episode_000033/0_156,place_container_plate,episode_000033,clean,,,,final_action,gamma,1.2,,,,10471219474458438708,906277563794249191,rotation_geodesic/left_rotation,0.004757987335324287
gpu_1,contrastive,clean/place_container_plate/episode_000033/0_156,place_container_plate,episode_000033,clean,,,,final_action,gamma,1.2,,,,10471219474458438708,906277563794249191,rotation_geodesic/right_rotation,0.003470510244369507
gpu_1,contrastive,clean/place_container_plate/episode_000033/0_156,place_container_plate,episode_000033,clean,,,,final_action,gamma,1.2,,,,10471219474458438708,906277563794249191,gripper_flip_rate,0.0
gpu_1,contrastive,clean/place_container_plate/episode_000033/0_156,place_container_plate,episode_000033,clean,,,,final_action,gamma,1.2,,,,10471219474458438708,906277563794249191,temporal_jerk_difference,0.0014831206062808633
gpu_1,contrastive,clean/place_container_plate/episode_000033/0_156,place_container_plate,episode_000033,clean,,,,final_action,gaussian_blur_sigma,0.5,,,,10471219474458438708,13687891846825993847,action_relative_l2,0.0033371946774423122
gpu_1,contrastive,clean/place_container_plate/episode_000033/0_156,place_container_plate,episode_000033,clean,,,,final_action,gaussian_blur_sigma,0.5,,,,10471219474458438708,13687891846825993847,action_mean_abs,0.0002447469742037356
gpu_1,contrastive,clean/place_container_plate/episode_000033/0_156,place_container_plate,episode_000033,clean,,,,final_action,gaussian_blur_sigma,0.5,,,,10471219474458438708,13687891846825993847,action_relative_l2/first_25pct,0.0
gpu_1,contrastive,clean/place_container_plate/episode_000033/0_156,place_container_plate,episode_000033,clean,,,,final_action,gaussian_blur_sigma,0.5,,,,10471219474458438708,13687891846825993847,action_relative_l2/last_75pct,0.003456603968515992
gpu_1,contrastive,clean/place_container_plate/episode_000033/0_156,place_container_plate,episode_000033,clean,,,,final_action,gaussian_blur_sigma,0.5,,,,10471219474458438708,13687891846825993847,endpoint_l2/left_position,0.001115538296289742
gpu_1,contrastive,clean/place_container_plate/episode_000033/0_156,place_container_plate,episode_000033,clean,,,,final_action,gaussian_blur_sigma,0.5,,,,10471219474458438708,13687891846825993847,endpoint_l2/right_position,0.0
gpu_1,contrastive,clean/place_container_plate/episode_000033/0_156,place_container_plate,episode_000033,clean,,,,final_action,gaussian_blur_sigma,0.5,,,,10471219474458438708,13687891846825993847,rotation_geodesic/left_rotation,0.002901076339185238
gpu_1,contrastive,clean/place_container_plate/episode_000033/0_156,place_container_plate,episode_000033,clean,,,,final_action,gaussian_blur_sigma,0.5,,,,10471219474458438708,13687891846825993847,rotation_geodesic/right_rotation,0.0017846140544861555
gpu_1,contrastive,clean/place_container_plate/episode_000033/0_156,place_container_plate,episode_000033,clean,,,,final_action,gaussian_blur_sigma,0.5,,,,10471219474458438708,13687891846825993847,gripper_flip_rate,0.0
gpu_1,contrastive,clean/place_container_plate/episode_000033/0_156,place_container_plate,episode_000033,clean,,,,final_action,gaussian_blur_sigma,0.5,,,,10471219474458438708,13687891846825993847,temporal_jerk_difference,0.0007219761027954519
gpu_1,contrastive,clean/place_container_plate/episode_000033/0_156,place_container_plate,episode_000033,clean,,,,final_action,gaussian_blur_sigma,1.0,,,,10471219474458438708,12185843836051114294,action_relative_l2,0.011321116238832474
gpu_1,contrastive,clean/place_container_plate/episode_000033/0_156,place_container_plate,episode_000033,clean,,,,final_action,gaussian_blur_sigma,1.0,,,,10471219474458438708,12185843836051114294,action_mean_abs,0.0013336086412891746
gpu_1,contrastive,clean/place_container_plate/episode_000033/0_156,place_container_plate,episode_000033,clean,,,,final_action,gaussian_blur_sigma,1.0,,,,10471219474458438708,12185843836051114294,action_relative_l2/first_25pct,0.0
gpu_1,contrastive,clean/place_container_plate/episode_000033/0_156,place_container_plate,episode_000033,clean,,,,final_action,gaussian_blur_sigma,1.0,,,,10471219474458438708,12185843836051114294,action_relative_l2/last_75pct,0.011726200580596924
gpu_1,contrastive,clean/place_container_plate/episode_000033/0_156,place_container_plate,episode_000033,clean,,,,final_action,gaussian_blur_sigma,1.0,,,,10471219474458438708,12185843836051114294,endpoint_l2/left_position,0.018618056550621986
gpu_1,contrastive,clean/place_container_plate/episode_000033/0_156,place_container_plate,episode_000033,clean,,,,final_action,gaussian_blur_sigma,1.0,,,,10471219474458438708,12185843836051114294,endpoint_l2/right_position,0.0009620188502594829
gpu_1,contrastive,clean/place_container_plate/episode_000033/0_156,place_container_plate,episode_000033,clean,,,,final_action,gaussian_blur_sigma,1.0,,,,10471219474458438708,12185843836051114294,rotation_geodesic/left_rotation,0.016561824828386307
gpu_1,contrastive,clean/place_container_plate/episode_000033/0_156,place_container_plate,episode_000033,clean,,,,final_action,gaussian_blur_sigma,1.0,,,,10471219474458438708,12185843836051114294,rotation_geodesic/right_rotation,0.004145207814872265
gpu_1,contrastive,clean/place_container_plate/episode_000033/0_156,place_container_plate,episode_000033,clean,,,,final_action,gaussian_blur_sigma,1.0,,,,10471219474458438708,12185843836051114294,gripper_flip_rate,0.0
gpu_1,contrastive,clean/place_container_plate/episode_000033/0_156,place_container_plate,episode_000033,clean,,,,final_action,gaussian_blur_sigma,1.0,,,,10471219474458438708,12185843836051114294,temporal_jerk_difference,0.001397775369696319
gpu_1,contrastive,clean/place_container_plate/episode_000033/0_156,place_container_plate,episode_000033,clean,,,,final_action,gaussian_noise_std,0.01,,,,10471219474458438708,17679738631140918171,action_relative_l2,0.007171938195824623
gpu_1,contrastive,clean/place_container_plate/episode_000033/0_156,place_container_plate,episode_000033,clean,,,,final_action,gaussian_noise_std,0.01,,,,10471219474458438708,17679738631140918171,action_mean_abs,0.0010663317516446114
gpu_1,contrastive,clean/place_container_plate/episode_000033/0_156,place_container_plate,episode_000033,clean,,,,final_action,gaussian_noise_std,0.01,,,,10471219474458438708,17679738631140918171,action_relative_l2/first_25pct,0.0
gpu_1,contrastive,clean/place_container_plate/episode_000033/0_156,place_container_plate,episode_000033,clean,,,,final_action,gaussian_noise_std,0.01,,,,10471219474458438708,17679738631140918171,action_relative_l2/last_75pct,0.0074285599403083324
gpu_1,contrastive,clean/place_container_plate/episode_000033/0_156,place_container_plate,episode_000033,clean,,,,final_action,gaussian_noise_std,0.01,,,,10471219474458438708,17679738631140918171,endpoint_l2/left_position,0.0060609751380980015
gpu_1,contrastive,clean/place_container_plate/episode_000033/0_156,place_container_plate,episode_000033,clean,,,,final_action,gaussian_noise_std,0.01,,,,10471219474458438708,17679738631140918171,endpoint_l2/right_position,0.0019162432290613651
gpu_1,contrastive,clean/place_container_plate/episode_000033/0_156,place_container_plate,episode_000033,clean,,,,final_action,gaussian_noise_std,0.01,,,,10471219474458438708,17679738631140918171,rotation_geodesic/left_rotation,0.008531072176992893
gpu_1,contrastive,clean/place_container_plate/episode_000033/0_156,place_container_plate,episode_000033,clean,,,,final_action,gaussian_noise_std,0.01,,,,10471219474458438708,17679738631140918171,rotation_geodesic/right_rotation,0.004823393188416958
gpu_1,contrastive,clean/place_container_plate/episode_000033/0_156,place_container_plate,episode_000033,clean,,,,final_action,gaussian_noise_std,0.01,,,,10471219474458438708,17679738631140918171,gripper_flip_rate,0.0
gpu_1,contrastive,clean/place_container_plate/episode_000033/0_156,place_container_plate,episode_000033,clean,,,,final_action,gaussian_noise_std,0.01,,,,10471219474458438708,17679738631140918171,temporal_jerk_difference,0.0018260901561006904
gpu_1,contrastive,clean/place_container_plate/episode_000033/0_156,place_container_plate,episode_000033,clean,,,,final_action,gaussian_noise_std,0.03,,,,10471219474458438708,13013057233012687563,action_relative_l2,0.008945913054049015
gpu_1,contrastive,clean/place_container_plate/episode_000033/0_156,place_container_plate,episode_000033,clean,,,,final_action,gaussian_noise_std,0.03,,,,10471219474458438708,13013057233012687563,action_mean_abs,0.0014843151438981295
gpu_1,contrastive,clean/place_container_plate/episode_000033/0_156,place_container_plate,episode_000033,clean,,,,final_action,gaussian_noise_std,0.03,,,,10471219474458438708,13013057233012687563,action_relative_l2/first_25pct,0.0
gpu_1,contrastive,clean/place_container_plate/episode_000033/0_156,place_container_plate,episode_000033,clean,,,,final_action,gaussian_noise_std,0.03,,,,10471219474458438708,13013057233012687563,action_relative_l2/last_75pct,0.00926600955426693
gpu_1,contrastive,clean/place_container_plate/episode_000033/0_156,place_container_plate,episode_000033,clean,,,,final_action,gaussian_noise_std,0.03,,,,10471219474458438708,13013057233012687563,endpoint_l2/left_position,0.007921654731035233
gpu_1,contrastive,clean/place_container_plate/episode_000033/0_156,place_container_plate,episode_000033,clean,,,,final_action,gaussian_noise_std,0.03,,,,10471219474458438708,13013057233012687563,endpoint_l2/right_position,0.001395881874486804
gpu_1,contrastive,clean/place_container_plate/episode_000033/0_156,place_container_plate,episode_000033,clean,,,,final_action,gaussian_noise_std,0.03,,,,10471219474458438708,13013057233012687563,rotation_geodesic/left_rotation,0.01202317327260971
gpu_1,contrastive,clean/place_container_plate/episode_000033/0_156,place_container_plate,episode_000033,clean,,,,final_action,gaussian_noise_std,0.03,,,,10471219474458438708,13013057233012687563,rotation_geodesic/right_rotation,0.006398893892765045
gpu_1,contrastive,clean/place_container_plate/episode_000033/0_156,place_container_plate,episode_000033,clean,,,,final_action,gaussian_noise_std,0.03,,,,10471219474458438708,13013057233012687563,gripper_flip_rate,0.0
gpu_1,contrastive,clean/place_container_plate/episode_000033/0_156,place_container_plate,episode_000033,clean,,,,final_action,gaussian_noise_std,0.03,,,,10471219474458438708,13013057233012687563,temporal_jerk_difference,0.0017260473687201738
gpu_1,contrastive,clean/place_container_plate/episode_000033/0_156,place_container_plate,episode_000033,clean,,,,final_action,identity,0.0,,,,10471219474458438708,,action_relative_l2,0.0
gpu_1,contrastive,clean/place_container_plate/episode_000033/0_156,place_container_plate,episode_000033,clean,,,,final_action,identity,0.0,,,,10471219474458438708,,action_mean_abs,0.0
gpu_1,contrastive,clean/place_container_plate/episode_000033/0_156,place_container_plate,episode_000033,clean,,,,final_action,identity,0.0,,,,10471219474458438708,,action_relative_l2/first_25pct,0.0
gpu_1,contrastive,clean/place_container_plate/episode_000033/0_156,place_container_plate,episode_000033,clean,,,,final_action,identity,0.0,,,,10471219474458438708,,action_relative_l2/last_75pct,0.0
gpu_1,contrastive,clean/place_container_plate/episode_000033/0_156,place_container_plate,episode_000033,clean,,,,final_action,identity,0.0,,,,10471219474458438708,,endpoint_l2/left_position,0.0
gpu_1,contrastive,clean/place_container_plate/episode_000033/0_156,place_container_plate,episode_000033,clean,,,,final_action,identity,0.0,,,,10471219474458438708,,endpoint_l2/right_position,0.0
gpu_1,contrastive,clean/place_container_plate/episode_000033/0_156,place_container_plate,episode_000033,clean,,,,final_action,identity,0.0,,,,10471219474458438708,,rotation_geodesic/left_rotation,0.0001168343223980628
gpu_1,contrastive,clean/place_container_plate/episode_000033/0_156,place_container_plate,episode_000033,clean,,,,final_action,identity,0.0,,,,10471219474458438708,,rotation_geodesic/right_rotation,0.00015421056014019996
gpu_1,contrastive,clean/place_container_plate/episode_000033/0_156,place_container_plate,episode_000033,clean,,,,final_action,identity,0.0,,,,10471219474458438708,,gripper_flip_rate,0.0
gpu_1,contrastive,clean/place_container_plate/episode_000033/0_156,place_container_plate,episode_000033,clean,,,,final_action,identity,0.0,,,,10471219474458438708,,temporal_jerk_difference,0.0
gpu_1,contrastive,clean/put_bottles_dustbin/episode_000006/0_549,put_bottles_dustbin,episode_000006,clean,,,,final_action,brightness,0.8,,,,569836324477247425,1394009349984855089,action_relative_l2,0.028041474521160126
gpu_1,contrastive,clean/put_bottles_dustbin/episode_000006/0_549,put_bottles_dustbin,episode_000006,clean,,,,final_action,brightness,0.8,,,,569836324477247425,1394009349984855089,action_mean_abs,0.005067364312708378
gpu_1,contrastive,clean/put_bottles_dustbin/episode_000006/0_549,put_bottles_dustbin,episode_000006,clean,,,,final_action,brightness,0.8,,,,569836324477247425,1394009349984855089,action_relative_l2/first_25pct,0.0
gpu_1,contrastive,clean/put_bottles_dustbin/episode_000006/0_549,put_bottles_dustbin,episode_000006,clean,,,,final_action,brightness,0.8,,,,569836324477247425,1394009349984855089,action_relative_l2/last_75pct,0.029040701687335968
gpu_1,contrastive,clean/put_bottles_dustbin/episode_000006/0_549,put_bottles_dustbin,episode_000006,clean,,,,final_action,brightness,0.8,,,,569836324477247425,1394009349984855089,endpoint_l2/left_position,0.02295554429292679
gpu_1,contrastive,clean/put_bottles_dustbin/episode_000006/0_549,put_bottles_dustbin,episode_000006,clean,,,,final_action,brightness,0.8,,,,569836324477247425,1394009349984855089,endpoint_l2/right_position,0.025660114362835884
gpu_1,contrastive,clean/put_bottles_dustbin/episode_000006/0_549,put_bottles_dustbin,episode_000006,clean,,,,final_action,brightness,0.8,,,,569836324477247425,1394009349984855089,rotation_geodesic/left_rotation,0.035757530480623245
gpu_1,contrastive,clean/put_bottles_dustbin/episode_000006/0_549,put_bottles_dustbin,episode_000006,clean,,,,final_action,brightness,0.8,,,,569836324477247425,1394009349984855089,rotation_geodesic/right_rotation,0.026594378054142
gpu_1,contrastive,clean/put_bottles_dustbin/episode_000006/0_549,put_bottles_dustbin,episode_000006,clean,,,,final_action,brightness,0.8,,,,569836324477247425,1394009349984855089,gripper_flip_rate,0.0
gpu_1,contrastive,clean/put_bottles_dustbin/episode_000006/0_549,put_bottles_dustbin,episode_000006,clean,,,,final_action,brightness,0.8,,,,569836324477247425,1394009349984855089,temporal_jerk_difference,0.0020818111952394247
gpu_1,contrastive,clean/put_bottles_dustbin/episode_000006/0_549,put_bottles_dustbin,episode_000006,clean,,,,final_action,brightness,1.2,,,,569836324477247425,8114302215028719186,action_relative_l2,0.037622205913066864
gpu_1,contrastive,clean/put_bottles_dustbin/episode_000006/0_549,put_bottles_dustbin,episode_000006,clean,,,,final_action,brightness,1.2,,,,569836324477247425,8114302215028719186,action_mean_abs,0.006727935746312141
gpu_1,contrastive,clean/put_bottles_dustbin/episode_000006/0_549,put_bottles_dustbin,episode_000006,clean,,,,final_action,brightness,1.2,,,,569836324477247425,8114302215028719186,action_relative_l2/first_25pct,0.0
gpu_1,contrastive,clean/put_bottles_dustbin/episode_000006/0_549,put_bottles_dustbin,episode_000006,clean,,,,final_action,brightness,1.2,,,,569836324477247425,8114302215028719186,action_relative_l2/last_75pct,0.03896282985806465
gpu_1,contrastive,clean/put_bottles_dustbin/episode_000006/0_549,put_bottles_dustbin,episode_000006,clean,,,,final_action,brightness,1.2,,,,569836324477247425,8114302215028719186,endpoint_l2/left_position,0.029781220480799675
gpu_1,contrastive,clean/put_bottles_dustbin/episode_000006/0_549,put_bottles_dustbin,episode_000006,clean,,,,final_action,brightness,1.2,,,,569836324477247425,8114302215028719186,endpoint_l2/right_position,0.035090502351522446
gpu_1,contrastive,clean/put_bottles_dustbin/episode_000006/0_549,put_bottles_dustbin,episode_000006,clean,,,,final_action,brightness,1.2,,,,569836324477247425,8114302215028719186,rotation_geodesic/left_rotation,0.04716358333826065
gpu_1,contrastive,clean/put_bottles_dustbin/episode_000006/0_549,put_bottles_dustbin,episode_000006,clean,,,,final_action,brightness,1.2,,,,569836324477247425,8114302215028719186,rotation_geodesic/right_rotation,0.037459325045347214
gpu_1,contrastive,clean/put_bottles_dustbin/episode_000006/0_549,put_bottles_dustbin,episode_000006,clean,,,,final_action,brightness,1.2,,,,569836324477247425,8114302215028719186,gripper_flip_rate,0.0
gpu_1,contrastive,clean/put_bottles_dustbin/episode_000006/0_549,put_bottles_dustbin,episode_000006,clean,,,,final_action,brightness,1.2,,,,569836324477247425,8114302215028719186,temporal_jerk_difference,0.002083650091663003
gpu_1,contrastive,clean/put_bottles_dustbin/episode_000006/0_549,put_bottles_dustbin,episode_000006,clean,,,,final_action,color_temperature,-0.1,,,,569836324477247425,14816179961873656132,action_relative_l2,0.032256171107292175
gpu_1,contrastive,clean/put_bottles_dustbin/episode_000006/0_549,put_bottles_dustbin,episode_000006,clean,,,,final_action,color_temperature,-0.1,,,,569836324477247425,14816179961873656132,action_mean_abs,0.005013462156057358
gpu_1,contrastive,clean/put_bottles_dustbin/episode_000006/0_549,put_bottles_dustbin,episode_000006,clean,,,,final_action,color_temperature,-0.1,,,,569836324477247425,14816179961873656132,action_relative_l2/first_25pct,0.0
gpu_1,contrastive,clean/put_bottles_dustbin/episode_000006/0_549,put_bottles_dustbin,episode_000006,clean,,,,final_action,color_temperature,-0.1,,,,569836324477247425,14816179961873656132,action_relative_l2/last_75pct,0.03340558707714081
gpu_1,contrastive,clean/put_bottles_dustbin/episode_000006/0_549,put_bottles_dustbin,episode_000006,clean,,,,final_action,color_temperature,-0.1,,,,569836324477247425,14816179961873656132,endpoint_l2/left_position,0.028496047481894493
gpu_1,contrastive,clean/put_bottles_dustbin/episode_000006/0_549,put_bottles_dustbin,episode_000006,clean,,,,final_action,color_temperature,-0.1,,,,569836324477247425,14816179961873656132,endpoint_l2/right_position,0.04998779296875
gpu_1,contrastive,clean/put_bottles_dustbin/episode_000006/0_549,put_bottles_dustbin,episode_000006,clean,,,,final_action,color_temperature,-0.1,,,,569836324477247425,14816179961873656132,rotation_geodesic/left_rotation,0.04190848395228386
gpu_1,contrastive,clean/put_bottles_dustbin/episode_000006/0_549,put_bottles_dustbin,episode_000006,clean,,,,final_action,color_temperature,-0.1,,,,569836324477247425,14816179961873656132,rotation_geodesic/right_rotation,0.022660423070192337
gpu_1,contrastive,clean/put_bottles_dustbin/episode_000006/0_549,put_bottles_dustbin,episode_000006,clean,,,,final_action,color_temperature,-0.1,,,,569836324477247425,14816179961873656132,gripper_flip_rate,0.0
gpu_1,contrastive,clean/put_bottles_dustbin/episode_000006/0_549,put_bottles_dustbin,episode_000006,clean,,,,final_action,color_temperature,-0.1,,,,569836324477247425,14816179961873656132,temporal_jerk_difference,0.0024066900368779898
gpu_1,contrastive,clean/put_bottles_dustbin/episode_000006/0_549,put_bottles_dustbin,episode_000006,clean,,,,final_action,color_temperature,0.1,,,,569836324477247425,14578194793345110634,action_relative_l2,0.032008640468120575
gpu_1,contrastive,clean/put_bottles_dustbin/episode_000006/0_549,put_bottles_dustbin,episode_000006,clean,,,,final_action,color_temperature,0.1,,,,569836324477247425,14578194793345110634,action_mean_abs,0.005759778898209333
gpu_1,contrastive,clean/put_bottles_dustbin/episode_000006/0_549,put_bottles_dustbin,episode_000006,clean,,,,final_action,color_temperature,0.1,,,,569836324477247425,14578194793345110634,action_relative_l2/first_25pct,0.0
gpu_1,contrastive,clean/put_bottles_dustbin/episode_000006/0_549,put_bottles_dustbin,episode_000006,clean,,,,final_action,color_temperature,0.1,,,,569836324477247425,14578194793345110634,action_relative_l2/last_75pct,0.03314923495054245
gpu_1,contrastive,clean/put_bottles_dustbin/episode_000006/0_549,put_bottles_dustbin,episode_000006,clean,,,,final_action,color_temperature,0.1,,,,569836324477247425,14578194793345110634,endpoint_l2/left_position,0.028541551902890205
gpu_1,contrastive,clean/put_bottles_dustbin/episode_000006/0_549,put_bottles_dustbin,episode_000006,clean,,,,final_action,color_temperature,0.1,,,,569836324477247425,14578194793345110634,endpoint_l2/right_position,0.04617094248533249
gpu_1,contrastive,clean/put_bottles_dustbin/episode_000006/0_549,put_bottles_dustbin,episode_000006,clean,,,,final_action,color_temperature,0.1,,,,569836324477247425,14578194793345110634,rotation_geodesic/left_rotation,0.03787921741604805
gpu_1,contrastive,clean/put_bottles_dustbin/episode_000006/0_549,put_bottles_dustbin,episode_000006,clean,,,,final_action,color_temperature,0.1,,,,569836324477247425,14578194793345110634,rotation_geodesic/right_rotation,0.025462167337536812
gpu_1,contrastive,clean/put_bottles_dustbin/episode_000006/0_549,put_bottles_dustbin,episode_000006,clean,,,,final_action,color_temperature,0.1,,,,569836324477247425,14578194793345110634,gripper_flip_rate,0.0
gpu_1,contrastive,clean/put_bottles_dustbin/episode_000006/0_549,put_bottles_dustbin,episode_000006,clean,,,,final_action,color_temperature,0.1,,,,569836324477247425,14578194793345110634,temporal_jerk_difference,0.0022787461057305336
gpu_1,contrastive,clean/put_bottles_dustbin/episode_000006/0_549,put_bottles_dustbin,episode_000006,clean,,,,final_action,gamma,0.8,,,,569836324477247425,16933093666737702996,action_relative_l2,0.017851131036877632
gpu_1,contrastive,clean/put_bottles_dustbin/episode_000006/0_549,put_bottles_dustbin,episode_000006,clean,,,,final_action,gamma,0.8,,,,569836324477247425,16933093666737702996,action_mean_abs,0.00280501926317811
gpu_1,contrastive,clean/put_bottles_dustbin/episode_000006/0_549,put_bottles_dustbin,episode_000006,clean,,,,final_action,gamma,0.8,,,,569836324477247425,16933093666737702996,action_relative_l2/first_25pct,0.0
gpu_1,contrastive,clean/put_bottles_dustbin/episode_000006/0_549,put_bottles_dustbin,episode_000006,clean,,,,final_action,gamma,0.8,,,,569836324477247425,16933093666737702996,action_relative_l2/last_75pct,0.0184872355312109
gpu_1,contrastive,clean/put_bottles_dustbin/episode_000006/0_549,put_bottles_dustbin,episode_000006,clean,,,,final_action,gamma,0.8,,,,569836324477247425,16933093666737702996,endpoint_l2/left_position,0.01981954462826252
gpu_1,contrastive,clean/put_bottles_dustbin/episode_000006/0_549,put_bottles_dustbin,episode_000006,clean,,,,final_action,gamma,0.8,,,,569836324477247425,16933093666737702996,endpoint_l2/right_position,0.009277324192225933
gpu_1,contrastive,clean/put_bottles_dustbin/episode_000006/0_549,put_bottles_dustbin,episode_000006,clean,,,,final_action,gamma,0.8,,,,569836324477247425,16933093666737702996,rotation_geodesic/left_rotation,0.026434479281306267
gpu_1,contrastive,clean/put_bottles_dustbin/episode_000006/0_549,put_bottles_dustbin,episode_000006,clean,,,,final_action,gamma,0.8,,,,569836324477247425,16933093666737702996,rotation_geodesic/right_rotation,0.010114521719515324
gpu_1,contrastive,clean/put_bottles_dustbin/episode_000006/0_549,put_bottles_dustbin,episode_000006,clean,,,,final_action,gamma,0.8,,,,569836324477247425,16933093666737702996,gripper_flip_rate,0.0
gpu_1,contrastive,clean/put_bottles_dustbin/episode_000006/0_549,put_bottles_dustbin,episode_000006,clean,,,,final_action,gamma,0.8,,,,569836324477247425,16933093666737702996,temporal_jerk_difference,0.0015868984628468752
gpu_1,contrastive,clean/put_bottles_dustbin/episode_000006/0_549,put_bottles_dustbin,episode_000006,clean,,,,final_action,gamma,1.2,,,,569836324477247425,12625001604940726536,action_relative_l2,0.028119055554270744
gpu_1,contrastive,clean/put_bottles_dustbin/episode_000006/0_549,put_bottles_dustbin,episode_000006,clean,,,,final_action,gamma,1.2,,,,569836324477247425,12625001604940726536,action_mean_abs,0.003810014808550477
gpu_1,contrastive,clean/put_bottles_dustbin/episode_000006/0_549,put_bottles_dustbin,episode_000006,clean,,,,final_action,gamma,1.2,,,,569836324477247425,12625001604940726536,action_relative_l2/first_25pct,0.0
gpu_1,contrastive,clean/put_bottles_dustbin/episode_000006/0_549,put_bottles_dustbin,episode_000006,clean,,,,final_action,gamma,1.2,,,,569836324477247425,12625001604940726536,action_relative_l2/last_75pct,0.029121046885848045
gpu_1,contrastive,clean/put_bottles_dustbin/episode_000006/0_549,put_bottles_dustbin,episode_000006,clean,,,,final_action,gamma,1.2,,,,569836324477247425,12625001604940726536,endpoint_l2/left_position,0.0283354539424181
gpu_1,contrastive,clean/put_bottles_dustbin/episode_000006/0_549,put_bottles_dustbin,episode_000006,clean,,,,final_action,gamma,1.2,,,,569836324477247425,12625001604940726536,endpoint_l2/right_position,0.04415435343980789
gpu_1,contrastive,clean/put_bottles_dustbin/episode_000006/0_549,put_bottles_dustbin,episode_000006,clean,,,,final_action,gamma,1.2,,,,569836324477247425,12625001604940726536,rotation_geodesic/left_rotation,0.011447771452367306
gpu_1,contrastive,clean/put_bottles_dustbin/episode_000006/0_549,put_bottles_dustbin,episode_000006,clean,,,,final_action,gamma,1.2,,,,569836324477247425,12625001604940726536,rotation_geodesic/right_rotation,0.04157157242298126
gpu_1,contrastive,clean/put_bottles_dustbin/episode_000006/0_549,put_bottles_dustbin,episode_000006,clean,,,,final_action,gamma,1.2,,,,569836324477247425,12625001604940726536,gripper_flip_rate,0.0
gpu_1,contrastive,clean/put_bottles_dustbin/episode_000006/0_549,put_bottles_dustbin,episode_000006,clean,,,,final_action,gamma,1.2,,,,569836324477247425,12625001604940726536,temporal_jerk_difference,0.001900087227113545
gpu_1,contrastive,clean/put_bottles_dustbin/episode_000006/0_549,put_bottles_dustbin,episode_000006,clean,,,,final_action,gaussian_blur_sigma,0.5,,,,569836324477247425,12482998238198523405,action_relative_l2,0.010199157521128654
gpu_1,contrastive,clean/put_bottles_dustbin/episode_000006/0_549,put_bottles_dustbin,episode_000006,clean,,,,final_action,gaussian_blur_sigma,0.5,,,,569836324477247425,12482998238198523405,action_mean_abs,0.0012670920696109533
gpu_1,contrastive,clean/put_bottles_dustbin/episode_000006/0_549,put_bottles_dustbin,episode_000006,clean,,,,final_action,gaussian_blur_sigma,0.5,,,,569836324477247425,12482998238198523405,action_relative_l2/first_25pct,0.0
gpu_1,contrastive,clean/put_bottles_dustbin/episode_000006/0_549,put_bottles_dustbin,episode_000006,clean,,,,final_action,gaussian_blur_sigma,0.5,,,,569836324477247425,12482998238198523405,action_relative_l2/last_75pct,0.0105625931173563
gpu_1,contrastive,clean/put_bottles_dustbin/episode_000006/0_549,put_bottles_dustbin,episode_000006,clean,,,,final_action,gaussian_blur_sigma,0.5,,,,569836324477247425,12482998238198523405,endpoint_l2/left_position,0.0056641967967152596
gpu_1,contrastive,clean/put_bottles_dustbin/episode_000006/0_549,put_bottles_dustbin,episode_000006,clean,,,,final_action,gaussian_blur_sigma,0.5,,,,569836324477247425,12482998238198523405,endpoint_l2/right_position,0.01771208643913269
gpu_1,contrastive,clean/put_bottles_dustbin/episode_000006/0_549,put_bottles_dustbin,episode_000006,clean,,,,final_action,gaussian_blur_sigma,0.5,,,,569836324477247425,12482998238198523405,rotation_geodesic/left_rotation,0.004530640318989754
gpu_1,contrastive,clean/put_bottles_dustbin/episode_000006/0_549,put_bottles_dustbin,episode_000006,clean,,,,final_action,gaussian_blur_sigma,0.5,,,,569836324477247425,12482998238198523405,rotation_geodesic/right_rotation,0.0134121710434556
gpu_1,contrastive,clean/put_bottles_dustbin/episode_000006/0_549,put_bottles_dustbin,episode_000006,clean,,,,final_action,gaussian_blur_sigma,0.5,,,,569836324477247425,12482998238198523405,gripper_flip_rate,0.0
gpu_1,contrastive,clean/put_bottles_dustbin/episode_000006/0_549,put_bottles_dustbin,episode_000006,clean,,,,final_action,gaussian_blur_sigma,0.5,,,,569836324477247425,12482998238198523405,temporal_jerk_difference,0.0012578738387674093
gpu_1,contrastive,clean/put_bottles_dustbin/episode_000006/0_549,put_bottles_dustbin,episode_000006,clean,,,,final_action,gaussian_blur_sigma,1.0,,,,569836324477247425,2603120455614262532,action_relative_l2,0.019540682435035706
gpu_1,contrastive,clean/put_bottles_dustbin/episode_000006/0_549,put_bottles_dustbin,episode_000006,clean,,,,final_action,gaussian_blur_sigma,1.0,,,,569836324477247425,2603120455614262532,action_mean_abs,0.0033002414274960756
gpu_1,contrastive,clean/put_bottles_dustbin/episode_000006/0_549,put_bottles_dustbin,episode_000006,clean,,,,final_action,gaussian_blur_sigma,1.0,,,,569836324477247425,2603120455614262532,action_relative_l2/first_25pct,0.0
gpu_1,contrastive,clean/put_bottles_dustbin/episode_000006/0_549,put_bottles_dustbin,episode_000006,clean,,,,final_action,gaussian_blur_sigma,1.0,,,,569836324477247425,2603120455614262532,action_relative_l2/last_75pct,0.020236993208527565
gpu_1,contrastive,clean/put_bottles_dustbin/episode_000006/0_549,put_bottles_dustbin,episode_000006,clean,,,,final_action,gaussian_blur_sigma,1.0,,,,569836324477247425,2603120455614262532,endpoint_l2/left_position,0.023085245862603188
gpu_1,contrastive,clean/put_bottles_dustbin/episode_000006/0_549,put_bottles_dustbin,episode_000006,clean,,,,final_action,gaussian_blur_sigma,1.0,,,,569836324477247425,2603120455614262532,endpoint_l2/right_position,0.016908522695302963
gpu_1,contrastive,clean/put_bottles_dustbin/episode_000006/0_549,put_bottles_dustbin,episode_000006,clean,,,,final_action,gaussian_blur_sigma,1.0,,,,569836324477247425,2603120455614262532,rotation_geodesic/left_rotation,0.023389143869280815
gpu_1,contrastive,clean/put_bottles_dustbin/episode_000006/0_549,put_bottles_dustbin,episode_000006,clean,,,,final_action,gaussian_blur_sigma,1.0,,,,569836324477247425,2603120455614262532,rotation_geodesic/right_rotation,0.01775268092751503
gpu_1,contrastive,clean/put_bottles_dustbin/episode_000006/0_549,put_bottles_dustbin,episode_000006,clean,,,,final_action,gaussian_blur_sigma,1.0,,,,569836324477247425,2603120455614262532,gripper_flip_rate,0.0
gpu_1,contrastive,clean/put_bottles_dustbin/episode_000006/0_549,put_bottles_dustbin,episode_000006,clean,,,,final_action,gaussian_blur_sigma,1.0,,,,569836324477247425,2603120455614262532,temporal_jerk_difference,0.0018207512330263853
gpu_1,contrastive,clean/put_bottles_dustbin/episode_000006/0_549,put_bottles_dustbin,episode_000006,clean,,,,final_action,gaussian_noise_std,0.01,,,,569836324477247425,9490953497224402498,action_relative_l2,0.043539922684431076
gpu_1,contrastive,clean/put_bottles_dustbin/episode_000006/0_549,put_bottles_dustbin,episode_000006,clean,,,,final_action,gaussian_noise_std,0.01,,,,569836324477247425,9490953497224402498,action_mean_abs,0.005942226387560368
gpu_1,contrastive,clean/put_bottles_dustbin/episode_000006/0_549,put_bottles_dustbin,episode_000006,clean,,,,final_action,gaussian_noise_std,0.01,,,,569836324477247425,9490953497224402498,action_relative_l2/first_25pct,0.0
gpu_1,contrastive,clean/put_bottles_dustbin/episode_000006/0_549,put_bottles_dustbin,episode_000006,clean,,,,final_action,gaussian_noise_std,0.01,,,,569836324477247425,9490953497224402498,action_relative_l2/last_75pct,0.0450914204120636
gpu_1,contrastive,clean/put_bottles_dustbin/episode_000006/0_549,put_bottles_dustbin,episode_000006,clean,,,,final_action,gaussian_noise_std,0.01,,,,569836324477247425,9490953497224402498,endpoint_l2/left_position,0.0758516862988472
gpu_1,contrastive,clean/put_bottles_dustbin/episode_000006/0_549,put_bottles_dustbin,episode_000006,clean,,,,final_action,gaussian_noise_std,0.01,,,,569836324477247425,9490953497224402498,endpoint_l2/right_position,0.06817431002855301
gpu_1,contrastive,clean/put_bottles_dustbin/episode_000006/0_549,put_bottles_dustbin,episode_000006,clean,,,,final_action,gaussian_noise_std,0.01,,,,569836324477247425,9490953497224402498,rotation_geodesic/left_rotation,0.01628311350941658
gpu_1,contrastive,clean/put_bottles_dustbin/episode_000006/0_549,put_bottles_dustbin,episode_000006,clean,,,,final_action,gaussian_noise_std,0.01,,,,569836324477247425,9490953497224402498,rotation_geodesic/right_rotation,0.06145871430635452
gpu_1,contrastive,clean/put_bottles_dustbin/episode_000006/0_549,put_bottles_dustbin,episode_000006,clean,,,,final_action,gaussian_noise_std,0.01,,,,569836324477247425,9490953497224402498,gripper_flip_rate,0.0
gpu_1,contrastive,clean/put_bottles_dustbin/episode_000006/0_549,put_bottles_dustbin,episode_000006,clean,,,,final_action,gaussian_noise_std,0.01,,,,569836324477247425,9490953497224402498,temporal_jerk_difference,0.0020829210989177227
gpu_1,contrastive,clean/put_bottles_dustbin/episode_000006/0_549,put_bottles_dustbin,episode_000006,clean,,,,final_action,gaussian_noise_std,0.03,,,,569836324477247425,16403314817068746778,action_relative_l2,0.04539318382740021
gpu_1,contrastive,clean/put_bottles_dustbin/episode_000006/0_549,put_bottles_dustbin,episode_000006,clean,,,,final_action,gaussian_noise_std,0.03,,,,569836324477247425,16403314817068746778,action_mean_abs,0.006306947208940983
gpu_1,contrastive,clean/put_bottles_dustbin/episode_000006/0_549,put_bottles_dustbin,episode_000006,clean,,,,final_action,gaussian_noise_std,0.03,,,,569836324477247425,16403314817068746778,action_relative_l2/first_25pct,0.0
gpu_1,contrastive,clean/put_bottles_dustbin/episode_000006/0_549,put_bottles_dustbin,episode_000006,clean,,,,final_action,gaussian_noise_std,0.03,,,,569836324477247425,16403314817068746778,action_relative_l2/last_75pct,0.047010719776153564
gpu_1,contrastive,clean/put_bottles_dustbin/episode_000006/0_549,put_bottles_dustbin,episode_000006,clean,,,,final_action,gaussian_noise_std,0.03,,,,569836324477247425,16403314817068746778,endpoint_l2/left_position,0.07932012528181076
gpu_1,contrastive,clean/put_bottles_dustbin/episode_000006/0_549,put_bottles_dustbin,episode_000006,clean,,,,final_action,gaussian_noise_std,0.03,,,,569836324477247425,16403314817068746778,endpoint_l2/right_position,0.07071880996227264
gpu_1,contrastive,clean/put_bottles_dustbin/episode_000006/0_549,put_bottles_dustbin,episode_000006,clean,,,,final_action,gaussian_noise_std,0.03,,,,569836324477247425,16403314817068746778,rotation_geodesic/left_rotation,0.02455105632543564
gpu_1,contrastive,clean/put_bottles_dustbin/episode_000006/0_549,put_bottles_dustbin,episode_000006,clean,,,,final_action,gaussian_noise_std,0.03,,,,569836324477247425,16403314817068746778,rotation_geodesic/right_rotation,0.06149153411388397
gpu_1,contrastive,clean/put_bottles_dustbin/episode_000006/0_549,put_bottles_dustbin,episode_000006,clean,,,,final_action,gaussian_noise_std,0.03,,,,569836324477247425,16403314817068746778,gripper_flip_rate,0.0
gpu_1,contrastive,clean/put_bottles_dustbin/episode_000006/0_549,put_bottles_dustbin,episode_000006,clean,,,,final_action,gaussian_noise_std,0.03,,,,569836324477247425,16403314817068746778,temporal_jerk_difference,0.002183743054047227
gpu_1,contrastive,clean/put_bottles_dustbin/episode_000006/0_549,put_bottles_dustbin,episode_000006,clean,,,,final_action,identity,0.0,,,,569836324477247425,,action_relative_l2,0.0
gpu_1,contrastive,clean/put_bottles_dustbin/episode_000006/0_549,put_bottles_dustbin,episode_000006,clean,,,,final_action,identity,0.0,,,,569836324477247425,,action_mean_abs,0.0
gpu_1,contrastive,clean/put_bottles_dustbin/episode_000006/0_549,put_bottles_dustbin,episode_000006,clean,,,,final_action,identity,0.0,,,,569836324477247425,,action_relative_l2/first_25pct,0.0
gpu_1,contrastive,clean/put_bottles_dustbin/episode_000006/0_549,put_bottles_dustbin,episode_000006,clean,,,,final_action,identity,0.0,,,,569836324477247425,,action_relative_l2/last_75pct,0.0
gpu_1,contrastive,clean/put_bottles_dustbin/episode_000006/0_549,put_bottles_dustbin,episode_000006,clean,,,,final_action,identity,0.0,,,,569836324477247425,,endpoint_l2/left_position,0.0
gpu_1,contrastive,clean/put_bottles_dustbin/episode_000006/0_549,put_bottles_dustbin,episode_000006,clean,,,,final_action,identity,0.0,,,,569836324477247425,,endpoint_l2/right_position,0.0
gpu_1,contrastive,clean/put_bottles_dustbin/episode_000006/0_549,put_bottles_dustbin,episode_000006,clean,,,,final_action,identity,0.0,,,,569836324477247425,,rotation_geodesic/left_rotation,8.26143441372551e-05
gpu_1,contrastive,clean/put_bottles_dustbin/episode_000006/0_549,put_bottles_dustbin,episode_000006,clean,,,,final_action,identity,0.0,,,,569836324477247425,,rotation_geodesic/right_rotation,0.00019944865198340267
gpu_1,contrastive,clean/put_bottles_dustbin/episode_000006/0_549,put_bottles_dustbin,episode_000006,clean,,,,final_action,identity,0.0,,,,569836324477247425,,gripper_flip_rate,0.0
gpu_1,contrastive,clean/put_bottles_dustbin/episode_000006/0_549,put_bottles_dustbin,episode_000006,clean,,,,final_action,identity,0.0,,,,569836324477247425,,temporal_jerk_difference,0.0
gpu_1,contrastive,clean/turn_switch/episode_000047/0_98,turn_switch,episode_000047,clean,,,,final_action,brightness,0.8,,,,16604683412220122174,2894186492195837140,action_relative_l2,0.0071312482468783855
gpu_1,contrastive,clean/turn_switch/episode_000047/0_98,turn_switch,episode_000047,clean,,,,final_action,brightness,0.8,,,,16604683412220122174,2894186492195837140,action_mean_abs,0.0010135173797607422
gpu_1,contrastive,clean/turn_switch/episode_000047/0_98,turn_switch,episode_000047,clean,,,,final_action,brightness,0.8,,,,16604683412220122174,2894186492195837140,action_relative_l2/first_25pct,0.0
gpu_1,contrastive,clean/turn_switch/episode_000047/0_98,turn_switch,episode_000047,clean,,,,final_action,brightness,0.8,,,,16604683412220122174,2894186492195837140,action_relative_l2/last_75pct,0.007435138337314129
gpu_1,contrastive,clean/turn_switch/episode_000047/0_98,turn_switch,episode_000047,clean,,,,final_action,brightness,0.8,,,,16604683412220122174,2894186492195837140,endpoint_l2/left_position,0.0025564441457390785
gpu_1,contrastive,clean/turn_switch/episode_000047/0_98,turn_switch,episode_000047,clean,,,,final_action,brightness,0.8,,,,16604683412220122174,2894186492195837140,endpoint_l2/right_position,0.004832088015973568
gpu_1,contrastive,clean/turn_switch/episode_000047/0_98,turn_switch,episode_000047,clean,,,,final_action,brightness,0.8,,,,16604683412220122174,2894186492195837140,rotation_geodesic/left_rotation,0.0035685531329363585
gpu_1,contrastive,clean/turn_switch/episode_000047/0_98,turn_switch,episode_000047,clean,,,,final_action,brightness,0.8,,,,16604683412220122174,2894186492195837140,rotation_geodesic/right_rotation,0.005923060700297356
gpu_1,contrastive,clean/turn_switch/episode_000047/0_98,turn_switch,episode_000047,clean,,,,final_action,brightness,0.8,,,,16604683412220122174,2894186492195837140,gripper_flip_rate,0.0
gpu_1,contrastive,clean/turn_switch/episode_000047/0_98,turn_switch,episode_000047,clean,,,,final_action,brightness,0.8,,,,16604683412220122174,2894186492195837140,temporal_jerk_difference,0.001473939511924982
gpu_1,contrastive,clean/turn_switch/episode_000047/0_98,turn_switch,episode_000047,clean,,,,final_action,brightness,1.2,,,,16604683412220122174,3109882623584244822,action_relative_l2,0.01650926098227501
gpu_1,contrastive,clean/turn_switch/episode_000047/0_98,turn_switch,episode_000047,clean,,,,final_action,brightness,1.2,,,,16604683412220122174,3109882623584244822,action_mean_abs,0.001854744739830494
gpu_1,contrastive,clean/turn_switch/episode_000047/0_98,turn_switch,episode_000047,clean,,,,final_action,brightness,1.2,,,,16604683412220122174,3109882623584244822,action_relative_l2/first_25pct,0.0
gpu_1,contrastive,clean/turn_switch/episode_000047/0_98,turn_switch,episode_000047,clean,,,,final_action,brightness,1.2,,,,16604683412220122174,3109882623584244822,action_relative_l2/last_75pct,0.01721278391778469
gpu_1,contrastive,clean/turn_switch/episode_000047/0_98,turn_switch,episode_000047,clean,,,,final_action,brightness,1.2,,,,16604683412220122174,3109882623584244822,endpoint_l2/left_position,0.0025400435552001
gpu_1,contrastive,clean/turn_switch/episode_000047/0_98,turn_switch,episode_000047,clean,,,,final_action,brightness,1.2,,,,16604683412220122174,3109882623584244822,endpoint_l2/right_position,0.0011679083108901978
gpu_1,contrastive,clean/turn_switch/episode_000047/0_98,turn_switch,episode_000047,clean,,,,final_action,brightness,1.2,,,,16604683412220122174,3109882623584244822,rotation_geodesic/left_rotation,0.007395590655505657
gpu_1,contrastive,clean/turn_switch/episode_000047/0_98,turn_switch,episode_000047,clean,,,,final_action,brightness,1.2,,,,16604683412220122174,3109882623584244822,rotation_geodesic/right_rotation,0.007075578905642033
gpu_1,contrastive,clean/turn_switch/episode_000047/0_98,turn_switch,episode_000047,clean,,,,final_action,brightness,1.2,,,,16604683412220122174,3109882623584244822,gripper_flip_rate,0.015625
gpu_1,contrastive,clean/turn_switch/episode_000047/0_98,turn_switch,episode_000047,clean,,,,final_action,brightness,1.2,,,,16604683412220122174,3109882623584244822,temporal_jerk_difference,0.0016771076479926705
gpu_1,contrastive,clean/turn_switch/episode_000047/0_98,turn_switch,episode_000047,clean,,,,final_action,color_temperature,-0.1,,,,16604683412220122174,13981428570655036527,action_relative_l2,0.0054248315282166
gpu_1,contrastive,clean/turn_switch/episode_000047/0_98,turn_switch,episode_000047,clean,,,,final_action,color_temperature,-0.1,,,,16604683412220122174,13981428570655036527,action_mean_abs,0.0006778432289138436
gpu_1,contrastive,clean/turn_switch/episode_000047/0_98,turn_switch,episode_000047,clean,,,,final_action,color_temperature,-0.1,,,,16604683412220122174,13981428570655036527,action_relative_l2/first_25pct,0.0
gpu_1,contrastive,clean/turn_switch/episode_000047/0_98,turn_switch,episode_000047,clean,,,,final_action,color_temperature,-0.1,,,,16604683412220122174,13981428570655036527,action_relative_l2/last_75pct,0.0056560044176876545
gpu_1,contrastive,clean/turn_switch/episode_000047/0_98,turn_switch,episode_000047,clean,,,,final_action,color_temperature,-0.1,,,,16604683412220122174,13981428570655036527,endpoint_l2/left_position,0.0018331739120185375
gpu_1,contrastive,clean/turn_switch/episode_000047/0_98,turn_switch,episode_000047,clean,,,,final_action,color_temperature,-0.1,,,,16604683412220122174,13981428570655036527,endpoint_l2/right_position,0.0023667053319513798
gpu_1,contrastive,clean/turn_switch/episode_000047/0_98,turn_switch,episode_000047,clean,,,,final_action,color_temperature,-0.1,,,,16604683412220122174,13981428570655036527,rotation_geodesic/left_rotation,0.0035004769451916218
gpu_1,contrastive,clean/turn_switch/episode_000047/0_98,turn_switch,episode_000047,clean,,,,final_action,color_temperature,-0.1,,,,16604683412220122174,13981428570655036527,rotation_geodesic/right_rotation,0.003879556432366371
gpu_1,contrastive,clean/turn_switch/episode_000047/0_98,turn_switch,episode_000047,clean,,,,final_action,color_temperature,-0.1,,,,16604683412220122174,13981428570655036527,gripper_flip_rate,0.0
gpu_1,contrastive,clean/turn_switch/episode_000047/0_98,turn_switch,episode_000047,clean,,,,final_action,color_temperature,-0.1,,,,16604683412220122174,13981428570655036527,temporal_jerk_difference,0.0010524089448153973
gpu_1,contrastive,clean/turn_switch/episode_000047/0_98,turn_switch,episode_000047,clean,,,,final_action,color_temperature,0.1,,,,16604683412220122174,7431615385873627060,action_relative_l2,0.006482131313532591
gpu_1,contrastive,clean/turn_switch/episode_000047/0_98,turn_switch,episode_000047,clean,,,,final_action,color_temperature,0.1,,,,16604683412220122174,7431615385873627060,action_mean_abs,0.0008176957489922643
gpu_1,contrastive,clean/turn_switch/episode_000047/0_98,turn_switch,episode_000047,clean,,,,final_action,color_temperature,0.1,,,,16604683412220122174,7431615385873627060,action_relative_l2/first_25pct,0.0
gpu_1,contrastive,clean/turn_switch/episode_000047/0_98,turn_switch,episode_000047,clean,,,,final_action,color_temperature,0.1,,,,16604683412220122174,7431615385873627060,action_relative_l2/last_75pct,0.0067583597265183926
gpu_1,contrastive,clean/turn_switch/episode_000047/0_98,turn_switch,episode_000047,clean,,,,final_action,color_temperature,0.1,,,,16604683412220122174,7431615385873627060,endpoint_l2/left_position,0.003470533760264516
gpu_1,contrastive,clean/turn_switch/episode_000047/0_98,turn_switch,episode_000047,clean,,,,final_action,color_temperature,0.1,,,,16604683412220122174,7431615385873627060,endpoint_l2/right_position,0.0013958761701360345
gpu_1,contrastive,clean/turn_switch/episode_000047/0_98,turn_switch,episode_000047,clean,,,,final_action,color_temperature,0.1,,,,16604683412220122174,7431615385873627060,rotation_geodesic/left_rotation,0.005642510484904051
gpu_1,contrastive,clean/turn_switch/episode_000047/0_98,turn_switch,episode_000047,clean,,,,final_action,color_temperature,0.1,,,,16604683412220122174,7431615385873627060,rotation_geodesic/right_rotation,0.0023800500202924013
gpu_1,contrastive,clean/turn_switch/episode_000047/0_98,turn_switch,episode_000047,clean,,,,final_action,color_temperature,0.1,,,,16604683412220122174,7431615385873627060,gripper_flip_rate,0.0
gpu_1,contrastive,clean/turn_switch/episode_000047/0_98,turn_switch,episode_000047,clean,,,,final_action,color_temperature,0.1,,,,16604683412220122174,7431615385873627060,temporal_jerk_difference,0.0014692062977701426
gpu_1,contrastive,clean/turn_switch/episode_000047/0_98,turn_switch,episode_000047,clean,,,,final_action,gamma,0.8,,,,16604683412220122174,8944454782225478405,action_relative_l2,0.0025834189727902412
gpu_1,contrastive,clean/turn_switch/episode_000047/0_98,turn_switch,episode_000047,clean,,,,final_action,gamma,0.8,,,,16604683412220122174,8944454782225478405,action_mean_abs,0.0001904133678181097
gpu_1,contrastive,clean/turn_switch/episode_000047/0_98,turn_switch,episode_000047,clean,,,,final_action,gamma,0.8,,,,16604683412220122174,8944454782225478405,action_relative_l2/first_25pct,0.0
gpu_1,contrastive,clean/turn_switch/episode_000047/0_98,turn_switch,episode_000047,clean,,,,final_action,gamma,0.8,,,,16604683412220122174,8944454782225478405,action_relative_l2/last_75pct,0.0026935082860291004
gpu_1,contrastive,clean/turn_switch/episode_000047/0_98,turn_switch,episode_000047,clean,,,,final_action,gamma,0.8,,,,16604683412220122174,8944454782225478405,endpoint_l2/left_position,0.0007806755602359772
gpu_1,contrastive,clean/turn_switch/episode_000047/0_98,turn_switch,episode_000047,clean,,,,final_action,gamma,0.8,,,,16604683412220122174,8944454782225478405,endpoint_l2/right_position,0.0
gpu_1,contrastive,clean/turn_switch/episode_000047/0_98,turn_switch,episode_000047,clean,,,,final_action,gamma,0.8,,,,16604683412220122174,8944454782225478405,rotation_geodesic/left_rotation,0.00021579183521680534
gpu_1,contrastive,clean/turn_switch/episode_000047/0_98,turn_switch,episode_000047,clean,,,,final_action,gamma,0.8,,,,16604683412220122174,8944454782225478405,rotation_geodesic/right_rotation,0.00212548254057765
gpu_1,contrastive,clean/turn_switch/episode_000047/0_98,turn_switch,episode_000047,clean,,,,final_action,gamma,0.8,,,,16604683412220122174,8944454782225478405,gripper_flip_rate,0.0
gpu_1,contrastive,clean/turn_switch/episode_000047/0_98,turn_switch,episode_000047,clean,,,,final_action,gamma,0.8,,,,16604683412220122174,8944454782225478405,temporal_jerk_difference,0.0004785995406564325
gpu_1,contrastive,clean/turn_switch/episode_000047/0_98,turn_switch,episode_000047,clean,,,,final_action,gamma,1.2,,,,16604683412220122174,12775208076006040830,action_relative_l2,0.0030722771771252155
gpu_1,contrastive,clean/turn_switch/episode_000047/0_98,turn_switch,episode_000047,clean,,,,final_action,gamma,1.2,,,,16604683412220122174,12775208076006040830,action_mean_abs,0.00022832470131106675
gpu_1,contrastive,clean/turn_switch/episode_000047/0_98,turn_switch,episode_000047,clean,,,,final_action,gamma,1.2,,,,16604683412220122174,12775208076006040830,action_relative_l2/first_25pct,0.0
gpu_1,contrastive,clean/turn_switch/episode_000047/0_98,turn_switch,episode_000047,clean,,,,final_action,gamma,1.2,,,,16604683412220122174,12775208076006040830,action_relative_l2/last_75pct,0.003203198779374361
gpu_1,contrastive,clean/turn_switch/episode_000047/0_98,turn_switch,episode_000047,clean,,,,final_action,gamma,1.2,,,,16604683412220122174,12775208076006040830,endpoint_l2/left_position,0.0007806755602359772
gpu_1,contrastive,clean/turn_switch/episode_000047/0_98,turn_switch,episode_000047,clean,,,,final_action,gamma,1.2,,,,16604683412220122174,12775208076006040830,endpoint_l2/right_position,0.0007645115256309509
gpu_1,contrastive,clean/turn_switch/episode_000047/0_98,turn_switch,episode_000047,clean,,,,final_action,gamma,1.2,,,,16604683412220122174,12775208076006040830,rotation_geodesic/left_rotation,0.0011914027854800224
gpu_1,contrastive,clean/turn_switch/episode_000047/0_98,turn_switch,episode_000047,clean,,,,final_action,gamma,1.2,,,,16604683412220122174,12775208076006040830,rotation_geodesic/right_rotation,0.0024278471246361732
gpu_1,contrastive,clean/turn_switch/episode_000047/0_98,turn_switch,episode_000047,clean,,,,final_action,gamma,1.2,,,,16604683412220122174,12775208076006040830,gripper_flip_rate,0.0
gpu_1,contrastive,clean/turn_switch/episode_000047/0_98,turn_switch,episode_000047,clean,,,,final_action,gamma,1.2,,,,16604683412220122174,12775208076006040830,temporal_jerk_difference,0.0006971778930164874
gpu_1,contrastive,clean/turn_switch/episode_000047/0_98,turn_switch,episode_000047,clean,,,,final_action,gaussian_blur_sigma,0.5,,,,16604683412220122174,17406867596367059733,action_relative_l2,0.001971588935703039
gpu_1,contrastive,clean/turn_switch/episode_000047/0_98,turn_switch,episode_000047,clean,,,,final_action,gaussian_blur_sigma,0.5,,,,16604683412220122174,17406867596367059733,action_mean_abs,0.0001022847936837934
gpu_1,contrastive,clean/turn_switch/episode_000047/0_98,turn_switch,episode_000047,clean,,,,final_action,gaussian_blur_sigma,0.5,,,,16604683412220122174,17406867596367059733,action_relative_l2/first_25pct,0.0
gpu_1,contrastive,clean/turn_switch/episode_000047/0_98,turn_switch,episode_000047,clean,,,,final_action,gaussian_blur_sigma,0.5,,,,16604683412220122174,17406867596367059733,action_relative_l2/last_75pct,0.002055605873465538
gpu_1,contrastive,clean/turn_switch/episode_000047/0_98,turn_switch,episode_000047,clean,,,,final_action,gaussian_blur_sigma,0.5,,,,16604683412220122174,17406867596367059733,endpoint_l2/left_position,0.0009058930445462465
gpu_1,contrastive,clean/turn_switch/episode_000047/0_98,turn_switch,episode_000047,clean,,,,final_action,gaussian_blur_sigma,0.5,,,,16604683412220122174,17406867596367059733,endpoint_l2/right_position,0.0
gpu_1,contrastive,clean/turn_switch/episode_000047/0_98,turn_switch,episode_000047,clean,,,,final_action,gaussian_blur_sigma,0.5,,,,16604683412220122174,17406867596367059733,rotation_geodesic/left_rotation,0.0007035973249003291
gpu_1,contrastive,clean/turn_switch/episode_000047/0_98,turn_switch,episode_000047,clean,,,,final_action,gaussian_blur_sigma,0.5,,,,16604683412220122174,17406867596367059733,rotation_geodesic/right_rotation,0.0007121144444681704
gpu_1,contrastive,clean/turn_switch/episode_000047/0_98,turn_switch,episode_000047,clean,,,,final_action,gaussian_blur_sigma,0.5,,,,16604683412220122174,17406867596367059733,gripper_flip_rate,0.0
gpu_1,contrastive,clean/turn_switch/episode_000047/0_98,turn_switch,episode_000047,clean,,,,final_action,gaussian_blur_sigma,0.5,,,,16604683412220122174,17406867596367059733,temporal_jerk_difference,0.00034842026070691645
gpu_1,contrastive,clean/turn_switch/episode_000047/0_98,turn_switch,episode_000047,clean,,,,final_action,gaussian_blur_sigma,1.0,,,,16604683412220122174,1591302671540779324,action_relative_l2,0.0031824142206460238
gpu_1,contrastive,clean/turn_switch/episode_000047/0_98,turn_switch,episode_000047,clean,,,,final_action,gaussian_blur_sigma,1.0,,,,16604683412220122174,1591302671540779324,action_mean_abs,0.00023960981343407184
gpu_1,contrastive,clean/turn_switch/episode_000047/0_98,turn_switch,episode_000047,clean,,,,final_action,gaussian_blur_sigma,1.0,,,,16604683412220122174,1591302671540779324,action_relative_l2/first_25pct,0.0
gpu_1,contrastive,clean/turn_switch/episode_000047/0_98,turn_switch,episode_000047,clean,,,,final_action,gaussian_blur_sigma,1.0,,,,16604683412220122174,1591302671540779324,action_relative_l2/last_75pct,0.0033180289901793003
gpu_1,contrastive,clean/turn_switch/episode_000047/0_98,turn_switch,episode_000047,clean,,,,final_action,gaussian_blur_sigma,1.0,,,,16604683412220122174,1591302671540779324,endpoint_l2/left_position,0.0
gpu_1,contrastive,clean/turn_switch/episode_000047/0_98,turn_switch,episode_000047,clean,,,,final_action,gaussian_blur_sigma,1.0,,,,16604683412220122174,1591302671540779324,endpoint_l2/right_position,0.0
gpu_1,contrastive,clean/turn_switch/episode_000047/0_98,turn_switch,episode_000047,clean,,,,final_action,gaussian_blur_sigma,1.0,,,,16604683412220122174,1591302671540779324,rotation_geodesic/left_rotation,0.0021670134738087654
gpu_1,contrastive,clean/turn_switch/episode_000047/0_98,turn_switch,episode_000047,clean,,,,final_action,gaussian_blur_sigma,1.0,,,,16604683412220122174,1591302671540779324,rotation_geodesic/right_rotation,0.0021929345093667507
gpu_1,contrastive,clean/turn_switch/episode_000047/0_98,turn_switch,episode_000047,clean,,,,final_action,gaussian_blur_sigma,1.0,,,,16604683412220122174,1591302671540779324,gripper_flip_rate,0.0
gpu_1,contrastive,clean/turn_switch/episode_000047/0_98,turn_switch,episode_000047,clean,,,,final_action,gaussian_blur_sigma,1.0,,,,16604683412220122174,1591302671540779324,temporal_jerk_difference,0.0007043795776553452
gpu_1,contrastive,clean/turn_switch/episode_000047/0_98,turn_switch,episode_000047,clean,,,,final_action,gaussian_noise_std,0.01,,,,16604683412220122174,12285946054869263813,action_relative_l2,0.005929775070399046
gpu_1,contrastive,clean/turn_switch/episode_000047/0_98,turn_switch,episode_000047,clean,,,,final_action,gaussian_noise_std,0.01,,,,16604683412220122174,12285946054869263813,action_mean_abs,0.0007783855544403195
gpu_1,contrastive,clean/turn_switch/episode_000047/0_98,turn_switch,episode_000047,clean,,,,final_action,gaussian_noise_std,0.01,,,,16604683412220122174,12285946054869263813,action_relative_l2/first_25pct,0.0
gpu_1,contrastive,clean/turn_switch/episode_000047/0_98,turn_switch,episode_000047,clean,,,,final_action,gaussian_noise_std,0.01,,,,16604683412220122174,12285946054869263813,action_relative_l2/last_75pct,0.006182465236634016
gpu_1,contrastive,clean/turn_switch/episode_000047/0_98,turn_switch,episode_000047,clean,,,,final_action,gaussian_noise_std,0.01,,,,16604683412220122174,12285946054869263813,endpoint_l2/left_position,0.002231075195595622
gpu_1,contrastive,clean/turn_switch/episode_000047/0_98,turn_switch,episode_000047,clean,,,,final_action,gaussian_noise_std,0.01,,,,16604683412220122174,12285946054869263813,endpoint_l2/right_position,0.0019162386888638139
gpu_1,contrastive,clean/turn_switch/episode_000047/0_98,turn_switch,episode_000047,clean,,,,final_action,gaussian_noise_std,0.01,,,,16604683412220122174,12285946054869263813,rotation_geodesic/left_rotation,0.002368733286857605
gpu_1,contrastive,clean/turn_switch/episode_000047/0_98,turn_switch,episode_000047,clean,,,,final_action,gaussian_noise_std,0.01,,,,16604683412220122174,12285946054869263813,rotation_geodesic/right_rotation,0.00597333163022995
gpu_1,contrastive,clean/turn_switch/episode_000047/0_98,turn_switch,episode_000047,clean,,,,final_action,gaussian_noise_std,0.01,,,,16604683412220122174,12285946054869263813,gripper_flip_rate,0.0
gpu_1,contrastive,clean/turn_switch/episode_000047/0_98,turn_switch,episode_000047,clean,,,,final_action,gaussian_noise_std,0.01,,,,16604683412220122174,12285946054869263813,temporal_jerk_difference,0.0013972102897241712
gpu_1,contrastive,clean/turn_switch/episode_000047/0_98,turn_switch,episode_000047,clean,,,,final_action,gaussian_noise_std,0.03,,,,16604683412220122174,11263194624413296043,action_relative_l2,0.007819059304893017
gpu_1,contrastive,clean/turn_switch/episode_000047/0_98,turn_switch,episode_000047,clean,,,,final_action,gaussian_noise_std,0.03,,,,16604683412220122174,11263194624413296043,action_mean_abs,0.0011226648930460215
gpu_1,contrastive,clean/turn_switch/episode_000047/0_98,turn_switch,episode_000047,clean,,,,final_action,gaussian_noise_std,0.03,,,,16604683412220122174,11263194624413296043,action_relative_l2/first_25pct,0.0
gpu_1,contrastive,clean/turn_switch/episode_000047/0_98,turn_switch,episode_000047,clean,,,,final_action,gaussian_noise_std,0.03,,,,16604683412220122174,11263194624413296043,action_relative_l2/last_75pct,0.008152259513735771
gpu_1,contrastive,clean/turn_switch/episode_000047/0_98,turn_switch,episode_000047,clean,,,,final_action,gaussian_noise_std,0.03,,,,16604683412220122174,11263194624413296043,endpoint_l2/left_position,0.0018331739120185375
gpu_1,contrastive,clean/turn_switch/episode_000047/0_98,turn_switch,episode_000047,clean,,,,final_action,gaussian_noise_std,0.03,,,,16604683412220122174,11263194624413296043,endpoint_l2/right_position,0.002441608579829335
gpu_1,contrastive,clean/turn_switch/episode_000047/0_98,turn_switch,episode_000047,clean,,,,final_action,gaussian_noise_std,0.03,,,,16604683412220122174,11263194624413296043,rotation_geodesic/left_rotation,0.003142624394968152
gpu_1,contrastive,clean/turn_switch/episode_000047/0_98,turn_switch,episode_000047,clean,,,,final_action,gaussian_noise_std,0.03,,,,16604683412220122174,11263194624413296043,rotation_geodesic/right_rotation,0.008551492355763912
gpu_1,contrastive,clean/turn_switch/episode_000047/0_98,turn_switch,episode_000047,clean,,,,final_action,gaussian_noise_std,0.03,,,,16604683412220122174,11263194624413296043,gripper_flip_rate,0.0
gpu_1,contrastive,clean/turn_switch/episode_000047/0_98,turn_switch,episode_000047,clean,,,,final_action,gaussian_noise_std,0.03,,,,16604683412220122174,11263194624413296043,temporal_jerk_difference,0.0013843316119164228
gpu_1,contrastive,clean/turn_switch/episode_000047/0_98,turn_switch,episode_000047,clean,,,,final_action,identity,0.0,,,,16604683412220122174,,action_relative_l2,0.0
gpu_1,contrastive,clean/turn_switch/episode_000047/0_98,turn_switch,episode_000047,clean,,,,final_action,identity,0.0,,,,16604683412220122174,,action_mean_abs,0.0
gpu_1,contrastive,clean/turn_switch/episode_000047/0_98,turn_switch,episode_000047,clean,,,,final_action,identity,0.0,,,,16604683412220122174,,action_relative_l2/first_25pct,0.0
gpu_1,contrastive,clean/turn_switch/episode_000047/0_98,turn_switch,episode_000047,clean,,,,final_action,identity,0.0,,,,16604683412220122174,,action_relative_l2/last_75pct,0.0
gpu_1,contrastive,clean/turn_switch/episode_000047/0_98,turn_switch,episode_000047,clean,,,,final_action,identity,0.0,,,,16604683412220122174,,endpoint_l2/left_position,0.0
gpu_1,contrastive,clean/turn_switch/episode_000047/0_98,turn_switch,episode_000047,clean,,,,final_action,identity,0.0,,,,16604683412220122174,,endpoint_l2/right_position,0.0
gpu_1,contrastive,clean/turn_switch/episode_000047/0_98,turn_switch,episode_000047,clean,,,,final_action,identity,0.0,,,,16604683412220122174,,rotation_geodesic/left_rotation,0.00021579183521680534
gpu_1,contrastive,clean/turn_switch/episode_000047/0_98,turn_switch,episode_000047,clean,,,,final_action,identity,0.0,,,,16604683412220122174,,rotation_geodesic/right_rotation,0.00023737104493193328
gpu_1,contrastive,clean/turn_switch/episode_000047/0_98,turn_switch,episode_000047,clean,,,,final_action,identity,0.0,,,,16604683412220122174,,gripper_flip_rate,0.0
gpu_1,contrastive,clean/turn_switch/episode_000047/0_98,turn_switch,episode_000047,clean,,,,final_action,identity,0.0,,,,16604683412220122174,,temporal_jerk_difference,0.0
