run_id,checkpoint,sample_id,task,episode_or_seed,domain,c2r_split,progress_bin,layer,token_group,perturbation,severity,timestep_quantile,timestep,sigma,noise_seed,transform_seed,metric_name,metric_value
gpu_0,base,clean/stack_blocks_three/episode_000030/0_447,stack_blocks_three,episode_000030,clean,,,,final_action,brightness,0.8,,,,12280813841299030061,14740558125330130023,action_relative_l2,0.743111252784729
gpu_0,base,clean/stack_blocks_three/episode_000030/0_447,stack_blocks_three,episode_000030,clean,,,,final_action,brightness,0.8,,,,12280813841299030061,14740558125330130023,action_mean_abs,0.0730963796377182
gpu_0,base,clean/stack_blocks_three/episode_000030/0_447,stack_blocks_three,episode_000030,clean,,,,final_action,brightness,0.8,,,,12280813841299030061,14740558125330130023,action_relative_l2/first_25pct,0.0
gpu_0,base,clean/stack_blocks_three/episode_000030/0_447,stack_blocks_three,episode_000030,clean,,,,final_action,brightness,0.8,,,,12280813841299030061,14740558125330130023,action_relative_l2/last_75pct,0.7990187406539917
gpu_0,base,clean/stack_blocks_three/episode_000030/0_447,stack_blocks_three,episode_000030,clean,,,,final_action,brightness,0.8,,,,12280813841299030061,14740558125330130023,endpoint_l2/left_position,0.14800065755844116
gpu_0,base,clean/stack_blocks_three/episode_000030/0_447,stack_blocks_three,episode_000030,clean,,,,final_action,brightness,0.8,,,,12280813841299030061,14740558125330130023,endpoint_l2/right_position,0.10070345550775528
gpu_0,base,clean/stack_blocks_three/episode_000030/0_447,stack_blocks_three,episode_000030,clean,,,,final_action,brightness,0.8,,,,12280813841299030061,14740558125330130023,rotation_geodesic/left_rotation,0.03973811864852905
gpu_0,base,clean/stack_blocks_three/episode_000030/0_447,stack_blocks_three,episode_000030,clean,,,,final_action,brightness,0.8,,,,12280813841299030061,14740558125330130023,rotation_geodesic/right_rotation,0.056397534906864166
gpu_0,base,clean/stack_blocks_three/episode_000030/0_447,stack_blocks_three,episode_000030,clean,,,,final_action,brightness,0.8,,,,12280813841299030061,14740558125330130023,gripper_flip_rate,0.5
gpu_0,base,clean/stack_blocks_three/episode_000030/0_447,stack_blocks_three,episode_000030,clean,,,,final_action,brightness,0.8,,,,12280813841299030061,14740558125330130023,temporal_jerk_difference,0.012217369861900806
gpu_0,base,clean/stack_blocks_three/episode_000030/0_447,stack_blocks_three,episode_000030,clean,,,,final_action,brightness,1.2,,,,12280813841299030061,9830554915469431070,action_relative_l2,0.1318720579147339
gpu_0,base,clean/stack_blocks_three/episode_000030/0_447,stack_blocks_three,episode_000030,clean,,,,final_action,brightness,1.2,,,,12280813841299030061,9830554915469431070,action_mean_abs,0.008396986871957779
gpu_0,base,clean/stack_blocks_three/episode_000030/0_447,stack_blocks_three,episode_000030,clean,,,,final_action,brightness,1.2,,,,12280813841299030061,9830554915469431070,action_relative_l2/first_25pct,0.0
gpu_0,base,clean/stack_blocks_three/episode_000030/0_447,stack_blocks_three,episode_000030,clean,,,,final_action,brightness,1.2,,,,12280813841299030061,9830554915469431070,action_relative_l2/last_75pct,0.141793355345726
gpu_0,base,clean/stack_blocks_three/episode_000030/0_447,stack_blocks_three,episode_000030,clean,,,,final_action,brightness,1.2,,,,12280813841299030061,9830554915469431070,endpoint_l2/left_position,0.006440059281885624
gpu_0,base,clean/stack_blocks_three/episode_000030/0_447,stack_blocks_three,episode_000030,clean,,,,final_action,brightness,1.2,,,,12280813841299030061,9830554915469431070,endpoint_l2/right_position,0.003263268619775772
gpu_0,base,clean/stack_blocks_three/episode_000030/0_447,stack_blocks_three,episode_000030,clean,,,,final_action,brightness,1.2,,,,12280813841299030061,9830554915469431070,rotation_geodesic/left_rotation,0.005906100384891033
gpu_0,base,clean/stack_blocks_three/episode_000030/0_447,stack_blocks_three,episode_000030,clean,,,,final_action,brightness,1.2,,,,12280813841299030061,9830554915469431070,rotation_geodesic/right_rotation,0.012906916439533234
gpu_0,base,clean/stack_blocks_three/episode_000030/0_447,stack_blocks_three,episode_000030,clean,,,,final_action,brightness,1.2,,,,12280813841299030061,9830554915469431070,gripper_flip_rate,0.25
gpu_0,base,clean/stack_blocks_three/episode_000030/0_447,stack_blocks_three,episode_000030,clean,,,,final_action,brightness,1.2,,,,12280813841299030061,9830554915469431070,temporal_jerk_difference,0.0022282616700977087
gpu_0,base,clean/stack_blocks_three/episode_000030/0_447,stack_blocks_three,episode_000030,clean,,,,final_action,color_temperature,-0.1,,,,12280813841299030061,15666566753435024262,action_relative_l2,0.02978598326444626
gpu_0,base,clean/stack_blocks_three/episode_000030/0_447,stack_blocks_three,episode_000030,clean,,,,final_action,color_temperature,-0.1,,,,12280813841299030061,15666566753435024262,action_mean_abs,0.002823593094944954
gpu_0,base,clean/stack_blocks_three/episode_000030/0_447,stack_blocks_three,episode_000030,clean,,,,final_action,color_temperature,-0.1,,,,12280813841299030061,15666566753435024262,action_relative_l2/first_25pct,0.0
gpu_0,base,clean/stack_blocks_three/episode_000030/0_447,stack_blocks_three,episode_000030,clean,,,,final_action,color_temperature,-0.1,,,,12280813841299030061,15666566753435024262,action_relative_l2/last_75pct,0.03202691301703453
gpu_0,base,clean/stack_blocks_three/episode_000030/0_447,stack_blocks_three,episode_000030,clean,,,,final_action,color_temperature,-0.1,,,,12280813841299030061,15666566753435024262,endpoint_l2/left_position,0.008595370687544346
gpu_0,base,clean/stack_blocks_three/episode_000030/0_447,stack_blocks_three,episode_000030,clean,,,,final_action,color_temperature,-0.1,,,,12280813841299030061,15666566753435024262,endpoint_l2/right_position,0.0034376096446067095
gpu_0,base,clean/stack_blocks_three/episode_000030/0_447,stack_blocks_three,episode_000030,clean,,,,final_action,color_temperature,-0.1,,,,12280813841299030061,15666566753435024262,rotation_geodesic/left_rotation,0.006676364690065384
gpu_0,base,clean/stack_blocks_three/episode_000030/0_447,stack_blocks_three,episode_000030,clean,,,,final_action,color_temperature,-0.1,,,,12280813841299030061,15666566753435024262,rotation_geodesic/right_rotation,0.005418291315436363
gpu_0,base,clean/stack_blocks_three/episode_000030/0_447,stack_blocks_three,episode_000030,clean,,,,final_action,color_temperature,-0.1,,,,12280813841299030061,15666566753435024262,gripper_flip_rate,0.203125
gpu_0,base,clean/stack_blocks_three/episode_000030/0_447,stack_blocks_three,episode_000030,clean,,,,final_action,color_temperature,-0.1,,,,12280813841299030061,15666566753435024262,temporal_jerk_difference,0.0017512929625809193
gpu_0,base,clean/stack_blocks_three/episode_000030/0_447,stack_blocks_three,episode_000030,clean,,,,final_action,color_temperature,0.1,,,,12280813841299030061,4205121641594680140,action_relative_l2,0.11576385796070099
gpu_0,base,clean/stack_blocks_three/episode_000030/0_447,stack_blocks_three,episode_000030,clean,,,,final_action,color_temperature,0.1,,,,12280813841299030061,4205121641594680140,action_mean_abs,0.007807278539985418
gpu_0,base,clean/stack_blocks_three/episode_000030/0_447,stack_blocks_three,episode_000030,clean,,,,final_action,color_temperature,0.1,,,,12280813841299030061,4205121641594680140,action_relative_l2/first_25pct,0.0
gpu_0,base,clean/stack_blocks_three/episode_000030/0_447,stack_blocks_three,episode_000030,clean,,,,final_action,color_temperature,0.1,,,,12280813841299030061,4205121641594680140,action_relative_l2/last_75pct,0.12447327375411987
gpu_0,base,clean/stack_blocks_three/episode_000030/0_447,stack_blocks_three,episode_000030,clean,,,,final_action,color_temperature,0.1,,,,12280813841299030061,4205121641594680140,endpoint_l2/left_position,0.012775338254868984
gpu_0,base,clean/stack_blocks_three/episode_000030/0_447,stack_blocks_three,episode_000030,clean,,,,final_action,color_temperature,0.1,,,,12280813841299030061,4205121641594680140,endpoint_l2/right_position,0.007702951319515705
gpu_0,base,clean/stack_blocks_three/episode_000030/0_447,stack_blocks_three,episode_000030,clean,,,,final_action,color_temperature,0.1,,,,12280813841299030061,4205121641594680140,rotation_geodesic/left_rotation,0.0090121328830719
gpu_0,base,clean/stack_blocks_three/episode_000030/0_447,stack_blocks_three,episode_000030,clean,,,,final_action,color_temperature,0.1,,,,12280813841299030061,4205121641594680140,rotation_geodesic/right_rotation,0.019222643226385117
gpu_0,base,clean/stack_blocks_three/episode_000030/0_447,stack_blocks_three,episode_000030,clean,,,,final_action,color_temperature,0.1,,,,12280813841299030061,4205121641594680140,gripper_flip_rate,0.25
gpu_0,base,clean/stack_blocks_three/episode_000030/0_447,stack_blocks_three,episode_000030,clean,,,,final_action,color_temperature,0.1,,,,12280813841299030061,4205121641594680140,temporal_jerk_difference,0.0024915561079978943
gpu_0,base,clean/stack_blocks_three/episode_000030/0_447,stack_blocks_three,episode_000030,clean,,,,final_action,gamma,0.8,,,,12280813841299030061,12381315702077997941,action_relative_l2,0.0565849132835865
gpu_0,base,clean/stack_blocks_three/episode_000030/0_447,stack_blocks_three,episode_000030,clean,,,,final_action,gamma,0.8,,,,12280813841299030061,12381315702077997941,action_mean_abs,0.003787977620959282
gpu_0,base,clean/stack_blocks_three/episode_000030/0_447,stack_blocks_three,episode_000030,clean,,,,final_action,gamma,0.8,,,,12280813841299030061,12381315702077997941,action_relative_l2/first_25pct,0.0
gpu_0,base,clean/stack_blocks_three/episode_000030/0_447,stack_blocks_three,episode_000030,clean,,,,final_action,gamma,0.8,,,,12280813841299030061,12381315702077997941,action_relative_l2/last_75pct,0.060842037200927734
gpu_0,base,clean/stack_blocks_three/episode_000030/0_447,stack_blocks_three,episode_000030,clean,,,,final_action,gamma,0.8,,,,12280813841299030061,12381315702077997941,endpoint_l2/left_position,0.006322789471596479
gpu_0,base,clean/stack_blocks_three/episode_000030/0_447,stack_blocks_three,episode_000030,clean,,,,final_action,gamma,0.8,,,,12280813841299030061,12381315702077997941,endpoint_l2/right_position,0.003596346592530608
gpu_0,base,clean/stack_blocks_three/episode_000030/0_447,stack_blocks_three,episode_000030,clean,,,,final_action,gamma,0.8,,,,12280813841299030061,12381315702077997941,rotation_geodesic/left_rotation,0.0014461632817983627
gpu_0,base,clean/stack_blocks_three/episode_000030/0_447,stack_blocks_three,episode_000030,clean,,,,final_action,gamma,0.8,,,,12280813841299030061,12381315702077997941,rotation_geodesic/right_rotation,0.00959121435880661
gpu_0,base,clean/stack_blocks_three/episode_000030/0_447,stack_blocks_three,episode_000030,clean,,,,final_action,gamma,0.8,,,,12280813841299030061,12381315702077997941,gripper_flip_rate,0.0
gpu_0,base,clean/stack_blocks_three/episode_000030/0_447,stack_blocks_three,episode_000030,clean,,,,final_action,gamma,0.8,,,,12280813841299030061,12381315702077997941,temporal_jerk_difference,0.0017896152567118406
gpu_0,base,clean/stack_blocks_three/episode_000030/0_447,stack_blocks_three,episode_000030,clean,,,,final_action,gamma,1.2,,,,12280813841299030061,1479468069143235415,action_relative_l2,0.03974969685077667
gpu_0,base,clean/stack_blocks_three/episode_000030/0_447,stack_blocks_three,episode_000030,clean,,,,final_action,gamma,1.2,,,,12280813841299030061,1479468069143235415,action_mean_abs,0.0024654045701026917
gpu_0,base,clean/stack_blocks_three/episode_000030/0_447,stack_blocks_three,episode_000030,clean,,,,final_action,gamma,1.2,,,,12280813841299030061,1479468069143235415,action_relative_l2/first_25pct,0.0
gpu_0,base,clean/stack_blocks_three/episode_000030/0_447,stack_blocks_three,episode_000030,clean,,,,final_action,gamma,1.2,,,,12280813841299030061,1479468069143235415,action_relative_l2/last_75pct,0.04274023696780205
gpu_0,base,clean/stack_blocks_three/episode_000030/0_447,stack_blocks_three,episode_000030,clean,,,,final_action,gamma,1.2,,,,12280813841299030061,1479468069143235415,endpoint_l2/left_position,0.0025400416925549507
gpu_0,base,clean/stack_blocks_three/episode_000030/0_447,stack_blocks_three,episode_000030,clean,,,,final_action,gamma,1.2,,,,12280813841299030061,1479468069143235415,endpoint_l2/right_position,0.0013958658091723919
gpu_0,base,clean/stack_blocks_three/episode_000030/0_447,stack_blocks_three,episode_000030,clean,,,,final_action,gamma,1.2,,,,12280813841299030061,1479468069143235415,rotation_geodesic/left_rotation,0.0021259405184537172
gpu_0,base,clean/stack_blocks_three/episode_000030/0_447,stack_blocks_three,episode_000030,clean,,,,final_action,gamma,1.2,,,,12280813841299030061,1479468069143235415,rotation_geodesic/right_rotation,0.008202037774026394
gpu_0,base,clean/stack_blocks_three/episode_000030/0_447,stack_blocks_three,episode_000030,clean,,,,final_action,gamma,1.2,,,,12280813841299030061,1479468069143235415,gripper_flip_rate,0.0
gpu_0,base,clean/stack_blocks_three/episode_000030/0_447,stack_blocks_three,episode_000030,clean,,,,final_action,gamma,1.2,,,,12280813841299030061,1479468069143235415,temporal_jerk_difference,0.001672800979577005
gpu_0,base,clean/stack_blocks_three/episode_000030/0_447,stack_blocks_three,episode_000030,clean,,,,final_action,gaussian_blur_sigma,0.5,,,,12280813841299030061,11617124187135812490,action_relative_l2,0.009840981103479862
gpu_0,base,clean/stack_blocks_three/episode_000030/0_447,stack_blocks_three,episode_000030,clean,,,,final_action,gaussian_blur_sigma,0.5,,,,12280813841299030061,11617124187135812490,action_mean_abs,0.0006728693260811269
gpu_0,base,clean/stack_blocks_three/episode_000030/0_447,stack_blocks_three,episode_000030,clean,,,,final_action,gaussian_blur_sigma,0.5,,,,12280813841299030061,11617124187135812490,action_relative_l2/first_25pct,0.0
gpu_0,base,clean/stack_blocks_three/episode_000030/0_447,stack_blocks_three,episode_000030,clean,,,,final_action,gaussian_blur_sigma,0.5,,,,12280813841299030061,11617124187135812490,action_relative_l2/last_75pct,0.010581360198557377
gpu_0,base,clean/stack_blocks_three/episode_000030/0_447,stack_blocks_three,episode_000030,clean,,,,final_action,gaussian_blur_sigma,0.5,,,,12280813841299030061,11617124187135812490,endpoint_l2/left_position,0.002390556037425995
gpu_0,base,clean/stack_blocks_three/episode_000030/0_447,stack_blocks_three,episode_000030,clean,,,,final_action,gaussian_blur_sigma,0.5,,,,12280813841299030061,11617124187135812490,endpoint_l2/right_position,0.001167893409729004
gpu_0,base,clean/stack_blocks_three/episode_000030/0_447,stack_blocks_three,episode_000030,clean,,,,final_action,gaussian_blur_sigma,0.5,,,,12280813841299030061,11617124187135812490,rotation_geodesic/left_rotation,0.0004986636922694743
gpu_0,base,clean/stack_blocks_three/episode_000030/0_447,stack_blocks_three,episode_000030,clean,,,,final_action,gaussian_blur_sigma,0.5,,,,12280813841299030061,11617124187135812490,rotation_geodesic/right_rotation,0.0038433668669313192
gpu_0,base,clean/stack_blocks_three/episode_000030/0_447,stack_blocks_three,episode_000030,clean,,,,final_action,gaussian_blur_sigma,0.5,,,,12280813841299030061,11617124187135812490,gripper_flip_rate,0.0
gpu_0,base,clean/stack_blocks_three/episode_000030/0_447,stack_blocks_three,episode_000030,clean,,,,final_action,gaussian_blur_sigma,0.5,,,,12280813841299030061,11617124187135812490,temporal_jerk_difference,0.000750536157283932
gpu_0,base,clean/stack_blocks_three/episode_000030/0_447,stack_blocks_three,episode_000030,clean,,,,final_action,gaussian_blur_sigma,1.0,,,,12280813841299030061,18440392788514194603,action_relative_l2,0.03640136867761612
gpu_0,base,clean/stack_blocks_three/episode_000030/0_447,stack_blocks_three,episode_000030,clean,,,,final_action,gaussian_blur_sigma,1.0,,,,12280813841299030061,18440392788514194603,action_mean_abs,0.0024507474154233932
gpu_0,base,clean/stack_blocks_three/episode_000030/0_447,stack_blocks_three,episode_000030,clean,,,,final_action,gaussian_blur_sigma,1.0,,,,12280813841299030061,18440392788514194603,action_relative_l2/first_25pct,0.0
gpu_0,base,clean/stack_blocks_three/episode_000030/0_447,stack_blocks_three,episode_000030,clean,,,,final_action,gaussian_blur_sigma,1.0,,,,12280813841299030061,18440392788514194603,action_relative_l2/last_75pct,0.0391400009393692
gpu_0,base,clean/stack_blocks_three/episode_000030/0_447,stack_blocks_three,episode_000030,clean,,,,final_action,gaussian_blur_sigma,1.0,,,,12280813841299030061,18440392788514194603,endpoint_l2/left_position,0.001774636097252369
gpu_0,base,clean/stack_blocks_three/episode_000030/0_447,stack_blocks_three,episode_000030,clean,,,,final_action,gaussian_blur_sigma,1.0,,,,12280813841299030061,18440392788514194603,endpoint_l2/right_position,0.0017007056158035994
gpu_0,base,clean/stack_blocks_three/episode_000030/0_447,stack_blocks_three,episode_000030,clean,,,,final_action,gaussian_blur_sigma,1.0,,,,12280813841299030061,18440392788514194603,rotation_geodesic/left_rotation,0.000906405271962285
gpu_0,base,clean/stack_blocks_three/episode_000030/0_447,stack_blocks_three,episode_000030,clean,,,,final_action,gaussian_blur_sigma,1.0,,,,12280813841299030061,18440392788514194603,rotation_geodesic/right_rotation,0.008364618755877018
gpu_0,base,clean/stack_blocks_three/episode_000030/0_447,stack_blocks_three,episode_000030,clean,,,,final_action,gaussian_blur_sigma,1.0,,,,12280813841299030061,18440392788514194603,gripper_flip_rate,0.0
gpu_0,base,clean/stack_blocks_three/episode_000030/0_447,stack_blocks_three,episode_000030,clean,,,,final_action,gaussian_blur_sigma,1.0,,,,12280813841299030061,18440392788514194603,temporal_jerk_difference,0.0014933233615010977
gpu_0,base,clean/stack_blocks_three/episode_000030/0_447,stack_blocks_three,episode_000030,clean,,,,final_action,gaussian_noise_std,0.01,,,,12280813841299030061,318962294272706403,action_relative_l2,0.13784582912921906
gpu_0,base,clean/stack_blocks_three/episode_000030/0_447,stack_blocks_three,episode_000030,clean,,,,final_action,gaussian_noise_std,0.01,,,,12280813841299030061,318962294272706403,action_mean_abs,0.008756020106375217
gpu_0,base,clean/stack_blocks_three/episode_000030/0_447,stack_blocks_three,episode_000030,clean,,,,final_action,gaussian_noise_std,0.01,,,,12280813841299030061,318962294272706403,action_relative_l2/first_25pct,0.0
gpu_0,base,clean/stack_blocks_three/episode_000030/0_447,stack_blocks_three,episode_000030,clean,,,,final_action,gaussian_noise_std,0.01,,,,12280813841299030061,318962294272706403,action_relative_l2/last_75pct,0.14821656048297882
gpu_0,base,clean/stack_blocks_three/episode_000030/0_447,stack_blocks_three,episode_000030,clean,,,,final_action,gaussian_noise_std,0.01,,,,12280813841299030061,318962294272706403,endpoint_l2/left_position,0.011634442955255508
gpu_0,base,clean/stack_blocks_three/episode_000030/0_447,stack_blocks_three,episode_000030,clean,,,,final_action,gaussian_noise_std,0.01,,,,12280813841299030061,318962294272706403,endpoint_l2/right_position,0.007212408818304539
gpu_0,base,clean/stack_blocks_three/episode_000030/0_447,stack_blocks_three,episode_000030,clean,,,,final_action,gaussian_noise_std,0.01,,,,12280813841299030061,318962294272706403,rotation_geodesic/left_rotation,0.011852706782519817
gpu_0,base,clean/stack_blocks_three/episode_000030/0_447,stack_blocks_three,episode_000030,clean,,,,final_action,gaussian_noise_std,0.01,,,,12280813841299030061,318962294272706403,rotation_geodesic/right_rotation,0.015088934451341629
gpu_0,base,clean/stack_blocks_three/episode_000030/0_447,stack_blocks_three,episode_000030,clean,,,,final_action,gaussian_noise_std,0.01,,,,12280813841299030061,318962294272706403,gripper_flip_rate,0.0
gpu_0,base,clean/stack_blocks_three/episode_000030/0_447,stack_blocks_three,episode_000030,clean,,,,final_action,gaussian_noise_std,0.01,,,,12280813841299030061,318962294272706403,temporal_jerk_difference,0.002602300839498639
gpu_0,base,clean/stack_blocks_three/episode_000030/0_447,stack_blocks_three,episode_000030,clean,,,,final_action,gaussian_noise_std,0.03,,,,12280813841299030061,10916310403062362012,action_relative_l2,0.19690117239952087
gpu_0,base,clean/stack_blocks_three/episode_000030/0_447,stack_blocks_three,episode_000030,clean,,,,final_action,gaussian_noise_std,0.03,,,,12280813841299030061,10916310403062362012,action_mean_abs,0.014348382130265236
gpu_0,base,clean/stack_blocks_three/episode_000030/0_447,stack_blocks_three,episode_000030,clean,,,,final_action,gaussian_noise_std,0.03,,,,12280813841299030061,10916310403062362012,action_relative_l2/first_25pct,0.0
gpu_0,base,clean/stack_blocks_three/episode_000030/0_447,stack_blocks_three,episode_000030,clean,,,,final_action,gaussian_noise_std,0.03,,,,12280813841299030061,10916310403062362012,action_relative_l2/last_75pct,0.21171489357948303
gpu_0,base,clean/stack_blocks_three/episode_000030/0_447,stack_blocks_three,episode_000030,clean,,,,final_action,gaussian_noise_std,0.03,,,,12280813841299030061,10916310403062362012,endpoint_l2/left_position,0.028104141354560852
gpu_0,base,clean/stack_blocks_three/episode_000030/0_447,stack_blocks_three,episode_000030,clean,,,,final_action,gaussian_noise_std,0.03,,,,12280813841299030061,10916310403062362012,endpoint_l2/right_position,0.011587068438529968
gpu_0,base,clean/stack_blocks_three/episode_000030/0_447,stack_blocks_three,episode_000030,clean,,,,final_action,gaussian_noise_std,0.03,,,,12280813841299030061,10916310403062362012,rotation_geodesic/left_rotation,0.014287974685430527
gpu_0,base,clean/stack_blocks_three/episode_000030/0_447,stack_blocks_three,episode_000030,clean,,,,final_action,gaussian_noise_std,0.03,,,,12280813841299030061,10916310403062362012,rotation_geodesic/right_rotation,0.02423645183444023
gpu_0,base,clean/stack_blocks_three/episode_000030/0_447,stack_blocks_three,episode_000030,clean,,,,final_action,gaussian_noise_std,0.03,,,,12280813841299030061,10916310403062362012,gripper_flip_rate,0.0
gpu_0,base,clean/stack_blocks_three/episode_000030/0_447,stack_blocks_three,episode_000030,clean,,,,final_action,gaussian_noise_std,0.03,,,,12280813841299030061,10916310403062362012,temporal_jerk_difference,0.0032807914540171623
gpu_0,base,clean/stack_blocks_three/episode_000030/0_447,stack_blocks_three,episode_000030,clean,,,,final_action,identity,0.0,,,,12280813841299030061,,action_relative_l2,0.0
gpu_0,base,clean/stack_blocks_three/episode_000030/0_447,stack_blocks_three,episode_000030,clean,,,,final_action,identity,0.0,,,,12280813841299030061,,action_mean_abs,0.0
gpu_0,base,clean/stack_blocks_three/episode_000030/0_447,stack_blocks_three,episode_000030,clean,,,,final_action,identity,0.0,,,,12280813841299030061,,action_relative_l2/first_25pct,0.0
gpu_0,base,clean/stack_blocks_three/episode_000030/0_447,stack_blocks_three,episode_000030,clean,,,,final_action,identity,0.0,,,,12280813841299030061,,action_relative_l2/last_75pct,0.0
gpu_0,base,clean/stack_blocks_three/episode_000030/0_447,stack_blocks_three,episode_000030,clean,,,,final_action,identity,0.0,,,,12280813841299030061,,endpoint_l2/left_position,0.0
gpu_0,base,clean/stack_blocks_three/episode_000030/0_447,stack_blocks_three,episode_000030,clean,,,,final_action,identity,0.0,,,,12280813841299030061,,endpoint_l2/right_position,0.0
gpu_0,base,clean/stack_blocks_three/episode_000030/0_447,stack_blocks_three,episode_000030,clean,,,,final_action,identity,0.0,,,,12280813841299030061,,rotation_geodesic/left_rotation,0.000257400912232697
gpu_0,base,clean/stack_blocks_three/episode_000030/0_447,stack_blocks_three,episode_000030,clean,,,,final_action,identity,0.0,,,,12280813841299030061,,rotation_geodesic/right_rotation,0.0001473519077990204
gpu_0,base,clean/stack_blocks_three/episode_000030/0_447,stack_blocks_three,episode_000030,clean,,,,final_action,identity,0.0,,,,12280813841299030061,,gripper_flip_rate,0.0
gpu_0,base,clean/stack_blocks_three/episode_000030/0_447,stack_blocks_three,episode_000030,clean,,,,final_action,identity,0.0,,,,12280813841299030061,,temporal_jerk_difference,0.0
gpu_0,clean,clean/stack_blocks_three/episode_000030/0_447,stack_blocks_three,episode_000030,clean,,,,final_action,brightness,0.8,,,,12280813841299030061,14740558125330130023,action_relative_l2,0.1021275520324707
gpu_0,clean,clean/stack_blocks_three/episode_000030/0_447,stack_blocks_three,episode_000030,clean,,,,final_action,brightness,0.8,,,,12280813841299030061,14740558125330130023,action_mean_abs,0.011997779831290245
gpu_0,clean,clean/stack_blocks_three/episode_000030/0_447,stack_blocks_three,episode_000030,clean,,,,final_action,brightness,0.8,,,,12280813841299030061,14740558125330130023,action_relative_l2/first_25pct,0.0
gpu_0,clean,clean/stack_blocks_three/episode_000030/0_447,stack_blocks_three,episode_000030,clean,,,,final_action,brightness,0.8,,,,12280813841299030061,14740558125330130023,action_relative_l2/last_75pct,0.10572867095470428
gpu_0,clean,clean/stack_blocks_three/episode_000030/0_447,stack_blocks_three,episode_000030,clean,,,,final_action,brightness,0.8,,,,12280813841299030061,14740558125330130023,endpoint_l2/left_position,0.03239826485514641
gpu_0,clean,clean/stack_blocks_three/episode_000030/0_447,stack_blocks_three,episode_000030,clean,,,,final_action,brightness,0.8,,,,12280813841299030061,14740558125330130023,endpoint_l2/right_position,0.17725606262683868
gpu_0,clean,clean/stack_blocks_three/episode_000030/0_447,stack_blocks_three,episode_000030,clean,,,,final_action,brightness,0.8,,,,12280813841299030061,14740558125330130023,rotation_geodesic/left_rotation,0.04809701442718506
gpu_0,clean,clean/stack_blocks_three/episode_000030/0_447,stack_blocks_three,episode_000030,clean,,,,final_action,brightness,0.8,,,,12280813841299030061,14740558125330130023,rotation_geodesic/right_rotation,0.14184734225273132
gpu_0,clean,clean/stack_blocks_three/episode_000030/0_447,stack_blocks_three,episode_000030,clean,,,,final_action,brightness,0.8,,,,12280813841299030061,14740558125330130023,gripper_flip_rate,0.0
gpu_0,clean,clean/stack_blocks_three/episode_000030/0_447,stack_blocks_three,episode_000030,clean,,,,final_action,brightness,0.8,,,,12280813841299030061,14740558125330130023,temporal_jerk_difference,0.0017427620477974415
gpu_0,clean,clean/stack_blocks_three/episode_000030/0_447,stack_blocks_three,episode_000030,clean,,,,final_action,brightness,1.2,,,,12280813841299030061,9830554915469431070,action_relative_l2,0.029466165229678154
gpu_0,clean,clean/stack_blocks_three/episode_000030/0_447,stack_blocks_three,episode_000030,clean,,,,final_action,brightness,1.2,,,,12280813841299030061,9830554915469431070,action_mean_abs,0.004150426480919123
gpu_0,clean,clean/stack_blocks_three/episode_000030/0_447,stack_blocks_three,episode_000030,clean,,,,final_action,brightness,1.2,,,,12280813841299030061,9830554915469431070,action_relative_l2/first_25pct,0.0
gpu_0,clean,clean/stack_blocks_three/episode_000030/0_447,stack_blocks_three,episode_000030,clean,,,,final_action,brightness,1.2,,,,12280813841299030061,9830554915469431070,action_relative_l2/last_75pct,0.030505171045660973
gpu_0,clean,clean/stack_blocks_three/episode_000030/0_447,stack_blocks_three,episode_000030,clean,,,,final_action,brightness,1.2,,,,12280813841299030061,9830554915469431070,endpoint_l2/left_position,0.013044962659478188
gpu_0,clean,clean/stack_blocks_three/episode_000030/0_447,stack_blocks_three,episode_000030,clean,,,,final_action,brightness,1.2,,,,12280813841299030061,9830554915469431070,endpoint_l2/right_position,0.03573862090706825
gpu_0,clean,clean/stack_blocks_three/episode_000030/0_447,stack_blocks_three,episode_000030,clean,,,,final_action,brightness,1.2,,,,12280813841299030061,9830554915469431070,rotation_geodesic/left_rotation,0.026076514273881912
gpu_0,clean,clean/stack_blocks_three/episode_000030/0_447,stack_blocks_three,episode_000030,clean,,,,final_action,brightness,1.2,,,,12280813841299030061,9830554915469431070,rotation_geodesic/right_rotation,0.044407423585653305
gpu_0,clean,clean/stack_blocks_three/episode_000030/0_447,stack_blocks_three,episode_000030,clean,,,,final_action,brightness,1.2,,,,12280813841299030061,9830554915469431070,gripper_flip_rate,0.0
gpu_0,clean,clean/stack_blocks_three/episode_000030/0_447,stack_blocks_three,episode_000030,clean,,,,final_action,brightness,1.2,,,,12280813841299030061,9830554915469431070,temporal_jerk_difference,0.0025960642378777266
gpu_0,clean,clean/stack_blocks_three/episode_000030/0_447,stack_blocks_three,episode_000030,clean,,,,final_action,color_temperature,-0.1,,,,12280813841299030061,15666566753435024262,action_relative_l2,0.09970501810312271
gpu_0,clean,clean/stack_blocks_three/episode_000030/0_447,stack_blocks_three,episode_000030,clean,,,,final_action,color_temperature,-0.1,,,,12280813841299030061,15666566753435024262,action_mean_abs,0.01180978026241064
gpu_0,clean,clean/stack_blocks_three/episode_000030/0_447,stack_blocks_three,episode_000030,clean,,,,final_action,color_temperature,-0.1,,,,12280813841299030061,15666566753435024262,action_relative_l2/first_25pct,0.0
gpu_0,clean,clean/stack_blocks_three/episode_000030/0_447,stack_blocks_three,episode_000030,clean,,,,final_action,color_temperature,-0.1,,,,12280813841299030061,15666566753435024262,action_relative_l2/last_75pct,0.10322071611881256
gpu_0,clean,clean/stack_blocks_three/episode_000030/0_447,stack_blocks_three,episode_000030,clean,,,,final_action,color_temperature,-0.1,,,,12280813841299030061,15666566753435024262,endpoint_l2/left_position,0.031195513904094696
gpu_0,clean,clean/stack_blocks_three/episode_000030/0_447,stack_blocks_three,episode_000030,clean,,,,final_action,color_temperature,-0.1,,,,12280813841299030061,15666566753435024262,endpoint_l2/right_position,0.17865990102291107
gpu_0,clean,clean/stack_blocks_three/episode_000030/0_447,stack_blocks_three,episode_000030,clean,,,,final_action,color_temperature,-0.1,,,,12280813841299030061,15666566753435024262,rotation_geodesic/left_rotation,0.04778160899877548
gpu_0,clean,clean/stack_blocks_three/episode_000030/0_447,stack_blocks_three,episode_000030,clean,,,,final_action,color_temperature,-0.1,,,,12280813841299030061,15666566753435024262,rotation_geodesic/right_rotation,0.13429439067840576
gpu_0,clean,clean/stack_blocks_three/episode_000030/0_447,stack_blocks_three,episode_000030,clean,,,,final_action,color_temperature,-0.1,,,,12280813841299030061,15666566753435024262,gripper_flip_rate,0.0
gpu_0,clean,clean/stack_blocks_three/episode_000030/0_447,stack_blocks_three,episode_000030,clean,,,,final_action,color_temperature,-0.1,,,,12280813841299030061,15666566753435024262,temporal_jerk_difference,0.0021836429368704557
gpu_0,clean,clean/stack_blocks_three/episode_000030/0_447,stack_blocks_three,episode_000030,clean,,,,final_action,color_temperature,0.1,,,,12280813841299030061,4205121641594680140,action_relative_l2,0.020155007019639015
gpu_0,clean,clean/stack_blocks_three/episode_000030/0_447,stack_blocks_three,episode_000030,clean,,,,final_action,color_temperature,0.1,,,,12280813841299030061,4205121641594680140,action_mean_abs,0.0022805347107350826
gpu_0,clean,clean/stack_blocks_three/episode_000030/0_447,stack_blocks_three,episode_000030,clean,,,,final_action,color_temperature,0.1,,,,12280813841299030061,4205121641594680140,action_relative_l2/first_25pct,0.0
gpu_0,clean,clean/stack_blocks_three/episode_000030/0_447,stack_blocks_three,episode_000030,clean,,,,final_action,color_temperature,0.1,,,,12280813841299030061,4205121641594680140,action_relative_l2/last_75pct,0.02086569182574749
gpu_0,clean,clean/stack_blocks_three/episode_000030/0_447,stack_blocks_three,episode_000030,clean,,,,final_action,color_temperature,0.1,,,,12280813841299030061,4205121641594680140,endpoint_l2/left_position,0.008177057839930058
gpu_0,clean,clean/stack_blocks_three/episode_000030/0_447,stack_blocks_three,episode_000030,clean,,,,final_action,color_temperature,0.1,,,,12280813841299030061,4205121641594680140,endpoint_l2/right_position,0.006721090525388718
gpu_0,clean,clean/stack_blocks_three/episode_000030/0_447,stack_blocks_three,episode_000030,clean,,,,final_action,color_temperature,0.1,,,,12280813841299030061,4205121641594680140,rotation_geodesic/left_rotation,0.007187504321336746
gpu_0,clean,clean/stack_blocks_three/episode_000030/0_447,stack_blocks_three,episode_000030,clean,,,,final_action,color_temperature,0.1,,,,12280813841299030061,4205121641594680140,rotation_geodesic/right_rotation,0.031756527721881866
gpu_0,clean,clean/stack_blocks_three/episode_000030/0_447,stack_blocks_three,episode_000030,clean,,,,final_action,color_temperature,0.1,,,,12280813841299030061,4205121641594680140,gripper_flip_rate,0.0
gpu_0,clean,clean/stack_blocks_three/episode_000030/0_447,stack_blocks_three,episode_000030,clean,,,,final_action,color_temperature,0.1,,,,12280813841299030061,4205121641594680140,temporal_jerk_difference,0.001634671469219029
gpu_0,clean,clean/stack_blocks_three/episode_000030/0_447,stack_blocks_three,episode_000030,clean,,,,final_action,gamma,0.8,,,,12280813841299030061,12381315702077997941,action_relative_l2,0.018896812573075294
gpu_0,clean,clean/stack_blocks_three/episode_000030/0_447,stack_blocks_three,episode_000030,clean,,,,final_action,gamma,0.8,,,,12280813841299030061,12381315702077997941,action_mean_abs,0.001937944209203124
gpu_0,clean,clean/stack_blocks_three/episode_000030/0_447,stack_blocks_three,episode_000030,clean,,,,final_action,gamma,0.8,,,,12280813841299030061,12381315702077997941,action_relative_l2/first_25pct,0.0
gpu_0,clean,clean/stack_blocks_three/episode_000030/0_447,stack_blocks_three,episode_000030,clean,,,,final_action,gamma,0.8,,,,12280813841299030061,12381315702077997941,action_relative_l2/last_75pct,0.019563132897019386
gpu_0,clean,clean/stack_blocks_three/episode_000030/0_447,stack_blocks_three,episode_000030,clean,,,,final_action,gamma,0.8,,,,12280813841299030061,12381315702077997941,endpoint_l2/left_position,0.003710162593051791
gpu_0,clean,clean/stack_blocks_three/episode_000030/0_447,stack_blocks_three,episode_000030,clean,,,,final_action,gamma,0.8,,,,12280813841299030061,12381315702077997941,endpoint_l2/right_position,0.005772104486823082
gpu_0,clean,clean/stack_blocks_three/episode_000030/0_447,stack_blocks_three,episode_000030,clean,,,,final_action,gamma,0.8,,,,12280813841299030061,12381315702077997941,rotation_geodesic/left_rotation,0.005784687586128712
gpu_0,clean,clean/stack_blocks_three/episode_000030/0_447,stack_blocks_three,episode_000030,clean,,,,final_action,gamma,0.8,,,,12280813841299030061,12381315702077997941,rotation_geodesic/right_rotation,0.029813822358846664
gpu_0,clean,clean/stack_blocks_three/episode_000030/0_447,stack_blocks_three,episode_000030,clean,,,,final_action,gamma,0.8,,,,12280813841299030061,12381315702077997941,gripper_flip_rate,0.0
gpu_0,clean,clean/stack_blocks_three/episode_000030/0_447,stack_blocks_three,episode_000030,clean,,,,final_action,gamma,0.8,,,,12280813841299030061,12381315702077997941,temporal_jerk_difference,0.0015061405720189214
gpu_0,clean,clean/stack_blocks_three/episode_000030/0_447,stack_blocks_three,episode_000030,clean,,,,final_action,gamma,1.2,,,,12280813841299030061,1479468069143235415,action_relative_l2,0.007747984491288662
gpu_0,clean,clean/stack_blocks_three/episode_000030/0_447,stack_blocks_three,episode_000030,clean,,,,final_action,gamma,1.2,,,,12280813841299030061,1479468069143235415,action_mean_abs,0.0008434305782429874
gpu_0,clean,clean/stack_blocks_three/episode_000030/0_447,stack_blocks_three,episode_000030,clean,,,,final_action,gamma,1.2,,,,12280813841299030061,1479468069143235415,action_relative_l2/first_25pct,0.0
gpu_0,clean,clean/stack_blocks_three/episode_000030/0_447,stack_blocks_three,episode_000030,clean,,,,final_action,gamma,1.2,,,,12280813841299030061,1479468069143235415,action_relative_l2/last_75pct,0.008021186105906963
gpu_0,clean,clean/stack_blocks_three/episode_000030/0_447,stack_blocks_three,episode_000030,clean,,,,final_action,gamma,1.2,,,,12280813841299030061,1479468069143235415,endpoint_l2/left_position,0.0015613511204719543
gpu_0,clean,clean/stack_blocks_three/episode_000030/0_447,stack_blocks_three,episode_000030,clean,,,,final_action,gamma,1.2,,,,12280813841299030061,1479468069143235415,endpoint_l2/right_position,0.0027917646802961826
gpu_0,clean,clean/stack_blocks_three/episode_000030/0_447,stack_blocks_three,episode_000030,clean,,,,final_action,gamma,1.2,,,,12280813841299030061,1479468069143235415,rotation_geodesic/left_rotation,0.0032204065937548876
gpu_0,clean,clean/stack_blocks_three/episode_000030/0_447,stack_blocks_three,episode_000030,clean,,,,final_action,gamma,1.2,,,,12280813841299030061,1479468069143235415,rotation_geodesic/right_rotation,0.012590453028678894
gpu_0,clean,clean/stack_blocks_three/episode_000030/0_447,stack_blocks_three,episode_000030,clean,,,,final_action,gamma,1.2,,,,12280813841299030061,1479468069143235415,gripper_flip_rate,0.0
gpu_0,clean,clean/stack_blocks_three/episode_000030/0_447,stack_blocks_three,episode_000030,clean,,,,final_action,gamma,1.2,,,,12280813841299030061,1479468069143235415,temporal_jerk_difference,0.0008306251256726682
gpu_0,clean,clean/stack_blocks_three/episode_000030/0_447,stack_blocks_three,episode_000030,clean,,,,final_action,gaussian_blur_sigma,0.5,,,,12280813841299030061,11617124187135812490,action_relative_l2,0.019482513889670372
gpu_0,clean,clean/stack_blocks_three/episode_000030/0_447,stack_blocks_three,episode_000030,clean,,,,final_action,gaussian_blur_sigma,0.5,,,,12280813841299030061,11617124187135812490,action_mean_abs,0.0018342919647693634
gpu_0,clean,clean/stack_blocks_three/episode_000030/0_447,stack_blocks_three,episode_000030,clean,,,,final_action,gaussian_blur_sigma,0.5,,,,12280813841299030061,11617124187135812490,action_relative_l2/first_25pct,0.0
gpu_0,clean,clean/stack_blocks_three/episode_000030/0_447,stack_blocks_three,episode_000030,clean,,,,final_action,gaussian_blur_sigma,0.5,,,,12280813841299030061,11617124187135812490,action_relative_l2/last_75pct,0.020169487223029137
gpu_0,clean,clean/stack_blocks_three/episode_000030/0_447,stack_blocks_three,episode_000030,clean,,,,final_action,gaussian_blur_sigma,0.5,,,,12280813841299030061,11617124187135812490,endpoint_l2/left_position,0.0029782101046293974
gpu_0,clean,clean/stack_blocks_three/episode_000030/0_447,stack_blocks_three,episode_000030,clean,,,,final_action,gaussian_blur_sigma,0.5,,,,12280813841299030061,11617124187135812490,endpoint_l2/right_position,0.005367049481719732
gpu_0,clean,clean/stack_blocks_three/episode_000030/0_447,stack_blocks_three,episode_000030,clean,,,,final_action,gaussian_blur_sigma,0.5,,,,12280813841299030061,11617124187135812490,rotation_geodesic/left_rotation,0.004979556892067194
gpu_0,clean,clean/stack_blocks_three/episode_000030/0_447,stack_blocks_three,episode_000030,clean,,,,final_action,gaussian_blur_sigma,0.5,,,,12280813841299030061,11617124187135812490,rotation_geodesic/right_rotation,0.030675195157527924
gpu_0,clean,clean/stack_blocks_three/episode_000030/0_447,stack_blocks_three,episode_000030,clean,,,,final_action,gaussian_blur_sigma,0.5,,,,12280813841299030061,11617124187135812490,gripper_flip_rate,0.0
gpu_0,clean,clean/stack_blocks_three/episode_000030/0_447,stack_blocks_three,episode_000030,clean,,,,final_action,gaussian_blur_sigma,0.5,,,,12280813841299030061,11617124187135812490,temporal_jerk_difference,0.0013525326503440738
gpu_0,clean,clean/stack_blocks_three/episode_000030/0_447,stack_blocks_three,episode_000030,clean,,,,final_action,gaussian_blur_sigma,1.0,,,,12280813841299030061,18440392788514194603,action_relative_l2,0.01826762594282627
gpu_0,clean,clean/stack_blocks_three/episode_000030/0_447,stack_blocks_three,episode_000030,clean,,,,final_action,gaussian_blur_sigma,1.0,,,,12280813841299030061,18440392788514194603,action_mean_abs,0.0018974404083564878
gpu_0,clean,clean/stack_blocks_three/episode_000030/0_447,stack_blocks_three,episode_000030,clean,,,,final_action,gaussian_blur_sigma,1.0,,,,12280813841299030061,18440392788514194603,action_relative_l2/first_25pct,0.0
gpu_0,clean,clean/stack_blocks_three/episode_000030/0_447,stack_blocks_three,episode_000030,clean,,,,final_action,gaussian_blur_sigma,1.0,,,,12280813841299030061,18440392788514194603,action_relative_l2/last_75pct,0.018911760300397873
gpu_0,clean,clean/stack_blocks_three/episode_000030/0_447,stack_blocks_three,episode_000030,clean,,,,final_action,gaussian_blur_sigma,1.0,,,,12280813841299030061,18440392788514194603,endpoint_l2/left_position,0.003351272316649556
gpu_0,clean,clean/stack_blocks_three/episode_000030/0_447,stack_blocks_three,episode_000030,clean,,,,final_action,gaussian_blur_sigma,1.0,,,,12280813841299030061,18440392788514194603,endpoint_l2/right_position,0.005772104486823082
gpu_0,clean,clean/stack_blocks_three/episode_000030/0_447,stack_blocks_three,episode_000030,clean,,,,final_action,gaussian_blur_sigma,1.0,,,,12280813841299030061,18440392788514194603,rotation_geodesic/left_rotation,0.005200817249715328
gpu_0,clean,clean/stack_blocks_three/episode_000030/0_447,stack_blocks_three,episode_000030,clean,,,,final_action,gaussian_blur_sigma,1.0,,,,12280813841299030061,18440392788514194603,rotation_geodesic/right_rotation,0.029382867738604546
gpu_0,clean,clean/stack_blocks_three/episode_000030/0_447,stack_blocks_three,episode_000030,clean,,,,final_action,gaussian_blur_sigma,1.0,,,,12280813841299030061,18440392788514194603,gripper_flip_rate,0.0
gpu_0,clean,clean/stack_blocks_three/episode_000030/0_447,stack_blocks_three,episode_000030,clean,,,,final_action,gaussian_blur_sigma,1.0,,,,12280813841299030061,18440392788514194603,temporal_jerk_difference,0.001176260644569993
gpu_0,clean,clean/stack_blocks_three/episode_000030/0_447,stack_blocks_three,episode_000030,clean,,,,final_action,gaussian_noise_std,0.01,,,,12280813841299030061,318962294272706403,action_relative_l2,0.007273954804986715
gpu_0,clean,clean/stack_blocks_three/episode_000030/0_447,stack_blocks_three,episode_000030,clean,,,,final_action,gaussian_noise_std,0.01,,,,12280813841299030061,318962294272706403,action_mean_abs,0.001175537472590804
gpu_0,clean,clean/stack_blocks_three/episode_000030/0_447,stack_blocks_three,episode_000030,clean,,,,final_action,gaussian_noise_std,0.01,,,,12280813841299030061,318962294272706403,action_relative_l2/first_25pct,0.0
gpu_0,clean,clean/stack_blocks_three/episode_000030/0_447,stack_blocks_three,episode_000030,clean,,,,final_action,gaussian_noise_std,0.01,,,,12280813841299030061,318962294272706403,action_relative_l2/last_75pct,0.007530441973358393
gpu_0,clean,clean/stack_blocks_three/episode_000030/0_447,stack_blocks_three,episode_000030,clean,,,,final_action,gaussian_noise_std,0.01,,,,12280813841299030061,318962294272706403,endpoint_l2/left_position,0.005031840410083532
gpu_0,clean,clean/stack_blocks_three/episode_000030/0_447,stack_blocks_three,episode_000030,clean,,,,final_action,gaussian_noise_std,0.01,,,,12280813841299030061,318962294272706403,endpoint_l2/right_position,0.0028893742710351944
gpu_0,clean,clean/stack_blocks_three/episode_000030/0_447,stack_blocks_three,episode_000030,clean,,,,final_action,gaussian_noise_std,0.01,,,,12280813841299030061,318962294272706403,rotation_geodesic/left_rotation,0.007861665450036526
gpu_0,clean,clean/stack_blocks_three/episode_000030/0_447,stack_blocks_three,episode_000030,clean,,,,final_action,gaussian_noise_std,0.01,,,,12280813841299030061,318962294272706403,rotation_geodesic/right_rotation,0.006301515735685825
gpu_0,clean,clean/stack_blocks_three/episode_000030/0_447,stack_blocks_three,episode_000030,clean,,,,final_action,gaussian_noise_std,0.01,,,,12280813841299030061,318962294272706403,gripper_flip_rate,0.0
gpu_0,clean,clean/stack_blocks_three/episode_000030/0_447,stack_blocks_three,episode_000030,clean,,,,final_action,gaussian_noise_std,0.01,,,,12280813841299030061,318962294272706403,temporal_jerk_difference,0.0017377074109390378
gpu_0,clean,clean/stack_blocks_three/episode_000030/0_447,stack_blocks_three,episode_000030,clean,,,,final_action,gaussian_noise_std,0.03,,,,12280813841299030061,10916310403062362012,action_relative_l2,0.00986060593277216
gpu_0,clean,clean/stack_blocks_three/episode_000030/0_447,stack_blocks_three,episode_000030,clean,,,,final_action,gaussian_noise_std,0.03,,,,12280813841299030061,10916310403062362012,action_mean_abs,0.0018938449211418629
gpu_0,clean,clean/stack_blocks_three/episode_000030/0_447,stack_blocks_three,episode_000030,clean,,,,final_action,gaussian_noise_std,0.03,,,,12280813841299030061,10916310403062362012,action_relative_l2/first_25pct,0.0
gpu_0,clean,clean/stack_blocks_three/episode_000030/0_447,stack_blocks_three,episode_000030,clean,,,,final_action,gaussian_noise_std,0.03,,,,12280813841299030061,10916310403062362012,action_relative_l2/last_75pct,0.01020830124616623
gpu_0,clean,clean/stack_blocks_three/episode_000030/0_447,stack_blocks_three,episode_000030,clean,,,,final_action,gaussian_noise_std,0.03,,,,12280813841299030061,10916310403062362012,endpoint_l2/left_position,0.00792555883526802
gpu_0,clean,clean/stack_blocks_three/episode_000030/0_447,stack_blocks_three,episode_000030,clean,,,,final_action,gaussian_noise_std,0.03,,,,12280813841299030061,10916310403062362012,endpoint_l2/right_position,0.006189333740621805
gpu_0,clean,clean/stack_blocks_three/episode_000030/0_447,stack_blocks_three,episode_000030,clean,,,,final_action,gaussian_noise_std,0.03,,,,12280813841299030061,10916310403062362012,rotation_geodesic/left_rotation,0.010794298723340034
gpu_0,clean,clean/stack_blocks_three/episode_000030/0_447,stack_blocks_three,episode_000030,clean,,,,final_action,gaussian_noise_std,0.03,,,,12280813841299030061,10916310403062362012,rotation_geodesic/right_rotation,0.005817849654704332
gpu_0,clean,clean/stack_blocks_three/episode_000030/0_447,stack_blocks_three,episode_000030,clean,,,,final_action,gaussian_noise_std,0.03,,,,12280813841299030061,10916310403062362012,gripper_flip_rate,0.0
gpu_0,clean,clean/stack_blocks_three/episode_000030/0_447,stack_blocks_three,episode_000030,clean,,,,final_action,gaussian_noise_std,0.03,,,,12280813841299030061,10916310403062362012,temporal_jerk_difference,0.002005747752264142
gpu_0,clean,clean/stack_blocks_three/episode_000030/0_447,stack_blocks_three,episode_000030,clean,,,,final_action,identity,0.0,,,,12280813841299030061,,action_relative_l2,0.0
gpu_0,clean,clean/stack_blocks_three/episode_000030/0_447,stack_blocks_three,episode_000030,clean,,,,final_action,identity,0.0,,,,12280813841299030061,,action_mean_abs,0.0
gpu_0,clean,clean/stack_blocks_three/episode_000030/0_447,stack_blocks_three,episode_000030,clean,,,,final_action,identity,0.0,,,,12280813841299030061,,action_relative_l2/first_25pct,0.0
gpu_0,clean,clean/stack_blocks_three/episode_000030/0_447,stack_blocks_three,episode_000030,clean,,,,final_action,identity,0.0,,,,12280813841299030061,,action_relative_l2/last_75pct,0.0
gpu_0,clean,clean/stack_blocks_three/episode_000030/0_447,stack_blocks_three,episode_000030,clean,,,,final_action,identity,0.0,,,,12280813841299030061,,endpoint_l2/left_position,0.0
gpu_0,clean,clean/stack_blocks_three/episode_000030/0_447,stack_blocks_three,episode_000030,clean,,,,final_action,identity,0.0,,,,12280813841299030061,,endpoint_l2/right_position,0.0
gpu_0,clean,clean/stack_blocks_three/episode_000030/0_447,stack_blocks_three,episode_000030,clean,,,,final_action,identity,0.0,,,,12280813841299030061,,rotation_geodesic/left_rotation,0.0003084211202803999
gpu_0,clean,clean/stack_blocks_three/episode_000030/0_447,stack_blocks_three,episode_000030,clean,,,,final_action,identity,0.0,,,,12280813841299030061,,rotation_geodesic/right_rotation,0.00015736682689748704
gpu_0,clean,clean/stack_blocks_three/episode_000030/0_447,stack_blocks_three,episode_000030,clean,,,,final_action,identity,0.0,,,,12280813841299030061,,gripper_flip_rate,0.0
gpu_0,clean,clean/stack_blocks_three/episode_000030/0_447,stack_blocks_three,episode_000030,clean,,,,final_action,identity,0.0,,,,12280813841299030061,,temporal_jerk_difference,0.0
gpu_0,contrastive,clean/stack_blocks_three/episode_000030/0_447,stack_blocks_three,episode_000030,clean,,,,final_action,brightness,0.8,,,,12280813841299030061,14740558125330130023,action_relative_l2,0.009858094155788422
gpu_0,contrastive,clean/stack_blocks_three/episode_000030/0_447,stack_blocks_three,episode_000030,clean,,,,final_action,brightness,0.8,,,,12280813841299030061,14740558125330130023,action_mean_abs,0.0018900791183114052
gpu_0,contrastive,clean/stack_blocks_three/episode_000030/0_447,stack_blocks_three,episode_000030,clean,,,,final_action,brightness,0.8,,,,12280813841299030061,14740558125330130023,action_relative_l2/first_25pct,0.0
gpu_0,contrastive,clean/stack_blocks_three/episode_000030/0_447,stack_blocks_three,episode_000030,clean,,,,final_action,brightness,0.8,,,,12280813841299030061,14740558125330130023,action_relative_l2/last_75pct,0.010207515209913254
gpu_0,contrastive,clean/stack_blocks_three/episode_000030/0_447,stack_blocks_three,episode_000030,clean,,,,final_action,brightness,0.8,,,,12280813841299030061,14740558125330130023,endpoint_l2/left_position,0.011532179079949856
gpu_0,contrastive,clean/stack_blocks_three/episode_000030/0_447,stack_blocks_three,episode_000030,clean,,,,final_action,brightness,0.8,,,,12280813841299030061,14740558125330130023,endpoint_l2/right_position,0.007053502835333347
gpu_0,contrastive,clean/stack_blocks_three/episode_000030/0_447,stack_blocks_three,episode_000030,clean,,,,final_action,brightness,0.8,,,,12280813841299030061,14740558125330130023,rotation_geodesic/left_rotation,0.010289626196026802
gpu_0,contrastive,clean/stack_blocks_three/episode_000030/0_447,stack_blocks_three,episode_000030,clean,,,,final_action,brightness,0.8,,,,12280813841299030061,14740558125330130023,rotation_geodesic/right_rotation,0.005011700093746185
gpu_0,contrastive,clean/stack_blocks_three/episode_000030/0_447,stack_blocks_three,episode_000030,clean,,,,final_action,brightness,0.8,,,,12280813841299030061,14740558125330130023,gripper_flip_rate,0.0
gpu_0,contrastive,clean/stack_blocks_three/episode_000030/0_447,stack_blocks_three,episode_000030,clean,,,,final_action,brightness,0.8,,,,12280813841299030061,14740558125330130023,temporal_jerk_difference,0.0018061252776533365
gpu_0,contrastive,clean/stack_blocks_three/episode_000030/0_447,stack_blocks_three,episode_000030,clean,,,,final_action,brightness,1.2,,,,12280813841299030061,9830554915469431070,action_relative_l2,0.09290850162506104
gpu_0,contrastive,clean/stack_blocks_three/episode_000030/0_447,stack_blocks_three,episode_000030,clean,,,,final_action,brightness,1.2,,,,12280813841299030061,9830554915469431070,action_mean_abs,0.010046937502920628
gpu_0,contrastive,clean/stack_blocks_three/episode_000030/0_447,stack_blocks_three,episode_000030,clean,,,,final_action,brightness,1.2,,,,12280813841299030061,9830554915469431070,action_relative_l2/first_25pct,0.0
gpu_0,contrastive,clean/stack_blocks_three/episode_000030/0_447,stack_blocks_three,episode_000030,clean,,,,final_action,brightness,1.2,,,,12280813841299030061,9830554915469431070,action_relative_l2/last_75pct,0.09620165079832077
gpu_0,contrastive,clean/stack_blocks_three/episode_000030/0_447,stack_blocks_three,episode_000030,clean,,,,final_action,brightness,1.2,,,,12280813841299030061,9830554915469431070,endpoint_l2/left_position,0.014143453910946846
gpu_0,contrastive,clean/stack_blocks_three/episode_000030/0_447,stack_blocks_three,episode_000030,clean,,,,final_action,brightness,1.2,,,,12280813841299030061,9830554915469431070,endpoint_l2/right_position,0.152487114071846
gpu_0,contrastive,clean/stack_blocks_three/episode_000030/0_447,stack_blocks_three,episode_000030,clean,,,,final_action,brightness,1.2,,,,12280813841299030061,9830554915469431070,rotation_geodesic/left_rotation,0.01265007071197033
gpu_0,contrastive,clean/stack_blocks_three/episode_000030/0_447,stack_blocks_three,episode_000030,clean,,,,final_action,brightness,1.2,,,,12280813841299030061,9830554915469431070,rotation_geodesic/right_rotation,0.14214850962162018
gpu_0,contrastive,clean/stack_blocks_three/episode_000030/0_447,stack_blocks_three,episode_000030,clean,,,,final_action,brightness,1.2,,,,12280813841299030061,9830554915469431070,gripper_flip_rate,0.0
gpu_0,contrastive,clean/stack_blocks_three/episode_000030/0_447,stack_blocks_three,episode_000030,clean,,,,final_action,brightness,1.2,,,,12280813841299030061,9830554915469431070,temporal_jerk_difference,0.0020369472913444042
gpu_0,contrastive,clean/stack_blocks_three/episode_000030/0_447,stack_blocks_three,episode_000030,clean,,,,final_action,color_temperature,-0.1,,,,12280813841299030061,15666566753435024262,action_relative_l2,0.010464363731443882
gpu_0,contrastive,clean/stack_blocks_three/episode_000030/0_447,stack_blocks_three,episode_000030,clean,,,,final_action,color_temperature,-0.1,,,,12280813841299030061,15666566753435024262,action_mean_abs,0.0019017683807760477
gpu_0,contrastive,clean/stack_blocks_three/episode_000030/0_447,stack_blocks_three,episode_000030,clean,,,,final_action,color_temperature,-0.1,,,,12280813841299030061,15666566753435024262,action_relative_l2/first_25pct,0.0
gpu_0,contrastive,clean/stack_blocks_three/episode_000030/0_447,stack_blocks_three,episode_000030,clean,,,,final_action,color_temperature,-0.1,,,,12280813841299030061,15666566753435024262,action_relative_l2/last_75pct,0.010835274122655392
gpu_0,contrastive,clean/stack_blocks_three/episode_000030/0_447,stack_blocks_three,episode_000030,clean,,,,final_action,color_temperature,-0.1,,,,12280813841299030061,15666566753435024262,endpoint_l2/left_position,0.009205872192978859
gpu_0,contrastive,clean/stack_blocks_three/episode_000030/0_447,stack_blocks_three,episode_000030,clean,,,,final_action,color_temperature,-0.1,,,,12280813841299030061,15666566753435024262,endpoint_l2/right_position,0.003981964662671089
gpu_0,contrastive,clean/stack_blocks_three/episode_000030/0_447,stack_blocks_three,episode_000030,clean,,,,final_action,color_temperature,-0.1,,,,12280813841299030061,15666566753435024262,rotation_geodesic/left_rotation,0.01596122421324253
gpu_0,contrastive,clean/stack_blocks_three/episode_000030/0_447,stack_blocks_three,episode_000030,clean,,,,final_action,color_temperature,-0.1,,,,12280813841299030061,15666566753435024262,rotation_geodesic/right_rotation,0.006438647862523794
gpu_0,contrastive,clean/stack_blocks_three/episode_000030/0_447,stack_blocks_three,episode_000030,clean,,,,final_action,color_temperature,-0.1,,,,12280813841299030061,15666566753435024262,gripper_flip_rate,0.0
gpu_0,contrastive,clean/stack_blocks_three/episode_000030/0_447,stack_blocks_three,episode_000030,clean,,,,final_action,color_temperature,-0.1,,,,12280813841299030061,15666566753435024262,temporal_jerk_difference,0.0018740763189271092
gpu_0,contrastive,clean/stack_blocks_three/episode_000030/0_447,stack_blocks_three,episode_000030,clean,,,,final_action,color_temperature,0.1,,,,12280813841299030061,4205121641594680140,action_relative_l2,0.0056203571148216724
gpu_0,contrastive,clean/stack_blocks_three/episode_000030/0_447,stack_blocks_three,episode_000030,clean,,,,final_action,color_temperature,0.1,,,,12280813841299030061,4205121641594680140,action_mean_abs,0.0007408350356854498
gpu_0,contrastive,clean/stack_blocks_three/episode_000030/0_447,stack_blocks_three,episode_000030,clean,,,,final_action,color_temperature,0.1,,,,12280813841299030061,4205121641594680140,action_relative_l2/first_25pct,0.0
gpu_0,contrastive,clean/stack_blocks_three/episode_000030/0_447,stack_blocks_three,episode_000030,clean,,,,final_action,color_temperature,0.1,,,,12280813841299030061,4205121641594680140,action_relative_l2/last_75pct,0.005819571204483509
gpu_0,contrastive,clean/stack_blocks_three/episode_000030/0_447,stack_blocks_three,episode_000030,clean,,,,final_action,color_temperature,0.1,,,,12280813841299030061,4205121641594680140,endpoint_l2/left_position,0.003222755389288068
gpu_0,contrastive,clean/stack_blocks_three/episode_000030/0_447,stack_blocks_three,episode_000030,clean,,,,final_action,color_temperature,0.1,,,,12280813841299030061,4205121641594680140,endpoint_l2/right_position,0.0035963389091193676
gpu_0,contrastive,clean/stack_blocks_three/episode_000030/0_447,stack_blocks_three,episode_000030,clean,,,,final_action,color_temperature,0.1,,,,12280813841299030061,4205121641594680140,rotation_geodesic/left_rotation,0.00802563689649105
gpu_0,contrastive,clean/stack_blocks_three/episode_000030/0_447,stack_blocks_three,episode_000030,clean,,,,final_action,color_temperature,0.1,,,,12280813841299030061,4205121641594680140,rotation_geodesic/right_rotation,0.0019535694736987352
gpu_0,contrastive,clean/stack_blocks_three/episode_000030/0_447,stack_blocks_three,episode_000030,clean,,,,final_action,color_temperature,0.1,,,,12280813841299030061,4205121641594680140,gripper_flip_rate,0.0
gpu_0,contrastive,clean/stack_blocks_three/episode_000030/0_447,stack_blocks_three,episode_000030,clean,,,,final_action,color_temperature,0.1,,,,12280813841299030061,4205121641594680140,temporal_jerk_difference,0.0012338085798546672
gpu_0,contrastive,clean/stack_blocks_three/episode_000030/0_447,stack_blocks_three,episode_000030,clean,,,,final_action,gamma,0.8,,,,12280813841299030061,12381315702077997941,action_relative_l2,0.00434799725189805
gpu_0,contrastive,clean/stack_blocks_three/episode_000030/0_447,stack_blocks_three,episode_000030,clean,,,,final_action,gamma,0.8,,,,12280813841299030061,12381315702077997941,action_mean_abs,0.0004014823352918029
gpu_0,contrastive,clean/stack_blocks_three/episode_000030/0_447,stack_blocks_three,episode_000030,clean,,,,final_action,gamma,0.8,,,,12280813841299030061,12381315702077997941,action_relative_l2/first_25pct,0.0
gpu_0,contrastive,clean/stack_blocks_three/episode_000030/0_447,stack_blocks_three,episode_000030,clean,,,,final_action,gamma,0.8,,,,12280813841299030061,12381315702077997941,action_relative_l2/last_75pct,0.004502112045884132
gpu_0,contrastive,clean/stack_blocks_three/episode_000030/0_447,stack_blocks_three,episode_000030,clean,,,,final_action,gamma,0.8,,,,12280813841299030061,12381315702077997941,endpoint_l2/left_position,0.0009191036224365234
gpu_0,contrastive,clean/stack_blocks_three/episode_000030/0_447,stack_blocks_three,episode_000030,clean,,,,final_action,gamma,0.8,,,,12280813841299030061,12381315702077997941,endpoint_l2/right_position,0.0
gpu_0,contrastive,clean/stack_blocks_three/episode_000030/0_447,stack_blocks_three,episode_000030,clean,,,,final_action,gamma,0.8,,,,12280813841299030061,12381315702077997941,rotation_geodesic/left_rotation,0.004250551573932171
gpu_0,contrastive,clean/stack_blocks_three/episode_000030/0_447,stack_blocks_three,episode_000030,clean,,,,final_action,gamma,0.8,,,,12280813841299030061,12381315702077997941,rotation_geodesic/right_rotation,0.0021737604402005672
gpu_0,contrastive,clean/stack_blocks_three/episode_000030/0_447,stack_blocks_three,episode_000030,clean,,,,final_action,gamma,0.8,,,,12280813841299030061,12381315702077997941,gripper_flip_rate,0.0
gpu_0,contrastive,clean/stack_blocks_three/episode_000030/0_447,stack_blocks_three,episode_000030,clean,,,,final_action,gamma,0.8,,,,12280813841299030061,12381315702077997941,temporal_jerk_difference,0.0010786213679239154
gpu_0,contrastive,clean/stack_blocks_three/episode_000030/0_447,stack_blocks_three,episode_000030,clean,,,,final_action,gamma,1.2,,,,12280813841299030061,1479468069143235415,action_relative_l2,0.003953662235289812
gpu_0,contrastive,clean/stack_blocks_three/episode_000030/0_447,stack_blocks_three,episode_000030,clean,,,,final_action,gamma,1.2,,,,12280813841299030061,1479468069143235415,action_mean_abs,0.00037000636802986264
gpu_0,contrastive,clean/stack_blocks_three/episode_000030/0_447,stack_blocks_three,episode_000030,clean,,,,final_action,gamma,1.2,,,,12280813841299030061,1479468069143235415,action_relative_l2/first_25pct,0.0
gpu_0,contrastive,clean/stack_blocks_three/episode_000030/0_447,stack_blocks_three,episode_000030,clean,,,,final_action,gamma,1.2,,,,12280813841299030061,1479468069143235415,action_relative_l2/last_75pct,0.004093799740076065
gpu_0,contrastive,clean/stack_blocks_three/episode_000030/0_447,stack_blocks_three,episode_000030,clean,,,,final_action,gamma,1.2,,,,12280813841299030061,1479468069143235415,endpoint_l2/left_position,0.0009191036224365234
gpu_0,contrastive,clean/stack_blocks_three/episode_000030/0_447,stack_blocks_three,episode_000030,clean,,,,final_action,gamma,1.2,,,,12280813841299030061,1479468069143235415,endpoint_l2/right_position,0.0007645115256309509
gpu_0,contrastive,clean/stack_blocks_three/episode_000030/0_447,stack_blocks_three,episode_000030,clean,,,,final_action,gamma,1.2,,,,12280813841299030061,1479468069143235415,rotation_geodesic/left_rotation,0.0031824656762182713
gpu_0,contrastive,clean/stack_blocks_three/episode_000030/0_447,stack_blocks_three,episode_000030,clean,,,,final_action,gamma,1.2,,,,12280813841299030061,1479468069143235415,rotation_geodesic/right_rotation,0.0028823823668062687
gpu_0,contrastive,clean/stack_blocks_three/episode_000030/0_447,stack_blocks_three,episode_000030,clean,,,,final_action,gamma,1.2,,,,12280813841299030061,1479468069143235415,gripper_flip_rate,0.0
gpu_0,contrastive,clean/stack_blocks_three/episode_000030/0_447,stack_blocks_three,episode_000030,clean,,,,final_action,gamma,1.2,,,,12280813841299030061,1479468069143235415,temporal_jerk_difference,0.0011789985001087189
gpu_0,contrastive,clean/stack_blocks_three/episode_000030/0_447,stack_blocks_three,episode_000030,clean,,,,final_action,gaussian_blur_sigma,0.5,,,,12280813841299030061,11617124187135812490,action_relative_l2,0.002706415019929409
gpu_0,contrastive,clean/stack_blocks_three/episode_000030/0_447,stack_blocks_three,episode_000030,clean,,,,final_action,gaussian_blur_sigma,0.5,,,,12280813841299030061,11617124187135812490,action_mean_abs,0.00017278044833801687
gpu_0,contrastive,clean/stack_blocks_three/episode_000030/0_447,stack_blocks_three,episode_000030,clean,,,,final_action,gaussian_blur_sigma,0.5,,,,12280813841299030061,11617124187135812490,action_relative_l2/first_25pct,0.0
gpu_0,contrastive,clean/stack_blocks_three/episode_000030/0_447,stack_blocks_three,episode_000030,clean,,,,final_action,gaussian_blur_sigma,0.5,,,,12280813841299030061,11617124187135812490,action_relative_l2/last_75pct,0.0028023438062518835
gpu_0,contrastive,clean/stack_blocks_three/episode_000030/0_447,stack_blocks_three,episode_000030,clean,,,,final_action,gaussian_blur_sigma,0.5,,,,12280813841299030061,11617124187135812490,endpoint_l2/left_position,0.0007806867361068726
gpu_0,contrastive,clean/stack_blocks_three/episode_000030/0_447,stack_blocks_three,episode_000030,clean,,,,final_action,gaussian_blur_sigma,0.5,,,,12280813841299030061,11617124187135812490,endpoint_l2/right_position,0.0
gpu_0,contrastive,clean/stack_blocks_three/episode_000030/0_447,stack_blocks_three,episode_000030,clean,,,,final_action,gaussian_blur_sigma,0.5,,,,12280813841299030061,11617124187135812490,rotation_geodesic/left_rotation,0.001775973942130804
gpu_0,contrastive,clean/stack_blocks_three/episode_000030/0_447,stack_blocks_three,episode_000030,clean,,,,final_action,gaussian_blur_sigma,0.5,,,,12280813841299030061,11617124187135812490,rotation_geodesic/right_rotation,0.001146943075582385
gpu_0,contrastive,clean/stack_blocks_three/episode_000030/0_447,stack_blocks_three,episode_000030,clean,,,,final_action,gaussian_blur_sigma,0.5,,,,12280813841299030061,11617124187135812490,gripper_flip_rate,0.0
gpu_0,contrastive,clean/stack_blocks_three/episode_000030/0_447,stack_blocks_three,episode_000030,clean,,,,final_action,gaussian_blur_sigma,0.5,,,,12280813841299030061,11617124187135812490,temporal_jerk_difference,0.0005517000099644065
gpu_0,contrastive,clean/stack_blocks_three/episode_000030/0_447,stack_blocks_three,episode_000030,clean,,,,final_action,gaussian_blur_sigma,1.0,,,,12280813841299030061,18440392788514194603,action_relative_l2,0.003909899387508631
gpu_0,contrastive,clean/stack_blocks_three/episode_000030/0_447,stack_blocks_three,episode_000030,clean,,,,final_action,gaussian_blur_sigma,1.0,,,,12280813841299030061,18440392788514194603,action_mean_abs,0.00035290353116579354
gpu_0,contrastive,clean/stack_blocks_three/episode_000030/0_447,stack_blocks_three,episode_000030,clean,,,,final_action,gaussian_blur_sigma,1.0,,,,12280813841299030061,18440392788514194603,action_relative_l2/first_25pct,0.0
gpu_0,contrastive,clean/stack_blocks_three/episode_000030/0_447,stack_blocks_three,episode_000030,clean,,,,final_action,gaussian_blur_sigma,1.0,,,,12280813841299030061,18440392788514194603,action_relative_l2/last_75pct,0.004048486240208149
gpu_0,contrastive,clean/stack_blocks_three/episode_000030/0_447,stack_blocks_three,episode_000030,clean,,,,final_action,gaussian_blur_sigma,1.0,,,,12280813841299030061,18440392788514194603,endpoint_l2/left_position,0.0012164409272372723
gpu_0,contrastive,clean/stack_blocks_three/episode_000030/0_447,stack_blocks_three,episode_000030,clean,,,,final_action,gaussian_blur_sigma,1.0,,,,12280813841299030061,18440392788514194603,endpoint_l2/right_position,0.0007645115256309509
gpu_0,contrastive,clean/stack_blocks_three/episode_000030/0_447,stack_blocks_three,episode_000030,clean,,,,final_action,gaussian_blur_sigma,1.0,,,,12280813841299030061,18440392788514194603,rotation_geodesic/left_rotation,0.002290479838848114
gpu_0,contrastive,clean/stack_blocks_three/episode_000030/0_447,stack_blocks_three,episode_000030,clean,,,,final_action,gaussian_blur_sigma,1.0,,,,12280813841299030061,18440392788514194603,rotation_geodesic/right_rotation,0.003087146207690239
gpu_0,contrastive,clean/stack_blocks_three/episode_000030/0_447,stack_blocks_three,episode_000030,clean,,,,final_action,gaussian_blur_sigma,1.0,,,,12280813841299030061,18440392788514194603,gripper_flip_rate,0.0
gpu_0,contrastive,clean/stack_blocks_three/episode_000030/0_447,stack_blocks_three,episode_000030,clean,,,,final_action,gaussian_blur_sigma,1.0,,,,12280813841299030061,18440392788514194603,temporal_jerk_difference,0.0009860334685072303
gpu_0,contrastive,clean/stack_blocks_three/episode_000030/0_447,stack_blocks_three,episode_000030,clean,,,,final_action,gaussian_noise_std,0.01,,,,12280813841299030061,318962294272706403,action_relative_l2,0.00793530698865652
gpu_0,contrastive,clean/stack_blocks_three/episode_000030/0_447,stack_blocks_three,episode_000030,clean,,,,final_action,gaussian_noise_std,0.01,,,,12280813841299030061,318962294272706403,action_mean_abs,0.0014079920947551727
gpu_0,contrastive,clean/stack_blocks_three/episode_000030/0_447,stack_blocks_three,episode_000030,clean,,,,final_action,gaussian_noise_std,0.01,,,,12280813841299030061,318962294272706403,action_relative_l2/first_25pct,0.0
gpu_0,contrastive,clean/stack_blocks_three/episode_000030/0_447,stack_blocks_three,episode_000030,clean,,,,final_action,gaussian_noise_std,0.01,,,,12280813841299030061,318962294272706403,action_relative_l2/last_75pct,0.008216574788093567
gpu_0,contrastive,clean/stack_blocks_three/episode_000030/0_447,stack_blocks_three,episode_000030,clean,,,,final_action,gaussian_noise_std,0.01,,,,12280813841299030061,318962294272706403,endpoint_l2/left_position,0.0066101569682359695
gpu_0,contrastive,clean/stack_blocks_three/episode_000030/0_447,stack_blocks_three,episode_000030,clean,,,,final_action,gaussian_noise_std,0.01,,,,12280813841299030061,318962294272706403,endpoint_l2/right_position,0.0032734775450080633
gpu_0,contrastive,clean/stack_blocks_three/episode_000030/0_447,stack_blocks_three,episode_000030,clean,,,,final_action,gaussian_noise_std,0.01,,,,12280813841299030061,318962294272706403,rotation_geodesic/left_rotation,0.004063891712576151
gpu_0,contrastive,clean/stack_blocks_three/episode_000030/0_447,stack_blocks_three,episode_000030,clean,,,,final_action,gaussian_noise_std,0.01,,,,12280813841299030061,318962294272706403,rotation_geodesic/right_rotation,0.006480886600911617
gpu_0,contrastive,clean/stack_blocks_three/episode_000030/0_447,stack_blocks_three,episode_000030,clean,,,,final_action,gaussian_noise_std,0.01,,,,12280813841299030061,318962294272706403,gripper_flip_rate,0.0
gpu_0,contrastive,clean/stack_blocks_three/episode_000030/0_447,stack_blocks_three,episode_000030,clean,,,,final_action,gaussian_noise_std,0.01,,,,12280813841299030061,318962294272706403,temporal_jerk_difference,0.0016987714916467667
gpu_0,contrastive,clean/stack_blocks_three/episode_000030/0_447,stack_blocks_three,episode_000030,clean,,,,final_action,gaussian_noise_std,0.03,,,,12280813841299030061,10916310403062362012,action_relative_l2,0.012512436136603355
gpu_0,contrastive,clean/stack_blocks_three/episode_000030/0_447,stack_blocks_three,episode_000030,clean,,,,final_action,gaussian_noise_std,0.03,,,,12280813841299030061,10916310403062362012,action_mean_abs,0.0025434615090489388
gpu_0,contrastive,clean/stack_blocks_three/episode_000030/0_447,stack_blocks_three,episode_000030,clean,,,,final_action,gaussian_noise_std,0.03,,,,12280813841299030061,10916310403062362012,action_relative_l2/first_25pct,0.0
gpu_0,contrastive,clean/stack_blocks_three/episode_000030/0_447,stack_blocks_three,episode_000030,clean,,,,final_action,gaussian_noise_std,0.03,,,,12280813841299030061,10916310403062362012,action_relative_l2/last_75pct,0.012955939397215843
gpu_0,contrastive,clean/stack_blocks_three/episode_000030/0_447,stack_blocks_three,episode_000030,clean,,,,final_action,gaussian_noise_std,0.03,,,,12280813841299030061,10916310403062362012,endpoint_l2/left_position,0.010343695059418678
gpu_0,contrastive,clean/stack_blocks_three/episode_000030/0_447,stack_blocks_three,episode_000030,clean,,,,final_action,gaussian_noise_std,0.03,,,,12280813841299030061,10916310403062362012,endpoint_l2/right_position,0.006263794377446175
gpu_0,contrastive,clean/stack_blocks_three/episode_000030/0_447,stack_blocks_three,episode_000030,clean,,,,final_action,gaussian_noise_std,0.03,,,,12280813841299030061,10916310403062362012,rotation_geodesic/left_rotation,0.01136425044387579
gpu_0,contrastive,clean/stack_blocks_three/episode_000030/0_447,stack_blocks_three,episode_000030,clean,,,,final_action,gaussian_noise_std,0.03,,,,12280813841299030061,10916310403062362012,rotation_geodesic/right_rotation,0.009663301520049572
gpu_0,contrastive,clean/stack_blocks_three/episode_000030/0_447,stack_blocks_three,episode_000030,clean,,,,final_action,gaussian_noise_std,0.03,,,,12280813841299030061,10916310403062362012,gripper_flip_rate,0.0
gpu_0,contrastive,clean/stack_blocks_three/episode_000030/0_447,stack_blocks_three,episode_000030,clean,,,,final_action,gaussian_noise_std,0.03,,,,12280813841299030061,10916310403062362012,temporal_jerk_difference,0.0016998472856357694
gpu_0,contrastive,clean/stack_blocks_three/episode_000030/0_447,stack_blocks_three,episode_000030,clean,,,,final_action,identity,0.0,,,,12280813841299030061,,action_relative_l2,0.0
gpu_0,contrastive,clean/stack_blocks_three/episode_000030/0_447,stack_blocks_three,episode_000030,clean,,,,final_action,identity,0.0,,,,12280813841299030061,,action_mean_abs,0.0
gpu_0,contrastive,clean/stack_blocks_three/episode_000030/0_447,stack_blocks_three,episode_000030,clean,,,,final_action,identity,0.0,,,,12280813841299030061,,action_relative_l2/first_25pct,0.0
gpu_0,contrastive,clean/stack_blocks_three/episode_000030/0_447,stack_blocks_three,episode_000030,clean,,,,final_action,identity,0.0,,,,12280813841299030061,,action_relative_l2/last_75pct,0.0
gpu_0,contrastive,clean/stack_blocks_three/episode_000030/0_447,stack_blocks_three,episode_000030,clean,,,,final_action,identity,0.0,,,,12280813841299030061,,endpoint_l2/left_position,0.0
gpu_0,contrastive,clean/stack_blocks_three/episode_000030/0_447,stack_blocks_three,episode_000030,clean,,,,final_action,identity,0.0,,,,12280813841299030061,,endpoint_l2/right_position,0.0
gpu_0,contrastive,clean/stack_blocks_three/episode_000030/0_447,stack_blocks_three,episode_000030,clean,,,,final_action,identity,0.0,,,,12280813841299030061,,rotation_geodesic/left_rotation,0.00012577272718772292
gpu_0,contrastive,clean/stack_blocks_three/episode_000030/0_447,stack_blocks_three,episode_000030,clean,,,,final_action,identity,0.0,,,,12280813841299030061,,rotation_geodesic/right_rotation,0.0001384135102853179
gpu_0,contrastive,clean/stack_blocks_three/episode_000030/0_447,stack_blocks_three,episode_000030,clean,,,,final_action,identity,0.0,,,,12280813841299030061,,gripper_flip_rate,0.0
gpu_0,contrastive,clean/stack_blocks_three/episode_000030/0_447,stack_blocks_three,episode_000030,clean,,,,final_action,identity,0.0,,,,12280813841299030061,,temporal_jerk_difference,0.0
gpu_1,base,clean/turn_switch/episode_000047/0_98,turn_switch,episode_000047,clean,,,,final_action,brightness,0.8,,,,16604683412220122174,2894186492195837140,action_relative_l2,0.029454980045557022
gpu_1,base,clean/turn_switch/episode_000047/0_98,turn_switch,episode_000047,clean,,,,final_action,brightness,0.8,,,,16604683412220122174,2894186492195837140,action_mean_abs,0.004936952143907547
gpu_1,base,clean/turn_switch/episode_000047/0_98,turn_switch,episode_000047,clean,,,,final_action,brightness,0.8,,,,16604683412220122174,2894186492195837140,action_relative_l2/first_25pct,0.0
gpu_1,base,clean/turn_switch/episode_000047/0_98,turn_switch,episode_000047,clean,,,,final_action,brightness,0.8,,,,16604683412220122174,2894186492195837140,action_relative_l2/last_75pct,0.03057733178138733
gpu_1,base,clean/turn_switch/episode_000047/0_98,turn_switch,episode_000047,clean,,,,final_action,brightness,0.8,,,,16604683412220122174,2894186492195837140,endpoint_l2/left_position,0.029780326411128044
gpu_1,base,clean/turn_switch/episode_000047/0_98,turn_switch,episode_000047,clean,,,,final_action,brightness,0.8,,,,16604683412220122174,2894186492195837140,endpoint_l2/right_position,0.01009342446923256
gpu_1,base,clean/turn_switch/episode_000047/0_98,turn_switch,episode_000047,clean,,,,final_action,brightness,0.8,,,,16604683412220122174,2894186492195837140,rotation_geodesic/left_rotation,0.0089931795373559
gpu_1,base,clean/turn_switch/episode_000047/0_98,turn_switch,episode_000047,clean,,,,final_action,brightness,0.8,,,,16604683412220122174,2894186492195837140,rotation_geodesic/right_rotation,0.01664520427584648
gpu_1,base,clean/turn_switch/episode_000047/0_98,turn_switch,episode_000047,clean,,,,final_action,brightness,0.8,,,,16604683412220122174,2894186492195837140,gripper_flip_rate,0.0
gpu_1,base,clean/turn_switch/episode_000047/0_98,turn_switch,episode_000047,clean,,,,final_action,brightness,0.8,,,,16604683412220122174,2894186492195837140,temporal_jerk_difference,0.0023541594855487347
gpu_1,base,clean/turn_switch/episode_000047/0_98,turn_switch,episode_000047,clean,,,,final_action,brightness,1.2,,,,16604683412220122174,3109882623584244822,action_relative_l2,0.017453817650675774
gpu_1,base,clean/turn_switch/episode_000047/0_98,turn_switch,episode_000047,clean,,,,final_action,brightness,1.2,,,,16604683412220122174,3109882623584244822,action_mean_abs,0.002435348927974701
gpu_1,base,clean/turn_switch/episode_000047/0_98,turn_switch,episode_000047,clean,,,,final_action,brightness,1.2,,,,16604683412220122174,3109882623584244822,action_relative_l2/first_25pct,0.0
gpu_1,base,clean/turn_switch/episode_000047/0_98,turn_switch,episode_000047,clean,,,,final_action,brightness,1.2,,,,16604683412220122174,3109882623584244822,action_relative_l2/last_75pct,0.018118876963853836
gpu_1,base,clean/turn_switch/episode_000047/0_98,turn_switch,episode_000047,clean,,,,final_action,brightness,1.2,,,,16604683412220122174,3109882623584244822,endpoint_l2/left_position,0.009896409697830677
gpu_1,base,clean/turn_switch/episode_000047/0_98,turn_switch,episode_000047,clean,,,,final_action,brightness,1.2,,,,16604683412220122174,3109882623584244822,endpoint_l2/right_position,0.0038324655033648014
gpu_1,base,clean/turn_switch/episode_000047/0_98,turn_switch,episode_000047,clean,,,,final_action,brightness,1.2,,,,16604683412220122174,3109882623584244822,rotation_geodesic/left_rotation,0.008926568552851677
gpu_1,base,clean/turn_switch/episode_000047/0_98,turn_switch,episode_000047,clean,,,,final_action,brightness,1.2,,,,16604683412220122174,3109882623584244822,rotation_geodesic/right_rotation,0.010187997482717037
gpu_1,base,clean/turn_switch/episode_000047/0_98,turn_switch,episode_000047,clean,,,,final_action,brightness,1.2,,,,16604683412220122174,3109882623584244822,gripper_flip_rate,0.0
gpu_1,base,clean/turn_switch/episode_000047/0_98,turn_switch,episode_000047,clean,,,,final_action,brightness,1.2,,,,16604683412220122174,3109882623584244822,temporal_jerk_difference,0.0019173853797838092
gpu_1,base,clean/turn_switch/episode_000047/0_98,turn_switch,episode_000047,clean,,,,final_action,color_temperature,-0.1,,,,16604683412220122174,13981428570655036527,action_relative_l2,0.0508250892162323
gpu_1,base,clean/turn_switch/episode_000047/0_98,turn_switch,episode_000047,clean,,,,final_action,color_temperature,-0.1,,,,16604683412220122174,13981428570655036527,action_mean_abs,0.0062404777854681015
gpu_1,base,clean/turn_switch/episode_000047/0_98,turn_switch,episode_000047,clean,,,,final_action,color_temperature,-0.1,,,,16604683412220122174,13981428570655036527,action_relative_l2/first_25pct,0.0
gpu_1,base,clean/turn_switch/episode_000047/0_98,turn_switch,episode_000047,clean,,,,final_action,color_temperature,-0.1,,,,16604683412220122174,13981428570655036527,action_relative_l2/last_75pct,0.05276172608137131
gpu_1,base,clean/turn_switch/episode_000047/0_98,turn_switch,episode_000047,clean,,,,final_action,color_temperature,-0.1,,,,16604683412220122174,13981428570655036527,endpoint_l2/left_position,0.031118258833885193
gpu_1,base,clean/turn_switch/episode_000047/0_98,turn_switch,episode_000047,clean,,,,final_action,color_temperature,-0.1,,,,16604683412220122174,13981428570655036527,endpoint_l2/right_position,0.008315282873809338
gpu_1,base,clean/turn_switch/episode_000047/0_98,turn_switch,episode_000047,clean,,,,final_action,color_temperature,-0.1,,,,16604683412220122174,13981428570655036527,rotation_geodesic/left_rotation,0.006032888777554035
gpu_1,base,clean/turn_switch/episode_000047/0_98,turn_switch,episode_000047,clean,,,,final_action,color_temperature,-0.1,,,,16604683412220122174,13981428570655036527,rotation_geodesic/right_rotation,0.027808455750346184
gpu_1,base,clean/turn_switch/episode_000047/0_98,turn_switch,episode_000047,clean,,,,final_action,color_temperature,-0.1,,,,16604683412220122174,13981428570655036527,gripper_flip_rate,0.0
gpu_1,base,clean/turn_switch/episode_000047/0_98,turn_switch,episode_000047,clean,,,,final_action,color_temperature,-0.1,,,,16604683412220122174,13981428570655036527,temporal_jerk_difference,0.0024381293915212154
gpu_1,base,clean/turn_switch/episode_000047/0_98,turn_switch,episode_000047,clean,,,,final_action,color_temperature,0.1,,,,16604683412220122174,7431615385873627060,action_relative_l2,0.029699781909585
gpu_1,base,clean/turn_switch/episode_000047/0_98,turn_switch,episode_000047,clean,,,,final_action,color_temperature,0.1,,,,16604683412220122174,7431615385873627060,action_mean_abs,0.003524525323882699
gpu_1,base,clean/turn_switch/episode_000047/0_98,turn_switch,episode_000047,clean,,,,final_action,color_temperature,0.1,,,,16604683412220122174,7431615385873627060,action_relative_l2/first_25pct,0.0
gpu_1,base,clean/turn_switch/episode_000047/0_98,turn_switch,episode_000047,clean,,,,final_action,color_temperature,0.1,,,,16604683412220122174,7431615385873627060,action_relative_l2/last_75pct,0.030831461772322655
gpu_1,base,clean/turn_switch/episode_000047/0_98,turn_switch,episode_000047,clean,,,,final_action,color_temperature,0.1,,,,16604683412220122174,7431615385873627060,endpoint_l2/left_position,0.020058492198586464
gpu_1,base,clean/turn_switch/episode_000047/0_98,turn_switch,episode_000047,clean,,,,final_action,color_temperature,0.1,,,,16604683412220122174,7431615385873627060,endpoint_l2/right_position,0.003981971647590399
gpu_1,base,clean/turn_switch/episode_000047/0_98,turn_switch,episode_000047,clean,,,,final_action,color_temperature,0.1,,,,16604683412220122174,7431615385873627060,rotation_geodesic/left_rotation,0.00564015144482255
gpu_1,base,clean/turn_switch/episode_000047/0_98,turn_switch,episode_000047,clean,,,,final_action,color_temperature,0.1,,,,16604683412220122174,7431615385873627060,rotation_geodesic/right_rotation,0.007373095955699682
gpu_1,base,clean/turn_switch/episode_000047/0_98,turn_switch,episode_000047,clean,,,,final_action,color_temperature,0.1,,,,16604683412220122174,7431615385873627060,gripper_flip_rate,0.0
gpu_1,base,clean/turn_switch/episode_000047/0_98,turn_switch,episode_000047,clean,,,,final_action,color_temperature,0.1,,,,16604683412220122174,7431615385873627060,temporal_jerk_difference,0.002161160809919238
gpu_1,base,clean/turn_switch/episode_000047/0_98,turn_switch,episode_000047,clean,,,,final_action,gamma,0.8,,,,16604683412220122174,8944454782225478405,action_relative_l2,0.031244944781064987
gpu_1,base,clean/turn_switch/episode_000047/0_98,turn_switch,episode_000047,clean,,,,final_action,gamma,0.8,,,,16604683412220122174,8944454782225478405,action_mean_abs,0.003906670957803726
gpu_1,base,clean/turn_switch/episode_000047/0_98,turn_switch,episode_000047,clean,,,,final_action,gamma,0.8,,,,16604683412220122174,8944454782225478405,action_relative_l2/first_25pct,0.0
gpu_1,base,clean/turn_switch/episode_000047/0_98,turn_switch,episode_000047,clean,,,,final_action,gamma,0.8,,,,16604683412220122174,8944454782225478405,action_relative_l2/last_75pct,0.03243550285696983
gpu_1,base,clean/turn_switch/episode_000047/0_98,turn_switch,episode_000047,clean,,,,final_action,gamma,0.8,,,,16604683412220122174,8944454782225478405,endpoint_l2/left_position,0.018381422385573387
gpu_1,base,clean/turn_switch/episode_000047/0_98,turn_switch,episode_000047,clean,,,,final_action,gamma,0.8,,,,16604683412220122174,8944454782225478405,endpoint_l2/right_position,0.004915478639304638
gpu_1,base,clean/turn_switch/episode_000047/0_98,turn_switch,episode_000047,clean,,,,final_action,gamma,0.8,,,,16604683412220122174,8944454782225478405,rotation_geodesic/left_rotation,0.005705452989786863
gpu_1,base,clean/turn_switch/episode_000047/0_98,turn_switch,episode_000047,clean,,,,final_action,gamma,0.8,,,,16604683412220122174,8944454782225478405,rotation_geodesic/right_rotation,0.010791447944939137
gpu_1,base,clean/turn_switch/episode_000047/0_98,turn_switch,episode_000047,clean,,,,final_action,gamma,0.8,,,,16604683412220122174,8944454782225478405,gripper_flip_rate,0.0
gpu_1,base,clean/turn_switch/episode_000047/0_98,turn_switch,episode_000047,clean,,,,final_action,gamma,0.8,,,,16604683412220122174,8944454782225478405,temporal_jerk_difference,0.0019361068261787295
gpu_1,base,clean/turn_switch/episode_000047/0_98,turn_switch,episode_000047,clean,,,,final_action,gamma,1.2,,,,16604683412220122174,12775208076006040830,action_relative_l2,0.041356224566698074
gpu_1,base,clean/turn_switch/episode_000047/0_98,turn_switch,episode_000047,clean,,,,final_action,gamma,1.2,,,,16604683412220122174,12775208076006040830,action_mean_abs,0.004596995655447245
gpu_1,base,clean/turn_switch/episode_000047/0_98,turn_switch,episode_000047,clean,,,,final_action,gamma,1.2,,,,16604683412220122174,12775208076006040830,action_relative_l2/first_25pct,0.0
gpu_1,base,clean/turn_switch/episode_000047/0_98,turn_switch,episode_000047,clean,,,,final_action,gamma,1.2,,,,16604683412220122174,12775208076006040830,action_relative_l2/last_75pct,0.04293205961585045
gpu_1,base,clean/turn_switch/episode_000047/0_98,turn_switch,episode_000047,clean,,,,final_action,gamma,1.2,,,,16604683412220122174,12775208076006040830,endpoint_l2/left_position,0.01909184642136097
gpu_1,base,clean/turn_switch/episode_000047/0_98,turn_switch,episode_000047,clean,,,,final_action,gamma,1.2,,,,16604683412220122174,12775208076006040830,endpoint_l2/right_position,0.004915478639304638
gpu_1,base,clean/turn_switch/episode_000047/0_98,turn_switch,episode_000047,clean,,,,final_action,gamma,1.2,,,,16604683412220122174,12775208076006040830,rotation_geodesic/left_rotation,0.0023333397693932056
gpu_1,base,clean/turn_switch/episode_000047/0_98,turn_switch,episode_000047,clean,,,,final_action,gamma,1.2,,,,16604683412220122174,12775208076006040830,rotation_geodesic/right_rotation,0.018498610705137253
gpu_1,base,clean/turn_switch/episode_000047/0_98,turn_switch,episode_000047,clean,,,,final_action,gamma,1.2,,,,16604683412220122174,12775208076006040830,gripper_flip_rate,0.0
gpu_1,base,clean/turn_switch/episode_000047/0_98,turn_switch,episode_000047,clean,,,,final_action,gamma,1.2,,,,16604683412220122174,12775208076006040830,temporal_jerk_difference,0.0017721235053613782
gpu_1,base,clean/turn_switch/episode_000047/0_98,turn_switch,episode_000047,clean,,,,final_action,gaussian_blur_sigma,0.5,,,,16604683412220122174,17406867596367059733,action_relative_l2,0.0051096705719828606
gpu_1,base,clean/turn_switch/episode_000047/0_98,turn_switch,episode_000047,clean,,,,final_action,gaussian_blur_sigma,0.5,,,,16604683412220122174,17406867596367059733,action_mean_abs,0.0004777064605150372
gpu_1,base,clean/turn_switch/episode_000047/0_98,turn_switch,episode_000047,clean,,,,final_action,gaussian_blur_sigma,0.5,,,,16604683412220122174,17406867596367059733,action_relative_l2/first_25pct,0.0
gpu_1,base,clean/turn_switch/episode_000047/0_98,turn_switch,episode_000047,clean,,,,final_action,gaussian_blur_sigma,0.5,,,,16604683412220122174,17406867596367059733,action_relative_l2/last_75pct,0.005304369144141674
gpu_1,base,clean/turn_switch/episode_000047/0_98,turn_switch,episode_000047,clean,,,,final_action,gaussian_blur_sigma,0.5,,,,16604683412220122174,17406867596367059733,endpoint_l2/left_position,0.0012164522195234895
gpu_1,base,clean/turn_switch/episode_000047/0_98,turn_switch,episode_000047,clean,,,,final_action,gaussian_blur_sigma,0.5,,,,16604683412220122174,17406867596367059733,endpoint_l2/right_position,0.0011679083108901978
gpu_1,base,clean/turn_switch/episode_000047/0_98,turn_switch,episode_000047,clean,,,,final_action,gaussian_blur_sigma,0.5,,,,16604683412220122174,17406867596367059733,rotation_geodesic/left_rotation,0.0007659487891942263
gpu_1,base,clean/turn_switch/episode_000047/0_98,turn_switch,episode_000047,clean,,,,final_action,gaussian_blur_sigma,0.5,,,,16604683412220122174,17406867596367059733,rotation_geodesic/right_rotation,0.0032358744647353888
gpu_1,base,clean/turn_switch/episode_000047/0_98,turn_switch,episode_000047,clean,,,,final_action,gaussian_blur_sigma,0.5,,,,16604683412220122174,17406867596367059733,gripper_flip_rate,0.0
gpu_1,base,clean/turn_switch/episode_000047/0_98,turn_switch,episode_000047,clean,,,,final_action,gaussian_blur_sigma,0.5,,,,16604683412220122174,17406867596367059733,temporal_jerk_difference,0.0011231350945308805
gpu_1,base,clean/turn_switch/episode_000047/0_98,turn_switch,episode_000047,clean,,,,final_action,gaussian_blur_sigma,1.0,,,,16604683412220122174,1591302671540779324,action_relative_l2,0.008133649826049805
gpu_1,base,clean/turn_switch/episode_000047/0_98,turn_switch,episode_000047,clean,,,,final_action,gaussian_blur_sigma,1.0,,,,16604683412220122174,1591302671540779324,action_mean_abs,0.0009032358648255467
gpu_1,base,clean/turn_switch/episode_000047/0_98,turn_switch,episode_000047,clean,,,,final_action,gaussian_blur_sigma,1.0,,,,16604683412220122174,1591302671540779324,action_relative_l2/first_25pct,0.0
gpu_1,base,clean/turn_switch/episode_000047/0_98,turn_switch,episode_000047,clean,,,,final_action,gaussian_blur_sigma,1.0,,,,16604683412220122174,1591302671540779324,action_relative_l2/last_75pct,0.008443573489785194
gpu_1,base,clean/turn_switch/episode_000047/0_98,turn_switch,episode_000047,clean,,,,final_action,gaussian_blur_sigma,1.0,,,,16604683412220122174,1591302671540779324,endpoint_l2/left_position,0.003115016268566251
gpu_1,base,clean/turn_switch/episode_000047/0_98,turn_switch,episode_000047,clean,,,,final_action,gaussian_blur_sigma,1.0,,,,16604683412220122174,1591302671540779324,endpoint_l2/right_position,0.0011679083108901978
gpu_1,base,clean/turn_switch/episode_000047/0_98,turn_switch,episode_000047,clean,,,,final_action,gaussian_blur_sigma,1.0,,,,16604683412220122174,1591302671540779324,rotation_geodesic/left_rotation,0.002106442116200924
gpu_1,base,clean/turn_switch/episode_000047/0_98,turn_switch,episode_000047,clean,,,,final_action,gaussian_blur_sigma,1.0,,,,16604683412220122174,1591302671540779324,rotation_geodesic/right_rotation,0.003091369289904833
gpu_1,base,clean/turn_switch/episode_000047/0_98,turn_switch,episode_000047,clean,,,,final_action,gaussian_blur_sigma,1.0,,,,16604683412220122174,1591302671540779324,gripper_flip_rate,0.0
gpu_1,base,clean/turn_switch/episode_000047/0_98,turn_switch,episode_000047,clean,,,,final_action,gaussian_blur_sigma,1.0,,,,16604683412220122174,1591302671540779324,temporal_jerk_difference,0.0010599626693874598
gpu_1,base,clean/turn_switch/episode_000047/0_98,turn_switch,episode_000047,clean,,,,final_action,gaussian_noise_std,0.01,,,,16604683412220122174,12285946054869263813,action_relative_l2,0.04897089675068855
gpu_1,base,clean/turn_switch/episode_000047/0_98,turn_switch,episode_000047,clean,,,,final_action,gaussian_noise_std,0.01,,,,16604683412220122174,12285946054869263813,action_mean_abs,0.0066041783429682255
gpu_1,base,clean/turn_switch/episode_000047/0_98,turn_switch,episode_000047,clean,,,,final_action,gaussian_noise_std,0.01,,,,16604683412220122174,12285946054869263813,action_relative_l2/first_25pct,0.0
gpu_1,base,clean/turn_switch/episode_000047/0_98,turn_switch,episode_000047,clean,,,,final_action,gaussian_noise_std,0.01,,,,16604683412220122174,12285946054869263813,action_relative_l2/last_75pct,0.05083688348531723
gpu_1,base,clean/turn_switch/episode_000047/0_98,turn_switch,episode_000047,clean,,,,final_action,gaussian_noise_std,0.01,,,,16604683412220122174,12285946054869263813,endpoint_l2/left_position,0.03360326588153839
gpu_1,base,clean/turn_switch/episode_000047/0_98,turn_switch,episode_000047,clean,,,,final_action,gaussian_noise_std,0.01,,,,16604683412220122174,12285946054869263813,endpoint_l2/right_position,0.0025606430135667324
gpu_1,base,clean/turn_switch/episode_000047/0_98,turn_switch,episode_000047,clean,,,,final_action,gaussian_noise_std,0.01,,,,16604683412220122174,12285946054869263813,rotation_geodesic/left_rotation,0.009201345965266228
gpu_1,base,clean/turn_switch/episode_000047/0_98,turn_switch,episode_000047,clean,,,,final_action,gaussian_noise_std,0.01,,,,16604683412220122174,12285946054869263813,rotation_geodesic/right_rotation,0.031705841422080994
gpu_1,base,clean/turn_switch/episode_000047/0_98,turn_switch,episode_000047,clean,,,,final_action,gaussian_noise_std,0.01,,,,16604683412220122174,12285946054869263813,gripper_flip_rate,0.0
gpu_1,base,clean/turn_switch/episode_000047/0_98,turn_switch,episode_000047,clean,,,,final_action,gaussian_noise_std,0.01,,,,16604683412220122174,12285946054869263813,temporal_jerk_difference,0.002449578605592251
gpu_1,base,clean/turn_switch/episode_000047/0_98,turn_switch,episode_000047,clean,,,,final_action,gaussian_noise_std,0.03,,,,16604683412220122174,11263194624413296043,action_relative_l2,0.04470307379961014
gpu_1,base,clean/turn_switch/episode_000047/0_98,turn_switch,episode_000047,clean,,,,final_action,gaussian_noise_std,0.03,,,,16604683412220122174,11263194624413296043,action_mean_abs,0.006207948550581932
gpu_1,base,clean/turn_switch/episode_000047/0_98,turn_switch,episode_000047,clean,,,,final_action,gaussian_noise_std,0.03,,,,16604683412220122174,11263194624413296043,action_relative_l2/first_25pct,0.0
gpu_1,base,clean/turn_switch/episode_000047/0_98,turn_switch,episode_000047,clean,,,,final_action,gaussian_noise_std,0.03,,,,16604683412220122174,11263194624413296043,action_relative_l2/last_75pct,0.04640644043684006
gpu_1,base,clean/turn_switch/episode_000047/0_98,turn_switch,episode_000047,clean,,,,final_action,gaussian_noise_std,0.03,,,,16604683412220122174,11263194624413296043,endpoint_l2/left_position,0.02919423207640648
gpu_1,base,clean/turn_switch/episode_000047/0_98,turn_switch,episode_000047,clean,,,,final_action,gaussian_noise_std,0.03,,,,16604683412220122174,11263194624413296043,endpoint_l2/right_position,0.0013958782656118274
gpu_1,base,clean/turn_switch/episode_000047/0_98,turn_switch,episode_000047,clean,,,,final_action,gaussian_noise_std,0.03,,,,16604683412220122174,11263194624413296043,rotation_geodesic/left_rotation,0.008979461155831814
gpu_1,base,clean/turn_switch/episode_000047/0_98,turn_switch,episode_000047,clean,,,,final_action,gaussian_noise_std,0.03,,,,16604683412220122174,11263194624413296043,rotation_geodesic/right_rotation,0.04055273160338402
gpu_1,base,clean/turn_switch/episode_000047/0_98,turn_switch,episode_000047,clean,,,,final_action,gaussian_noise_std,0.03,,,,16604683412220122174,11263194624413296043,gripper_flip_rate,0.0
gpu_1,base,clean/turn_switch/episode_000047/0_98,turn_switch,episode_000047,clean,,,,final_action,gaussian_noise_std,0.03,,,,16604683412220122174,11263194624413296043,temporal_jerk_difference,0.0020926049910485744
gpu_1,base,clean/turn_switch/episode_000047/0_98,turn_switch,episode_000047,clean,,,,final_action,identity,0.0,,,,16604683412220122174,,action_relative_l2,0.0
gpu_1,base,clean/turn_switch/episode_000047/0_98,turn_switch,episode_000047,clean,,,,final_action,identity,0.0,,,,16604683412220122174,,action_mean_abs,0.0
gpu_1,base,clean/turn_switch/episode_000047/0_98,turn_switch,episode_000047,clean,,,,final_action,identity,0.0,,,,16604683412220122174,,action_relative_l2/first_25pct,0.0
gpu_1,base,clean/turn_switch/episode_000047/0_98,turn_switch,episode_000047,clean,,,,final_action,identity,0.0,,,,16604683412220122174,,action_relative_l2/last_75pct,0.0
gpu_1,base,clean/turn_switch/episode_000047/0_98,turn_switch,episode_000047,clean,,,,final_action,identity,0.0,,,,16604683412220122174,,endpoint_l2/left_position,0.0
gpu_1,base,clean/turn_switch/episode_000047/0_98,turn_switch,episode_000047,clean,,,,final_action,identity,0.0,,,,16604683412220122174,,endpoint_l2/right_position,0.0
gpu_1,base,clean/turn_switch/episode_000047/0_98,turn_switch,episode_000047,clean,,,,final_action,identity,0.0,,,,16604683412220122174,,rotation_geodesic/left_rotation,0.0002962373837362975
gpu_1,base,clean/turn_switch/episode_000047/0_98,turn_switch,episode_000047,clean,,,,final_action,identity,0.0,,,,16604683412220122174,,rotation_geodesic/right_rotation,9.525514178676531e-05
gpu_1,base,clean/turn_switch/episode_000047/0_98,turn_switch,episode_000047,clean,,,,final_action,identity,0.0,,,,16604683412220122174,,gripper_flip_rate,0.0
gpu_1,base,clean/turn_switch/episode_000047/0_98,turn_switch,episode_000047,clean,,,,final_action,identity,0.0,,,,16604683412220122174,,temporal_jerk_difference,0.0
gpu_1,clean,clean/turn_switch/episode_000047/0_98,turn_switch,episode_000047,clean,,,,final_action,brightness,0.8,,,,16604683412220122174,2894186492195837140,action_relative_l2,0.013569300994277
gpu_1,clean,clean/turn_switch/episode_000047/0_98,turn_switch,episode_000047,clean,,,,final_action,brightness,0.8,,,,16604683412220122174,2894186492195837140,action_mean_abs,0.002802595729008317
gpu_1,clean,clean/turn_switch/episode_000047/0_98,turn_switch,episode_000047,clean,,,,final_action,brightness,0.8,,,,16604683412220122174,2894186492195837140,action_relative_l2/first_25pct,0.0
gpu_1,clean,clean/turn_switch/episode_000047/0_98,turn_switch,episode_000047,clean,,,,final_action,brightness,0.8,,,,16604683412220122174,2894186492195837140,action_relative_l2/last_75pct,0.014041760936379433
gpu_1,clean,clean/turn_switch/episode_000047/0_98,turn_switch,episode_000047,clean,,,,final_action,brightness,0.8,,,,16604683412220122174,2894186492195837140,endpoint_l2/left_position,0.01177377998828888
gpu_1,clean,clean/turn_switch/episode_000047/0_98,turn_switch,episode_000047,clean,,,,final_action,brightness,0.8,,,,16604683412220122174,2894186492195837140,endpoint_l2/right_position,0.007649776991456747
gpu_1,clean,clean/turn_switch/episode_000047/0_98,turn_switch,episode_000047,clean,,,,final_action,brightness,0.8,,,,16604683412220122174,2894186492195837140,rotation_geodesic/left_rotation,0.015688056126236916
gpu_1,clean,clean/turn_switch/episode_000047/0_98,turn_switch,episode_000047,clean,,,,final_action,brightness,0.8,,,,16604683412220122174,2894186492195837140,rotation_geodesic/right_rotation,0.009256556630134583
gpu_1,clean,clean/turn_switch/episode_000047/0_98,turn_switch,episode_000047,clean,,,,final_action,brightness,0.8,,,,16604683412220122174,2894186492195837140,gripper_flip_rate,0.0
gpu_1,clean,clean/turn_switch/episode_000047/0_98,turn_switch,episode_000047,clean,,,,final_action,brightness,0.8,,,,16604683412220122174,2894186492195837140,temporal_jerk_difference,0.0021873058285564184
gpu_1,clean,clean/turn_switch/episode_000047/0_98,turn_switch,episode_000047,clean,,,,final_action,brightness,1.2,,,,16604683412220122174,3109882623584244822,action_relative_l2,0.020633922889828682
gpu_1,clean,clean/turn_switch/episode_000047/0_98,turn_switch,episode_000047,clean,,,,final_action,brightness,1.2,,,,16604683412220122174,3109882623584244822,action_mean_abs,0.003324417397379875
gpu_1,clean,clean/turn_switch/episode_000047/0_98,turn_switch,episode_000047,clean,,,,final_action,brightness,1.2,,,,16604683412220122174,3109882623584244822,action_relative_l2/first_25pct,0.0
gpu_1,clean,clean/turn_switch/episode_000047/0_98,turn_switch,episode_000047,clean,,,,final_action,brightness,1.2,,,,16604683412220122174,3109882623584244822,action_relative_l2/last_75pct,0.021352361887693405
gpu_1,clean,clean/turn_switch/episode_000047/0_98,turn_switch,episode_000047,clean,,,,final_action,brightness,1.2,,,,16604683412220122174,3109882623584244822,endpoint_l2/left_position,0.025819197297096252
gpu_1,clean,clean/turn_switch/episode_000047/0_98,turn_switch,episode_000047,clean,,,,final_action,brightness,1.2,,,,16604683412220122174,3109882623584244822,endpoint_l2/right_position,0.013292435556650162
gpu_1,clean,clean/turn_switch/episode_000047/0_98,turn_switch,episode_000047,clean,,,,final_action,brightness,1.2,,,,16604683412220122174,3109882623584244822,rotation_geodesic/left_rotation,0.01851259171962738
gpu_1,clean,clean/turn_switch/episode_000047/0_98,turn_switch,episode_000047,clean,,,,final_action,brightness,1.2,,,,16604683412220122174,3109882623584244822,rotation_geodesic/right_rotation,0.030012574046850204
gpu_1,clean,clean/turn_switch/episode_000047/0_98,turn_switch,episode_000047,clean,,,,final_action,brightness,1.2,,,,16604683412220122174,3109882623584244822,gripper_flip_rate,0.0
gpu_1,clean,clean/turn_switch/episode_000047/0_98,turn_switch,episode_000047,clean,,,,final_action,brightness,1.2,,,,16604683412220122174,3109882623584244822,temporal_jerk_difference,0.0020330233965069056
gpu_1,clean,clean/turn_switch/episode_000047/0_98,turn_switch,episode_000047,clean,,,,final_action,color_temperature,-0.1,,,,16604683412220122174,13981428570655036527,action_relative_l2,0.008907829411327839
gpu_1,clean,clean/turn_switch/episode_000047/0_98,turn_switch,episode_000047,clean,,,,final_action,color_temperature,-0.1,,,,16604683412220122174,13981428570655036527,action_mean_abs,0.0015984936617314816
gpu_1,clean,clean/turn_switch/episode_000047/0_98,turn_switch,episode_000047,clean,,,,final_action,color_temperature,-0.1,,,,16604683412220122174,13981428570655036527,action_relative_l2/first_25pct,0.0
gpu_1,clean,clean/turn_switch/episode_000047/0_98,turn_switch,episode_000047,clean,,,,final_action,color_temperature,-0.1,,,,16604683412220122174,13981428570655036527,action_relative_l2/last_75pct,0.009217984974384308
gpu_1,clean,clean/turn_switch/episode_000047/0_98,turn_switch,episode_000047,clean,,,,final_action,color_temperature,-0.1,,,,16604683412220122174,13981428570655036527,endpoint_l2/left_position,0.009559715166687965
gpu_1,clean,clean/turn_switch/episode_000047/0_98,turn_switch,episode_000047,clean,,,,final_action,color_temperature,-0.1,,,,16604683412220122174,13981428570655036527,endpoint_l2/right_position,0.003851365763694048
gpu_1,clean,clean/turn_switch/episode_000047/0_98,turn_switch,episode_000047,clean,,,,final_action,color_temperature,-0.1,,,,16604683412220122174,13981428570655036527,rotation_geodesic/left_rotation,0.008738795295357704
gpu_1,clean,clean/turn_switch/episode_000047/0_98,turn_switch,episode_000047,clean,,,,final_action,color_temperature,-0.1,,,,16604683412220122174,13981428570655036527,rotation_geodesic/right_rotation,0.010361751541495323
gpu_1,clean,clean/turn_switch/episode_000047/0_98,turn_switch,episode_000047,clean,,,,final_action,color_temperature,-0.1,,,,16604683412220122174,13981428570655036527,gripper_flip_rate,0.0
gpu_1,clean,clean/turn_switch/episode_000047/0_98,turn_switch,episode_000047,clean,,,,final_action,color_temperature,-0.1,,,,16604683412220122174,13981428570655036527,temporal_jerk_difference,0.001778144622221589
gpu_1,clean,clean/turn_switch/episode_000047/0_98,turn_switch,episode_000047,clean,,,,final_action,color_temperature,0.1,,,,16604683412220122174,7431615385873627060,action_relative_l2,0.006382129155099392
gpu_1,clean,clean/turn_switch/episode_000047/0_98,turn_switch,episode_000047,clean,,,,final_action,color_temperature,0.1,,,,16604683412220122174,7431615385873627060,action_mean_abs,0.0008232805412262678
gpu_1,clean,clean/turn_switch/episode_000047/0_98,turn_switch,episode_000047,clean,,,,final_action,color_temperature,0.1,,,,16604683412220122174,7431615385873627060,action_relative_l2/first_25pct,0.0
gpu_1,clean,clean/turn_switch/episode_000047/0_98,turn_switch,episode_000047,clean,,,,final_action,color_temperature,0.1,,,,16604683412220122174,7431615385873627060,action_relative_l2/last_75pct,0.006604344118386507
gpu_1,clean,clean/turn_switch/episode_000047/0_98,turn_switch,episode_000047,clean,,,,final_action,color_temperature,0.1,,,,16604683412220122174,7431615385873627060,endpoint_l2/left_position,0.0012059020809829235
gpu_1,clean,clean/turn_switch/episode_000047/0_98,turn_switch,episode_000047,clean,,,,final_action,color_temperature,0.1,,,,16604683412220122174,7431615385873627060,endpoint_l2/right_position,0.002441608579829335
gpu_1,clean,clean/turn_switch/episode_000047/0_98,turn_switch,episode_000047,clean,,,,final_action,color_temperature,0.1,,,,16604683412220122174,7431615385873627060,rotation_geodesic/left_rotation,0.006958156358450651
gpu_1,clean,clean/turn_switch/episode_000047/0_98,turn_switch,episode_000047,clean,,,,final_action,color_temperature,0.1,,,,16604683412220122174,7431615385873627060,rotation_geodesic/right_rotation,0.004226079210639
gpu_1,clean,clean/turn_switch/episode_000047/0_98,turn_switch,episode_000047,clean,,,,final_action,color_temperature,0.1,,,,16604683412220122174,7431615385873627060,gripper_flip_rate,0.0
gpu_1,clean,clean/turn_switch/episode_000047/0_98,turn_switch,episode_000047,clean,,,,final_action,color_temperature,0.1,,,,16604683412220122174,7431615385873627060,temporal_jerk_difference,0.0016173996264114976
gpu_1,clean,clean/turn_switch/episode_000047/0_98,turn_switch,episode_000047,clean,,,,final_action,gamma,0.8,,,,16604683412220122174,8944454782225478405,action_relative_l2,0.003869979176670313
gpu_1,clean,clean/turn_switch/episode_000047/0_98,turn_switch,episode_000047,clean,,,,final_action,gamma,0.8,,,,16604683412220122174,8944454782225478405,action_mean_abs,0.00036649618414230645
gpu_1,clean,clean/turn_switch/episode_000047/0_98,turn_switch,episode_000047,clean,,,,final_action,gamma,0.8,,,,16604683412220122174,8944454782225478405,action_relative_l2/first_25pct,0.0
gpu_1,clean,clean/turn_switch/episode_000047/0_98,turn_switch,episode_000047,clean,,,,final_action,gamma,0.8,,,,16604683412220122174,8944454782225478405,action_relative_l2/last_75pct,0.004004725255072117
gpu_1,clean,clean/turn_switch/episode_000047/0_98,turn_switch,episode_000047,clean,,,,final_action,gamma,0.8,,,,16604683412220122174,8944454782225478405,endpoint_l2/left_position,0.0007968544960021973
gpu_1,clean,clean/turn_switch/episode_000047/0_98,turn_switch,episode_000047,clean,,,,final_action,gamma,0.8,,,,16604683412220122174,8944454782225478405,endpoint_l2/right_position,0.0007645096629858017
gpu_1,clean,clean/turn_switch/episode_000047/0_98,turn_switch,episode_000047,clean,,,,final_action,gamma,0.8,,,,16604683412220122174,8944454782225478405,rotation_geodesic/left_rotation,0.0028351950459182262
gpu_1,clean,clean/turn_switch/episode_000047/0_98,turn_switch,episode_000047,clean,,,,final_action,gamma,0.8,,,,16604683412220122174,8944454782225478405,rotation_geodesic/right_rotation,0.0026015627663582563
gpu_1,clean,clean/turn_switch/episode_000047/0_98,turn_switch,episode_000047,clean,,,,final_action,gamma,0.8,,,,16604683412220122174,8944454782225478405,gripper_flip_rate,0.0
gpu_1,clean,clean/turn_switch/episode_000047/0_98,turn_switch,episode_000047,clean,,,,final_action,gamma,0.8,,,,16604683412220122174,8944454782225478405,temporal_jerk_difference,0.0010681223357096314
gpu_1,clean,clean/turn_switch/episode_000047/0_98,turn_switch,episode_000047,clean,,,,final_action,gamma,1.2,,,,16604683412220122174,12775208076006040830,action_relative_l2,0.003555315313860774
gpu_1,clean,clean/turn_switch/episode_000047/0_98,turn_switch,episode_000047,clean,,,,final_action,gamma,1.2,,,,16604683412220122174,12775208076006040830,action_mean_abs,0.00026641524164006114
gpu_1,clean,clean/turn_switch/episode_000047/0_98,turn_switch,episode_000047,clean,,,,final_action,gamma,1.2,,,,16604683412220122174,12775208076006040830,action_relative_l2/first_25pct,0.0
gpu_1,clean,clean/turn_switch/episode_000047/0_98,turn_switch,episode_000047,clean,,,,final_action,gamma,1.2,,,,16604683412220122174,12775208076006040830,action_relative_l2/last_75pct,0.0036791053134948015
gpu_1,clean,clean/turn_switch/episode_000047/0_98,turn_switch,episode_000047,clean,,,,final_action,gamma,1.2,,,,16604683412220122174,12775208076006040830,endpoint_l2/left_position,0.0007968544960021973
gpu_1,clean,clean/turn_switch/episode_000047/0_98,turn_switch,episode_000047,clean,,,,final_action,gamma,1.2,,,,16604683412220122174,12775208076006040830,endpoint_l2/right_position,0.0007645096629858017
gpu_1,clean,clean/turn_switch/episode_000047/0_98,turn_switch,episode_000047,clean,,,,final_action,gamma,1.2,,,,16604683412220122174,12775208076006040830,rotation_geodesic/left_rotation,0.0020595076493918896
gpu_1,clean,clean/turn_switch/episode_000047/0_98,turn_switch,episode_000047,clean,,,,final_action,gamma,1.2,,,,16604683412220122174,12775208076006040830,rotation_geodesic/right_rotation,0.002413710579276085
gpu_1,clean,clean/turn_switch/episode_000047/0_98,turn_switch,episode_000047,clean,,,,final_action,gamma,1.2,,,,16604683412220122174,12775208076006040830,gripper_flip_rate,0.0
gpu_1,clean,clean/turn_switch/episode_000047/0_98,turn_switch,episode_000047,clean,,,,final_action,gamma,1.2,,,,16604683412220122174,12775208076006040830,temporal_jerk_difference,0.0009072199463844299
gpu_1,clean,clean/turn_switch/episode_000047/0_98,turn_switch,episode_000047,clean,,,,final_action,gaussian_blur_sigma,0.5,,,,16604683412220122174,17406867596367059733,action_relative_l2,0.002685060491785407
gpu_1,clean,clean/turn_switch/episode_000047/0_98,turn_switch,episode_000047,clean,,,,final_action,gaussian_blur_sigma,0.5,,,,16604683412220122174,17406867596367059733,action_mean_abs,0.0001649286423344165
gpu_1,clean,clean/turn_switch/episode_000047/0_98,turn_switch,episode_000047,clean,,,,final_action,gaussian_blur_sigma,0.5,,,,16604683412220122174,17406867596367059733,action_relative_l2/first_25pct,0.0
gpu_1,clean,clean/turn_switch/episode_000047/0_98,turn_switch,episode_000047,clean,,,,final_action,gaussian_blur_sigma,0.5,,,,16604683412220122174,17406867596367059733,action_relative_l2/last_75pct,0.0027785496786236763
gpu_1,clean,clean/turn_switch/episode_000047/0_98,turn_switch,episode_000047,clean,,,,final_action,gaussian_blur_sigma,0.5,,,,16604683412220122174,17406867596367059733,endpoint_l2/left_position,0.0009191036224365234
gpu_1,clean,clean/turn_switch/episode_000047/0_98,turn_switch,episode_000047,clean,,,,final_action,gaussian_blur_sigma,0.5,,,,16604683412220122174,17406867596367059733,endpoint_l2/right_position,0.0007645096629858017
gpu_1,clean,clean/turn_switch/episode_000047/0_98,turn_switch,episode_000047,clean,,,,final_action,gaussian_blur_sigma,0.5,,,,16604683412220122174,17406867596367059733,rotation_geodesic/left_rotation,0.0013686791062355042
gpu_1,clean,clean/turn_switch/episode_000047/0_98,turn_switch,episode_000047,clean,,,,final_action,gaussian_blur_sigma,0.5,,,,16604683412220122174,17406867596367059733,rotation_geodesic/right_rotation,0.0020932131446897984
gpu_1,clean,clean/turn_switch/episode_000047/0_98,turn_switch,episode_000047,clean,,,,final_action,gaussian_blur_sigma,0.5,,,,16604683412220122174,17406867596367059733,gripper_flip_rate,0.0
gpu_1,clean,clean/turn_switch/episode_000047/0_98,turn_switch,episode_000047,clean,,,,final_action,gaussian_blur_sigma,0.5,,,,16604683412220122174,17406867596367059733,temporal_jerk_difference,0.000613759271800518
gpu_1,clean,clean/turn_switch/episode_000047/0_98,turn_switch,episode_000047,clean,,,,final_action,gaussian_blur_sigma,1.0,,,,16604683412220122174,1591302671540779324,action_relative_l2,0.007108359131962061
gpu_1,clean,clean/turn_switch/episode_000047/0_98,turn_switch,episode_000047,clean,,,,final_action,gaussian_blur_sigma,1.0,,,,16604683412220122174,1591302671540779324,action_mean_abs,0.0008880813838914037
gpu_1,clean,clean/turn_switch/episode_000047/0_98,turn_switch,episode_000047,clean,,,,final_action,gaussian_blur_sigma,1.0,,,,16604683412220122174,1591302671540779324,action_relative_l2/first_25pct,0.0
gpu_1,clean,clean/turn_switch/episode_000047/0_98,turn_switch,episode_000047,clean,,,,final_action,gaussian_blur_sigma,1.0,,,,16604683412220122174,1591302671540779324,action_relative_l2/last_75pct,0.007355860434472561
gpu_1,clean,clean/turn_switch/episode_000047/0_98,turn_switch,episode_000047,clean,,,,final_action,gaussian_blur_sigma,1.0,,,,16604683412220122174,1591302671540779324,endpoint_l2/left_position,0.014338591136038303
gpu_1,clean,clean/turn_switch/episode_000047/0_98,turn_switch,episode_000047,clean,,,,final_action,gaussian_blur_sigma,1.0,,,,16604683412220122174,1591302671540779324,endpoint_l2/right_position,0.001627538469620049
gpu_1,clean,clean/turn_switch/episode_000047/0_98,turn_switch,episode_000047,clean,,,,final_action,gaussian_blur_sigma,1.0,,,,16604683412220122174,1591302671540779324,rotation_geodesic/left_rotation,0.00860104151070118
gpu_1,clean,clean/turn_switch/episode_000047/0_98,turn_switch,episode_000047,clean,,,,final_action,gaussian_blur_sigma,1.0,,,,16604683412220122174,1591302671540779324,rotation_geodesic/right_rotation,0.0025069054681807756
gpu_1,clean,clean/turn_switch/episode_000047/0_98,turn_switch,episode_000047,clean,,,,final_action,gaussian_blur_sigma,1.0,,,,16604683412220122174,1591302671540779324,gripper_flip_rate,0.0
gpu_1,clean,clean/turn_switch/episode_000047/0_98,turn_switch,episode_000047,clean,,,,final_action,gaussian_blur_sigma,1.0,,,,16604683412220122174,1591302671540779324,temporal_jerk_difference,0.0011894152266904712
gpu_1,clean,clean/turn_switch/episode_000047/0_98,turn_switch,episode_000047,clean,,,,final_action,gaussian_noise_std,0.01,,,,16604683412220122174,12285946054869263813,action_relative_l2,0.011378271505236626
gpu_1,clean,clean/turn_switch/episode_000047/0_98,turn_switch,episode_000047,clean,,,,final_action,gaussian_noise_std,0.01,,,,16604683412220122174,12285946054869263813,action_mean_abs,0.002059661317616701
gpu_1,clean,clean/turn_switch/episode_000047/0_98,turn_switch,episode_000047,clean,,,,final_action,gaussian_noise_std,0.01,,,,16604683412220122174,12285946054869263813,action_relative_l2/first_25pct,0.0
gpu_1,clean,clean/turn_switch/episode_000047/0_98,turn_switch,episode_000047,clean,,,,final_action,gaussian_noise_std,0.01,,,,16604683412220122174,12285946054869263813,action_relative_l2/last_75pct,0.01177444402128458
gpu_1,clean,clean/turn_switch/episode_000047/0_98,turn_switch,episode_000047,clean,,,,final_action,gaussian_noise_std,0.01,,,,16604683412220122174,12285946054869263813,endpoint_l2/left_position,0.006240201648324728
gpu_1,clean,clean/turn_switch/episode_000047/0_98,turn_switch,episode_000047,clean,,,,final_action,gaussian_noise_std,0.01,,,,16604683412220122174,12285946054869263813,endpoint_l2/right_position,0.005799043923616409
gpu_1,clean,clean/turn_switch/episode_000047/0_98,turn_switch,episode_000047,clean,,,,final_action,gaussian_noise_std,0.01,,,,16604683412220122174,12285946054869263813,rotation_geodesic/left_rotation,0.013957238756120205
gpu_1,clean,clean/turn_switch/episode_000047/0_98,turn_switch,episode_000047,clean,,,,final_action,gaussian_noise_std,0.01,,,,16604683412220122174,12285946054869263813,rotation_geodesic/right_rotation,0.007798750884830952
gpu_1,clean,clean/turn_switch/episode_000047/0_98,turn_switch,episode_000047,clean,,,,final_action,gaussian_noise_std,0.01,,,,16604683412220122174,12285946054869263813,gripper_flip_rate,0.0
gpu_1,clean,clean/turn_switch/episode_000047/0_98,turn_switch,episode_000047,clean,,,,final_action,gaussian_noise_std,0.01,,,,16604683412220122174,12285946054869263813,temporal_jerk_difference,0.002128533087670803
gpu_1,clean,clean/turn_switch/episode_000047/0_98,turn_switch,episode_000047,clean,,,,final_action,gaussian_noise_std,0.03,,,,16604683412220122174,11263194624413296043,action_relative_l2,0.013298146426677704
gpu_1,clean,clean/turn_switch/episode_000047/0_98,turn_switch,episode_000047,clean,,,,final_action,gaussian_noise_std,0.03,,,,16604683412220122174,11263194624413296043,action_mean_abs,0.002757397945970297
gpu_1,clean,clean/turn_switch/episode_000047/0_98,turn_switch,episode_000047,clean,,,,final_action,gaussian_noise_std,0.03,,,,16604683412220122174,11263194624413296043,action_relative_l2/first_25pct,0.0
gpu_1,clean,clean/turn_switch/episode_000047/0_98,turn_switch,episode_000047,clean,,,,final_action,gaussian_noise_std,0.03,,,,16604683412220122174,11263194624413296043,action_relative_l2/last_75pct,0.013761165551841259
gpu_1,clean,clean/turn_switch/episode_000047/0_98,turn_switch,episode_000047,clean,,,,final_action,gaussian_noise_std,0.03,,,,16604683412220122174,11263194624413296043,endpoint_l2/left_position,0.011302098631858826
gpu_1,clean,clean/turn_switch/episode_000047/0_98,turn_switch,episode_000047,clean,,,,final_action,gaussian_noise_std,0.03,,,,16604683412220122174,11263194624413296043,endpoint_l2/right_position,0.008454266004264355
gpu_1,clean,clean/turn_switch/episode_000047/0_98,turn_switch,episode_000047,clean,,,,final_action,gaussian_noise_std,0.03,,,,16604683412220122174,11263194624413296043,rotation_geodesic/left_rotation,0.0139264902099967
gpu_1,clean,clean/turn_switch/episode_000047/0_98,turn_switch,episode_000047,clean,,,,final_action,gaussian_noise_std,0.03,,,,16604683412220122174,11263194624413296043,rotation_geodesic/right_rotation,0.009929986670613289
gpu_1,clean,clean/turn_switch/episode_000047/0_98,turn_switch,episode_000047,clean,,,,final_action,gaussian_noise_std,0.03,,,,16604683412220122174,11263194624413296043,gripper_flip_rate,0.0
gpu_1,clean,clean/turn_switch/episode_000047/0_98,turn_switch,episode_000047,clean,,,,final_action,gaussian_noise_std,0.03,,,,16604683412220122174,11263194624413296043,temporal_jerk_difference,0.002104602288454771
gpu_1,clean,clean/turn_switch/episode_000047/0_98,turn_switch,episode_000047,clean,,,,final_action,identity,0.0,,,,16604683412220122174,,action_relative_l2,0.0
gpu_1,clean,clean/turn_switch/episode_000047/0_98,turn_switch,episode_000047,clean,,,,final_action,identity,0.0,,,,16604683412220122174,,action_mean_abs,0.0
gpu_1,clean,clean/turn_switch/episode_000047/0_98,turn_switch,episode_000047,clean,,,,final_action,identity,0.0,,,,16604683412220122174,,action_relative_l2/first_25pct,0.0
gpu_1,clean,clean/turn_switch/episode_000047/0_98,turn_switch,episode_000047,clean,,,,final_action,identity,0.0,,,,16604683412220122174,,action_relative_l2/last_75pct,0.0
gpu_1,clean,clean/turn_switch/episode_000047/0_98,turn_switch,episode_000047,clean,,,,final_action,identity,0.0,,,,16604683412220122174,,endpoint_l2/left_position,0.0
gpu_1,clean,clean/turn_switch/episode_000047/0_98,turn_switch,episode_000047,clean,,,,final_action,identity,0.0,,,,16604683412220122174,,endpoint_l2/right_position,0.0
gpu_1,clean,clean/turn_switch/episode_000047/0_98,turn_switch,episode_000047,clean,,,,final_action,identity,0.0,,,,16604683412220122174,,rotation_geodesic/left_rotation,0.00017208734061568975
gpu_1,clean,clean/turn_switch/episode_000047/0_98,turn_switch,episode_000047,clean,,,,final_action,identity,0.0,,,,16604683412220122174,,rotation_geodesic/right_rotation,0.00012684926332440227
gpu_1,clean,clean/turn_switch/episode_000047/0_98,turn_switch,episode_000047,clean,,,,final_action,identity,0.0,,,,16604683412220122174,,gripper_flip_rate,0.0
gpu_1,clean,clean/turn_switch/episode_000047/0_98,turn_switch,episode_000047,clean,,,,final_action,identity,0.0,,,,16604683412220122174,,temporal_jerk_difference,0.0
gpu_1,contrastive,clean/turn_switch/episode_000047/0_98,turn_switch,episode_000047,clean,,,,final_action,brightness,0.8,,,,16604683412220122174,2894186492195837140,action_relative_l2,0.024372193962335587
gpu_1,contrastive,clean/turn_switch/episode_000047/0_98,turn_switch,episode_000047,clean,,,,final_action,brightness,0.8,,,,16604683412220122174,2894186492195837140,action_mean_abs,0.0034468192607164383
gpu_1,contrastive,clean/turn_switch/episode_000047/0_98,turn_switch,episode_000047,clean,,,,final_action,brightness,0.8,,,,16604683412220122174,2894186492195837140,action_relative_l2/first_25pct,0.0
gpu_1,contrastive,clean/turn_switch/episode_000047/0_98,turn_switch,episode_000047,clean,,,,final_action,brightness,0.8,,,,16604683412220122174,2894186492195837140,action_relative_l2/last_75pct,0.0253859031945467
gpu_1,contrastive,clean/turn_switch/episode_000047/0_98,turn_switch,episode_000047,clean,,,,final_action,brightness,0.8,,,,16604683412220122174,2894186492195837140,endpoint_l2/left_position,0.009477834217250347
gpu_1,contrastive,clean/turn_switch/episode_000047/0_98,turn_switch,episode_000047,clean,,,,final_action,brightness,0.8,,,,16604683412220122174,2894186492195837140,endpoint_l2/right_position,0.010792925022542477
gpu_1,contrastive,clean/turn_switch/episode_000047/0_98,turn_switch,episode_000047,clean,,,,final_action,brightness,0.8,,,,16604683412220122174,2894186492195837140,rotation_geodesic/left_rotation,0.009144909679889679
gpu_1,contrastive,clean/turn_switch/episode_000047/0_98,turn_switch,episode_000047,clean,,,,final_action,brightness,0.8,,,,16604683412220122174,2894186492195837140,rotation_geodesic/right_rotation,0.006943447981029749
gpu_1,contrastive,clean/turn_switch/episode_000047/0_98,turn_switch,episode_000047,clean,,,,final_action,brightness,0.8,,,,16604683412220122174,2894186492195837140,gripper_flip_rate,0.015625
gpu_1,contrastive,clean/turn_switch/episode_000047/0_98,turn_switch,episode_000047,clean,,,,final_action,brightness,0.8,,,,16604683412220122174,2894186492195837140,temporal_jerk_difference,0.0019282913999632
gpu_1,contrastive,clean/turn_switch/episode_000047/0_98,turn_switch,episode_000047,clean,,,,final_action,brightness,1.2,,,,16604683412220122174,3109882623584244822,action_relative_l2,0.011710498481988907
gpu_1,contrastive,clean/turn_switch/episode_000047/0_98,turn_switch,episode_000047,clean,,,,final_action,brightness,1.2,,,,16604683412220122174,3109882623584244822,action_mean_abs,0.0015962679171934724
gpu_1,contrastive,clean/turn_switch/episode_000047/0_98,turn_switch,episode_000047,clean,,,,final_action,brightness,1.2,,,,16604683412220122174,3109882623584244822,action_relative_l2/first_25pct,0.0
gpu_1,contrastive,clean/turn_switch/episode_000047/0_98,turn_switch,episode_000047,clean,,,,final_action,brightness,1.2,,,,16604683412220122174,3109882623584244822,action_relative_l2/last_75pct,0.012197570875287056
gpu_1,contrastive,clean/turn_switch/episode_000047/0_98,turn_switch,episode_000047,clean,,,,final_action,brightness,1.2,,,,16604683412220122174,3109882623584244822,endpoint_l2/left_position,0.004241345915943384
gpu_1,contrastive,clean/turn_switch/episode_000047/0_98,turn_switch,episode_000047,clean,,,,final_action,brightness,1.2,,,,16604683412220122174,3109882623584244822,endpoint_l2/right_position,0.0059648239985108376
gpu_1,contrastive,clean/turn_switch/episode_000047/0_98,turn_switch,episode_000047,clean,,,,final_action,brightness,1.2,,,,16604683412220122174,3109882623584244822,rotation_geodesic/left_rotation,0.006349971517920494
gpu_1,contrastive,clean/turn_switch/episode_000047/0_98,turn_switch,episode_000047,clean,,,,final_action,brightness,1.2,,,,16604683412220122174,3109882623584244822,rotation_geodesic/right_rotation,0.005472297314554453
gpu_1,contrastive,clean/turn_switch/episode_000047/0_98,turn_switch,episode_000047,clean,,,,final_action,brightness,1.2,,,,16604683412220122174,3109882623584244822,gripper_flip_rate,0.015625
gpu_1,contrastive,clean/turn_switch/episode_000047/0_98,turn_switch,episode_000047,clean,,,,final_action,brightness,1.2,,,,16604683412220122174,3109882623584244822,temporal_jerk_difference,0.001760912942700088
gpu_1,contrastive,clean/turn_switch/episode_000047/0_98,turn_switch,episode_000047,clean,,,,final_action,color_temperature,-0.1,,,,16604683412220122174,13981428570655036527,action_relative_l2,0.01459919847548008
gpu_1,contrastive,clean/turn_switch/episode_000047/0_98,turn_switch,episode_000047,clean,,,,final_action,color_temperature,-0.1,,,,16604683412220122174,13981428570655036527,action_mean_abs,0.0019271948840469122
gpu_1,contrastive,clean/turn_switch/episode_000047/0_98,turn_switch,episode_000047,clean,,,,final_action,color_temperature,-0.1,,,,16604683412220122174,13981428570655036527,action_relative_l2/first_25pct,0.0
gpu_1,contrastive,clean/turn_switch/episode_000047/0_98,turn_switch,episode_000047,clean,,,,final_action,color_temperature,-0.1,,,,16604683412220122174,13981428570655036527,action_relative_l2/last_75pct,0.015206420794129372
gpu_1,contrastive,clean/turn_switch/episode_000047/0_98,turn_switch,episode_000047,clean,,,,final_action,color_temperature,-0.1,,,,16604683412220122174,13981428570655036527,endpoint_l2/left_position,0.0037672061007469893
gpu_1,contrastive,clean/turn_switch/episode_000047/0_98,turn_switch,episode_000047,clean,,,,final_action,color_temperature,-0.1,,,,16604683412220122174,13981428570655036527,endpoint_l2/right_position,0.002751030959188938
gpu_1,contrastive,clean/turn_switch/episode_000047/0_98,turn_switch,episode_000047,clean,,,,final_action,color_temperature,-0.1,,,,16604683412220122174,13981428570655036527,rotation_geodesic/left_rotation,0.007796973455697298
gpu_1,contrastive,clean/turn_switch/episode_000047/0_98,turn_switch,episode_000047,clean,,,,final_action,color_temperature,-0.1,,,,16604683412220122174,13981428570655036527,rotation_geodesic/right_rotation,0.007275867275893688
gpu_1,contrastive,clean/turn_switch/episode_000047/0_98,turn_switch,episode_000047,clean,,,,final_action,color_temperature,-0.1,,,,16604683412220122174,13981428570655036527,gripper_flip_rate,0.015625
gpu_1,contrastive,clean/turn_switch/episode_000047/0_98,turn_switch,episode_000047,clean,,,,final_action,color_temperature,-0.1,,,,16604683412220122174,13981428570655036527,temporal_jerk_difference,0.0018165967194363475
gpu_1,contrastive,clean/turn_switch/episode_000047/0_98,turn_switch,episode_000047,clean,,,,final_action,color_temperature,0.1,,,,16604683412220122174,7431615385873627060,action_relative_l2,0.01288131158798933
gpu_1,contrastive,clean/turn_switch/episode_000047/0_98,turn_switch,episode_000047,clean,,,,final_action,color_temperature,0.1,,,,16604683412220122174,7431615385873627060,action_mean_abs,0.001852079527452588
gpu_1,contrastive,clean/turn_switch/episode_000047/0_98,turn_switch,episode_000047,clean,,,,final_action,color_temperature,0.1,,,,16604683412220122174,7431615385873627060,action_relative_l2/first_25pct,0.0
gpu_1,contrastive,clean/turn_switch/episode_000047/0_98,turn_switch,episode_000047,clean,,,,final_action,color_temperature,0.1,,,,16604683412220122174,7431615385873627060,action_relative_l2/last_75pct,0.013417081907391548
gpu_1,contrastive,clean/turn_switch/episode_000047/0_98,turn_switch,episode_000047,clean,,,,final_action,color_temperature,0.1,,,,16604683412220122174,7431615385873627060,endpoint_l2/left_position,0.003958022687584162
gpu_1,contrastive,clean/turn_switch/episode_000047/0_98,turn_switch,episode_000047,clean,,,,final_action,color_temperature,0.1,,,,16604683412220122174,7431615385873627060,endpoint_l2/right_position,0.00484256399795413
gpu_1,contrastive,clean/turn_switch/episode_000047/0_98,turn_switch,episode_000047,clean,,,,final_action,color_temperature,0.1,,,,16604683412220122174,7431615385873627060,rotation_geodesic/left_rotation,0.008572620339691639
gpu_1,contrastive,clean/turn_switch/episode_000047/0_98,turn_switch,episode_000047,clean,,,,final_action,color_temperature,0.1,,,,16604683412220122174,7431615385873627060,rotation_geodesic/right_rotation,0.004114445764571428
gpu_1,contrastive,clean/turn_switch/episode_000047/0_98,turn_switch,episode_000047,clean,,,,final_action,color_temperature,0.1,,,,16604683412220122174,7431615385873627060,gripper_flip_rate,0.015625
gpu_1,contrastive,clean/turn_switch/episode_000047/0_98,turn_switch,episode_000047,clean,,,,final_action,color_temperature,0.1,,,,16604683412220122174,7431615385873627060,temporal_jerk_difference,0.0017743704374879599
gpu_1,contrastive,clean/turn_switch/episode_000047/0_98,turn_switch,episode_000047,clean,,,,final_action,gamma,0.8,,,,16604683412220122174,8944454782225478405,action_relative_l2,0.00381264160387218
gpu_1,contrastive,clean/turn_switch/episode_000047/0_98,turn_switch,episode_000047,clean,,,,final_action,gamma,0.8,,,,16604683412220122174,8944454782225478405,action_mean_abs,0.0002438533992972225
gpu_1,contrastive,clean/turn_switch/episode_000047/0_98,turn_switch,episode_000047,clean,,,,final_action,gamma,0.8,,,,16604683412220122174,8944454782225478405,action_relative_l2/first_25pct,0.0
gpu_1,contrastive,clean/turn_switch/episode_000047/0_98,turn_switch,episode_000047,clean,,,,final_action,gamma,0.8,,,,16604683412220122174,8944454782225478405,action_relative_l2/last_75pct,0.00397121999412775
gpu_1,contrastive,clean/turn_switch/episode_000047/0_98,turn_switch,episode_000047,clean,,,,final_action,gamma,0.8,,,,16604683412220122174,8944454782225478405,endpoint_l2/left_position,0.0004595518112182617
gpu_1,contrastive,clean/turn_switch/episode_000047/0_98,turn_switch,episode_000047,clean,,,,final_action,gamma,0.8,,,,16604683412220122174,8944454782225478405,endpoint_l2/right_position,0.0009620143682695925
gpu_1,contrastive,clean/turn_switch/episode_000047/0_98,turn_switch,episode_000047,clean,,,,final_action,gamma,0.8,,,,16604683412220122174,8944454782225478405,rotation_geodesic/left_rotation,0.001445508562028408
gpu_1,contrastive,clean/turn_switch/episode_000047/0_98,turn_switch,episode_000047,clean,,,,final_action,gamma,0.8,,,,16604683412220122174,8944454782225478405,rotation_geodesic/right_rotation,0.0009141199989244342
gpu_1,contrastive,clean/turn_switch/episode_000047/0_98,turn_switch,episode_000047,clean,,,,final_action,gamma,0.8,,,,16604683412220122174,8944454782225478405,gripper_flip_rate,0.0
gpu_1,contrastive,clean/turn_switch/episode_000047/0_98,turn_switch,episode_000047,clean,,,,final_action,gamma,0.8,,,,16604683412220122174,8944454782225478405,temporal_jerk_difference,0.0009520758176222444
gpu_1,contrastive,clean/turn_switch/episode_000047/0_98,turn_switch,episode_000047,clean,,,,final_action,gamma,1.2,,,,16604683412220122174,12775208076006040830,action_relative_l2,0.0043967487290501595
gpu_1,contrastive,clean/turn_switch/episode_000047/0_98,turn_switch,episode_000047,clean,,,,final_action,gamma,1.2,,,,16604683412220122174,12775208076006040830,action_mean_abs,0.00032450573053210974
gpu_1,contrastive,clean/turn_switch/episode_000047/0_98,turn_switch,episode_000047,clean,,,,final_action,gamma,1.2,,,,16604683412220122174,12775208076006040830,action_relative_l2/first_25pct,0.0
gpu_1,contrastive,clean/turn_switch/episode_000047/0_98,turn_switch,episode_000047,clean,,,,final_action,gamma,1.2,,,,16604683412220122174,12775208076006040830,action_relative_l2/last_75pct,0.004579621832817793
gpu_1,contrastive,clean/turn_switch/episode_000047/0_98,turn_switch,episode_000047,clean,,,,final_action,gamma,1.2,,,,16604683412220122174,12775208076006040830,endpoint_l2/left_position,0.0011155355023220181
gpu_1,contrastive,clean/turn_switch/episode_000047/0_98,turn_switch,episode_000047,clean,,,,final_action,gamma,1.2,,,,16604683412220122174,12775208076006040830,endpoint_l2/right_position,0.0009620143682695925
gpu_1,contrastive,clean/turn_switch/episode_000047/0_98,turn_switch,episode_000047,clean,,,,final_action,gamma,1.2,,,,16604683412220122174,12775208076006040830,rotation_geodesic/left_rotation,0.0012202278012409806
gpu_1,contrastive,clean/turn_switch/episode_000047/0_98,turn_switch,episode_000047,clean,,,,final_action,gamma,1.2,,,,16604683412220122174,12775208076006040830,rotation_geodesic/right_rotation,0.00192646449431777
gpu_1,contrastive,clean/turn_switch/episode_000047/0_98,turn_switch,episode_000047,clean,,,,final_action,gamma,1.2,,,,16604683412220122174,12775208076006040830,gripper_flip_rate,0.0
gpu_1,contrastive,clean/turn_switch/episode_000047/0_98,turn_switch,episode_000047,clean,,,,final_action,gamma,1.2,,,,16604683412220122174,12775208076006040830,temporal_jerk_difference,0.001108950120396912
gpu_1,contrastive,clean/turn_switch/episode_000047/0_98,turn_switch,episode_000047,clean,,,,final_action,gaussian_blur_sigma,0.5,,,,16604683412220122174,17406867596367059733,action_relative_l2,0.0027256591711193323
gpu_1,contrastive,clean/turn_switch/episode_000047/0_98,turn_switch,episode_000047,clean,,,,final_action,gaussian_blur_sigma,0.5,,,,16604683412220122174,17406867596367059733,action_mean_abs,0.0001678767439443618
gpu_1,contrastive,clean/turn_switch/episode_000047/0_98,turn_switch,episode_000047,clean,,,,final_action,gaussian_blur_sigma,0.5,,,,16604683412220122174,17406867596367059733,action_relative_l2/first_25pct,0.0
gpu_1,contrastive,clean/turn_switch/episode_000047/0_98,turn_switch,episode_000047,clean,,,,final_action,gaussian_blur_sigma,0.5,,,,16604683412220122174,17406867596367059733,action_relative_l2/last_75pct,0.0028390272054821253
gpu_1,contrastive,clean/turn_switch/episode_000047/0_98,turn_switch,episode_000047,clean,,,,final_action,gaussian_blur_sigma,0.5,,,,16604683412220122174,17406867596367059733,endpoint_l2/left_position,0.0
gpu_1,contrastive,clean/turn_switch/episode_000047/0_98,turn_switch,episode_000047,clean,,,,final_action,gaussian_blur_sigma,0.5,,,,16604683412220122174,17406867596367059733,endpoint_l2/right_position,0.0
gpu_1,contrastive,clean/turn_switch/episode_000047/0_98,turn_switch,episode_000047,clean,,,,final_action,gaussian_blur_sigma,0.5,,,,16604683412220122174,17406867596367059733,rotation_geodesic/left_rotation,0.0004882815410383046
gpu_1,contrastive,clean/turn_switch/episode_000047/0_98,turn_switch,episode_000047,clean,,,,final_action,gaussian_blur_sigma,0.5,,,,16604683412220122174,17406867596367059733,rotation_geodesic/right_rotation,0.0017085963627323508
gpu_1,contrastive,clean/turn_switch/episode_000047/0_98,turn_switch,episode_000047,clean,,,,final_action,gaussian_blur_sigma,0.5,,,,16604683412220122174,17406867596367059733,gripper_flip_rate,0.0
gpu_1,contrastive,clean/turn_switch/episode_000047/0_98,turn_switch,episode_000047,clean,,,,final_action,gaussian_blur_sigma,0.5,,,,16604683412220122174,17406867596367059733,temporal_jerk_difference,0.0006827589240856469
gpu_1,contrastive,clean/turn_switch/episode_000047/0_98,turn_switch,episode_000047,clean,,,,final_action,gaussian_blur_sigma,1.0,,,,16604683412220122174,1591302671540779324,action_relative_l2,0.0036476124078035355
gpu_1,contrastive,clean/turn_switch/episode_000047/0_98,turn_switch,episode_000047,clean,,,,final_action,gaussian_blur_sigma,1.0,,,,16604683412220122174,1591302671540779324,action_mean_abs,0.0002295822778251022
gpu_1,contrastive,clean/turn_switch/episode_000047/0_98,turn_switch,episode_000047,clean,,,,final_action,gaussian_blur_sigma,1.0,,,,16604683412220122174,1591302671540779324,action_relative_l2/first_25pct,0.0
gpu_1,contrastive,clean/turn_switch/episode_000047/0_98,turn_switch,episode_000047,clean,,,,final_action,gaussian_blur_sigma,1.0,,,,16604683412220122174,1591302671540779324,action_relative_l2/last_75pct,0.0037993271835148335
gpu_1,contrastive,clean/turn_switch/episode_000047/0_98,turn_switch,episode_000047,clean,,,,final_action,gaussian_blur_sigma,1.0,,,,16604683412220122174,1591302671540779324,endpoint_l2/left_position,0.0007806755602359772
gpu_1,contrastive,clean/turn_switch/episode_000047/0_98,turn_switch,episode_000047,clean,,,,final_action,gaussian_blur_sigma,1.0,,,,16604683412220122174,1591302671540779324,endpoint_l2/right_position,0.0015191733837127686
gpu_1,contrastive,clean/turn_switch/episode_000047/0_98,turn_switch,episode_000047,clean,,,,final_action,gaussian_blur_sigma,1.0,,,,16604683412220122174,1591302671540779324,rotation_geodesic/left_rotation,0.0007319462019950151
gpu_1,contrastive,clean/turn_switch/episode_000047/0_98,turn_switch,episode_000047,clean,,,,final_action,gaussian_blur_sigma,1.0,,,,16604683412220122174,1591302671540779324,rotation_geodesic/right_rotation,0.0014345903182402253
gpu_1,contrastive,clean/turn_switch/episode_000047/0_98,turn_switch,episode_000047,clean,,,,final_action,gaussian_blur_sigma,1.0,,,,16604683412220122174,1591302671540779324,gripper_flip_rate,0.0
gpu_1,contrastive,clean/turn_switch/episode_000047/0_98,turn_switch,episode_000047,clean,,,,final_action,gaussian_blur_sigma,1.0,,,,16604683412220122174,1591302671540779324,temporal_jerk_difference,0.0008725819061510265
gpu_1,contrastive,clean/turn_switch/episode_000047/0_98,turn_switch,episode_000047,clean,,,,final_action,gaussian_noise_std,0.01,,,,16604683412220122174,12285946054869263813,action_relative_l2,0.00953791756182909
gpu_1,contrastive,clean/turn_switch/episode_000047/0_98,turn_switch,episode_000047,clean,,,,final_action,gaussian_noise_std,0.01,,,,16604683412220122174,12285946054869263813,action_mean_abs,0.001571113709360361
gpu_1,contrastive,clean/turn_switch/episode_000047/0_98,turn_switch,episode_000047,clean,,,,final_action,gaussian_noise_std,0.01,,,,16604683412220122174,12285946054869263813,action_relative_l2/first_25pct,0.0
gpu_1,contrastive,clean/turn_switch/episode_000047/0_98,turn_switch,episode_000047,clean,,,,final_action,gaussian_noise_std,0.01,,,,16604683412220122174,12285946054869263813,action_relative_l2/last_75pct,0.009934626519680023
gpu_1,contrastive,clean/turn_switch/episode_000047/0_98,turn_switch,episode_000047,clean,,,,final_action,gaussian_noise_std,0.01,,,,16604683412220122174,12285946054869263813,endpoint_l2/left_position,0.0037672061007469893
gpu_1,contrastive,clean/turn_switch/episode_000047/0_98,turn_switch,episode_000047,clean,,,,final_action,gaussian_noise_std,0.01,,,,16604683412220122174,12285946054869263813,endpoint_l2/right_position,0.004653208889067173
gpu_1,contrastive,clean/turn_switch/episode_000047/0_98,turn_switch,episode_000047,clean,,,,final_action,gaussian_noise_std,0.01,,,,16604683412220122174,12285946054869263813,rotation_geodesic/left_rotation,0.0038650461938232183
gpu_1,contrastive,clean/turn_switch/episode_000047/0_98,turn_switch,episode_000047,clean,,,,final_action,gaussian_noise_std,0.01,,,,16604683412220122174,12285946054869263813,rotation_geodesic/right_rotation,0.009000916965305805
gpu_1,contrastive,clean/turn_switch/episode_000047/0_98,turn_switch,episode_000047,clean,,,,final_action,gaussian_noise_std,0.01,,,,16604683412220122174,12285946054869263813,gripper_flip_rate,0.0
gpu_1,contrastive,clean/turn_switch/episode_000047/0_98,turn_switch,episode_000047,clean,,,,final_action,gaussian_noise_std,0.01,,,,16604683412220122174,12285946054869263813,temporal_jerk_difference,0.0017285660142078996
gpu_1,contrastive,clean/turn_switch/episode_000047/0_98,turn_switch,episode_000047,clean,,,,final_action,gaussian_noise_std,0.03,,,,16604683412220122174,11263194624413296043,action_relative_l2,0.01756790466606617
gpu_1,contrastive,clean/turn_switch/episode_000047/0_98,turn_switch,episode_000047,clean,,,,final_action,gaussian_noise_std,0.03,,,,16604683412220122174,11263194624413296043,action_mean_abs,0.0031231376342475414
gpu_1,contrastive,clean/turn_switch/episode_000047/0_98,turn_switch,episode_000047,clean,,,,final_action,gaussian_noise_std,0.03,,,,16604683412220122174,11263194624413296043,action_relative_l2/first_25pct,0.0
gpu_1,contrastive,clean/turn_switch/episode_000047/0_98,turn_switch,episode_000047,clean,,,,final_action,gaussian_noise_std,0.03,,,,16604683412220122174,11263194624413296043,action_relative_l2/last_75pct,0.01829860359430313
gpu_1,contrastive,clean/turn_switch/episode_000047/0_98,turn_switch,episode_000047,clean,,,,final_action,gaussian_noise_std,0.03,,,,16604683412220122174,11263194624413296043,endpoint_l2/left_position,0.009866036474704742
gpu_1,contrastive,clean/turn_switch/episode_000047/0_98,turn_switch,episode_000047,clean,,,,final_action,gaussian_noise_std,0.03,,,,16604683412220122174,11263194624413296043,endpoint_l2/right_position,0.007716351188719273
gpu_1,contrastive,clean/turn_switch/episode_000047/0_98,turn_switch,episode_000047,clean,,,,final_action,gaussian_noise_std,0.03,,,,16604683412220122174,11263194624413296043,rotation_geodesic/left_rotation,0.00806574709713459
gpu_1,contrastive,clean/turn_switch/episode_000047/0_98,turn_switch,episode_000047,clean,,,,final_action,gaussian_noise_std,0.03,,,,16604683412220122174,11263194624413296043,rotation_geodesic/right_rotation,0.011082065291702747
gpu_1,contrastive,clean/turn_switch/episode_000047/0_98,turn_switch,episode_000047,clean,,,,final_action,gaussian_noise_std,0.03,,,,16604683412220122174,11263194624413296043,gripper_flip_rate,0.015625
gpu_1,contrastive,clean/turn_switch/episode_000047/0_98,turn_switch,episode_000047,clean,,,,final_action,gaussian_noise_std,0.03,,,,16604683412220122174,11263194624413296043,temporal_jerk_difference,0.00203262479044497
gpu_1,contrastive,clean/turn_switch/episode_000047/0_98,turn_switch,episode_000047,clean,,,,final_action,identity,0.0,,,,16604683412220122174,,action_relative_l2,0.0
gpu_1,contrastive,clean/turn_switch/episode_000047/0_98,turn_switch,episode_000047,clean,,,,final_action,identity,0.0,,,,16604683412220122174,,action_mean_abs,0.0
gpu_1,contrastive,clean/turn_switch/episode_000047/0_98,turn_switch,episode_000047,clean,,,,final_action,identity,0.0,,,,16604683412220122174,,action_relative_l2/first_25pct,0.0
gpu_1,contrastive,clean/turn_switch/episode_000047/0_98,turn_switch,episode_000047,clean,,,,final_action,identity,0.0,,,,16604683412220122174,,action_relative_l2/last_75pct,0.0
gpu_1,contrastive,clean/turn_switch/episode_000047/0_98,turn_switch,episode_000047,clean,,,,final_action,identity,0.0,,,,16604683412220122174,,endpoint_l2/left_position,0.0
gpu_1,contrastive,clean/turn_switch/episode_000047/0_98,turn_switch,episode_000047,clean,,,,final_action,identity,0.0,,,,16604683412220122174,,endpoint_l2/right_position,0.0
gpu_1,contrastive,clean/turn_switch/episode_000047/0_98,turn_switch,episode_000047,clean,,,,final_action,identity,0.0,,,,16604683412220122174,,rotation_geodesic/left_rotation,0.0
gpu_1,contrastive,clean/turn_switch/episode_000047/0_98,turn_switch,episode_000047,clean,,,,final_action,identity,0.0,,,,16604683412220122174,,rotation_geodesic/right_rotation,0.0002173254470108077
gpu_1,contrastive,clean/turn_switch/episode_000047/0_98,turn_switch,episode_000047,clean,,,,final_action,identity,0.0,,,,16604683412220122174,,gripper_flip_rate,0.0
gpu_1,contrastive,clean/turn_switch/episode_000047/0_98,turn_switch,episode_000047,clean,,,,final_action,identity,0.0,,,,16604683412220122174,,temporal_jerk_difference,0.0
