run_id,checkpoint,sample_id,task,episode_or_seed,domain,c2r_split,progress_bin,layer,token_group,perturbation,severity,timestep_quantile,timestep,sigma,noise_seed,transform_seed,metric_name,metric_value,direction_group
stage0_full_001,base,clean/adjust_bottle/episode_000044/0_139,adjust_bottle,episode_000044,clean,,,,action_velocity,direction_photo,0.5,0.25,750.0,0.75,13788209987369430635,,centered_directional_fd,0.0,nuisance
stage0_full_001,base,clean/adjust_bottle/episode_000044/0_139,adjust_bottle,episode_000044,clean,,,,action_velocity,direction_photo,0.5,0.5,500.0,0.5,13788209987369430635,,centered_directional_fd,0.0,nuisance
stage0_full_001,base,clean/adjust_bottle/episode_000044/0_139,adjust_bottle,episode_000044,clean,,,,action_velocity,direction_photo,0.5,0.75,251.00001525878906,0.2510000169277191,13788209987369430635,,centered_directional_fd,0.0,nuisance
stage0_full_001,base,clean/adjust_bottle/episode_000044/0_139,adjust_bottle,episode_000044,clean,,,,action_velocity,direction_photo,1.0,0.25,750.0,0.75,13788209987369430635,,centered_directional_fd,0.0,nuisance
stage0_full_001,base,clean/adjust_bottle/episode_000044/0_139,adjust_bottle,episode_000044,clean,,,,action_velocity,direction_photo,1.0,0.5,500.0,0.5,13788209987369430635,,centered_directional_fd,0.0,nuisance
stage0_full_001,base,clean/adjust_bottle/episode_000044/0_139,adjust_bottle,episode_000044,clean,,,,action_velocity,direction_photo,1.0,0.75,251.00001525878906,0.2510000169277191,13788209987369430635,,centered_directional_fd,0.0,nuisance
stage0_full_001,base,clean/adjust_bottle/episode_000044/0_139,adjust_bottle,episode_000044,clean,,,,action_velocity,direction_geometry,0.5,0.25,750.0,0.75,13788209987369430635,,centered_directional_fd,0.1774146556854248,signal
stage0_full_001,base,clean/adjust_bottle/episode_000044/0_139,adjust_bottle,episode_000044,clean,,,,action_velocity,direction_geometry,0.5,0.5,500.0,0.5,13788209987369430635,,centered_directional_fd,0.1949368268251419,signal
stage0_full_001,base,clean/adjust_bottle/episode_000044/0_139,adjust_bottle,episode_000044,clean,,,,action_velocity,direction_geometry,0.5,0.75,251.00001525878906,0.2510000169277191,13788209987369430635,,centered_directional_fd,0.2634735107421875,signal
stage0_full_001,base,clean/adjust_bottle/episode_000044/0_139,adjust_bottle,episode_000044,clean,,,,action_velocity,direction_geometry,1.0,0.25,750.0,0.75,13788209987369430635,,centered_directional_fd,0.09984663873910904,signal
stage0_full_001,base,clean/adjust_bottle/episode_000044/0_139,adjust_bottle,episode_000044,clean,,,,action_velocity,direction_geometry,1.0,0.5,500.0,0.5,13788209987369430635,,centered_directional_fd,0.10185432434082031,signal
stage0_full_001,base,clean/adjust_bottle/episode_000044/0_139,adjust_bottle,episode_000044,clean,,,,action_velocity,direction_geometry,1.0,0.75,251.00001525878906,0.2510000169277191,13788209987369430635,,centered_directional_fd,0.1702406257390976,signal
stage0_full_001,base,clean/adjust_bottle/episode_000044/0_139,adjust_bottle,episode_000044,clean,,,,action_velocity,,0.5,0.25,,,,,directional_selectivity,177414655685.4248,
stage0_full_001,base,clean/adjust_bottle/episode_000044/0_139,adjust_bottle,episode_000044,clean,,,,action_velocity,,0.5,0.25,,,,,directional_selectivity,177414655685.4248,
stage0_full_001,base,clean/adjust_bottle/episode_000044/0_139,adjust_bottle,episode_000044,clean,,,,action_velocity,,1.0,0.25,,,,,directional_selectivity,99846638739.10904,
stage0_full_001,base,clean/adjust_bottle/episode_000044/0_139,adjust_bottle,episode_000044,clean,,,,action_velocity,,1.0,0.25,,,,,directional_selectivity,99846638739.10904,
stage0_full_001,base,clean/adjust_bottle/episode_000044/0_139,adjust_bottle,episode_000044,clean,,,,action_velocity,,0.5,0.5,,,,,directional_selectivity,194936826825.1419,
stage0_full_001,base,clean/adjust_bottle/episode_000044/0_139,adjust_bottle,episode_000044,clean,,,,action_velocity,,0.5,0.5,,,,,directional_selectivity,194936826825.1419,
stage0_full_001,base,clean/adjust_bottle/episode_000044/0_139,adjust_bottle,episode_000044,clean,,,,action_velocity,,1.0,0.5,,,,,directional_selectivity,101854324340.82031,
stage0_full_001,base,clean/adjust_bottle/episode_000044/0_139,adjust_bottle,episode_000044,clean,,,,action_velocity,,1.0,0.5,,,,,directional_selectivity,101854324340.82031,
stage0_full_001,base,clean/adjust_bottle/episode_000044/0_139,adjust_bottle,episode_000044,clean,,,,action_velocity,,0.5,0.75,,,,,directional_selectivity,263473510742.1875,
stage0_full_001,base,clean/adjust_bottle/episode_000044/0_139,adjust_bottle,episode_000044,clean,,,,action_velocity,,0.5,0.75,,,,,directional_selectivity,263473510742.1875,
stage0_full_001,base,clean/adjust_bottle/episode_000044/0_139,adjust_bottle,episode_000044,clean,,,,action_velocity,,1.0,0.75,,,,,directional_selectivity,170240625739.0976,
stage0_full_001,base,clean/adjust_bottle/episode_000044/0_139,adjust_bottle,episode_000044,clean,,,,action_velocity,,1.0,0.75,,,,,directional_selectivity,170240625739.0976,
stage0_full_001,base,clean/beat_block_hammer/episode_000035/0_109,beat_block_hammer,episode_000035,clean,,,,action_velocity,direction_photo,0.5,0.25,750.0,0.75,6638251237087193106,,centered_directional_fd,0.0,nuisance
stage0_full_001,base,clean/beat_block_hammer/episode_000035/0_109,beat_block_hammer,episode_000035,clean,,,,action_velocity,direction_photo,0.5,0.5,500.0,0.5,6638251237087193106,,centered_directional_fd,0.0,nuisance
stage0_full_001,base,clean/beat_block_hammer/episode_000035/0_109,beat_block_hammer,episode_000035,clean,,,,action_velocity,direction_photo,0.5,0.75,251.00001525878906,0.2510000169277191,6638251237087193106,,centered_directional_fd,0.0,nuisance
stage0_full_001,base,clean/beat_block_hammer/episode_000035/0_109,beat_block_hammer,episode_000035,clean,,,,action_velocity,direction_photo,1.0,0.25,750.0,0.75,6638251237087193106,,centered_directional_fd,0.0,nuisance
stage0_full_001,base,clean/beat_block_hammer/episode_000035/0_109,beat_block_hammer,episode_000035,clean,,,,action_velocity,direction_photo,1.0,0.5,500.0,0.5,6638251237087193106,,centered_directional_fd,0.0,nuisance
stage0_full_001,base,clean/beat_block_hammer/episode_000035/0_109,beat_block_hammer,episode_000035,clean,,,,action_velocity,direction_photo,1.0,0.75,251.00001525878906,0.2510000169277191,6638251237087193106,,centered_directional_fd,0.0,nuisance
stage0_full_001,base,clean/beat_block_hammer/episode_000035/0_109,beat_block_hammer,episode_000035,clean,,,,action_velocity,direction_geometry,0.5,0.25,750.0,0.75,6638251237087193106,,centered_directional_fd,0.18614386022090912,signal
stage0_full_001,base,clean/beat_block_hammer/episode_000035/0_109,beat_block_hammer,episode_000035,clean,,,,action_velocity,direction_geometry,0.5,0.5,500.0,0.5,6638251237087193106,,centered_directional_fd,0.19532440602779388,signal
stage0_full_001,base,clean/beat_block_hammer/episode_000035/0_109,beat_block_hammer,episode_000035,clean,,,,action_velocity,direction_geometry,0.5,0.75,251.00001525878906,0.2510000169277191,6638251237087193106,,centered_directional_fd,0.2830088436603546,signal
stage0_full_001,base,clean/beat_block_hammer/episode_000035/0_109,beat_block_hammer,episode_000035,clean,,,,action_velocity,direction_geometry,1.0,0.25,750.0,0.75,6638251237087193106,,centered_directional_fd,0.08599813282489777,signal
stage0_full_001,base,clean/beat_block_hammer/episode_000035/0_109,beat_block_hammer,episode_000035,clean,,,,action_velocity,direction_geometry,1.0,0.5,500.0,0.5,6638251237087193106,,centered_directional_fd,0.0978555977344513,signal
stage0_full_001,base,clean/beat_block_hammer/episode_000035/0_109,beat_block_hammer,episode_000035,clean,,,,action_velocity,direction_geometry,1.0,0.75,251.00001525878906,0.2510000169277191,6638251237087193106,,centered_directional_fd,0.13476167619228363,signal
stage0_full_001,base,clean/beat_block_hammer/episode_000035/0_109,beat_block_hammer,episode_000035,clean,,,,action_velocity,,0.5,0.25,,,,,directional_selectivity,186143860220.90912,
stage0_full_001,base,clean/beat_block_hammer/episode_000035/0_109,beat_block_hammer,episode_000035,clean,,,,action_velocity,,0.5,0.25,,,,,directional_selectivity,186143860220.90912,
stage0_full_001,base,clean/beat_block_hammer/episode_000035/0_109,beat_block_hammer,episode_000035,clean,,,,action_velocity,,1.0,0.25,,,,,directional_selectivity,85998132824.89777,
stage0_full_001,base,clean/beat_block_hammer/episode_000035/0_109,beat_block_hammer,episode_000035,clean,,,,action_velocity,,1.0,0.25,,,,,directional_selectivity,85998132824.89777,
stage0_full_001,base,clean/beat_block_hammer/episode_000035/0_109,beat_block_hammer,episode_000035,clean,,,,action_velocity,,0.5,0.5,,,,,directional_selectivity,195324406027.79388,
stage0_full_001,base,clean/beat_block_hammer/episode_000035/0_109,beat_block_hammer,episode_000035,clean,,,,action_velocity,,0.5,0.5,,,,,directional_selectivity,195324406027.79388,
stage0_full_001,base,clean/beat_block_hammer/episode_000035/0_109,beat_block_hammer,episode_000035,clean,,,,action_velocity,,1.0,0.5,,,,,directional_selectivity,97855597734.4513,
stage0_full_001,base,clean/beat_block_hammer/episode_000035/0_109,beat_block_hammer,episode_000035,clean,,,,action_velocity,,1.0,0.5,,,,,directional_selectivity,97855597734.4513,
stage0_full_001,base,clean/beat_block_hammer/episode_000035/0_109,beat_block_hammer,episode_000035,clean,,,,action_velocity,,0.5,0.75,,,,,directional_selectivity,283008843660.3546,
stage0_full_001,base,clean/beat_block_hammer/episode_000035/0_109,beat_block_hammer,episode_000035,clean,,,,action_velocity,,0.5,0.75,,,,,directional_selectivity,283008843660.3546,
stage0_full_001,base,clean/beat_block_hammer/episode_000035/0_109,beat_block_hammer,episode_000035,clean,,,,action_velocity,,1.0,0.75,,,,,directional_selectivity,134761676192.28363,
stage0_full_001,base,clean/beat_block_hammer/episode_000035/0_109,beat_block_hammer,episode_000035,clean,,,,action_velocity,,1.0,0.75,,,,,directional_selectivity,134761676192.28363,
stage0_full_001,base,clean/blocks_ranking_rgb/episode_000039/0_464,blocks_ranking_rgb,episode_000039,clean,,,,action_velocity,direction_photo,0.5,0.25,750.0,0.75,2852135134852260049,,centered_directional_fd,0.0,nuisance
stage0_full_001,base,clean/blocks_ranking_rgb/episode_000039/0_464,blocks_ranking_rgb,episode_000039,clean,,,,action_velocity,direction_photo,0.5,0.5,500.0,0.5,2852135134852260049,,centered_directional_fd,0.0,nuisance
stage0_full_001,base,clean/blocks_ranking_rgb/episode_000039/0_464,blocks_ranking_rgb,episode_000039,clean,,,,action_velocity,direction_photo,0.5,0.75,251.00001525878906,0.2510000169277191,2852135134852260049,,centered_directional_fd,0.0,nuisance
stage0_full_001,base,clean/blocks_ranking_rgb/episode_000039/0_464,blocks_ranking_rgb,episode_000039,clean,,,,action_velocity,direction_photo,1.0,0.25,750.0,0.75,2852135134852260049,,centered_directional_fd,0.0,nuisance
stage0_full_001,base,clean/blocks_ranking_rgb/episode_000039/0_464,blocks_ranking_rgb,episode_000039,clean,,,,action_velocity,direction_photo,1.0,0.5,500.0,0.5,2852135134852260049,,centered_directional_fd,0.0,nuisance
stage0_full_001,base,clean/blocks_ranking_rgb/episode_000039/0_464,blocks_ranking_rgb,episode_000039,clean,,,,action_velocity,direction_photo,1.0,0.75,251.00001525878906,0.2510000169277191,2852135134852260049,,centered_directional_fd,0.0,nuisance
stage0_full_001,base,clean/blocks_ranking_rgb/episode_000039/0_464,blocks_ranking_rgb,episode_000039,clean,,,,action_velocity,direction_geometry,0.5,0.25,750.0,0.75,2852135134852260049,,centered_directional_fd,0.0,signal
stage0_full_001,base,clean/blocks_ranking_rgb/episode_000039/0_464,blocks_ranking_rgb,episode_000039,clean,,,,action_velocity,direction_geometry,0.5,0.5,500.0,0.5,2852135134852260049,,centered_directional_fd,0.0,signal
stage0_full_001,base,clean/blocks_ranking_rgb/episode_000039/0_464,blocks_ranking_rgb,episode_000039,clean,,,,action_velocity,direction_geometry,0.5,0.75,251.00001525878906,0.2510000169277191,2852135134852260049,,centered_directional_fd,0.0,signal
stage0_full_001,base,clean/blocks_ranking_rgb/episode_000039/0_464,blocks_ranking_rgb,episode_000039,clean,,,,action_velocity,direction_geometry,1.0,0.25,750.0,0.75,2852135134852260049,,centered_directional_fd,0.1920005977153778,signal
stage0_full_001,base,clean/blocks_ranking_rgb/episode_000039/0_464,blocks_ranking_rgb,episode_000039,clean,,,,action_velocity,direction_geometry,1.0,0.5,500.0,0.5,2852135134852260049,,centered_directional_fd,0.2056330442428589,signal
stage0_full_001,base,clean/blocks_ranking_rgb/episode_000039/0_464,blocks_ranking_rgb,episode_000039,clean,,,,action_velocity,direction_geometry,1.0,0.75,251.00001525878906,0.2510000169277191,2852135134852260049,,centered_directional_fd,0.2564980387687683,signal
stage0_full_001,base,clean/blocks_ranking_rgb/episode_000039/0_464,blocks_ranking_rgb,episode_000039,clean,,,,action_velocity,,0.5,0.25,,,,,directional_selectivity,0.0,
stage0_full_001,base,clean/blocks_ranking_rgb/episode_000039/0_464,blocks_ranking_rgb,episode_000039,clean,,,,action_velocity,,0.5,0.25,,,,,directional_selectivity,0.0,
stage0_full_001,base,clean/blocks_ranking_rgb/episode_000039/0_464,blocks_ranking_rgb,episode_000039,clean,,,,action_velocity,,1.0,0.25,,,,,directional_selectivity,192000597715.3778,
stage0_full_001,base,clean/blocks_ranking_rgb/episode_000039/0_464,blocks_ranking_rgb,episode_000039,clean,,,,action_velocity,,1.0,0.25,,,,,directional_selectivity,192000597715.3778,
stage0_full_001,base,clean/blocks_ranking_rgb/episode_000039/0_464,blocks_ranking_rgb,episode_000039,clean,,,,action_velocity,,0.5,0.5,,,,,directional_selectivity,0.0,
stage0_full_001,base,clean/blocks_ranking_rgb/episode_000039/0_464,blocks_ranking_rgb,episode_000039,clean,,,,action_velocity,,0.5,0.5,,,,,directional_selectivity,0.0,
stage0_full_001,base,clean/blocks_ranking_rgb/episode_000039/0_464,blocks_ranking_rgb,episode_000039,clean,,,,action_velocity,,1.0,0.5,,,,,directional_selectivity,205633044242.8589,
stage0_full_001,base,clean/blocks_ranking_rgb/episode_000039/0_464,blocks_ranking_rgb,episode_000039,clean,,,,action_velocity,,1.0,0.5,,,,,directional_selectivity,205633044242.8589,
stage0_full_001,base,clean/blocks_ranking_rgb/episode_000039/0_464,blocks_ranking_rgb,episode_000039,clean,,,,action_velocity,,0.5,0.75,,,,,directional_selectivity,0.0,
stage0_full_001,base,clean/blocks_ranking_rgb/episode_000039/0_464,blocks_ranking_rgb,episode_000039,clean,,,,action_velocity,,0.5,0.75,,,,,directional_selectivity,0.0,
stage0_full_001,base,clean/blocks_ranking_rgb/episode_000039/0_464,blocks_ranking_rgb,episode_000039,clean,,,,action_velocity,,1.0,0.75,,,,,directional_selectivity,256498038768.7683,
stage0_full_001,base,clean/blocks_ranking_rgb/episode_000039/0_464,blocks_ranking_rgb,episode_000039,clean,,,,action_velocity,,1.0,0.75,,,,,directional_selectivity,256498038768.7683,
stage0_full_001,base,clean/blocks_ranking_size/episode_000042/0_478,blocks_ranking_size,episode_000042,clean,,,,action_velocity,direction_photo,0.5,0.25,750.0,0.75,12174564400862382112,,centered_directional_fd,0.0,nuisance
stage0_full_001,base,clean/blocks_ranking_size/episode_000042/0_478,blocks_ranking_size,episode_000042,clean,,,,action_velocity,direction_photo,0.5,0.5,500.0,0.5,12174564400862382112,,centered_directional_fd,0.0,nuisance
stage0_full_001,base,clean/blocks_ranking_size/episode_000042/0_478,blocks_ranking_size,episode_000042,clean,,,,action_velocity,direction_photo,0.5,0.75,251.00001525878906,0.2510000169277191,12174564400862382112,,centered_directional_fd,0.0,nuisance
stage0_full_001,base,clean/blocks_ranking_size/episode_000042/0_478,blocks_ranking_size,episode_000042,clean,,,,action_velocity,direction_photo,1.0,0.25,750.0,0.75,12174564400862382112,,centered_directional_fd,0.0,nuisance
stage0_full_001,base,clean/blocks_ranking_size/episode_000042/0_478,blocks_ranking_size,episode_000042,clean,,,,action_velocity,direction_photo,1.0,0.5,500.0,0.5,12174564400862382112,,centered_directional_fd,0.0,nuisance
stage0_full_001,base,clean/blocks_ranking_size/episode_000042/0_478,blocks_ranking_size,episode_000042,clean,,,,action_velocity,direction_photo,1.0,0.75,251.00001525878906,0.2510000169277191,12174564400862382112,,centered_directional_fd,0.0,nuisance
stage0_full_001,base,clean/blocks_ranking_size/episode_000042/0_478,blocks_ranking_size,episode_000042,clean,,,,action_velocity,direction_geometry,0.5,0.25,750.0,0.75,12174564400862382112,,centered_directional_fd,0.0,signal
stage0_full_001,base,clean/blocks_ranking_size/episode_000042/0_478,blocks_ranking_size,episode_000042,clean,,,,action_velocity,direction_geometry,0.5,0.5,500.0,0.5,12174564400862382112,,centered_directional_fd,0.0,signal
stage0_full_001,base,clean/blocks_ranking_size/episode_000042/0_478,blocks_ranking_size,episode_000042,clean,,,,action_velocity,direction_geometry,0.5,0.75,251.00001525878906,0.2510000169277191,12174564400862382112,,centered_directional_fd,0.0,signal
stage0_full_001,base,clean/blocks_ranking_size/episode_000042/0_478,blocks_ranking_size,episode_000042,clean,,,,action_velocity,direction_geometry,1.0,0.25,750.0,0.75,12174564400862382112,,centered_directional_fd,0.20957735180854797,signal
stage0_full_001,base,clean/blocks_ranking_size/episode_000042/0_478,blocks_ranking_size,episode_000042,clean,,,,action_velocity,direction_geometry,1.0,0.5,500.0,0.5,12174564400862382112,,centered_directional_fd,0.23323120176792145,signal
stage0_full_001,base,clean/blocks_ranking_size/episode_000042/0_478,blocks_ranking_size,episode_000042,clean,,,,action_velocity,direction_geometry,1.0,0.75,251.00001525878906,0.2510000169277191,12174564400862382112,,centered_directional_fd,0.3510324954986572,signal
stage0_full_001,base,clean/blocks_ranking_size/episode_000042/0_478,blocks_ranking_size,episode_000042,clean,,,,action_velocity,,0.5,0.25,,,,,directional_selectivity,0.0,
stage0_full_001,base,clean/blocks_ranking_size/episode_000042/0_478,blocks_ranking_size,episode_000042,clean,,,,action_velocity,,0.5,0.25,,,,,directional_selectivity,0.0,
stage0_full_001,base,clean/blocks_ranking_size/episode_000042/0_478,blocks_ranking_size,episode_000042,clean,,,,action_velocity,,1.0,0.25,,,,,directional_selectivity,209577351808.54797,
stage0_full_001,base,clean/blocks_ranking_size/episode_000042/0_478,blocks_ranking_size,episode_000042,clean,,,,action_velocity,,1.0,0.25,,,,,directional_selectivity,209577351808.54797,
stage0_full_001,base,clean/blocks_ranking_size/episode_000042/0_478,blocks_ranking_size,episode_000042,clean,,,,action_velocity,,0.5,0.5,,,,,directional_selectivity,0.0,
stage0_full_001,base,clean/blocks_ranking_size/episode_000042/0_478,blocks_ranking_size,episode_000042,clean,,,,action_velocity,,0.5,0.5,,,,,directional_selectivity,0.0,
stage0_full_001,base,clean/blocks_ranking_size/episode_000042/0_478,blocks_ranking_size,episode_000042,clean,,,,action_velocity,,1.0,0.5,,,,,directional_selectivity,233231201767.92145,
stage0_full_001,base,clean/blocks_ranking_size/episode_000042/0_478,blocks_ranking_size,episode_000042,clean,,,,action_velocity,,1.0,0.5,,,,,directional_selectivity,233231201767.92145,
stage0_full_001,base,clean/blocks_ranking_size/episode_000042/0_478,blocks_ranking_size,episode_000042,clean,,,,action_velocity,,0.5,0.75,,,,,directional_selectivity,0.0,
stage0_full_001,base,clean/blocks_ranking_size/episode_000042/0_478,blocks_ranking_size,episode_000042,clean,,,,action_velocity,,0.5,0.75,,,,,directional_selectivity,0.0,
stage0_full_001,base,clean/blocks_ranking_size/episode_000042/0_478,blocks_ranking_size,episode_000042,clean,,,,action_velocity,,1.0,0.75,,,,,directional_selectivity,351032495498.6572,
stage0_full_001,base,clean/blocks_ranking_size/episode_000042/0_478,blocks_ranking_size,episode_000042,clean,,,,action_velocity,,1.0,0.75,,,,,directional_selectivity,351032495498.6572,
stage0_full_001,base,clean/click_alarmclock/episode_000040/0_76,click_alarmclock,episode_000040,clean,,,,action_velocity,direction_photo,0.5,0.25,750.0,0.75,3456786071859825307,,centered_directional_fd,0.0,nuisance
stage0_full_001,base,clean/click_alarmclock/episode_000040/0_76,click_alarmclock,episode_000040,clean,,,,action_velocity,direction_photo,0.5,0.5,500.0,0.5,3456786071859825307,,centered_directional_fd,0.0,nuisance
stage0_full_001,base,clean/click_alarmclock/episode_000040/0_76,click_alarmclock,episode_000040,clean,,,,action_velocity,direction_photo,0.5,0.75,251.00001525878906,0.2510000169277191,3456786071859825307,,centered_directional_fd,0.0,nuisance
stage0_full_001,base,clean/click_alarmclock/episode_000040/0_76,click_alarmclock,episode_000040,clean,,,,action_velocity,direction_photo,1.0,0.25,750.0,0.75,3456786071859825307,,centered_directional_fd,0.0,nuisance
stage0_full_001,base,clean/click_alarmclock/episode_000040/0_76,click_alarmclock,episode_000040,clean,,,,action_velocity,direction_photo,1.0,0.5,500.0,0.5,3456786071859825307,,centered_directional_fd,0.0,nuisance
stage0_full_001,base,clean/click_alarmclock/episode_000040/0_76,click_alarmclock,episode_000040,clean,,,,action_velocity,direction_photo,1.0,0.75,251.00001525878906,0.2510000169277191,3456786071859825307,,centered_directional_fd,0.0,nuisance
stage0_full_001,base,clean/click_alarmclock/episode_000040/0_76,click_alarmclock,episode_000040,clean,,,,action_velocity,direction_geometry,0.5,0.25,750.0,0.75,3456786071859825307,,centered_directional_fd,0.1326824277639389,signal
stage0_full_001,base,clean/click_alarmclock/episode_000040/0_76,click_alarmclock,episode_000040,clean,,,,action_velocity,direction_geometry,0.5,0.5,500.0,0.5,3456786071859825307,,centered_directional_fd,0.15348079800605774,signal
stage0_full_001,base,clean/click_alarmclock/episode_000040/0_76,click_alarmclock,episode_000040,clean,,,,action_velocity,direction_geometry,0.5,0.75,251.00001525878906,0.2510000169277191,3456786071859825307,,centered_directional_fd,0.24194568395614624,signal
stage0_full_001,base,clean/click_alarmclock/episode_000040/0_76,click_alarmclock,episode_000040,clean,,,,action_velocity,direction_geometry,1.0,0.25,750.0,0.75,3456786071859825307,,centered_directional_fd,0.07133625447750092,signal
stage0_full_001,base,clean/click_alarmclock/episode_000040/0_76,click_alarmclock,episode_000040,clean,,,,action_velocity,direction_geometry,1.0,0.5,500.0,0.5,3456786071859825307,,centered_directional_fd,0.08206111192703247,signal
stage0_full_001,base,clean/click_alarmclock/episode_000040/0_76,click_alarmclock,episode_000040,clean,,,,action_velocity,direction_geometry,1.0,0.75,251.00001525878906,0.2510000169277191,3456786071859825307,,centered_directional_fd,0.11991230398416519,signal
stage0_full_001,base,clean/click_alarmclock/episode_000040/0_76,click_alarmclock,episode_000040,clean,,,,action_velocity,,0.5,0.25,,,,,directional_selectivity,132682427763.9389,
stage0_full_001,base,clean/click_alarmclock/episode_000040/0_76,click_alarmclock,episode_000040,clean,,,,action_velocity,,0.5,0.25,,,,,directional_selectivity,132682427763.9389,
stage0_full_001,base,clean/click_alarmclock/episode_000040/0_76,click_alarmclock,episode_000040,clean,,,,action_velocity,,1.0,0.25,,,,,directional_selectivity,71336254477.50092,
stage0_full_001,base,clean/click_alarmclock/episode_000040/0_76,click_alarmclock,episode_000040,clean,,,,action_velocity,,1.0,0.25,,,,,directional_selectivity,71336254477.50092,
stage0_full_001,base,clean/click_alarmclock/episode_000040/0_76,click_alarmclock,episode_000040,clean,,,,action_velocity,,0.5,0.5,,,,,directional_selectivity,153480798006.05774,
stage0_full_001,base,clean/click_alarmclock/episode_000040/0_76,click_alarmclock,episode_000040,clean,,,,action_velocity,,0.5,0.5,,,,,directional_selectivity,153480798006.05774,
stage0_full_001,base,clean/click_alarmclock/episode_000040/0_76,click_alarmclock,episode_000040,clean,,,,action_velocity,,1.0,0.5,,,,,directional_selectivity,82061111927.03247,
stage0_full_001,base,clean/click_alarmclock/episode_000040/0_76,click_alarmclock,episode_000040,clean,,,,action_velocity,,1.0,0.5,,,,,directional_selectivity,82061111927.03247,
stage0_full_001,base,clean/click_alarmclock/episode_000040/0_76,click_alarmclock,episode_000040,clean,,,,action_velocity,,0.5,0.75,,,,,directional_selectivity,241945683956.14624,
stage0_full_001,base,clean/click_alarmclock/episode_000040/0_76,click_alarmclock,episode_000040,clean,,,,action_velocity,,0.5,0.75,,,,,directional_selectivity,241945683956.14624,
stage0_full_001,base,clean/click_alarmclock/episode_000040/0_76,click_alarmclock,episode_000040,clean,,,,action_velocity,,1.0,0.75,,,,,directional_selectivity,119912303984.16519,
stage0_full_001,base,clean/click_alarmclock/episode_000040/0_76,click_alarmclock,episode_000040,clean,,,,action_velocity,,1.0,0.75,,,,,directional_selectivity,119912303984.16519,
stage0_full_001,base,clean/click_bell/episode_000027/0_74,click_bell,episode_000027,clean,,,,action_velocity,direction_photo,0.5,0.25,750.0,0.75,16822075493149087319,,centered_directional_fd,0.0,nuisance
stage0_full_001,base,clean/click_bell/episode_000027/0_74,click_bell,episode_000027,clean,,,,action_velocity,direction_photo,0.5,0.5,500.0,0.5,16822075493149087319,,centered_directional_fd,0.0,nuisance
stage0_full_001,base,clean/click_bell/episode_000027/0_74,click_bell,episode_000027,clean,,,,action_velocity,direction_photo,0.5,0.75,251.00001525878906,0.2510000169277191,16822075493149087319,,centered_directional_fd,0.0,nuisance
stage0_full_001,base,clean/click_bell/episode_000027/0_74,click_bell,episode_000027,clean,,,,action_velocity,direction_photo,1.0,0.25,750.0,0.75,16822075493149087319,,centered_directional_fd,0.0,nuisance
stage0_full_001,base,clean/click_bell/episode_000027/0_74,click_bell,episode_000027,clean,,,,action_velocity,direction_photo,1.0,0.5,500.0,0.5,16822075493149087319,,centered_directional_fd,0.0,nuisance
stage0_full_001,base,clean/click_bell/episode_000027/0_74,click_bell,episode_000027,clean,,,,action_velocity,direction_photo,1.0,0.75,251.00001525878906,0.2510000169277191,16822075493149087319,,centered_directional_fd,0.0,nuisance
stage0_full_001,base,clean/click_bell/episode_000027/0_74,click_bell,episode_000027,clean,,,,action_velocity,direction_geometry,0.5,0.25,750.0,0.75,16822075493149087319,,centered_directional_fd,0.19972126185894012,signal
stage0_full_001,base,clean/click_bell/episode_000027/0_74,click_bell,episode_000027,clean,,,,action_velocity,direction_geometry,0.5,0.5,500.0,0.5,16822075493149087319,,centered_directional_fd,0.3211155831813812,signal
stage0_full_001,base,clean/click_bell/episode_000027/0_74,click_bell,episode_000027,clean,,,,action_velocity,direction_geometry,0.5,0.75,251.00001525878906,0.2510000169277191,16822075493149087319,,centered_directional_fd,0.44729068875312805,signal
stage0_full_001,base,clean/click_bell/episode_000027/0_74,click_bell,episode_000027,clean,,,,action_velocity,direction_geometry,1.0,0.25,750.0,0.75,16822075493149087319,,centered_directional_fd,0.09407210350036621,signal
stage0_full_001,base,clean/click_bell/episode_000027/0_74,click_bell,episode_000027,clean,,,,action_velocity,direction_geometry,1.0,0.5,500.0,0.5,16822075493149087319,,centered_directional_fd,0.15975289046764374,signal
stage0_full_001,base,clean/click_bell/episode_000027/0_74,click_bell,episode_000027,clean,,,,action_velocity,direction_geometry,1.0,0.75,251.00001525878906,0.2510000169277191,16822075493149087319,,centered_directional_fd,0.24516524374485016,signal
stage0_full_001,base,clean/click_bell/episode_000027/0_74,click_bell,episode_000027,clean,,,,action_velocity,,0.5,0.25,,,,,directional_selectivity,199721261858.94012,
stage0_full_001,base,clean/click_bell/episode_000027/0_74,click_bell,episode_000027,clean,,,,action_velocity,,0.5,0.25,,,,,directional_selectivity,199721261858.94012,
stage0_full_001,base,clean/click_bell/episode_000027/0_74,click_bell,episode_000027,clean,,,,action_velocity,,1.0,0.25,,,,,directional_selectivity,94072103500.36621,
stage0_full_001,base,clean/click_bell/episode_000027/0_74,click_bell,episode_000027,clean,,,,action_velocity,,1.0,0.25,,,,,directional_selectivity,94072103500.36621,
stage0_full_001,base,clean/click_bell/episode_000027/0_74,click_bell,episode_000027,clean,,,,action_velocity,,0.5,0.5,,,,,directional_selectivity,321115583181.3812,
stage0_full_001,base,clean/click_bell/episode_000027/0_74,click_bell,episode_000027,clean,,,,action_velocity,,0.5,0.5,,,,,directional_selectivity,321115583181.3812,
stage0_full_001,base,clean/click_bell/episode_000027/0_74,click_bell,episode_000027,clean,,,,action_velocity,,1.0,0.5,,,,,directional_selectivity,159752890467.64374,
stage0_full_001,base,clean/click_bell/episode_000027/0_74,click_bell,episode_000027,clean,,,,action_velocity,,1.0,0.5,,,,,directional_selectivity,159752890467.64374,
stage0_full_001,base,clean/click_bell/episode_000027/0_74,click_bell,episode_000027,clean,,,,action_velocity,,0.5,0.75,,,,,directional_selectivity,447290688753.12805,
stage0_full_001,base,clean/click_bell/episode_000027/0_74,click_bell,episode_000027,clean,,,,action_velocity,,0.5,0.75,,,,,directional_selectivity,447290688753.12805,
stage0_full_001,base,clean/click_bell/episode_000027/0_74,click_bell,episode_000027,clean,,,,action_velocity,,1.0,0.75,,,,,directional_selectivity,245165243744.85016,
stage0_full_001,base,clean/click_bell/episode_000027/0_74,click_bell,episode_000027,clean,,,,action_velocity,,1.0,0.75,,,,,directional_selectivity,245165243744.85016,
stage0_full_001,base,clean/dump_bin_bigbin/episode_000003/0_173,dump_bin_bigbin,episode_000003,clean,,,,action_velocity,direction_photo,0.5,0.25,750.0,0.75,9694063702409483369,,centered_directional_fd,0.0,nuisance
stage0_full_001,base,clean/dump_bin_bigbin/episode_000003/0_173,dump_bin_bigbin,episode_000003,clean,,,,action_velocity,direction_photo,0.5,0.5,500.0,0.5,9694063702409483369,,centered_directional_fd,0.0,nuisance
stage0_full_001,base,clean/dump_bin_bigbin/episode_000003/0_173,dump_bin_bigbin,episode_000003,clean,,,,action_velocity,direction_photo,0.5,0.75,251.00001525878906,0.2510000169277191,9694063702409483369,,centered_directional_fd,0.0,nuisance
stage0_full_001,base,clean/dump_bin_bigbin/episode_000003/0_173,dump_bin_bigbin,episode_000003,clean,,,,action_velocity,direction_photo,1.0,0.25,750.0,0.75,9694063702409483369,,centered_directional_fd,0.0,nuisance
stage0_full_001,base,clean/dump_bin_bigbin/episode_000003/0_173,dump_bin_bigbin,episode_000003,clean,,,,action_velocity,direction_photo,1.0,0.5,500.0,0.5,9694063702409483369,,centered_directional_fd,0.0,nuisance
stage0_full_001,base,clean/dump_bin_bigbin/episode_000003/0_173,dump_bin_bigbin,episode_000003,clean,,,,action_velocity,direction_photo,1.0,0.75,251.00001525878906,0.2510000169277191,9694063702409483369,,centered_directional_fd,0.0,nuisance
stage0_full_001,base,clean/dump_bin_bigbin/episode_000003/0_173,dump_bin_bigbin,episode_000003,clean,,,,action_velocity,direction_geometry,0.5,0.25,750.0,0.75,9694063702409483369,,centered_directional_fd,0.22668513655662537,signal
stage0_full_001,base,clean/dump_bin_bigbin/episode_000003/0_173,dump_bin_bigbin,episode_000003,clean,,,,action_velocity,direction_geometry,0.5,0.5,500.0,0.5,9694063702409483369,,centered_directional_fd,0.24776284396648407,signal
stage0_full_001,base,clean/dump_bin_bigbin/episode_000003/0_173,dump_bin_bigbin,episode_000003,clean,,,,action_velocity,direction_geometry,0.5,0.75,251.00001525878906,0.2510000169277191,9694063702409483369,,centered_directional_fd,0.3110252320766449,signal
stage0_full_001,base,clean/dump_bin_bigbin/episode_000003/0_173,dump_bin_bigbin,episode_000003,clean,,,,action_velocity,direction_geometry,1.0,0.25,750.0,0.75,9694063702409483369,,centered_directional_fd,0.12077439576387405,signal
stage0_full_001,base,clean/dump_bin_bigbin/episode_000003/0_173,dump_bin_bigbin,episode_000003,clean,,,,action_velocity,direction_geometry,1.0,0.5,500.0,0.5,9694063702409483369,,centered_directional_fd,0.13347145915031433,signal
stage0_full_001,base,clean/dump_bin_bigbin/episode_000003/0_173,dump_bin_bigbin,episode_000003,clean,,,,action_velocity,direction_geometry,1.0,0.75,251.00001525878906,0.2510000169277191,9694063702409483369,,centered_directional_fd,0.16679421067237854,signal
stage0_full_001,base,clean/dump_bin_bigbin/episode_000003/0_173,dump_bin_bigbin,episode_000003,clean,,,,action_velocity,,0.5,0.25,,,,,directional_selectivity,226685136556.62537,
stage0_full_001,base,clean/dump_bin_bigbin/episode_000003/0_173,dump_bin_bigbin,episode_000003,clean,,,,action_velocity,,0.5,0.25,,,,,directional_selectivity,226685136556.62537,
stage0_full_001,base,clean/dump_bin_bigbin/episode_000003/0_173,dump_bin_bigbin,episode_000003,clean,,,,action_velocity,,1.0,0.25,,,,,directional_selectivity,120774395763.87405,
stage0_full_001,base,clean/dump_bin_bigbin/episode_000003/0_173,dump_bin_bigbin,episode_000003,clean,,,,action_velocity,,1.0,0.25,,,,,directional_selectivity,120774395763.87405,
stage0_full_001,base,clean/dump_bin_bigbin/episode_000003/0_173,dump_bin_bigbin,episode_000003,clean,,,,action_velocity,,0.5,0.5,,,,,directional_selectivity,247762843966.48407,
stage0_full_001,base,clean/dump_bin_bigbin/episode_000003/0_173,dump_bin_bigbin,episode_000003,clean,,,,action_velocity,,0.5,0.5,,,,,directional_selectivity,247762843966.48407,
stage0_full_001,base,clean/dump_bin_bigbin/episode_000003/0_173,dump_bin_bigbin,episode_000003,clean,,,,action_velocity,,1.0,0.5,,,,,directional_selectivity,133471459150.31433,
stage0_full_001,base,clean/dump_bin_bigbin/episode_000003/0_173,dump_bin_bigbin,episode_000003,clean,,,,action_velocity,,1.0,0.5,,,,,directional_selectivity,133471459150.31433,
stage0_full_001,base,clean/dump_bin_bigbin/episode_000003/0_173,dump_bin_bigbin,episode_000003,clean,,,,action_velocity,,0.5,0.75,,,,,directional_selectivity,311025232076.6449,
stage0_full_001,base,clean/dump_bin_bigbin/episode_000003/0_173,dump_bin_bigbin,episode_000003,clean,,,,action_velocity,,0.5,0.75,,,,,directional_selectivity,311025232076.6449,
stage0_full_001,base,clean/dump_bin_bigbin/episode_000003/0_173,dump_bin_bigbin,episode_000003,clean,,,,action_velocity,,1.0,0.75,,,,,directional_selectivity,166794210672.37854,
stage0_full_001,base,clean/dump_bin_bigbin/episode_000003/0_173,dump_bin_bigbin,episode_000003,clean,,,,action_velocity,,1.0,0.75,,,,,directional_selectivity,166794210672.37854,
stage0_full_001,base,clean/grab_roller/episode_000003/0_95,grab_roller,episode_000003,clean,,,,action_velocity,direction_photo,0.5,0.25,750.0,0.75,16834811967688122419,,centered_directional_fd,0.0,nuisance
stage0_full_001,base,clean/grab_roller/episode_000003/0_95,grab_roller,episode_000003,clean,,,,action_velocity,direction_photo,0.5,0.5,500.0,0.5,16834811967688122419,,centered_directional_fd,0.0,nuisance
stage0_full_001,base,clean/grab_roller/episode_000003/0_95,grab_roller,episode_000003,clean,,,,action_velocity,direction_photo,0.5,0.75,251.00001525878906,0.2510000169277191,16834811967688122419,,centered_directional_fd,0.0,nuisance
stage0_full_001,base,clean/grab_roller/episode_000003/0_95,grab_roller,episode_000003,clean,,,,action_velocity,direction_photo,1.0,0.25,750.0,0.75,16834811967688122419,,centered_directional_fd,0.0,nuisance
stage0_full_001,base,clean/grab_roller/episode_000003/0_95,grab_roller,episode_000003,clean,,,,action_velocity,direction_photo,1.0,0.5,500.0,0.5,16834811967688122419,,centered_directional_fd,0.0,nuisance
stage0_full_001,base,clean/grab_roller/episode_000003/0_95,grab_roller,episode_000003,clean,,,,action_velocity,direction_photo,1.0,0.75,251.00001525878906,0.2510000169277191,16834811967688122419,,centered_directional_fd,0.0,nuisance
stage0_full_001,base,clean/grab_roller/episode_000003/0_95,grab_roller,episode_000003,clean,,,,action_velocity,direction_geometry,0.5,0.25,750.0,0.75,16834811967688122419,,centered_directional_fd,0.21118611097335815,signal
stage0_full_001,base,clean/grab_roller/episode_000003/0_95,grab_roller,episode_000003,clean,,,,action_velocity,direction_geometry,0.5,0.5,500.0,0.5,16834811967688122419,,centered_directional_fd,0.20798975229263306,signal
stage0_full_001,base,clean/grab_roller/episode_000003/0_95,grab_roller,episode_000003,clean,,,,action_velocity,direction_geometry,0.5,0.75,251.00001525878906,0.2510000169277191,16834811967688122419,,centered_directional_fd,0.3694787323474884,signal
stage0_full_001,base,clean/grab_roller/episode_000003/0_95,grab_roller,episode_000003,clean,,,,action_velocity,direction_geometry,1.0,0.25,750.0,0.75,16834811967688122419,,centered_directional_fd,0.09116353839635849,signal
stage0_full_001,base,clean/grab_roller/episode_000003/0_95,grab_roller,episode_000003,clean,,,,action_velocity,direction_geometry,1.0,0.5,500.0,0.5,16834811967688122419,,centered_directional_fd,0.0928962454199791,signal
stage0_full_001,base,clean/grab_roller/episode_000003/0_95,grab_roller,episode_000003,clean,,,,action_velocity,direction_geometry,1.0,0.75,251.00001525878906,0.2510000169277191,16834811967688122419,,centered_directional_fd,0.11938730627298355,signal
stage0_full_001,base,clean/grab_roller/episode_000003/0_95,grab_roller,episode_000003,clean,,,,action_velocity,,0.5,0.25,,,,,directional_selectivity,211186110973.35815,
stage0_full_001,base,clean/grab_roller/episode_000003/0_95,grab_roller,episode_000003,clean,,,,action_velocity,,0.5,0.25,,,,,directional_selectivity,211186110973.35815,
stage0_full_001,base,clean/grab_roller/episode_000003/0_95,grab_roller,episode_000003,clean,,,,action_velocity,,1.0,0.25,,,,,directional_selectivity,91163538396.35849,
stage0_full_001,base,clean/grab_roller/episode_000003/0_95,grab_roller,episode_000003,clean,,,,action_velocity,,1.0,0.25,,,,,directional_selectivity,91163538396.35849,
stage0_full_001,base,clean/grab_roller/episode_000003/0_95,grab_roller,episode_000003,clean,,,,action_velocity,,0.5,0.5,,,,,directional_selectivity,207989752292.63306,
stage0_full_001,base,clean/grab_roller/episode_000003/0_95,grab_roller,episode_000003,clean,,,,action_velocity,,0.5,0.5,,,,,directional_selectivity,207989752292.63306,
stage0_full_001,base,clean/grab_roller/episode_000003/0_95,grab_roller,episode_000003,clean,,,,action_velocity,,1.0,0.5,,,,,directional_selectivity,92896245419.9791,
stage0_full_001,base,clean/grab_roller/episode_000003/0_95,grab_roller,episode_000003,clean,,,,action_velocity,,1.0,0.5,,,,,directional_selectivity,92896245419.9791,
stage0_full_001,base,clean/grab_roller/episode_000003/0_95,grab_roller,episode_000003,clean,,,,action_velocity,,0.5,0.75,,,,,directional_selectivity,369478732347.4884,
stage0_full_001,base,clean/grab_roller/episode_000003/0_95,grab_roller,episode_000003,clean,,,,action_velocity,,0.5,0.75,,,,,directional_selectivity,369478732347.4884,
stage0_full_001,base,clean/grab_roller/episode_000003/0_95,grab_roller,episode_000003,clean,,,,action_velocity,,1.0,0.75,,,,,directional_selectivity,119387306272.98355,
stage0_full_001,base,clean/grab_roller/episode_000003/0_95,grab_roller,episode_000003,clean,,,,action_velocity,,1.0,0.75,,,,,directional_selectivity,119387306272.98355,
stage0_full_001,base,clean/handover_block/episode_000000/0_276,handover_block,episode_000000,clean,,,,action_velocity,direction_photo,0.5,0.25,750.0,0.75,11669328836656501378,,centered_directional_fd,0.0,nuisance
stage0_full_001,base,clean/handover_block/episode_000000/0_276,handover_block,episode_000000,clean,,,,action_velocity,direction_photo,0.5,0.5,500.0,0.5,11669328836656501378,,centered_directional_fd,0.0,nuisance
stage0_full_001,base,clean/handover_block/episode_000000/0_276,handover_block,episode_000000,clean,,,,action_velocity,direction_photo,0.5,0.75,251.00001525878906,0.2510000169277191,11669328836656501378,,centered_directional_fd,0.0,nuisance
stage0_full_001,base,clean/handover_block/episode_000000/0_276,handover_block,episode_000000,clean,,,,action_velocity,direction_photo,1.0,0.25,750.0,0.75,11669328836656501378,,centered_directional_fd,0.0,nuisance
stage0_full_001,base,clean/handover_block/episode_000000/0_276,handover_block,episode_000000,clean,,,,action_velocity,direction_photo,1.0,0.5,500.0,0.5,11669328836656501378,,centered_directional_fd,0.0,nuisance
stage0_full_001,base,clean/handover_block/episode_000000/0_276,handover_block,episode_000000,clean,,,,action_velocity,direction_photo,1.0,0.75,251.00001525878906,0.2510000169277191,11669328836656501378,,centered_directional_fd,0.0,nuisance
stage0_full_001,base,clean/handover_block/episode_000000/0_276,handover_block,episode_000000,clean,,,,action_velocity,direction_geometry,0.5,0.25,750.0,0.75,11669328836656501378,,centered_directional_fd,0.0,signal
stage0_full_001,base,clean/handover_block/episode_000000/0_276,handover_block,episode_000000,clean,,,,action_velocity,direction_geometry,0.5,0.5,500.0,0.5,11669328836656501378,,centered_directional_fd,0.0,signal
stage0_full_001,base,clean/handover_block/episode_000000/0_276,handover_block,episode_000000,clean,,,,action_velocity,direction_geometry,0.5,0.75,251.00001525878906,0.2510000169277191,11669328836656501378,,centered_directional_fd,0.0,signal
stage0_full_001,base,clean/handover_block/episode_000000/0_276,handover_block,episode_000000,clean,,,,action_velocity,direction_geometry,1.0,0.25,750.0,0.75,11669328836656501378,,centered_directional_fd,0.15599875152111053,signal
stage0_full_001,base,clean/handover_block/episode_000000/0_276,handover_block,episode_000000,clean,,,,action_velocity,direction_geometry,1.0,0.5,500.0,0.5,11669328836656501378,,centered_directional_fd,0.17046694457530975,signal
stage0_full_001,base,clean/handover_block/episode_000000/0_276,handover_block,episode_000000,clean,,,,action_velocity,direction_geometry,1.0,0.75,251.00001525878906,0.2510000169277191,11669328836656501378,,centered_directional_fd,0.24782054126262665,signal
stage0_full_001,base,clean/handover_block/episode_000000/0_276,handover_block,episode_000000,clean,,,,action_velocity,,0.5,0.25,,,,,directional_selectivity,0.0,
stage0_full_001,base,clean/handover_block/episode_000000/0_276,handover_block,episode_000000,clean,,,,action_velocity,,0.5,0.25,,,,,directional_selectivity,0.0,
stage0_full_001,base,clean/handover_block/episode_000000/0_276,handover_block,episode_000000,clean,,,,action_velocity,,1.0,0.25,,,,,directional_selectivity,155998751521.11053,
stage0_full_001,base,clean/handover_block/episode_000000/0_276,handover_block,episode_000000,clean,,,,action_velocity,,1.0,0.25,,,,,directional_selectivity,155998751521.11053,
stage0_full_001,base,clean/handover_block/episode_000000/0_276,handover_block,episode_000000,clean,,,,action_velocity,,0.5,0.5,,,,,directional_selectivity,0.0,
stage0_full_001,base,clean/handover_block/episode_000000/0_276,handover_block,episode_000000,clean,,,,action_velocity,,0.5,0.5,,,,,directional_selectivity,0.0,
stage0_full_001,base,clean/handover_block/episode_000000/0_276,handover_block,episode_000000,clean,,,,action_velocity,,1.0,0.5,,,,,directional_selectivity,170466944575.30975,
stage0_full_001,base,clean/handover_block/episode_000000/0_276,handover_block,episode_000000,clean,,,,action_velocity,,1.0,0.5,,,,,directional_selectivity,170466944575.30975,
stage0_full_001,base,clean/handover_block/episode_000000/0_276,handover_block,episode_000000,clean,,,,action_velocity,,0.5,0.75,,,,,directional_selectivity,0.0,
stage0_full_001,base,clean/handover_block/episode_000000/0_276,handover_block,episode_000000,clean,,,,action_velocity,,0.5,0.75,,,,,directional_selectivity,0.0,
stage0_full_001,base,clean/handover_block/episode_000000/0_276,handover_block,episode_000000,clean,,,,action_velocity,,1.0,0.75,,,,,directional_selectivity,247820541262.62665,
stage0_full_001,base,clean/handover_block/episode_000000/0_276,handover_block,episode_000000,clean,,,,action_velocity,,1.0,0.75,,,,,directional_selectivity,247820541262.62665,
stage0_full_001,base,clean/handover_mic/episode_000028/0_222,handover_mic,episode_000028,clean,,,,action_velocity,direction_photo,0.5,0.25,750.0,0.75,92542508949322640,,centered_directional_fd,0.0,nuisance
stage0_full_001,base,clean/handover_mic/episode_000028/0_222,handover_mic,episode_000028,clean,,,,action_velocity,direction_photo,0.5,0.5,500.0,0.5,92542508949322640,,centered_directional_fd,0.0,nuisance
stage0_full_001,base,clean/handover_mic/episode_000028/0_222,handover_mic,episode_000028,clean,,,,action_velocity,direction_photo,0.5,0.75,251.00001525878906,0.2510000169277191,92542508949322640,,centered_directional_fd,0.0,nuisance
stage0_full_001,base,clean/handover_mic/episode_000028/0_222,handover_mic,episode_000028,clean,,,,action_velocity,direction_photo,1.0,0.25,750.0,0.75,92542508949322640,,centered_directional_fd,0.0,nuisance
stage0_full_001,base,clean/handover_mic/episode_000028/0_222,handover_mic,episode_000028,clean,,,,action_velocity,direction_photo,1.0,0.5,500.0,0.5,92542508949322640,,centered_directional_fd,0.0,nuisance
stage0_full_001,base,clean/handover_mic/episode_000028/0_222,handover_mic,episode_000028,clean,,,,action_velocity,direction_photo,1.0,0.75,251.00001525878906,0.2510000169277191,92542508949322640,,centered_directional_fd,0.0,nuisance
stage0_full_001,base,clean/handover_mic/episode_000028/0_222,handover_mic,episode_000028,clean,,,,action_velocity,direction_geometry,0.5,0.25,750.0,0.75,92542508949322640,,centered_directional_fd,0.0,signal
stage0_full_001,base,clean/handover_mic/episode_000028/0_222,handover_mic,episode_000028,clean,,,,action_velocity,direction_geometry,0.5,0.5,500.0,0.5,92542508949322640,,centered_directional_fd,0.0,signal
stage0_full_001,base,clean/handover_mic/episode_000028/0_222,handover_mic,episode_000028,clean,,,,action_velocity,direction_geometry,0.5,0.75,251.00001525878906,0.2510000169277191,92542508949322640,,centered_directional_fd,0.0,signal
stage0_full_001,base,clean/handover_mic/episode_000028/0_222,handover_mic,episode_000028,clean,,,,action_velocity,direction_geometry,1.0,0.25,750.0,0.75,92542508949322640,,centered_directional_fd,0.19931265711784363,signal
stage0_full_001,base,clean/handover_mic/episode_000028/0_222,handover_mic,episode_000028,clean,,,,action_velocity,direction_geometry,1.0,0.5,500.0,0.5,92542508949322640,,centered_directional_fd,0.12558361887931824,signal
stage0_full_001,base,clean/handover_mic/episode_000028/0_222,handover_mic,episode_000028,clean,,,,action_velocity,direction_geometry,1.0,0.75,251.00001525878906,0.2510000169277191,92542508949322640,,centered_directional_fd,0.16655965149402618,signal
stage0_full_001,base,clean/handover_mic/episode_000028/0_222,handover_mic,episode_000028,clean,,,,action_velocity,,0.5,0.25,,,,,directional_selectivity,0.0,
stage0_full_001,base,clean/handover_mic/episode_000028/0_222,handover_mic,episode_000028,clean,,,,action_velocity,,0.5,0.25,,,,,directional_selectivity,0.0,
stage0_full_001,base,clean/handover_mic/episode_000028/0_222,handover_mic,episode_000028,clean,,,,action_velocity,,1.0,0.25,,,,,directional_selectivity,199312657117.84363,
stage0_full_001,base,clean/handover_mic/episode_000028/0_222,handover_mic,episode_000028,clean,,,,action_velocity,,1.0,0.25,,,,,directional_selectivity,199312657117.84363,
stage0_full_001,base,clean/handover_mic/episode_000028/0_222,handover_mic,episode_000028,clean,,,,action_velocity,,0.5,0.5,,,,,directional_selectivity,0.0,
stage0_full_001,base,clean/handover_mic/episode_000028/0_222,handover_mic,episode_000028,clean,,,,action_velocity,,0.5,0.5,,,,,directional_selectivity,0.0,
stage0_full_001,base,clean/handover_mic/episode_000028/0_222,handover_mic,episode_000028,clean,,,,action_velocity,,1.0,0.5,,,,,directional_selectivity,125583618879.31824,
stage0_full_001,base,clean/handover_mic/episode_000028/0_222,handover_mic,episode_000028,clean,,,,action_velocity,,1.0,0.5,,,,,directional_selectivity,125583618879.31824,
stage0_full_001,base,clean/handover_mic/episode_000028/0_222,handover_mic,episode_000028,clean,,,,action_velocity,,0.5,0.75,,,,,directional_selectivity,0.0,
stage0_full_001,base,clean/handover_mic/episode_000028/0_222,handover_mic,episode_000028,clean,,,,action_velocity,,0.5,0.75,,,,,directional_selectivity,0.0,
stage0_full_001,base,clean/handover_mic/episode_000028/0_222,handover_mic,episode_000028,clean,,,,action_velocity,,1.0,0.75,,,,,directional_selectivity,166559651494.02618,
stage0_full_001,base,clean/handover_mic/episode_000028/0_222,handover_mic,episode_000028,clean,,,,action_velocity,,1.0,0.75,,,,,directional_selectivity,166559651494.02618,
stage0_full_001,clean,clean/adjust_bottle/episode_000044/0_139,adjust_bottle,episode_000044,clean,,,,action_velocity,direction_photo,0.5,0.25,750.0,0.75,13788209987369430635,,centered_directional_fd,0.0,nuisance
stage0_full_001,clean,clean/adjust_bottle/episode_000044/0_139,adjust_bottle,episode_000044,clean,,,,action_velocity,direction_photo,0.5,0.5,500.0,0.5,13788209987369430635,,centered_directional_fd,0.0,nuisance
stage0_full_001,clean,clean/adjust_bottle/episode_000044/0_139,adjust_bottle,episode_000044,clean,,,,action_velocity,direction_photo,0.5,0.75,251.00001525878906,0.2510000169277191,13788209987369430635,,centered_directional_fd,0.0,nuisance
stage0_full_001,clean,clean/adjust_bottle/episode_000044/0_139,adjust_bottle,episode_000044,clean,,,,action_velocity,direction_photo,1.0,0.25,750.0,0.75,13788209987369430635,,centered_directional_fd,0.0,nuisance
stage0_full_001,clean,clean/adjust_bottle/episode_000044/0_139,adjust_bottle,episode_000044,clean,,,,action_velocity,direction_photo,1.0,0.5,500.0,0.5,13788209987369430635,,centered_directional_fd,0.0,nuisance
stage0_full_001,clean,clean/adjust_bottle/episode_000044/0_139,adjust_bottle,episode_000044,clean,,,,action_velocity,direction_photo,1.0,0.75,251.00001525878906,0.2510000169277191,13788209987369430635,,centered_directional_fd,0.0,nuisance
stage0_full_001,clean,clean/adjust_bottle/episode_000044/0_139,adjust_bottle,episode_000044,clean,,,,action_velocity,direction_geometry,0.5,0.25,750.0,0.75,13788209987369430635,,centered_directional_fd,0.1613922417163849,signal
stage0_full_001,clean,clean/adjust_bottle/episode_000044/0_139,adjust_bottle,episode_000044,clean,,,,action_velocity,direction_geometry,0.5,0.5,500.0,0.5,13788209987369430635,,centered_directional_fd,0.17680257558822632,signal
stage0_full_001,clean,clean/adjust_bottle/episode_000044/0_139,adjust_bottle,episode_000044,clean,,,,action_velocity,direction_geometry,0.5,0.75,251.00001525878906,0.2510000169277191,13788209987369430635,,centered_directional_fd,0.21128028631210327,signal
stage0_full_001,clean,clean/adjust_bottle/episode_000044/0_139,adjust_bottle,episode_000044,clean,,,,action_velocity,direction_geometry,1.0,0.25,750.0,0.75,13788209987369430635,,centered_directional_fd,0.08187589794397354,signal
stage0_full_001,clean,clean/adjust_bottle/episode_000044/0_139,adjust_bottle,episode_000044,clean,,,,action_velocity,direction_geometry,1.0,0.5,500.0,0.5,13788209987369430635,,centered_directional_fd,0.09397410601377487,signal
stage0_full_001,clean,clean/adjust_bottle/episode_000044/0_139,adjust_bottle,episode_000044,clean,,,,action_velocity,direction_geometry,1.0,0.75,251.00001525878906,0.2510000169277191,13788209987369430635,,centered_directional_fd,0.10746113210916519,signal
stage0_full_001,clean,clean/adjust_bottle/episode_000044/0_139,adjust_bottle,episode_000044,clean,,,,action_velocity,,0.5,0.25,,,,,directional_selectivity,161392241716.3849,
stage0_full_001,clean,clean/adjust_bottle/episode_000044/0_139,adjust_bottle,episode_000044,clean,,,,action_velocity,,0.5,0.25,,,,,directional_selectivity,161392241716.3849,
stage0_full_001,clean,clean/adjust_bottle/episode_000044/0_139,adjust_bottle,episode_000044,clean,,,,action_velocity,,1.0,0.25,,,,,directional_selectivity,81875897943.97354,
stage0_full_001,clean,clean/adjust_bottle/episode_000044/0_139,adjust_bottle,episode_000044,clean,,,,action_velocity,,1.0,0.25,,,,,directional_selectivity,81875897943.97354,
stage0_full_001,clean,clean/adjust_bottle/episode_000044/0_139,adjust_bottle,episode_000044,clean,,,,action_velocity,,0.5,0.5,,,,,directional_selectivity,176802575588.22632,
stage0_full_001,clean,clean/adjust_bottle/episode_000044/0_139,adjust_bottle,episode_000044,clean,,,,action_velocity,,0.5,0.5,,,,,directional_selectivity,176802575588.22632,
stage0_full_001,clean,clean/adjust_bottle/episode_000044/0_139,adjust_bottle,episode_000044,clean,,,,action_velocity,,1.0,0.5,,,,,directional_selectivity,93974106013.77487,
stage0_full_001,clean,clean/adjust_bottle/episode_000044/0_139,adjust_bottle,episode_000044,clean,,,,action_velocity,,1.0,0.5,,,,,directional_selectivity,93974106013.77487,
stage0_full_001,clean,clean/adjust_bottle/episode_000044/0_139,adjust_bottle,episode_000044,clean,,,,action_velocity,,0.5,0.75,,,,,directional_selectivity,211280286312.10327,
stage0_full_001,clean,clean/adjust_bottle/episode_000044/0_139,adjust_bottle,episode_000044,clean,,,,action_velocity,,0.5,0.75,,,,,directional_selectivity,211280286312.10327,
stage0_full_001,clean,clean/adjust_bottle/episode_000044/0_139,adjust_bottle,episode_000044,clean,,,,action_velocity,,1.0,0.75,,,,,directional_selectivity,107461132109.16519,
stage0_full_001,clean,clean/adjust_bottle/episode_000044/0_139,adjust_bottle,episode_000044,clean,,,,action_velocity,,1.0,0.75,,,,,directional_selectivity,107461132109.16519,
stage0_full_001,clean,clean/beat_block_hammer/episode_000035/0_109,beat_block_hammer,episode_000035,clean,,,,action_velocity,direction_photo,0.5,0.25,750.0,0.75,6638251237087193106,,centered_directional_fd,0.0,nuisance
stage0_full_001,clean,clean/beat_block_hammer/episode_000035/0_109,beat_block_hammer,episode_000035,clean,,,,action_velocity,direction_photo,0.5,0.5,500.0,0.5,6638251237087193106,,centered_directional_fd,0.0,nuisance
stage0_full_001,clean,clean/beat_block_hammer/episode_000035/0_109,beat_block_hammer,episode_000035,clean,,,,action_velocity,direction_photo,0.5,0.75,251.00001525878906,0.2510000169277191,6638251237087193106,,centered_directional_fd,0.0,nuisance
stage0_full_001,clean,clean/beat_block_hammer/episode_000035/0_109,beat_block_hammer,episode_000035,clean,,,,action_velocity,direction_photo,1.0,0.25,750.0,0.75,6638251237087193106,,centered_directional_fd,0.0,nuisance
stage0_full_001,clean,clean/beat_block_hammer/episode_000035/0_109,beat_block_hammer,episode_000035,clean,,,,action_velocity,direction_photo,1.0,0.5,500.0,0.5,6638251237087193106,,centered_directional_fd,0.0,nuisance
stage0_full_001,clean,clean/beat_block_hammer/episode_000035/0_109,beat_block_hammer,episode_000035,clean,,,,action_velocity,direction_photo,1.0,0.75,251.00001525878906,0.2510000169277191,6638251237087193106,,centered_directional_fd,0.0,nuisance
stage0_full_001,clean,clean/beat_block_hammer/episode_000035/0_109,beat_block_hammer,episode_000035,clean,,,,action_velocity,direction_geometry,0.5,0.25,750.0,0.75,6638251237087193106,,centered_directional_fd,0.1457812637090683,signal
stage0_full_001,clean,clean/beat_block_hammer/episode_000035/0_109,beat_block_hammer,episode_000035,clean,,,,action_velocity,direction_geometry,0.5,0.5,500.0,0.5,6638251237087193106,,centered_directional_fd,0.15589813888072968,signal
stage0_full_001,clean,clean/beat_block_hammer/episode_000035/0_109,beat_block_hammer,episode_000035,clean,,,,action_velocity,direction_geometry,0.5,0.75,251.00001525878906,0.2510000169277191,6638251237087193106,,centered_directional_fd,0.19098041951656342,signal
stage0_full_001,clean,clean/beat_block_hammer/episode_000035/0_109,beat_block_hammer,episode_000035,clean,,,,action_velocity,direction_geometry,1.0,0.25,750.0,0.75,6638251237087193106,,centered_directional_fd,0.071247398853302,signal
stage0_full_001,clean,clean/beat_block_hammer/episode_000035/0_109,beat_block_hammer,episode_000035,clean,,,,action_velocity,direction_geometry,1.0,0.5,500.0,0.5,6638251237087193106,,centered_directional_fd,0.08525770157575607,signal
stage0_full_001,clean,clean/beat_block_hammer/episode_000035/0_109,beat_block_hammer,episode_000035,clean,,,,action_velocity,direction_geometry,1.0,0.75,251.00001525878906,0.2510000169277191,6638251237087193106,,centered_directional_fd,0.10265128314495087,signal
stage0_full_001,clean,clean/beat_block_hammer/episode_000035/0_109,beat_block_hammer,episode_000035,clean,,,,action_velocity,,0.5,0.25,,,,,directional_selectivity,145781263709.0683,
stage0_full_001,clean,clean/beat_block_hammer/episode_000035/0_109,beat_block_hammer,episode_000035,clean,,,,action_velocity,,0.5,0.25,,,,,directional_selectivity,145781263709.0683,
stage0_full_001,clean,clean/beat_block_hammer/episode_000035/0_109,beat_block_hammer,episode_000035,clean,,,,action_velocity,,1.0,0.25,,,,,directional_selectivity,71247398853.302,
stage0_full_001,clean,clean/beat_block_hammer/episode_000035/0_109,beat_block_hammer,episode_000035,clean,,,,action_velocity,,1.0,0.25,,,,,directional_selectivity,71247398853.302,
stage0_full_001,clean,clean/beat_block_hammer/episode_000035/0_109,beat_block_hammer,episode_000035,clean,,,,action_velocity,,0.5,0.5,,,,,directional_selectivity,155898138880.72968,
stage0_full_001,clean,clean/beat_block_hammer/episode_000035/0_109,beat_block_hammer,episode_000035,clean,,,,action_velocity,,0.5,0.5,,,,,directional_selectivity,155898138880.72968,
stage0_full_001,clean,clean/beat_block_hammer/episode_000035/0_109,beat_block_hammer,episode_000035,clean,,,,action_velocity,,1.0,0.5,,,,,directional_selectivity,85257701575.75607,
stage0_full_001,clean,clean/beat_block_hammer/episode_000035/0_109,beat_block_hammer,episode_000035,clean,,,,action_velocity,,1.0,0.5,,,,,directional_selectivity,85257701575.75607,
stage0_full_001,clean,clean/beat_block_hammer/episode_000035/0_109,beat_block_hammer,episode_000035,clean,,,,action_velocity,,0.5,0.75,,,,,directional_selectivity,190980419516.56342,
stage0_full_001,clean,clean/beat_block_hammer/episode_000035/0_109,beat_block_hammer,episode_000035,clean,,,,action_velocity,,0.5,0.75,,,,,directional_selectivity,190980419516.56342,
stage0_full_001,clean,clean/beat_block_hammer/episode_000035/0_109,beat_block_hammer,episode_000035,clean,,,,action_velocity,,1.0,0.75,,,,,directional_selectivity,102651283144.95087,
stage0_full_001,clean,clean/beat_block_hammer/episode_000035/0_109,beat_block_hammer,episode_000035,clean,,,,action_velocity,,1.0,0.75,,,,,directional_selectivity,102651283144.95087,
stage0_full_001,clean,clean/blocks_ranking_rgb/episode_000039/0_464,blocks_ranking_rgb,episode_000039,clean,,,,action_velocity,direction_photo,0.5,0.25,750.0,0.75,2852135134852260049,,centered_directional_fd,0.0,nuisance
stage0_full_001,clean,clean/blocks_ranking_rgb/episode_000039/0_464,blocks_ranking_rgb,episode_000039,clean,,,,action_velocity,direction_photo,0.5,0.5,500.0,0.5,2852135134852260049,,centered_directional_fd,0.0,nuisance
stage0_full_001,clean,clean/blocks_ranking_rgb/episode_000039/0_464,blocks_ranking_rgb,episode_000039,clean,,,,action_velocity,direction_photo,0.5,0.75,251.00001525878906,0.2510000169277191,2852135134852260049,,centered_directional_fd,0.0,nuisance
stage0_full_001,clean,clean/blocks_ranking_rgb/episode_000039/0_464,blocks_ranking_rgb,episode_000039,clean,,,,action_velocity,direction_photo,1.0,0.25,750.0,0.75,2852135134852260049,,centered_directional_fd,0.0,nuisance
stage0_full_001,clean,clean/blocks_ranking_rgb/episode_000039/0_464,blocks_ranking_rgb,episode_000039,clean,,,,action_velocity,direction_photo,1.0,0.5,500.0,0.5,2852135134852260049,,centered_directional_fd,0.0,nuisance
stage0_full_001,clean,clean/blocks_ranking_rgb/episode_000039/0_464,blocks_ranking_rgb,episode_000039,clean,,,,action_velocity,direction_photo,1.0,0.75,251.00001525878906,0.2510000169277191,2852135134852260049,,centered_directional_fd,0.0,nuisance
stage0_full_001,clean,clean/blocks_ranking_rgb/episode_000039/0_464,blocks_ranking_rgb,episode_000039,clean,,,,action_velocity,direction_geometry,0.5,0.25,750.0,0.75,2852135134852260049,,centered_directional_fd,0.0,signal
stage0_full_001,clean,clean/blocks_ranking_rgb/episode_000039/0_464,blocks_ranking_rgb,episode_000039,clean,,,,action_velocity,direction_geometry,0.5,0.5,500.0,0.5,2852135134852260049,,centered_directional_fd,0.0,signal
stage0_full_001,clean,clean/blocks_ranking_rgb/episode_000039/0_464,blocks_ranking_rgb,episode_000039,clean,,,,action_velocity,direction_geometry,0.5,0.75,251.00001525878906,0.2510000169277191,2852135134852260049,,centered_directional_fd,0.0,signal
stage0_full_001,clean,clean/blocks_ranking_rgb/episode_000039/0_464,blocks_ranking_rgb,episode_000039,clean,,,,action_velocity,direction_geometry,1.0,0.25,750.0,0.75,2852135134852260049,,centered_directional_fd,0.14401064813137054,signal
stage0_full_001,clean,clean/blocks_ranking_rgb/episode_000039/0_464,blocks_ranking_rgb,episode_000039,clean,,,,action_velocity,direction_geometry,1.0,0.5,500.0,0.5,2852135134852260049,,centered_directional_fd,0.1633138805627823,signal
stage0_full_001,clean,clean/blocks_ranking_rgb/episode_000039/0_464,blocks_ranking_rgb,episode_000039,clean,,,,action_velocity,direction_geometry,1.0,0.75,251.00001525878906,0.2510000169277191,2852135134852260049,,centered_directional_fd,0.2049483358860016,signal
stage0_full_001,clean,clean/blocks_ranking_rgb/episode_000039/0_464,blocks_ranking_rgb,episode_000039,clean,,,,action_velocity,,0.5,0.25,,,,,directional_selectivity,0.0,
stage0_full_001,clean,clean/blocks_ranking_rgb/episode_000039/0_464,blocks_ranking_rgb,episode_000039,clean,,,,action_velocity,,0.5,0.25,,,,,directional_selectivity,0.0,
stage0_full_001,clean,clean/blocks_ranking_rgb/episode_000039/0_464,blocks_ranking_rgb,episode_000039,clean,,,,action_velocity,,1.0,0.25,,,,,directional_selectivity,144010648131.37054,
stage0_full_001,clean,clean/blocks_ranking_rgb/episode_000039/0_464,blocks_ranking_rgb,episode_000039,clean,,,,action_velocity,,1.0,0.25,,,,,directional_selectivity,144010648131.37054,
stage0_full_001,clean,clean/blocks_ranking_rgb/episode_000039/0_464,blocks_ranking_rgb,episode_000039,clean,,,,action_velocity,,0.5,0.5,,,,,directional_selectivity,0.0,
stage0_full_001,clean,clean/blocks_ranking_rgb/episode_000039/0_464,blocks_ranking_rgb,episode_000039,clean,,,,action_velocity,,0.5,0.5,,,,,directional_selectivity,0.0,
stage0_full_001,clean,clean/blocks_ranking_rgb/episode_000039/0_464,blocks_ranking_rgb,episode_000039,clean,,,,action_velocity,,1.0,0.5,,,,,directional_selectivity,163313880562.7823,
stage0_full_001,clean,clean/blocks_ranking_rgb/episode_000039/0_464,blocks_ranking_rgb,episode_000039,clean,,,,action_velocity,,1.0,0.5,,,,,directional_selectivity,163313880562.7823,
stage0_full_001,clean,clean/blocks_ranking_rgb/episode_000039/0_464,blocks_ranking_rgb,episode_000039,clean,,,,action_velocity,,0.5,0.75,,,,,directional_selectivity,0.0,
stage0_full_001,clean,clean/blocks_ranking_rgb/episode_000039/0_464,blocks_ranking_rgb,episode_000039,clean,,,,action_velocity,,0.5,0.75,,,,,directional_selectivity,0.0,
stage0_full_001,clean,clean/blocks_ranking_rgb/episode_000039/0_464,blocks_ranking_rgb,episode_000039,clean,,,,action_velocity,,1.0,0.75,,,,,directional_selectivity,204948335886.0016,
stage0_full_001,clean,clean/blocks_ranking_rgb/episode_000039/0_464,blocks_ranking_rgb,episode_000039,clean,,,,action_velocity,,1.0,0.75,,,,,directional_selectivity,204948335886.0016,
stage0_full_001,clean,clean/blocks_ranking_size/episode_000042/0_478,blocks_ranking_size,episode_000042,clean,,,,action_velocity,direction_photo,0.5,0.25,750.0,0.75,12174564400862382112,,centered_directional_fd,0.0,nuisance
stage0_full_001,clean,clean/blocks_ranking_size/episode_000042/0_478,blocks_ranking_size,episode_000042,clean,,,,action_velocity,direction_photo,0.5,0.5,500.0,0.5,12174564400862382112,,centered_directional_fd,0.0,nuisance
stage0_full_001,clean,clean/blocks_ranking_size/episode_000042/0_478,blocks_ranking_size,episode_000042,clean,,,,action_velocity,direction_photo,0.5,0.75,251.00001525878906,0.2510000169277191,12174564400862382112,,centered_directional_fd,0.0,nuisance
stage0_full_001,clean,clean/blocks_ranking_size/episode_000042/0_478,blocks_ranking_size,episode_000042,clean,,,,action_velocity,direction_photo,1.0,0.25,750.0,0.75,12174564400862382112,,centered_directional_fd,0.0,nuisance
stage0_full_001,clean,clean/blocks_ranking_size/episode_000042/0_478,blocks_ranking_size,episode_000042,clean,,,,action_velocity,direction_photo,1.0,0.5,500.0,0.5,12174564400862382112,,centered_directional_fd,0.0,nuisance
stage0_full_001,clean,clean/blocks_ranking_size/episode_000042/0_478,blocks_ranking_size,episode_000042,clean,,,,action_velocity,direction_photo,1.0,0.75,251.00001525878906,0.2510000169277191,12174564400862382112,,centered_directional_fd,0.0,nuisance
stage0_full_001,clean,clean/blocks_ranking_size/episode_000042/0_478,blocks_ranking_size,episode_000042,clean,,,,action_velocity,direction_geometry,0.5,0.25,750.0,0.75,12174564400862382112,,centered_directional_fd,0.0,signal
stage0_full_001,clean,clean/blocks_ranking_size/episode_000042/0_478,blocks_ranking_size,episode_000042,clean,,,,action_velocity,direction_geometry,0.5,0.5,500.0,0.5,12174564400862382112,,centered_directional_fd,0.0,signal
stage0_full_001,clean,clean/blocks_ranking_size/episode_000042/0_478,blocks_ranking_size,episode_000042,clean,,,,action_velocity,direction_geometry,0.5,0.75,251.00001525878906,0.2510000169277191,12174564400862382112,,centered_directional_fd,0.0,signal
stage0_full_001,clean,clean/blocks_ranking_size/episode_000042/0_478,blocks_ranking_size,episode_000042,clean,,,,action_velocity,direction_geometry,1.0,0.25,750.0,0.75,12174564400862382112,,centered_directional_fd,0.15820907056331635,signal
stage0_full_001,clean,clean/blocks_ranking_size/episode_000042/0_478,blocks_ranking_size,episode_000042,clean,,,,action_velocity,direction_geometry,1.0,0.5,500.0,0.5,12174564400862382112,,centered_directional_fd,0.17663602530956268,signal
stage0_full_001,clean,clean/blocks_ranking_size/episode_000042/0_478,blocks_ranking_size,episode_000042,clean,,,,action_velocity,direction_geometry,1.0,0.75,251.00001525878906,0.2510000169277191,12174564400862382112,,centered_directional_fd,0.2200453281402588,signal
stage0_full_001,clean,clean/blocks_ranking_size/episode_000042/0_478,blocks_ranking_size,episode_000042,clean,,,,action_velocity,,0.5,0.25,,,,,directional_selectivity,0.0,
stage0_full_001,clean,clean/blocks_ranking_size/episode_000042/0_478,blocks_ranking_size,episode_000042,clean,,,,action_velocity,,0.5,0.25,,,,,directional_selectivity,0.0,
stage0_full_001,clean,clean/blocks_ranking_size/episode_000042/0_478,blocks_ranking_size,episode_000042,clean,,,,action_velocity,,1.0,0.25,,,,,directional_selectivity,158209070563.31635,
stage0_full_001,clean,clean/blocks_ranking_size/episode_000042/0_478,blocks_ranking_size,episode_000042,clean,,,,action_velocity,,1.0,0.25,,,,,directional_selectivity,158209070563.31635,
stage0_full_001,clean,clean/blocks_ranking_size/episode_000042/0_478,blocks_ranking_size,episode_000042,clean,,,,action_velocity,,0.5,0.5,,,,,directional_selectivity,0.0,
stage0_full_001,clean,clean/blocks_ranking_size/episode_000042/0_478,blocks_ranking_size,episode_000042,clean,,,,action_velocity,,0.5,0.5,,,,,directional_selectivity,0.0,
stage0_full_001,clean,clean/blocks_ranking_size/episode_000042/0_478,blocks_ranking_size,episode_000042,clean,,,,action_velocity,,1.0,0.5,,,,,directional_selectivity,176636025309.56268,
stage0_full_001,clean,clean/blocks_ranking_size/episode_000042/0_478,blocks_ranking_size,episode_000042,clean,,,,action_velocity,,1.0,0.5,,,,,directional_selectivity,176636025309.56268,
stage0_full_001,clean,clean/blocks_ranking_size/episode_000042/0_478,blocks_ranking_size,episode_000042,clean,,,,action_velocity,,0.5,0.75,,,,,directional_selectivity,0.0,
stage0_full_001,clean,clean/blocks_ranking_size/episode_000042/0_478,blocks_ranking_size,episode_000042,clean,,,,action_velocity,,0.5,0.75,,,,,directional_selectivity,0.0,
stage0_full_001,clean,clean/blocks_ranking_size/episode_000042/0_478,blocks_ranking_size,episode_000042,clean,,,,action_velocity,,1.0,0.75,,,,,directional_selectivity,220045328140.2588,
stage0_full_001,clean,clean/blocks_ranking_size/episode_000042/0_478,blocks_ranking_size,episode_000042,clean,,,,action_velocity,,1.0,0.75,,,,,directional_selectivity,220045328140.2588,
stage0_full_001,clean,clean/click_alarmclock/episode_000040/0_76,click_alarmclock,episode_000040,clean,,,,action_velocity,direction_photo,0.5,0.25,750.0,0.75,3456786071859825307,,centered_directional_fd,0.0,nuisance
stage0_full_001,clean,clean/click_alarmclock/episode_000040/0_76,click_alarmclock,episode_000040,clean,,,,action_velocity,direction_photo,0.5,0.5,500.0,0.5,3456786071859825307,,centered_directional_fd,0.0,nuisance
stage0_full_001,clean,clean/click_alarmclock/episode_000040/0_76,click_alarmclock,episode_000040,clean,,,,action_velocity,direction_photo,0.5,0.75,251.00001525878906,0.2510000169277191,3456786071859825307,,centered_directional_fd,0.0,nuisance
stage0_full_001,clean,clean/click_alarmclock/episode_000040/0_76,click_alarmclock,episode_000040,clean,,,,action_velocity,direction_photo,1.0,0.25,750.0,0.75,3456786071859825307,,centered_directional_fd,0.0,nuisance
stage0_full_001,clean,clean/click_alarmclock/episode_000040/0_76,click_alarmclock,episode_000040,clean,,,,action_velocity,direction_photo,1.0,0.5,500.0,0.5,3456786071859825307,,centered_directional_fd,0.0,nuisance
stage0_full_001,clean,clean/click_alarmclock/episode_000040/0_76,click_alarmclock,episode_000040,clean,,,,action_velocity,direction_photo,1.0,0.75,251.00001525878906,0.2510000169277191,3456786071859825307,,centered_directional_fd,0.0,nuisance
stage0_full_001,clean,clean/click_alarmclock/episode_000040/0_76,click_alarmclock,episode_000040,clean,,,,action_velocity,direction_geometry,0.5,0.25,750.0,0.75,3456786071859825307,,centered_directional_fd,0.1401466280221939,signal
stage0_full_001,clean,clean/click_alarmclock/episode_000040/0_76,click_alarmclock,episode_000040,clean,,,,action_velocity,direction_geometry,0.5,0.5,500.0,0.5,3456786071859825307,,centered_directional_fd,0.14897257089614868,signal
stage0_full_001,clean,clean/click_alarmclock/episode_000040/0_76,click_alarmclock,episode_000040,clean,,,,action_velocity,direction_geometry,0.5,0.75,251.00001525878906,0.2510000169277191,3456786071859825307,,centered_directional_fd,0.19472253322601318,signal
stage0_full_001,clean,clean/click_alarmclock/episode_000040/0_76,click_alarmclock,episode_000040,clean,,,,action_velocity,direction_geometry,1.0,0.25,750.0,0.75,3456786071859825307,,centered_directional_fd,0.06401530653238297,signal
stage0_full_001,clean,clean/click_alarmclock/episode_000040/0_76,click_alarmclock,episode_000040,clean,,,,action_velocity,direction_geometry,1.0,0.5,500.0,0.5,3456786071859825307,,centered_directional_fd,0.06469519436359406,signal
stage0_full_001,clean,clean/click_alarmclock/episode_000040/0_76,click_alarmclock,episode_000040,clean,,,,action_velocity,direction_geometry,1.0,0.75,251.00001525878906,0.2510000169277191,3456786071859825307,,centered_directional_fd,0.08731981366872787,signal
stage0_full_001,clean,clean/click_alarmclock/episode_000040/0_76,click_alarmclock,episode_000040,clean,,,,action_velocity,,0.5,0.25,,,,,directional_selectivity,140146628022.1939,
stage0_full_001,clean,clean/click_alarmclock/episode_000040/0_76,click_alarmclock,episode_000040,clean,,,,action_velocity,,0.5,0.25,,,,,directional_selectivity,140146628022.1939,
stage0_full_001,clean,clean/click_alarmclock/episode_000040/0_76,click_alarmclock,episode_000040,clean,,,,action_velocity,,1.0,0.25,,,,,directional_selectivity,64015306532.382965,
stage0_full_001,clean,clean/click_alarmclock/episode_000040/0_76,click_alarmclock,episode_000040,clean,,,,action_velocity,,1.0,0.25,,,,,directional_selectivity,64015306532.382965,
stage0_full_001,clean,clean/click_alarmclock/episode_000040/0_76,click_alarmclock,episode_000040,clean,,,,action_velocity,,0.5,0.5,,,,,directional_selectivity,148972570896.14868,
stage0_full_001,clean,clean/click_alarmclock/episode_000040/0_76,click_alarmclock,episode_000040,clean,,,,action_velocity,,0.5,0.5,,,,,directional_selectivity,148972570896.14868,
stage0_full_001,clean,clean/click_alarmclock/episode_000040/0_76,click_alarmclock,episode_000040,clean,,,,action_velocity,,1.0,0.5,,,,,directional_selectivity,64695194363.594055,
stage0_full_001,clean,clean/click_alarmclock/episode_000040/0_76,click_alarmclock,episode_000040,clean,,,,action_velocity,,1.0,0.5,,,,,directional_selectivity,64695194363.594055,
stage0_full_001,clean,clean/click_alarmclock/episode_000040/0_76,click_alarmclock,episode_000040,clean,,,,action_velocity,,0.5,0.75,,,,,directional_selectivity,194722533226.01318,
stage0_full_001,clean,clean/click_alarmclock/episode_000040/0_76,click_alarmclock,episode_000040,clean,,,,action_velocity,,0.5,0.75,,,,,directional_selectivity,194722533226.01318,
stage0_full_001,clean,clean/click_alarmclock/episode_000040/0_76,click_alarmclock,episode_000040,clean,,,,action_velocity,,1.0,0.75,,,,,directional_selectivity,87319813668.72787,
stage0_full_001,clean,clean/click_alarmclock/episode_000040/0_76,click_alarmclock,episode_000040,clean,,,,action_velocity,,1.0,0.75,,,,,directional_selectivity,87319813668.72787,
stage0_full_001,clean,clean/click_bell/episode_000027/0_74,click_bell,episode_000027,clean,,,,action_velocity,direction_photo,0.5,0.25,750.0,0.75,16822075493149087319,,centered_directional_fd,0.0,nuisance
stage0_full_001,clean,clean/click_bell/episode_000027/0_74,click_bell,episode_000027,clean,,,,action_velocity,direction_photo,0.5,0.5,500.0,0.5,16822075493149087319,,centered_directional_fd,0.0,nuisance
stage0_full_001,clean,clean/click_bell/episode_000027/0_74,click_bell,episode_000027,clean,,,,action_velocity,direction_photo,0.5,0.75,251.00001525878906,0.2510000169277191,16822075493149087319,,centered_directional_fd,0.0,nuisance
stage0_full_001,clean,clean/click_bell/episode_000027/0_74,click_bell,episode_000027,clean,,,,action_velocity,direction_photo,1.0,0.25,750.0,0.75,16822075493149087319,,centered_directional_fd,0.0,nuisance
stage0_full_001,clean,clean/click_bell/episode_000027/0_74,click_bell,episode_000027,clean,,,,action_velocity,direction_photo,1.0,0.5,500.0,0.5,16822075493149087319,,centered_directional_fd,0.0,nuisance
stage0_full_001,clean,clean/click_bell/episode_000027/0_74,click_bell,episode_000027,clean,,,,action_velocity,direction_photo,1.0,0.75,251.00001525878906,0.2510000169277191,16822075493149087319,,centered_directional_fd,0.0,nuisance
stage0_full_001,clean,clean/click_bell/episode_000027/0_74,click_bell,episode_000027,clean,,,,action_velocity,direction_geometry,0.5,0.25,750.0,0.75,16822075493149087319,,centered_directional_fd,0.12166283279657364,signal
stage0_full_001,clean,clean/click_bell/episode_000027/0_74,click_bell,episode_000027,clean,,,,action_velocity,direction_geometry,0.5,0.5,500.0,0.5,16822075493149087319,,centered_directional_fd,0.12200981378555298,signal
stage0_full_001,clean,clean/click_bell/episode_000027/0_74,click_bell,episode_000027,clean,,,,action_velocity,direction_geometry,0.5,0.75,251.00001525878906,0.2510000169277191,16822075493149087319,,centered_directional_fd,0.15915535390377045,signal
stage0_full_001,clean,clean/click_bell/episode_000027/0_74,click_bell,episode_000027,clean,,,,action_velocity,direction_geometry,1.0,0.25,750.0,0.75,16822075493149087319,,centered_directional_fd,0.06286074966192245,signal
stage0_full_001,clean,clean/click_bell/episode_000027/0_74,click_bell,episode_000027,clean,,,,action_velocity,direction_geometry,1.0,0.5,500.0,0.5,16822075493149087319,,centered_directional_fd,0.059474293142557144,signal
stage0_full_001,clean,clean/click_bell/episode_000027/0_74,click_bell,episode_000027,clean,,,,action_velocity,direction_geometry,1.0,0.75,251.00001525878906,0.2510000169277191,16822075493149087319,,centered_directional_fd,0.07818592339754105,signal
stage0_full_001,clean,clean/click_bell/episode_000027/0_74,click_bell,episode_000027,clean,,,,action_velocity,,0.5,0.25,,,,,directional_selectivity,121662832796.57364,
stage0_full_001,clean,clean/click_bell/episode_000027/0_74,click_bell,episode_000027,clean,,,,action_velocity,,0.5,0.25,,,,,directional_selectivity,121662832796.57364,
stage0_full_001,clean,clean/click_bell/episode_000027/0_74,click_bell,episode_000027,clean,,,,action_velocity,,1.0,0.25,,,,,directional_selectivity,62860749661.922455,
stage0_full_001,clean,clean/click_bell/episode_000027/0_74,click_bell,episode_000027,clean,,,,action_velocity,,1.0,0.25,,,,,directional_selectivity,62860749661.922455,
stage0_full_001,clean,clean/click_bell/episode_000027/0_74,click_bell,episode_000027,clean,,,,action_velocity,,0.5,0.5,,,,,directional_selectivity,122009813785.55298,
stage0_full_001,clean,clean/click_bell/episode_000027/0_74,click_bell,episode_000027,clean,,,,action_velocity,,0.5,0.5,,,,,directional_selectivity,122009813785.55298,
stage0_full_001,clean,clean/click_bell/episode_000027/0_74,click_bell,episode_000027,clean,,,,action_velocity,,1.0,0.5,,,,,directional_selectivity,59474293142.557144,
stage0_full_001,clean,clean/click_bell/episode_000027/0_74,click_bell,episode_000027,clean,,,,action_velocity,,1.0,0.5,,,,,directional_selectivity,59474293142.557144,
stage0_full_001,clean,clean/click_bell/episode_000027/0_74,click_bell,episode_000027,clean,,,,action_velocity,,0.5,0.75,,,,,directional_selectivity,159155353903.77045,
stage0_full_001,clean,clean/click_bell/episode_000027/0_74,click_bell,episode_000027,clean,,,,action_velocity,,0.5,0.75,,,,,directional_selectivity,159155353903.77045,
stage0_full_001,clean,clean/click_bell/episode_000027/0_74,click_bell,episode_000027,clean,,,,action_velocity,,1.0,0.75,,,,,directional_selectivity,78185923397.54105,
stage0_full_001,clean,clean/click_bell/episode_000027/0_74,click_bell,episode_000027,clean,,,,action_velocity,,1.0,0.75,,,,,directional_selectivity,78185923397.54105,
stage0_full_001,clean,clean/dump_bin_bigbin/episode_000003/0_173,dump_bin_bigbin,episode_000003,clean,,,,action_velocity,direction_photo,0.5,0.25,750.0,0.75,9694063702409483369,,centered_directional_fd,0.0,nuisance
stage0_full_001,clean,clean/dump_bin_bigbin/episode_000003/0_173,dump_bin_bigbin,episode_000003,clean,,,,action_velocity,direction_photo,0.5,0.5,500.0,0.5,9694063702409483369,,centered_directional_fd,0.0,nuisance
stage0_full_001,clean,clean/dump_bin_bigbin/episode_000003/0_173,dump_bin_bigbin,episode_000003,clean,,,,action_velocity,direction_photo,0.5,0.75,251.00001525878906,0.2510000169277191,9694063702409483369,,centered_directional_fd,0.0,nuisance
stage0_full_001,clean,clean/dump_bin_bigbin/episode_000003/0_173,dump_bin_bigbin,episode_000003,clean,,,,action_velocity,direction_photo,1.0,0.25,750.0,0.75,9694063702409483369,,centered_directional_fd,0.0,nuisance
stage0_full_001,clean,clean/dump_bin_bigbin/episode_000003/0_173,dump_bin_bigbin,episode_000003,clean,,,,action_velocity,direction_photo,1.0,0.5,500.0,0.5,9694063702409483369,,centered_directional_fd,0.0,nuisance
stage0_full_001,clean,clean/dump_bin_bigbin/episode_000003/0_173,dump_bin_bigbin,episode_000003,clean,,,,action_velocity,direction_photo,1.0,0.75,251.00001525878906,0.2510000169277191,9694063702409483369,,centered_directional_fd,0.0,nuisance
stage0_full_001,clean,clean/dump_bin_bigbin/episode_000003/0_173,dump_bin_bigbin,episode_000003,clean,,,,action_velocity,direction_geometry,0.5,0.25,750.0,0.75,9694063702409483369,,centered_directional_fd,0.18958619236946106,signal
stage0_full_001,clean,clean/dump_bin_bigbin/episode_000003/0_173,dump_bin_bigbin,episode_000003,clean,,,,action_velocity,direction_geometry,0.5,0.5,500.0,0.5,9694063702409483369,,centered_directional_fd,0.22312815487384796,signal
stage0_full_001,clean,clean/dump_bin_bigbin/episode_000003/0_173,dump_bin_bigbin,episode_000003,clean,,,,action_velocity,direction_geometry,0.5,0.75,251.00001525878906,0.2510000169277191,9694063702409483369,,centered_directional_fd,0.2720053493976593,signal
stage0_full_001,clean,clean/dump_bin_bigbin/episode_000003/0_173,dump_bin_bigbin,episode_000003,clean,,,,action_velocity,direction_geometry,1.0,0.25,750.0,0.75,9694063702409483369,,centered_directional_fd,0.0975680872797966,signal
stage0_full_001,clean,clean/dump_bin_bigbin/episode_000003/0_173,dump_bin_bigbin,episode_000003,clean,,,,action_velocity,direction_geometry,1.0,0.5,500.0,0.5,9694063702409483369,,centered_directional_fd,0.0985926017165184,signal
stage0_full_001,clean,clean/dump_bin_bigbin/episode_000003/0_173,dump_bin_bigbin,episode_000003,clean,,,,action_velocity,direction_geometry,1.0,0.75,251.00001525878906,0.2510000169277191,9694063702409483369,,centered_directional_fd,0.12390647083520889,signal
stage0_full_001,clean,clean/dump_bin_bigbin/episode_000003/0_173,dump_bin_bigbin,episode_000003,clean,,,,action_velocity,,0.5,0.25,,,,,directional_selectivity,189586192369.46106,
stage0_full_001,clean,clean/dump_bin_bigbin/episode_000003/0_173,dump_bin_bigbin,episode_000003,clean,,,,action_velocity,,0.5,0.25,,,,,directional_selectivity,189586192369.46106,
stage0_full_001,clean,clean/dump_bin_bigbin/episode_000003/0_173,dump_bin_bigbin,episode_000003,clean,,,,action_velocity,,1.0,0.25,,,,,directional_selectivity,97568087279.7966,
stage0_full_001,clean,clean/dump_bin_bigbin/episode_000003/0_173,dump_bin_bigbin,episode_000003,clean,,,,action_velocity,,1.0,0.25,,,,,directional_selectivity,97568087279.7966,
stage0_full_001,clean,clean/dump_bin_bigbin/episode_000003/0_173,dump_bin_bigbin,episode_000003,clean,,,,action_velocity,,0.5,0.5,,,,,directional_selectivity,223128154873.84796,
stage0_full_001,clean,clean/dump_bin_bigbin/episode_000003/0_173,dump_bin_bigbin,episode_000003,clean,,,,action_velocity,,0.5,0.5,,,,,directional_selectivity,223128154873.84796,
stage0_full_001,clean,clean/dump_bin_bigbin/episode_000003/0_173,dump_bin_bigbin,episode_000003,clean,,,,action_velocity,,1.0,0.5,,,,,directional_selectivity,98592601716.5184,
stage0_full_001,clean,clean/dump_bin_bigbin/episode_000003/0_173,dump_bin_bigbin,episode_000003,clean,,,,action_velocity,,1.0,0.5,,,,,directional_selectivity,98592601716.5184,
stage0_full_001,clean,clean/dump_bin_bigbin/episode_000003/0_173,dump_bin_bigbin,episode_000003,clean,,,,action_velocity,,0.5,0.75,,,,,directional_selectivity,272005349397.6593,
stage0_full_001,clean,clean/dump_bin_bigbin/episode_000003/0_173,dump_bin_bigbin,episode_000003,clean,,,,action_velocity,,0.5,0.75,,,,,directional_selectivity,272005349397.6593,
stage0_full_001,clean,clean/dump_bin_bigbin/episode_000003/0_173,dump_bin_bigbin,episode_000003,clean,,,,action_velocity,,1.0,0.75,,,,,directional_selectivity,123906470835.2089,
stage0_full_001,clean,clean/dump_bin_bigbin/episode_000003/0_173,dump_bin_bigbin,episode_000003,clean,,,,action_velocity,,1.0,0.75,,,,,directional_selectivity,123906470835.2089,
stage0_full_001,clean,clean/grab_roller/episode_000003/0_95,grab_roller,episode_000003,clean,,,,action_velocity,direction_photo,0.5,0.25,750.0,0.75,16834811967688122419,,centered_directional_fd,0.0,nuisance
stage0_full_001,clean,clean/grab_roller/episode_000003/0_95,grab_roller,episode_000003,clean,,,,action_velocity,direction_photo,0.5,0.5,500.0,0.5,16834811967688122419,,centered_directional_fd,0.0,nuisance
stage0_full_001,clean,clean/grab_roller/episode_000003/0_95,grab_roller,episode_000003,clean,,,,action_velocity,direction_photo,0.5,0.75,251.00001525878906,0.2510000169277191,16834811967688122419,,centered_directional_fd,0.0,nuisance
stage0_full_001,clean,clean/grab_roller/episode_000003/0_95,grab_roller,episode_000003,clean,,,,action_velocity,direction_photo,1.0,0.25,750.0,0.75,16834811967688122419,,centered_directional_fd,0.0,nuisance
stage0_full_001,clean,clean/grab_roller/episode_000003/0_95,grab_roller,episode_000003,clean,,,,action_velocity,direction_photo,1.0,0.5,500.0,0.5,16834811967688122419,,centered_directional_fd,0.0,nuisance
stage0_full_001,clean,clean/grab_roller/episode_000003/0_95,grab_roller,episode_000003,clean,,,,action_velocity,direction_photo,1.0,0.75,251.00001525878906,0.2510000169277191,16834811967688122419,,centered_directional_fd,0.0,nuisance
stage0_full_001,clean,clean/grab_roller/episode_000003/0_95,grab_roller,episode_000003,clean,,,,action_velocity,direction_geometry,0.5,0.25,750.0,0.75,16834811967688122419,,centered_directional_fd,0.14017356932163239,signal
stage0_full_001,clean,clean/grab_roller/episode_000003/0_95,grab_roller,episode_000003,clean,,,,action_velocity,direction_geometry,0.5,0.5,500.0,0.5,16834811967688122419,,centered_directional_fd,0.16279660165309906,signal
stage0_full_001,clean,clean/grab_roller/episode_000003/0_95,grab_roller,episode_000003,clean,,,,action_velocity,direction_geometry,0.5,0.75,251.00001525878906,0.2510000169277191,16834811967688122419,,centered_directional_fd,0.193839892745018,signal
stage0_full_001,clean,clean/grab_roller/episode_000003/0_95,grab_roller,episode_000003,clean,,,,action_velocity,direction_geometry,1.0,0.25,750.0,0.75,16834811967688122419,,centered_directional_fd,0.068418487906456,signal
stage0_full_001,clean,clean/grab_roller/episode_000003/0_95,grab_roller,episode_000003,clean,,,,action_velocity,direction_geometry,1.0,0.5,500.0,0.5,16834811967688122419,,centered_directional_fd,0.07685837149620056,signal
stage0_full_001,clean,clean/grab_roller/episode_000003/0_95,grab_roller,episode_000003,clean,,,,action_velocity,direction_geometry,1.0,0.75,251.00001525878906,0.2510000169277191,16834811967688122419,,centered_directional_fd,0.0892106294631958,signal
stage0_full_001,clean,clean/grab_roller/episode_000003/0_95,grab_roller,episode_000003,clean,,,,action_velocity,,0.5,0.25,,,,,directional_selectivity,140173569321.6324,
stage0_full_001,clean,clean/grab_roller/episode_000003/0_95,grab_roller,episode_000003,clean,,,,action_velocity,,0.5,0.25,,,,,directional_selectivity,140173569321.6324,
stage0_full_001,clean,clean/grab_roller/episode_000003/0_95,grab_roller,episode_000003,clean,,,,action_velocity,,1.0,0.25,,,,,directional_selectivity,68418487906.45599,
stage0_full_001,clean,clean/grab_roller/episode_000003/0_95,grab_roller,episode_000003,clean,,,,action_velocity,,1.0,0.25,,,,,directional_selectivity,68418487906.45599,
stage0_full_001,clean,clean/grab_roller/episode_000003/0_95,grab_roller,episode_000003,clean,,,,action_velocity,,0.5,0.5,,,,,directional_selectivity,162796601653.09906,
stage0_full_001,clean,clean/grab_roller/episode_000003/0_95,grab_roller,episode_000003,clean,,,,action_velocity,,0.5,0.5,,,,,directional_selectivity,162796601653.09906,
stage0_full_001,clean,clean/grab_roller/episode_000003/0_95,grab_roller,episode_000003,clean,,,,action_velocity,,1.0,0.5,,,,,directional_selectivity,76858371496.20056,
stage0_full_001,clean,clean/grab_roller/episode_000003/0_95,grab_roller,episode_000003,clean,,,,action_velocity,,1.0,0.5,,,,,directional_selectivity,76858371496.20056,
stage0_full_001,clean,clean/grab_roller/episode_000003/0_95,grab_roller,episode_000003,clean,,,,action_velocity,,0.5,0.75,,,,,directional_selectivity,193839892745.018,
stage0_full_001,clean,clean/grab_roller/episode_000003/0_95,grab_roller,episode_000003,clean,,,,action_velocity,,0.5,0.75,,,,,directional_selectivity,193839892745.018,
stage0_full_001,clean,clean/grab_roller/episode_000003/0_95,grab_roller,episode_000003,clean,,,,action_velocity,,1.0,0.75,,,,,directional_selectivity,89210629463.1958,
stage0_full_001,clean,clean/grab_roller/episode_000003/0_95,grab_roller,episode_000003,clean,,,,action_velocity,,1.0,0.75,,,,,directional_selectivity,89210629463.1958,
stage0_full_001,clean,clean/handover_block/episode_000000/0_276,handover_block,episode_000000,clean,,,,action_velocity,direction_photo,0.5,0.25,750.0,0.75,11669328836656501378,,centered_directional_fd,0.0,nuisance
stage0_full_001,clean,clean/handover_block/episode_000000/0_276,handover_block,episode_000000,clean,,,,action_velocity,direction_photo,0.5,0.5,500.0,0.5,11669328836656501378,,centered_directional_fd,0.0,nuisance
stage0_full_001,clean,clean/handover_block/episode_000000/0_276,handover_block,episode_000000,clean,,,,action_velocity,direction_photo,0.5,0.75,251.00001525878906,0.2510000169277191,11669328836656501378,,centered_directional_fd,0.0,nuisance
stage0_full_001,clean,clean/handover_block/episode_000000/0_276,handover_block,episode_000000,clean,,,,action_velocity,direction_photo,1.0,0.25,750.0,0.75,11669328836656501378,,centered_directional_fd,0.0,nuisance
stage0_full_001,clean,clean/handover_block/episode_000000/0_276,handover_block,episode_000000,clean,,,,action_velocity,direction_photo,1.0,0.5,500.0,0.5,11669328836656501378,,centered_directional_fd,0.0,nuisance
stage0_full_001,clean,clean/handover_block/episode_000000/0_276,handover_block,episode_000000,clean,,,,action_velocity,direction_photo,1.0,0.75,251.00001525878906,0.2510000169277191,11669328836656501378,,centered_directional_fd,0.0,nuisance
stage0_full_001,clean,clean/handover_block/episode_000000/0_276,handover_block,episode_000000,clean,,,,action_velocity,direction_geometry,0.5,0.25,750.0,0.75,11669328836656501378,,centered_directional_fd,0.0,signal
stage0_full_001,clean,clean/handover_block/episode_000000/0_276,handover_block,episode_000000,clean,,,,action_velocity,direction_geometry,0.5,0.5,500.0,0.5,11669328836656501378,,centered_directional_fd,0.0,signal
stage0_full_001,clean,clean/handover_block/episode_000000/0_276,handover_block,episode_000000,clean,,,,action_velocity,direction_geometry,0.5,0.75,251.00001525878906,0.2510000169277191,11669328836656501378,,centered_directional_fd,0.0,signal
stage0_full_001,clean,clean/handover_block/episode_000000/0_276,handover_block,episode_000000,clean,,,,action_velocity,direction_geometry,1.0,0.25,750.0,0.75,11669328836656501378,,centered_directional_fd,0.11812641471624374,signal
stage0_full_001,clean,clean/handover_block/episode_000000/0_276,handover_block,episode_000000,clean,,,,action_velocity,direction_geometry,1.0,0.5,500.0,0.5,11669328836656501378,,centered_directional_fd,0.13136820495128632,signal
stage0_full_001,clean,clean/handover_block/episode_000000/0_276,handover_block,episode_000000,clean,,,,action_velocity,direction_geometry,1.0,0.75,251.00001525878906,0.2510000169277191,11669328836656501378,,centered_directional_fd,0.1643708348274231,signal
stage0_full_001,clean,clean/handover_block/episode_000000/0_276,handover_block,episode_000000,clean,,,,action_velocity,,0.5,0.25,,,,,directional_selectivity,0.0,
stage0_full_001,clean,clean/handover_block/episode_000000/0_276,handover_block,episode_000000,clean,,,,action_velocity,,0.5,0.25,,,,,directional_selectivity,0.0,
stage0_full_001,clean,clean/handover_block/episode_000000/0_276,handover_block,episode_000000,clean,,,,action_velocity,,1.0,0.25,,,,,directional_selectivity,118126414716.24374,
stage0_full_001,clean,clean/handover_block/episode_000000/0_276,handover_block,episode_000000,clean,,,,action_velocity,,1.0,0.25,,,,,directional_selectivity,118126414716.24374,
stage0_full_001,clean,clean/handover_block/episode_000000/0_276,handover_block,episode_000000,clean,,,,action_velocity,,0.5,0.5,,,,,directional_selectivity,0.0,
stage0_full_001,clean,clean/handover_block/episode_000000/0_276,handover_block,episode_000000,clean,,,,action_velocity,,0.5,0.5,,,,,directional_selectivity,0.0,
stage0_full_001,clean,clean/handover_block/episode_000000/0_276,handover_block,episode_000000,clean,,,,action_velocity,,1.0,0.5,,,,,directional_selectivity,131368204951.28632,
stage0_full_001,clean,clean/handover_block/episode_000000/0_276,handover_block,episode_000000,clean,,,,action_velocity,,1.0,0.5,,,,,directional_selectivity,131368204951.28632,
stage0_full_001,clean,clean/handover_block/episode_000000/0_276,handover_block,episode_000000,clean,,,,action_velocity,,0.5,0.75,,,,,directional_selectivity,0.0,
stage0_full_001,clean,clean/handover_block/episode_000000/0_276,handover_block,episode_000000,clean,,,,action_velocity,,0.5,0.75,,,,,directional_selectivity,0.0,
stage0_full_001,clean,clean/handover_block/episode_000000/0_276,handover_block,episode_000000,clean,,,,action_velocity,,1.0,0.75,,,,,directional_selectivity,164370834827.4231,
stage0_full_001,clean,clean/handover_block/episode_000000/0_276,handover_block,episode_000000,clean,,,,action_velocity,,1.0,0.75,,,,,directional_selectivity,164370834827.4231,
stage0_full_001,clean,clean/handover_mic/episode_000028/0_222,handover_mic,episode_000028,clean,,,,action_velocity,direction_photo,0.5,0.25,750.0,0.75,92542508949322640,,centered_directional_fd,0.0,nuisance
stage0_full_001,clean,clean/handover_mic/episode_000028/0_222,handover_mic,episode_000028,clean,,,,action_velocity,direction_photo,0.5,0.5,500.0,0.5,92542508949322640,,centered_directional_fd,0.0,nuisance
stage0_full_001,clean,clean/handover_mic/episode_000028/0_222,handover_mic,episode_000028,clean,,,,action_velocity,direction_photo,0.5,0.75,251.00001525878906,0.2510000169277191,92542508949322640,,centered_directional_fd,0.0,nuisance
stage0_full_001,clean,clean/handover_mic/episode_000028/0_222,handover_mic,episode_000028,clean,,,,action_velocity,direction_photo,1.0,0.25,750.0,0.75,92542508949322640,,centered_directional_fd,0.0,nuisance
stage0_full_001,clean,clean/handover_mic/episode_000028/0_222,handover_mic,episode_000028,clean,,,,action_velocity,direction_photo,1.0,0.5,500.0,0.5,92542508949322640,,centered_directional_fd,0.0,nuisance
stage0_full_001,clean,clean/handover_mic/episode_000028/0_222,handover_mic,episode_000028,clean,,,,action_velocity,direction_photo,1.0,0.75,251.00001525878906,0.2510000169277191,92542508949322640,,centered_directional_fd,0.0,nuisance
stage0_full_001,clean,clean/handover_mic/episode_000028/0_222,handover_mic,episode_000028,clean,,,,action_velocity,direction_geometry,0.5,0.25,750.0,0.75,92542508949322640,,centered_directional_fd,0.0,signal
stage0_full_001,clean,clean/handover_mic/episode_000028/0_222,handover_mic,episode_000028,clean,,,,action_velocity,direction_geometry,0.5,0.5,500.0,0.5,92542508949322640,,centered_directional_fd,0.0,signal
stage0_full_001,clean,clean/handover_mic/episode_000028/0_222,handover_mic,episode_000028,clean,,,,action_velocity,direction_geometry,0.5,0.75,251.00001525878906,0.2510000169277191,92542508949322640,,centered_directional_fd,0.0,signal
stage0_full_001,clean,clean/handover_mic/episode_000028/0_222,handover_mic,episode_000028,clean,,,,action_velocity,direction_geometry,1.0,0.25,750.0,0.75,92542508949322640,,centered_directional_fd,0.10350960493087769,signal
stage0_full_001,clean,clean/handover_mic/episode_000028/0_222,handover_mic,episode_000028,clean,,,,action_velocity,direction_geometry,1.0,0.5,500.0,0.5,92542508949322640,,centered_directional_fd,0.10915342718362808,signal
stage0_full_001,clean,clean/handover_mic/episode_000028/0_222,handover_mic,episode_000028,clean,,,,action_velocity,direction_geometry,1.0,0.75,251.00001525878906,0.2510000169277191,92542508949322640,,centered_directional_fd,0.13809913396835327,signal
stage0_full_001,clean,clean/handover_mic/episode_000028/0_222,handover_mic,episode_000028,clean,,,,action_velocity,,0.5,0.25,,,,,directional_selectivity,0.0,
stage0_full_001,clean,clean/handover_mic/episode_000028/0_222,handover_mic,episode_000028,clean,,,,action_velocity,,0.5,0.25,,,,,directional_selectivity,0.0,
stage0_full_001,clean,clean/handover_mic/episode_000028/0_222,handover_mic,episode_000028,clean,,,,action_velocity,,1.0,0.25,,,,,directional_selectivity,103509604930.87769,
stage0_full_001,clean,clean/handover_mic/episode_000028/0_222,handover_mic,episode_000028,clean,,,,action_velocity,,1.0,0.25,,,,,directional_selectivity,103509604930.87769,
stage0_full_001,clean,clean/handover_mic/episode_000028/0_222,handover_mic,episode_000028,clean,,,,action_velocity,,0.5,0.5,,,,,directional_selectivity,0.0,
stage0_full_001,clean,clean/handover_mic/episode_000028/0_222,handover_mic,episode_000028,clean,,,,action_velocity,,0.5,0.5,,,,,directional_selectivity,0.0,
stage0_full_001,clean,clean/handover_mic/episode_000028/0_222,handover_mic,episode_000028,clean,,,,action_velocity,,1.0,0.5,,,,,directional_selectivity,109153427183.62808,
stage0_full_001,clean,clean/handover_mic/episode_000028/0_222,handover_mic,episode_000028,clean,,,,action_velocity,,1.0,0.5,,,,,directional_selectivity,109153427183.62808,
stage0_full_001,clean,clean/handover_mic/episode_000028/0_222,handover_mic,episode_000028,clean,,,,action_velocity,,0.5,0.75,,,,,directional_selectivity,0.0,
stage0_full_001,clean,clean/handover_mic/episode_000028/0_222,handover_mic,episode_000028,clean,,,,action_velocity,,0.5,0.75,,,,,directional_selectivity,0.0,
stage0_full_001,clean,clean/handover_mic/episode_000028/0_222,handover_mic,episode_000028,clean,,,,action_velocity,,1.0,0.75,,,,,directional_selectivity,138099133968.35327,
stage0_full_001,clean,clean/handover_mic/episode_000028/0_222,handover_mic,episode_000028,clean,,,,action_velocity,,1.0,0.75,,,,,directional_selectivity,138099133968.35327,
stage0_full_001,contrastive,clean/adjust_bottle/episode_000044/0_139,adjust_bottle,episode_000044,clean,,,,action_velocity,direction_photo,0.5,0.25,750.0,0.75,13788209987369430635,,centered_directional_fd,0.0,nuisance
stage0_full_001,contrastive,clean/adjust_bottle/episode_000044/0_139,adjust_bottle,episode_000044,clean,,,,action_velocity,direction_photo,0.5,0.5,500.0,0.5,13788209987369430635,,centered_directional_fd,0.0,nuisance
stage0_full_001,contrastive,clean/adjust_bottle/episode_000044/0_139,adjust_bottle,episode_000044,clean,,,,action_velocity,direction_photo,0.5,0.75,251.00001525878906,0.2510000169277191,13788209987369430635,,centered_directional_fd,0.0,nuisance
stage0_full_001,contrastive,clean/adjust_bottle/episode_000044/0_139,adjust_bottle,episode_000044,clean,,,,action_velocity,direction_photo,1.0,0.25,750.0,0.75,13788209987369430635,,centered_directional_fd,0.0,nuisance
stage0_full_001,contrastive,clean/adjust_bottle/episode_000044/0_139,adjust_bottle,episode_000044,clean,,,,action_velocity,direction_photo,1.0,0.5,500.0,0.5,13788209987369430635,,centered_directional_fd,0.0,nuisance
stage0_full_001,contrastive,clean/adjust_bottle/episode_000044/0_139,adjust_bottle,episode_000044,clean,,,,action_velocity,direction_photo,1.0,0.75,251.00001525878906,0.2510000169277191,13788209987369430635,,centered_directional_fd,0.0,nuisance
stage0_full_001,contrastive,clean/adjust_bottle/episode_000044/0_139,adjust_bottle,episode_000044,clean,,,,action_velocity,direction_geometry,0.5,0.25,750.0,0.75,13788209987369430635,,centered_directional_fd,0.17445838451385498,signal
stage0_full_001,contrastive,clean/adjust_bottle/episode_000044/0_139,adjust_bottle,episode_000044,clean,,,,action_velocity,direction_geometry,0.5,0.5,500.0,0.5,13788209987369430635,,centered_directional_fd,0.1777753233909607,signal
stage0_full_001,contrastive,clean/adjust_bottle/episode_000044/0_139,adjust_bottle,episode_000044,clean,,,,action_velocity,direction_geometry,0.5,0.75,251.00001525878906,0.2510000169277191,13788209987369430635,,centered_directional_fd,0.21592989563941956,signal
stage0_full_001,contrastive,clean/adjust_bottle/episode_000044/0_139,adjust_bottle,episode_000044,clean,,,,action_velocity,direction_geometry,1.0,0.25,750.0,0.75,13788209987369430635,,centered_directional_fd,0.09228619188070297,signal
stage0_full_001,contrastive,clean/adjust_bottle/episode_000044/0_139,adjust_bottle,episode_000044,clean,,,,action_velocity,direction_geometry,1.0,0.5,500.0,0.5,13788209987369430635,,centered_directional_fd,0.0857565850019455,signal
stage0_full_001,contrastive,clean/adjust_bottle/episode_000044/0_139,adjust_bottle,episode_000044,clean,,,,action_velocity,direction_geometry,1.0,0.75,251.00001525878906,0.2510000169277191,13788209987369430635,,centered_directional_fd,0.11047813296318054,signal
stage0_full_001,contrastive,clean/adjust_bottle/episode_000044/0_139,adjust_bottle,episode_000044,clean,,,,action_velocity,,0.5,0.25,,,,,directional_selectivity,174458384513.85498,
stage0_full_001,contrastive,clean/adjust_bottle/episode_000044/0_139,adjust_bottle,episode_000044,clean,,,,action_velocity,,0.5,0.25,,,,,directional_selectivity,174458384513.85498,
stage0_full_001,contrastive,clean/adjust_bottle/episode_000044/0_139,adjust_bottle,episode_000044,clean,,,,action_velocity,,1.0,0.25,,,,,directional_selectivity,92286191880.70297,
stage0_full_001,contrastive,clean/adjust_bottle/episode_000044/0_139,adjust_bottle,episode_000044,clean,,,,action_velocity,,1.0,0.25,,,,,directional_selectivity,92286191880.70297,
stage0_full_001,contrastive,clean/adjust_bottle/episode_000044/0_139,adjust_bottle,episode_000044,clean,,,,action_velocity,,0.5,0.5,,,,,directional_selectivity,177775323390.9607,
stage0_full_001,contrastive,clean/adjust_bottle/episode_000044/0_139,adjust_bottle,episode_000044,clean,,,,action_velocity,,0.5,0.5,,,,,directional_selectivity,177775323390.9607,
stage0_full_001,contrastive,clean/adjust_bottle/episode_000044/0_139,adjust_bottle,episode_000044,clean,,,,action_velocity,,1.0,0.5,,,,,directional_selectivity,85756585001.9455,
stage0_full_001,contrastive,clean/adjust_bottle/episode_000044/0_139,adjust_bottle,episode_000044,clean,,,,action_velocity,,1.0,0.5,,,,,directional_selectivity,85756585001.9455,
stage0_full_001,contrastive,clean/adjust_bottle/episode_000044/0_139,adjust_bottle,episode_000044,clean,,,,action_velocity,,0.5,0.75,,,,,directional_selectivity,215929895639.41956,
stage0_full_001,contrastive,clean/adjust_bottle/episode_000044/0_139,adjust_bottle,episode_000044,clean,,,,action_velocity,,0.5,0.75,,,,,directional_selectivity,215929895639.41956,
stage0_full_001,contrastive,clean/adjust_bottle/episode_000044/0_139,adjust_bottle,episode_000044,clean,,,,action_velocity,,1.0,0.75,,,,,directional_selectivity,110478132963.18054,
stage0_full_001,contrastive,clean/adjust_bottle/episode_000044/0_139,adjust_bottle,episode_000044,clean,,,,action_velocity,,1.0,0.75,,,,,directional_selectivity,110478132963.18054,
stage0_full_001,contrastive,clean/beat_block_hammer/episode_000035/0_109,beat_block_hammer,episode_000035,clean,,,,action_velocity,direction_photo,0.5,0.25,750.0,0.75,6638251237087193106,,centered_directional_fd,0.0,nuisance
stage0_full_001,contrastive,clean/beat_block_hammer/episode_000035/0_109,beat_block_hammer,episode_000035,clean,,,,action_velocity,direction_photo,0.5,0.5,500.0,0.5,6638251237087193106,,centered_directional_fd,0.0,nuisance
stage0_full_001,contrastive,clean/beat_block_hammer/episode_000035/0_109,beat_block_hammer,episode_000035,clean,,,,action_velocity,direction_photo,0.5,0.75,251.00001525878906,0.2510000169277191,6638251237087193106,,centered_directional_fd,0.0,nuisance
stage0_full_001,contrastive,clean/beat_block_hammer/episode_000035/0_109,beat_block_hammer,episode_000035,clean,,,,action_velocity,direction_photo,1.0,0.25,750.0,0.75,6638251237087193106,,centered_directional_fd,0.0,nuisance
stage0_full_001,contrastive,clean/beat_block_hammer/episode_000035/0_109,beat_block_hammer,episode_000035,clean,,,,action_velocity,direction_photo,1.0,0.5,500.0,0.5,6638251237087193106,,centered_directional_fd,0.0,nuisance
stage0_full_001,contrastive,clean/beat_block_hammer/episode_000035/0_109,beat_block_hammer,episode_000035,clean,,,,action_velocity,direction_photo,1.0,0.75,251.00001525878906,0.2510000169277191,6638251237087193106,,centered_directional_fd,0.0,nuisance
stage0_full_001,contrastive,clean/beat_block_hammer/episode_000035/0_109,beat_block_hammer,episode_000035,clean,,,,action_velocity,direction_geometry,0.5,0.25,750.0,0.75,6638251237087193106,,centered_directional_fd,0.15689462423324585,signal
stage0_full_001,contrastive,clean/beat_block_hammer/episode_000035/0_109,beat_block_hammer,episode_000035,clean,,,,action_velocity,direction_geometry,0.5,0.5,500.0,0.5,6638251237087193106,,centered_directional_fd,0.15385794639587402,signal
stage0_full_001,contrastive,clean/beat_block_hammer/episode_000035/0_109,beat_block_hammer,episode_000035,clean,,,,action_velocity,direction_geometry,0.5,0.75,251.00001525878906,0.2510000169277191,6638251237087193106,,centered_directional_fd,0.1838350147008896,signal
stage0_full_001,contrastive,clean/beat_block_hammer/episode_000035/0_109,beat_block_hammer,episode_000035,clean,,,,action_velocity,direction_geometry,1.0,0.25,750.0,0.75,6638251237087193106,,centered_directional_fd,0.07883229106664658,signal
stage0_full_001,contrastive,clean/beat_block_hammer/episode_000035/0_109,beat_block_hammer,episode_000035,clean,,,,action_velocity,direction_geometry,1.0,0.5,500.0,0.5,6638251237087193106,,centered_directional_fd,0.08479490876197815,signal
stage0_full_001,contrastive,clean/beat_block_hammer/episode_000035/0_109,beat_block_hammer,episode_000035,clean,,,,action_velocity,direction_geometry,1.0,0.75,251.00001525878906,0.2510000169277191,6638251237087193106,,centered_directional_fd,0.10655459016561508,signal
stage0_full_001,contrastive,clean/beat_block_hammer/episode_000035/0_109,beat_block_hammer,episode_000035,clean,,,,action_velocity,,0.5,0.25,,,,,directional_selectivity,156894624233.24585,
stage0_full_001,contrastive,clean/beat_block_hammer/episode_000035/0_109,beat_block_hammer,episode_000035,clean,,,,action_velocity,,0.5,0.25,,,,,directional_selectivity,156894624233.24585,
stage0_full_001,contrastive,clean/beat_block_hammer/episode_000035/0_109,beat_block_hammer,episode_000035,clean,,,,action_velocity,,1.0,0.25,,,,,directional_selectivity,78832291066.64658,
stage0_full_001,contrastive,clean/beat_block_hammer/episode_000035/0_109,beat_block_hammer,episode_000035,clean,,,,action_velocity,,1.0,0.25,,,,,directional_selectivity,78832291066.64658,
stage0_full_001,contrastive,clean/beat_block_hammer/episode_000035/0_109,beat_block_hammer,episode_000035,clean,,,,action_velocity,,0.5,0.5,,,,,directional_selectivity,153857946395.87402,
stage0_full_001,contrastive,clean/beat_block_hammer/episode_000035/0_109,beat_block_hammer,episode_000035,clean,,,,action_velocity,,0.5,0.5,,,,,directional_selectivity,153857946395.87402,
stage0_full_001,contrastive,clean/beat_block_hammer/episode_000035/0_109,beat_block_hammer,episode_000035,clean,,,,action_velocity,,1.0,0.5,,,,,directional_selectivity,84794908761.97815,
stage0_full_001,contrastive,clean/beat_block_hammer/episode_000035/0_109,beat_block_hammer,episode_000035,clean,,,,action_velocity,,1.0,0.5,,,,,directional_selectivity,84794908761.97815,
stage0_full_001,contrastive,clean/beat_block_hammer/episode_000035/0_109,beat_block_hammer,episode_000035,clean,,,,action_velocity,,0.5,0.75,,,,,directional_selectivity,183835014700.8896,
stage0_full_001,contrastive,clean/beat_block_hammer/episode_000035/0_109,beat_block_hammer,episode_000035,clean,,,,action_velocity,,0.5,0.75,,,,,directional_selectivity,183835014700.8896,
stage0_full_001,contrastive,clean/beat_block_hammer/episode_000035/0_109,beat_block_hammer,episode_000035,clean,,,,action_velocity,,1.0,0.75,,,,,directional_selectivity,106554590165.61508,
stage0_full_001,contrastive,clean/beat_block_hammer/episode_000035/0_109,beat_block_hammer,episode_000035,clean,,,,action_velocity,,1.0,0.75,,,,,directional_selectivity,106554590165.61508,
stage0_full_001,contrastive,clean/blocks_ranking_rgb/episode_000039/0_464,blocks_ranking_rgb,episode_000039,clean,,,,action_velocity,direction_photo,0.5,0.25,750.0,0.75,2852135134852260049,,centered_directional_fd,0.0,nuisance
stage0_full_001,contrastive,clean/blocks_ranking_rgb/episode_000039/0_464,blocks_ranking_rgb,episode_000039,clean,,,,action_velocity,direction_photo,0.5,0.5,500.0,0.5,2852135134852260049,,centered_directional_fd,0.0,nuisance
stage0_full_001,contrastive,clean/blocks_ranking_rgb/episode_000039/0_464,blocks_ranking_rgb,episode_000039,clean,,,,action_velocity,direction_photo,0.5,0.75,251.00001525878906,0.2510000169277191,2852135134852260049,,centered_directional_fd,0.0,nuisance
stage0_full_001,contrastive,clean/blocks_ranking_rgb/episode_000039/0_464,blocks_ranking_rgb,episode_000039,clean,,,,action_velocity,direction_photo,1.0,0.25,750.0,0.75,2852135134852260049,,centered_directional_fd,0.0,nuisance
stage0_full_001,contrastive,clean/blocks_ranking_rgb/episode_000039/0_464,blocks_ranking_rgb,episode_000039,clean,,,,action_velocity,direction_photo,1.0,0.5,500.0,0.5,2852135134852260049,,centered_directional_fd,0.0,nuisance
stage0_full_001,contrastive,clean/blocks_ranking_rgb/episode_000039/0_464,blocks_ranking_rgb,episode_000039,clean,,,,action_velocity,direction_photo,1.0,0.75,251.00001525878906,0.2510000169277191,2852135134852260049,,centered_directional_fd,0.0,nuisance
stage0_full_001,contrastive,clean/blocks_ranking_rgb/episode_000039/0_464,blocks_ranking_rgb,episode_000039,clean,,,,action_velocity,direction_geometry,0.5,0.25,750.0,0.75,2852135134852260049,,centered_directional_fd,0.0,signal
stage0_full_001,contrastive,clean/blocks_ranking_rgb/episode_000039/0_464,blocks_ranking_rgb,episode_000039,clean,,,,action_velocity,direction_geometry,0.5,0.5,500.0,0.5,2852135134852260049,,centered_directional_fd,0.0,signal
stage0_full_001,contrastive,clean/blocks_ranking_rgb/episode_000039/0_464,blocks_ranking_rgb,episode_000039,clean,,,,action_velocity,direction_geometry,0.5,0.75,251.00001525878906,0.2510000169277191,2852135134852260049,,centered_directional_fd,0.0,signal
stage0_full_001,contrastive,clean/blocks_ranking_rgb/episode_000039/0_464,blocks_ranking_rgb,episode_000039,clean,,,,action_velocity,direction_geometry,1.0,0.25,750.0,0.75,2852135134852260049,,centered_directional_fd,0.15245945751667023,signal
stage0_full_001,contrastive,clean/blocks_ranking_rgb/episode_000039/0_464,blocks_ranking_rgb,episode_000039,clean,,,,action_velocity,direction_geometry,1.0,0.5,500.0,0.5,2852135134852260049,,centered_directional_fd,0.17055948078632355,signal
stage0_full_001,contrastive,clean/blocks_ranking_rgb/episode_000039/0_464,blocks_ranking_rgb,episode_000039,clean,,,,action_velocity,direction_geometry,1.0,0.75,251.00001525878906,0.2510000169277191,2852135134852260049,,centered_directional_fd,0.20311330258846283,signal
stage0_full_001,contrastive,clean/blocks_ranking_rgb/episode_000039/0_464,blocks_ranking_rgb,episode_000039,clean,,,,action_velocity,,0.5,0.25,,,,,directional_selectivity,0.0,
stage0_full_001,contrastive,clean/blocks_ranking_rgb/episode_000039/0_464,blocks_ranking_rgb,episode_000039,clean,,,,action_velocity,,0.5,0.25,,,,,directional_selectivity,0.0,
stage0_full_001,contrastive,clean/blocks_ranking_rgb/episode_000039/0_464,blocks_ranking_rgb,episode_000039,clean,,,,action_velocity,,1.0,0.25,,,,,directional_selectivity,152459457516.67023,
stage0_full_001,contrastive,clean/blocks_ranking_rgb/episode_000039/0_464,blocks_ranking_rgb,episode_000039,clean,,,,action_velocity,,1.0,0.25,,,,,directional_selectivity,152459457516.67023,
stage0_full_001,contrastive,clean/blocks_ranking_rgb/episode_000039/0_464,blocks_ranking_rgb,episode_000039,clean,,,,action_velocity,,0.5,0.5,,,,,directional_selectivity,0.0,
stage0_full_001,contrastive,clean/blocks_ranking_rgb/episode_000039/0_464,blocks_ranking_rgb,episode_000039,clean,,,,action_velocity,,0.5,0.5,,,,,directional_selectivity,0.0,
stage0_full_001,contrastive,clean/blocks_ranking_rgb/episode_000039/0_464,blocks_ranking_rgb,episode_000039,clean,,,,action_velocity,,1.0,0.5,,,,,directional_selectivity,170559480786.32355,
stage0_full_001,contrastive,clean/blocks_ranking_rgb/episode_000039/0_464,blocks_ranking_rgb,episode_000039,clean,,,,action_velocity,,1.0,0.5,,,,,directional_selectivity,170559480786.32355,
stage0_full_001,contrastive,clean/blocks_ranking_rgb/episode_000039/0_464,blocks_ranking_rgb,episode_000039,clean,,,,action_velocity,,0.5,0.75,,,,,directional_selectivity,0.0,
stage0_full_001,contrastive,clean/blocks_ranking_rgb/episode_000039/0_464,blocks_ranking_rgb,episode_000039,clean,,,,action_velocity,,0.5,0.75,,,,,directional_selectivity,0.0,
stage0_full_001,contrastive,clean/blocks_ranking_rgb/episode_000039/0_464,blocks_ranking_rgb,episode_000039,clean,,,,action_velocity,,1.0,0.75,,,,,directional_selectivity,203113302588.46283,
stage0_full_001,contrastive,clean/blocks_ranking_rgb/episode_000039/0_464,blocks_ranking_rgb,episode_000039,clean,,,,action_velocity,,1.0,0.75,,,,,directional_selectivity,203113302588.46283,
stage0_full_001,contrastive,clean/blocks_ranking_size/episode_000042/0_478,blocks_ranking_size,episode_000042,clean,,,,action_velocity,direction_photo,0.5,0.25,750.0,0.75,12174564400862382112,,centered_directional_fd,0.0,nuisance
stage0_full_001,contrastive,clean/blocks_ranking_size/episode_000042/0_478,blocks_ranking_size,episode_000042,clean,,,,action_velocity,direction_photo,0.5,0.5,500.0,0.5,12174564400862382112,,centered_directional_fd,0.0,nuisance
stage0_full_001,contrastive,clean/blocks_ranking_size/episode_000042/0_478,blocks_ranking_size,episode_000042,clean,,,,action_velocity,direction_photo,0.5,0.75,251.00001525878906,0.2510000169277191,12174564400862382112,,centered_directional_fd,0.0,nuisance
stage0_full_001,contrastive,clean/blocks_ranking_size/episode_000042/0_478,blocks_ranking_size,episode_000042,clean,,,,action_velocity,direction_photo,1.0,0.25,750.0,0.75,12174564400862382112,,centered_directional_fd,0.0,nuisance
stage0_full_001,contrastive,clean/blocks_ranking_size/episode_000042/0_478,blocks_ranking_size,episode_000042,clean,,,,action_velocity,direction_photo,1.0,0.5,500.0,0.5,12174564400862382112,,centered_directional_fd,0.0,nuisance
stage0_full_001,contrastive,clean/blocks_ranking_size/episode_000042/0_478,blocks_ranking_size,episode_000042,clean,,,,action_velocity,direction_photo,1.0,0.75,251.00001525878906,0.2510000169277191,12174564400862382112,,centered_directional_fd,0.0,nuisance
stage0_full_001,contrastive,clean/blocks_ranking_size/episode_000042/0_478,blocks_ranking_size,episode_000042,clean,,,,action_velocity,direction_geometry,0.5,0.25,750.0,0.75,12174564400862382112,,centered_directional_fd,0.0,signal
stage0_full_001,contrastive,clean/blocks_ranking_size/episode_000042/0_478,blocks_ranking_size,episode_000042,clean,,,,action_velocity,direction_geometry,0.5,0.5,500.0,0.5,12174564400862382112,,centered_directional_fd,0.0,signal
stage0_full_001,contrastive,clean/blocks_ranking_size/episode_000042/0_478,blocks_ranking_size,episode_000042,clean,,,,action_velocity,direction_geometry,0.5,0.75,251.00001525878906,0.2510000169277191,12174564400862382112,,centered_directional_fd,0.0,signal
stage0_full_001,contrastive,clean/blocks_ranking_size/episode_000042/0_478,blocks_ranking_size,episode_000042,clean,,,,action_velocity,direction_geometry,1.0,0.25,750.0,0.75,12174564400862382112,,centered_directional_fd,0.16455663740634918,signal
stage0_full_001,contrastive,clean/blocks_ranking_size/episode_000042/0_478,blocks_ranking_size,episode_000042,clean,,,,action_velocity,direction_geometry,1.0,0.5,500.0,0.5,12174564400862382112,,centered_directional_fd,0.1749490350484848,signal
stage0_full_001,contrastive,clean/blocks_ranking_size/episode_000042/0_478,blocks_ranking_size,episode_000042,clean,,,,action_velocity,direction_geometry,1.0,0.75,251.00001525878906,0.2510000169277191,12174564400862382112,,centered_directional_fd,0.2156088799238205,signal
stage0_full_001,contrastive,clean/blocks_ranking_size/episode_000042/0_478,blocks_ranking_size,episode_000042,clean,,,,action_velocity,,0.5,0.25,,,,,directional_selectivity,0.0,
stage0_full_001,contrastive,clean/blocks_ranking_size/episode_000042/0_478,blocks_ranking_size,episode_000042,clean,,,,action_velocity,,0.5,0.25,,,,,directional_selectivity,0.0,
stage0_full_001,contrastive,clean/blocks_ranking_size/episode_000042/0_478,blocks_ranking_size,episode_000042,clean,,,,action_velocity,,1.0,0.25,,,,,directional_selectivity,164556637406.34918,
stage0_full_001,contrastive,clean/blocks_ranking_size/episode_000042/0_478,blocks_ranking_size,episode_000042,clean,,,,action_velocity,,1.0,0.25,,,,,directional_selectivity,164556637406.34918,
stage0_full_001,contrastive,clean/blocks_ranking_size/episode_000042/0_478,blocks_ranking_size,episode_000042,clean,,,,action_velocity,,0.5,0.5,,,,,directional_selectivity,0.0,
stage0_full_001,contrastive,clean/blocks_ranking_size/episode_000042/0_478,blocks_ranking_size,episode_000042,clean,,,,action_velocity,,0.5,0.5,,,,,directional_selectivity,0.0,
stage0_full_001,contrastive,clean/blocks_ranking_size/episode_000042/0_478,blocks_ranking_size,episode_000042,clean,,,,action_velocity,,1.0,0.5,,,,,directional_selectivity,174949035048.4848,
stage0_full_001,contrastive,clean/blocks_ranking_size/episode_000042/0_478,blocks_ranking_size,episode_000042,clean,,,,action_velocity,,1.0,0.5,,,,,directional_selectivity,174949035048.4848,
stage0_full_001,contrastive,clean/blocks_ranking_size/episode_000042/0_478,blocks_ranking_size,episode_000042,clean,,,,action_velocity,,0.5,0.75,,,,,directional_selectivity,0.0,
stage0_full_001,contrastive,clean/blocks_ranking_size/episode_000042/0_478,blocks_ranking_size,episode_000042,clean,,,,action_velocity,,0.5,0.75,,,,,directional_selectivity,0.0,
stage0_full_001,contrastive,clean/blocks_ranking_size/episode_000042/0_478,blocks_ranking_size,episode_000042,clean,,,,action_velocity,,1.0,0.75,,,,,directional_selectivity,215608879923.8205,
stage0_full_001,contrastive,clean/blocks_ranking_size/episode_000042/0_478,blocks_ranking_size,episode_000042,clean,,,,action_velocity,,1.0,0.75,,,,,directional_selectivity,215608879923.8205,
stage0_full_001,contrastive,clean/click_alarmclock/episode_000040/0_76,click_alarmclock,episode_000040,clean,,,,action_velocity,direction_photo,0.5,0.25,750.0,0.75,3456786071859825307,,centered_directional_fd,0.0,nuisance
stage0_full_001,contrastive,clean/click_alarmclock/episode_000040/0_76,click_alarmclock,episode_000040,clean,,,,action_velocity,direction_photo,0.5,0.5,500.0,0.5,3456786071859825307,,centered_directional_fd,0.0,nuisance
stage0_full_001,contrastive,clean/click_alarmclock/episode_000040/0_76,click_alarmclock,episode_000040,clean,,,,action_velocity,direction_photo,0.5,0.75,251.00001525878906,0.2510000169277191,3456786071859825307,,centered_directional_fd,0.0,nuisance
stage0_full_001,contrastive,clean/click_alarmclock/episode_000040/0_76,click_alarmclock,episode_000040,clean,,,,action_velocity,direction_photo,1.0,0.25,750.0,0.75,3456786071859825307,,centered_directional_fd,0.0,nuisance
stage0_full_001,contrastive,clean/click_alarmclock/episode_000040/0_76,click_alarmclock,episode_000040,clean,,,,action_velocity,direction_photo,1.0,0.5,500.0,0.5,3456786071859825307,,centered_directional_fd,0.0,nuisance
stage0_full_001,contrastive,clean/click_alarmclock/episode_000040/0_76,click_alarmclock,episode_000040,clean,,,,action_velocity,direction_photo,1.0,0.75,251.00001525878906,0.2510000169277191,3456786071859825307,,centered_directional_fd,0.0,nuisance
stage0_full_001,contrastive,clean/click_alarmclock/episode_000040/0_76,click_alarmclock,episode_000040,clean,,,,action_velocity,direction_geometry,0.5,0.25,750.0,0.75,3456786071859825307,,centered_directional_fd,0.13500253856182098,signal
stage0_full_001,contrastive,clean/click_alarmclock/episode_000040/0_76,click_alarmclock,episode_000040,clean,,,,action_velocity,direction_geometry,0.5,0.5,500.0,0.5,3456786071859825307,,centered_directional_fd,0.14514045417308807,signal
stage0_full_001,contrastive,clean/click_alarmclock/episode_000040/0_76,click_alarmclock,episode_000040,clean,,,,action_velocity,direction_geometry,0.5,0.75,251.00001525878906,0.2510000169277191,3456786071859825307,,centered_directional_fd,0.1960906982421875,signal
stage0_full_001,contrastive,clean/click_alarmclock/episode_000040/0_76,click_alarmclock,episode_000040,clean,,,,action_velocity,direction_geometry,1.0,0.25,750.0,0.75,3456786071859825307,,centered_directional_fd,0.06736565381288528,signal
stage0_full_001,contrastive,clean/click_alarmclock/episode_000040/0_76,click_alarmclock,episode_000040,clean,,,,action_velocity,direction_geometry,1.0,0.5,500.0,0.5,3456786071859825307,,centered_directional_fd,0.07218731939792633,signal
stage0_full_001,contrastive,clean/click_alarmclock/episode_000040/0_76,click_alarmclock,episode_000040,clean,,,,action_velocity,direction_geometry,1.0,0.75,251.00001525878906,0.2510000169277191,3456786071859825307,,centered_directional_fd,0.08614594489336014,signal
stage0_full_001,contrastive,clean/click_alarmclock/episode_000040/0_76,click_alarmclock,episode_000040,clean,,,,action_velocity,,0.5,0.25,,,,,directional_selectivity,135002538561.82098,
stage0_full_001,contrastive,clean/click_alarmclock/episode_000040/0_76,click_alarmclock,episode_000040,clean,,,,action_velocity,,0.5,0.25,,,,,directional_selectivity,135002538561.82098,
stage0_full_001,contrastive,clean/click_alarmclock/episode_000040/0_76,click_alarmclock,episode_000040,clean,,,,action_velocity,,1.0,0.25,,,,,directional_selectivity,67365653812.885284,
stage0_full_001,contrastive,clean/click_alarmclock/episode_000040/0_76,click_alarmclock,episode_000040,clean,,,,action_velocity,,1.0,0.25,,,,,directional_selectivity,67365653812.885284,
stage0_full_001,contrastive,clean/click_alarmclock/episode_000040/0_76,click_alarmclock,episode_000040,clean,,,,action_velocity,,0.5,0.5,,,,,directional_selectivity,145140454173.08807,
stage0_full_001,contrastive,clean/click_alarmclock/episode_000040/0_76,click_alarmclock,episode_000040,clean,,,,action_velocity,,0.5,0.5,,,,,directional_selectivity,145140454173.08807,
stage0_full_001,contrastive,clean/click_alarmclock/episode_000040/0_76,click_alarmclock,episode_000040,clean,,,,action_velocity,,1.0,0.5,,,,,directional_selectivity,72187319397.92633,
stage0_full_001,contrastive,clean/click_alarmclock/episode_000040/0_76,click_alarmclock,episode_000040,clean,,,,action_velocity,,1.0,0.5,,,,,directional_selectivity,72187319397.92633,
stage0_full_001,contrastive,clean/click_alarmclock/episode_000040/0_76,click_alarmclock,episode_000040,clean,,,,action_velocity,,0.5,0.75,,,,,directional_selectivity,196090698242.1875,
stage0_full_001,contrastive,clean/click_alarmclock/episode_000040/0_76,click_alarmclock,episode_000040,clean,,,,action_velocity,,0.5,0.75,,,,,directional_selectivity,196090698242.1875,
stage0_full_001,contrastive,clean/click_alarmclock/episode_000040/0_76,click_alarmclock,episode_000040,clean,,,,action_velocity,,1.0,0.75,,,,,directional_selectivity,86145944893.36014,
stage0_full_001,contrastive,clean/click_alarmclock/episode_000040/0_76,click_alarmclock,episode_000040,clean,,,,action_velocity,,1.0,0.75,,,,,directional_selectivity,86145944893.36014,
stage0_full_001,contrastive,clean/click_bell/episode_000027/0_74,click_bell,episode_000027,clean,,,,action_velocity,direction_photo,0.5,0.25,750.0,0.75,16822075493149087319,,centered_directional_fd,0.0,nuisance
stage0_full_001,contrastive,clean/click_bell/episode_000027/0_74,click_bell,episode_000027,clean,,,,action_velocity,direction_photo,0.5,0.5,500.0,0.5,16822075493149087319,,centered_directional_fd,0.0,nuisance
stage0_full_001,contrastive,clean/click_bell/episode_000027/0_74,click_bell,episode_000027,clean,,,,action_velocity,direction_photo,0.5,0.75,251.00001525878906,0.2510000169277191,16822075493149087319,,centered_directional_fd,0.0,nuisance
stage0_full_001,contrastive,clean/click_bell/episode_000027/0_74,click_bell,episode_000027,clean,,,,action_velocity,direction_photo,1.0,0.25,750.0,0.75,16822075493149087319,,centered_directional_fd,0.0,nuisance
stage0_full_001,contrastive,clean/click_bell/episode_000027/0_74,click_bell,episode_000027,clean,,,,action_velocity,direction_photo,1.0,0.5,500.0,0.5,16822075493149087319,,centered_directional_fd,0.0,nuisance
stage0_full_001,contrastive,clean/click_bell/episode_000027/0_74,click_bell,episode_000027,clean,,,,action_velocity,direction_photo,1.0,0.75,251.00001525878906,0.2510000169277191,16822075493149087319,,centered_directional_fd,0.0,nuisance
stage0_full_001,contrastive,clean/click_bell/episode_000027/0_74,click_bell,episode_000027,clean,,,,action_velocity,direction_geometry,0.5,0.25,750.0,0.75,16822075493149087319,,centered_directional_fd,0.12470144033432007,signal
stage0_full_001,contrastive,clean/click_bell/episode_000027/0_74,click_bell,episode_000027,clean,,,,action_velocity,direction_geometry,0.5,0.5,500.0,0.5,16822075493149087319,,centered_directional_fd,0.12970958650112152,signal
stage0_full_001,contrastive,clean/click_bell/episode_000027/0_74,click_bell,episode_000027,clean,,,,action_velocity,direction_geometry,0.5,0.75,251.00001525878906,0.2510000169277191,16822075493149087319,,centered_directional_fd,0.1627771407365799,signal
stage0_full_001,contrastive,clean/click_bell/episode_000027/0_74,click_bell,episode_000027,clean,,,,action_velocity,direction_geometry,1.0,0.25,750.0,0.75,16822075493149087319,,centered_directional_fd,0.05732624605298042,signal
stage0_full_001,contrastive,clean/click_bell/episode_000027/0_74,click_bell,episode_000027,clean,,,,action_velocity,direction_geometry,1.0,0.5,500.0,0.5,16822075493149087319,,centered_directional_fd,0.06270541995763779,signal
stage0_full_001,contrastive,clean/click_bell/episode_000027/0_74,click_bell,episode_000027,clean,,,,action_velocity,direction_geometry,1.0,0.75,251.00001525878906,0.2510000169277191,16822075493149087319,,centered_directional_fd,0.08072298020124435,signal
stage0_full_001,contrastive,clean/click_bell/episode_000027/0_74,click_bell,episode_000027,clean,,,,action_velocity,,0.5,0.25,,,,,directional_selectivity,124701440334.32007,
stage0_full_001,contrastive,clean/click_bell/episode_000027/0_74,click_bell,episode_000027,clean,,,,action_velocity,,0.5,0.25,,,,,directional_selectivity,124701440334.32007,
stage0_full_001,contrastive,clean/click_bell/episode_000027/0_74,click_bell,episode_000027,clean,,,,action_velocity,,1.0,0.25,,,,,directional_selectivity,57326246052.98042,
stage0_full_001,contrastive,clean/click_bell/episode_000027/0_74,click_bell,episode_000027,clean,,,,action_velocity,,1.0,0.25,,,,,directional_selectivity,57326246052.98042,
stage0_full_001,contrastive,clean/click_bell/episode_000027/0_74,click_bell,episode_000027,clean,,,,action_velocity,,0.5,0.5,,,,,directional_selectivity,129709586501.12152,
stage0_full_001,contrastive,clean/click_bell/episode_000027/0_74,click_bell,episode_000027,clean,,,,action_velocity,,0.5,0.5,,,,,directional_selectivity,129709586501.12152,
stage0_full_001,contrastive,clean/click_bell/episode_000027/0_74,click_bell,episode_000027,clean,,,,action_velocity,,1.0,0.5,,,,,directional_selectivity,62705419957.63779,
stage0_full_001,contrastive,clean/click_bell/episode_000027/0_74,click_bell,episode_000027,clean,,,,action_velocity,,1.0,0.5,,,,,directional_selectivity,62705419957.63779,
stage0_full_001,contrastive,clean/click_bell/episode_000027/0_74,click_bell,episode_000027,clean,,,,action_velocity,,0.5,0.75,,,,,directional_selectivity,162777140736.5799,
stage0_full_001,contrastive,clean/click_bell/episode_000027/0_74,click_bell,episode_000027,clean,,,,action_velocity,,0.5,0.75,,,,,directional_selectivity,162777140736.5799,
stage0_full_001,contrastive,clean/click_bell/episode_000027/0_74,click_bell,episode_000027,clean,,,,action_velocity,,1.0,0.75,,,,,directional_selectivity,80722980201.24435,
stage0_full_001,contrastive,clean/click_bell/episode_000027/0_74,click_bell,episode_000027,clean,,,,action_velocity,,1.0,0.75,,,,,directional_selectivity,80722980201.24435,
stage0_full_001,contrastive,clean/dump_bin_bigbin/episode_000003/0_173,dump_bin_bigbin,episode_000003,clean,,,,action_velocity,direction_photo,0.5,0.25,750.0,0.75,9694063702409483369,,centered_directional_fd,0.0,nuisance
stage0_full_001,contrastive,clean/dump_bin_bigbin/episode_000003/0_173,dump_bin_bigbin,episode_000003,clean,,,,action_velocity,direction_photo,0.5,0.5,500.0,0.5,9694063702409483369,,centered_directional_fd,0.0,nuisance
stage0_full_001,contrastive,clean/dump_bin_bigbin/episode_000003/0_173,dump_bin_bigbin,episode_000003,clean,,,,action_velocity,direction_photo,0.5,0.75,251.00001525878906,0.2510000169277191,9694063702409483369,,centered_directional_fd,0.0,nuisance
stage0_full_001,contrastive,clean/dump_bin_bigbin/episode_000003/0_173,dump_bin_bigbin,episode_000003,clean,,,,action_velocity,direction_photo,1.0,0.25,750.0,0.75,9694063702409483369,,centered_directional_fd,0.0,nuisance
stage0_full_001,contrastive,clean/dump_bin_bigbin/episode_000003/0_173,dump_bin_bigbin,episode_000003,clean,,,,action_velocity,direction_photo,1.0,0.5,500.0,0.5,9694063702409483369,,centered_directional_fd,0.0,nuisance
stage0_full_001,contrastive,clean/dump_bin_bigbin/episode_000003/0_173,dump_bin_bigbin,episode_000003,clean,,,,action_velocity,direction_photo,1.0,0.75,251.00001525878906,0.2510000169277191,9694063702409483369,,centered_directional_fd,0.0,nuisance
stage0_full_001,contrastive,clean/dump_bin_bigbin/episode_000003/0_173,dump_bin_bigbin,episode_000003,clean,,,,action_velocity,direction_geometry,0.5,0.25,750.0,0.75,9694063702409483369,,centered_directional_fd,0.19581350684165955,signal
stage0_full_001,contrastive,clean/dump_bin_bigbin/episode_000003/0_173,dump_bin_bigbin,episode_000003,clean,,,,action_velocity,direction_geometry,0.5,0.5,500.0,0.5,9694063702409483369,,centered_directional_fd,0.21482720971107483,signal
stage0_full_001,contrastive,clean/dump_bin_bigbin/episode_000003/0_173,dump_bin_bigbin,episode_000003,clean,,,,action_velocity,direction_geometry,0.5,0.75,251.00001525878906,0.2510000169277191,9694063702409483369,,centered_directional_fd,0.2576027810573578,signal
stage0_full_001,contrastive,clean/dump_bin_bigbin/episode_000003/0_173,dump_bin_bigbin,episode_000003,clean,,,,action_velocity,direction_geometry,1.0,0.25,750.0,0.75,9694063702409483369,,centered_directional_fd,0.09680577367544174,signal
stage0_full_001,contrastive,clean/dump_bin_bigbin/episode_000003/0_173,dump_bin_bigbin,episode_000003,clean,,,,action_velocity,direction_geometry,1.0,0.5,500.0,0.5,9694063702409483369,,centered_directional_fd,0.0972529873251915,signal
stage0_full_001,contrastive,clean/dump_bin_bigbin/episode_000003/0_173,dump_bin_bigbin,episode_000003,clean,,,,action_velocity,direction_geometry,1.0,0.75,251.00001525878906,0.2510000169277191,9694063702409483369,,centered_directional_fd,0.12215995788574219,signal
stage0_full_001,contrastive,clean/dump_bin_bigbin/episode_000003/0_173,dump_bin_bigbin,episode_000003,clean,,,,action_velocity,,0.5,0.25,,,,,directional_selectivity,195813506841.65955,
stage0_full_001,contrastive,clean/dump_bin_bigbin/episode_000003/0_173,dump_bin_bigbin,episode_000003,clean,,,,action_velocity,,0.5,0.25,,,,,directional_selectivity,195813506841.65955,
stage0_full_001,contrastive,clean/dump_bin_bigbin/episode_000003/0_173,dump_bin_bigbin,episode_000003,clean,,,,action_velocity,,1.0,0.25,,,,,directional_selectivity,96805773675.44174,
stage0_full_001,contrastive,clean/dump_bin_bigbin/episode_000003/0_173,dump_bin_bigbin,episode_000003,clean,,,,action_velocity,,1.0,0.25,,,,,directional_selectivity,96805773675.44174,
stage0_full_001,contrastive,clean/dump_bin_bigbin/episode_000003/0_173,dump_bin_bigbin,episode_000003,clean,,,,action_velocity,,0.5,0.5,,,,,directional_selectivity,214827209711.07483,
stage0_full_001,contrastive,clean/dump_bin_bigbin/episode_000003/0_173,dump_bin_bigbin,episode_000003,clean,,,,action_velocity,,0.5,0.5,,,,,directional_selectivity,214827209711.07483,
stage0_full_001,contrastive,clean/dump_bin_bigbin/episode_000003/0_173,dump_bin_bigbin,episode_000003,clean,,,,action_velocity,,1.0,0.5,,,,,directional_selectivity,97252987325.1915,
stage0_full_001,contrastive,clean/dump_bin_bigbin/episode_000003/0_173,dump_bin_bigbin,episode_000003,clean,,,,action_velocity,,1.0,0.5,,,,,directional_selectivity,97252987325.1915,
stage0_full_001,contrastive,clean/dump_bin_bigbin/episode_000003/0_173,dump_bin_bigbin,episode_000003,clean,,,,action_velocity,,0.5,0.75,,,,,directional_selectivity,257602781057.3578,
stage0_full_001,contrastive,clean/dump_bin_bigbin/episode_000003/0_173,dump_bin_bigbin,episode_000003,clean,,,,action_velocity,,0.5,0.75,,,,,directional_selectivity,257602781057.3578,
stage0_full_001,contrastive,clean/dump_bin_bigbin/episode_000003/0_173,dump_bin_bigbin,episode_000003,clean,,,,action_velocity,,1.0,0.75,,,,,directional_selectivity,122159957885.74219,
stage0_full_001,contrastive,clean/dump_bin_bigbin/episode_000003/0_173,dump_bin_bigbin,episode_000003,clean,,,,action_velocity,,1.0,0.75,,,,,directional_selectivity,122159957885.74219,
stage0_full_001,contrastive,clean/grab_roller/episode_000003/0_95,grab_roller,episode_000003,clean,,,,action_velocity,direction_photo,0.5,0.25,750.0,0.75,16834811967688122419,,centered_directional_fd,0.0,nuisance
stage0_full_001,contrastive,clean/grab_roller/episode_000003/0_95,grab_roller,episode_000003,clean,,,,action_velocity,direction_photo,0.5,0.5,500.0,0.5,16834811967688122419,,centered_directional_fd,0.0,nuisance
stage0_full_001,contrastive,clean/grab_roller/episode_000003/0_95,grab_roller,episode_000003,clean,,,,action_velocity,direction_photo,0.5,0.75,251.00001525878906,0.2510000169277191,16834811967688122419,,centered_directional_fd,0.0,nuisance
stage0_full_001,contrastive,clean/grab_roller/episode_000003/0_95,grab_roller,episode_000003,clean,,,,action_velocity,direction_photo,1.0,0.25,750.0,0.75,16834811967688122419,,centered_directional_fd,0.0,nuisance
stage0_full_001,contrastive,clean/grab_roller/episode_000003/0_95,grab_roller,episode_000003,clean,,,,action_velocity,direction_photo,1.0,0.5,500.0,0.5,16834811967688122419,,centered_directional_fd,0.0,nuisance
stage0_full_001,contrastive,clean/grab_roller/episode_000003/0_95,grab_roller,episode_000003,clean,,,,action_velocity,direction_photo,1.0,0.75,251.00001525878906,0.2510000169277191,16834811967688122419,,centered_directional_fd,0.0,nuisance
stage0_full_001,contrastive,clean/grab_roller/episode_000003/0_95,grab_roller,episode_000003,clean,,,,action_velocity,direction_geometry,0.5,0.25,750.0,0.75,16834811967688122419,,centered_directional_fd,0.14123867452144623,signal
stage0_full_001,contrastive,clean/grab_roller/episode_000003/0_95,grab_roller,episode_000003,clean,,,,action_velocity,direction_geometry,0.5,0.5,500.0,0.5,16834811967688122419,,centered_directional_fd,0.15243016183376312,signal
stage0_full_001,contrastive,clean/grab_roller/episode_000003/0_95,grab_roller,episode_000003,clean,,,,action_velocity,direction_geometry,0.5,0.75,251.00001525878906,0.2510000169277191,16834811967688122419,,centered_directional_fd,0.19381119310855865,signal
stage0_full_001,contrastive,clean/grab_roller/episode_000003/0_95,grab_roller,episode_000003,clean,,,,action_velocity,direction_geometry,1.0,0.25,750.0,0.75,16834811967688122419,,centered_directional_fd,0.07015404850244522,signal
stage0_full_001,contrastive,clean/grab_roller/episode_000003/0_95,grab_roller,episode_000003,clean,,,,action_velocity,direction_geometry,1.0,0.5,500.0,0.5,16834811967688122419,,centered_directional_fd,0.0715765655040741,signal
stage0_full_001,contrastive,clean/grab_roller/episode_000003/0_95,grab_roller,episode_000003,clean,,,,action_velocity,direction_geometry,1.0,0.75,251.00001525878906,0.2510000169277191,16834811967688122419,,centered_directional_fd,0.08628886938095093,signal
stage0_full_001,contrastive,clean/grab_roller/episode_000003/0_95,grab_roller,episode_000003,clean,,,,action_velocity,,0.5,0.25,,,,,directional_selectivity,141238674521.44623,
stage0_full_001,contrastive,clean/grab_roller/episode_000003/0_95,grab_roller,episode_000003,clean,,,,action_velocity,,0.5,0.25,,,,,directional_selectivity,141238674521.44623,
stage0_full_001,contrastive,clean/grab_roller/episode_000003/0_95,grab_roller,episode_000003,clean,,,,action_velocity,,1.0,0.25,,,,,directional_selectivity,70154048502.44522,
stage0_full_001,contrastive,clean/grab_roller/episode_000003/0_95,grab_roller,episode_000003,clean,,,,action_velocity,,1.0,0.25,,,,,directional_selectivity,70154048502.44522,
stage0_full_001,contrastive,clean/grab_roller/episode_000003/0_95,grab_roller,episode_000003,clean,,,,action_velocity,,0.5,0.5,,,,,directional_selectivity,152430161833.76312,
stage0_full_001,contrastive,clean/grab_roller/episode_000003/0_95,grab_roller,episode_000003,clean,,,,action_velocity,,0.5,0.5,,,,,directional_selectivity,152430161833.76312,
stage0_full_001,contrastive,clean/grab_roller/episode_000003/0_95,grab_roller,episode_000003,clean,,,,action_velocity,,1.0,0.5,,,,,directional_selectivity,71576565504.0741,
stage0_full_001,contrastive,clean/grab_roller/episode_000003/0_95,grab_roller,episode_000003,clean,,,,action_velocity,,1.0,0.5,,,,,directional_selectivity,71576565504.0741,
stage0_full_001,contrastive,clean/grab_roller/episode_000003/0_95,grab_roller,episode_000003,clean,,,,action_velocity,,0.5,0.75,,,,,directional_selectivity,193811193108.55865,
stage0_full_001,contrastive,clean/grab_roller/episode_000003/0_95,grab_roller,episode_000003,clean,,,,action_velocity,,0.5,0.75,,,,,directional_selectivity,193811193108.55865,
stage0_full_001,contrastive,clean/grab_roller/episode_000003/0_95,grab_roller,episode_000003,clean,,,,action_velocity,,1.0,0.75,,,,,directional_selectivity,86288869380.95093,
stage0_full_001,contrastive,clean/grab_roller/episode_000003/0_95,grab_roller,episode_000003,clean,,,,action_velocity,,1.0,0.75,,,,,directional_selectivity,86288869380.95093,
stage0_full_001,contrastive,clean/handover_block/episode_000000/0_276,handover_block,episode_000000,clean,,,,action_velocity,direction_photo,0.5,0.25,750.0,0.75,11669328836656501378,,centered_directional_fd,0.0,nuisance
stage0_full_001,contrastive,clean/handover_block/episode_000000/0_276,handover_block,episode_000000,clean,,,,action_velocity,direction_photo,0.5,0.5,500.0,0.5,11669328836656501378,,centered_directional_fd,0.0,nuisance
stage0_full_001,contrastive,clean/handover_block/episode_000000/0_276,handover_block,episode_000000,clean,,,,action_velocity,direction_photo,0.5,0.75,251.00001525878906,0.2510000169277191,11669328836656501378,,centered_directional_fd,0.0,nuisance
stage0_full_001,contrastive,clean/handover_block/episode_000000/0_276,handover_block,episode_000000,clean,,,,action_velocity,direction_photo,1.0,0.25,750.0,0.75,11669328836656501378,,centered_directional_fd,0.0,nuisance
stage0_full_001,contrastive,clean/handover_block/episode_000000/0_276,handover_block,episode_000000,clean,,,,action_velocity,direction_photo,1.0,0.5,500.0,0.5,11669328836656501378,,centered_directional_fd,0.0,nuisance
stage0_full_001,contrastive,clean/handover_block/episode_000000/0_276,handover_block,episode_000000,clean,,,,action_velocity,direction_photo,1.0,0.75,251.00001525878906,0.2510000169277191,11669328836656501378,,centered_directional_fd,0.0,nuisance
stage0_full_001,contrastive,clean/handover_block/episode_000000/0_276,handover_block,episode_000000,clean,,,,action_velocity,direction_geometry,0.5,0.25,750.0,0.75,11669328836656501378,,centered_directional_fd,0.0,signal
stage0_full_001,contrastive,clean/handover_block/episode_000000/0_276,handover_block,episode_000000,clean,,,,action_velocity,direction_geometry,0.5,0.5,500.0,0.5,11669328836656501378,,centered_directional_fd,0.0,signal
stage0_full_001,contrastive,clean/handover_block/episode_000000/0_276,handover_block,episode_000000,clean,,,,action_velocity,direction_geometry,0.5,0.75,251.00001525878906,0.2510000169277191,11669328836656501378,,centered_directional_fd,0.0,signal
stage0_full_001,contrastive,clean/handover_block/episode_000000/0_276,handover_block,episode_000000,clean,,,,action_velocity,direction_geometry,1.0,0.25,750.0,0.75,11669328836656501378,,centered_directional_fd,0.12354726344347,signal
stage0_full_001,contrastive,clean/handover_block/episode_000000/0_276,handover_block,episode_000000,clean,,,,action_velocity,direction_geometry,1.0,0.5,500.0,0.5,11669328836656501378,,centered_directional_fd,0.13247811794281006,signal
stage0_full_001,contrastive,clean/handover_block/episode_000000/0_276,handover_block,episode_000000,clean,,,,action_velocity,direction_geometry,1.0,0.75,251.00001525878906,0.2510000169277191,11669328836656501378,,centered_directional_fd,0.1578194797039032,signal
stage0_full_001,contrastive,clean/handover_block/episode_000000/0_276,handover_block,episode_000000,clean,,,,action_velocity,,0.5,0.25,,,,,directional_selectivity,0.0,
stage0_full_001,contrastive,clean/handover_block/episode_000000/0_276,handover_block,episode_000000,clean,,,,action_velocity,,0.5,0.25,,,,,directional_selectivity,0.0,
stage0_full_001,contrastive,clean/handover_block/episode_000000/0_276,handover_block,episode_000000,clean,,,,action_velocity,,1.0,0.25,,,,,directional_selectivity,123547263443.47,
stage0_full_001,contrastive,clean/handover_block/episode_000000/0_276,handover_block,episode_000000,clean,,,,action_velocity,,1.0,0.25,,,,,directional_selectivity,123547263443.47,
stage0_full_001,contrastive,clean/handover_block/episode_000000/0_276,handover_block,episode_000000,clean,,,,action_velocity,,0.5,0.5,,,,,directional_selectivity,0.0,
stage0_full_001,contrastive,clean/handover_block/episode_000000/0_276,handover_block,episode_000000,clean,,,,action_velocity,,0.5,0.5,,,,,directional_selectivity,0.0,
stage0_full_001,contrastive,clean/handover_block/episode_000000/0_276,handover_block,episode_000000,clean,,,,action_velocity,,1.0,0.5,,,,,directional_selectivity,132478117942.81006,
stage0_full_001,contrastive,clean/handover_block/episode_000000/0_276,handover_block,episode_000000,clean,,,,action_velocity,,1.0,0.5,,,,,directional_selectivity,132478117942.81006,
stage0_full_001,contrastive,clean/handover_block/episode_000000/0_276,handover_block,episode_000000,clean,,,,action_velocity,,0.5,0.75,,,,,directional_selectivity,0.0,
stage0_full_001,contrastive,clean/handover_block/episode_000000/0_276,handover_block,episode_000000,clean,,,,action_velocity,,0.5,0.75,,,,,directional_selectivity,0.0,
stage0_full_001,contrastive,clean/handover_block/episode_000000/0_276,handover_block,episode_000000,clean,,,,action_velocity,,1.0,0.75,,,,,directional_selectivity,157819479703.9032,
stage0_full_001,contrastive,clean/handover_block/episode_000000/0_276,handover_block,episode_000000,clean,,,,action_velocity,,1.0,0.75,,,,,directional_selectivity,157819479703.9032,
stage0_full_001,contrastive,clean/handover_mic/episode_000028/0_222,handover_mic,episode_000028,clean,,,,action_velocity,direction_photo,0.5,0.25,750.0,0.75,92542508949322640,,centered_directional_fd,0.0,nuisance
stage0_full_001,contrastive,clean/handover_mic/episode_000028/0_222,handover_mic,episode_000028,clean,,,,action_velocity,direction_photo,0.5,0.5,500.0,0.5,92542508949322640,,centered_directional_fd,0.0,nuisance
stage0_full_001,contrastive,clean/handover_mic/episode_000028/0_222,handover_mic,episode_000028,clean,,,,action_velocity,direction_photo,0.5,0.75,251.00001525878906,0.2510000169277191,92542508949322640,,centered_directional_fd,0.0,nuisance
stage0_full_001,contrastive,clean/handover_mic/episode_000028/0_222,handover_mic,episode_000028,clean,,,,action_velocity,direction_photo,1.0,0.25,750.0,0.75,92542508949322640,,centered_directional_fd,0.0,nuisance
stage0_full_001,contrastive,clean/handover_mic/episode_000028/0_222,handover_mic,episode_000028,clean,,,,action_velocity,direction_photo,1.0,0.5,500.0,0.5,92542508949322640,,centered_directional_fd,0.0,nuisance
stage0_full_001,contrastive,clean/handover_mic/episode_000028/0_222,handover_mic,episode_000028,clean,,,,action_velocity,direction_photo,1.0,0.75,251.00001525878906,0.2510000169277191,92542508949322640,,centered_directional_fd,0.0,nuisance
stage0_full_001,contrastive,clean/handover_mic/episode_000028/0_222,handover_mic,episode_000028,clean,,,,action_velocity,direction_geometry,0.5,0.25,750.0,0.75,92542508949322640,,centered_directional_fd,0.0,signal
stage0_full_001,contrastive,clean/handover_mic/episode_000028/0_222,handover_mic,episode_000028,clean,,,,action_velocity,direction_geometry,0.5,0.5,500.0,0.5,92542508949322640,,centered_directional_fd,0.0,signal
stage0_full_001,contrastive,clean/handover_mic/episode_000028/0_222,handover_mic,episode_000028,clean,,,,action_velocity,direction_geometry,0.5,0.75,251.00001525878906,0.2510000169277191,92542508949322640,,centered_directional_fd,0.0,signal
stage0_full_001,contrastive,clean/handover_mic/episode_000028/0_222,handover_mic,episode_000028,clean,,,,action_velocity,direction_geometry,1.0,0.25,750.0,0.75,92542508949322640,,centered_directional_fd,0.09934952110052109,signal
stage0_full_001,contrastive,clean/handover_mic/episode_000028/0_222,handover_mic,episode_000028,clean,,,,action_velocity,direction_geometry,1.0,0.5,500.0,0.5,92542508949322640,,centered_directional_fd,0.10435496270656586,signal
stage0_full_001,contrastive,clean/handover_mic/episode_000028/0_222,handover_mic,episode_000028,clean,,,,action_velocity,direction_geometry,1.0,0.75,251.00001525878906,0.2510000169277191,92542508949322640,,centered_directional_fd,0.13538356125354767,signal
stage0_full_001,contrastive,clean/handover_mic/episode_000028/0_222,handover_mic,episode_000028,clean,,,,action_velocity,,0.5,0.25,,,,,directional_selectivity,0.0,
stage0_full_001,contrastive,clean/handover_mic/episode_000028/0_222,handover_mic,episode_000028,clean,,,,action_velocity,,0.5,0.25,,,,,directional_selectivity,0.0,
stage0_full_001,contrastive,clean/handover_mic/episode_000028/0_222,handover_mic,episode_000028,clean,,,,action_velocity,,1.0,0.25,,,,,directional_selectivity,99349521100.52109,
stage0_full_001,contrastive,clean/handover_mic/episode_000028/0_222,handover_mic,episode_000028,clean,,,,action_velocity,,1.0,0.25,,,,,directional_selectivity,99349521100.52109,
stage0_full_001,contrastive,clean/handover_mic/episode_000028/0_222,handover_mic,episode_000028,clean,,,,action_velocity,,0.5,0.5,,,,,directional_selectivity,0.0,
stage0_full_001,contrastive,clean/handover_mic/episode_000028/0_222,handover_mic,episode_000028,clean,,,,action_velocity,,0.5,0.5,,,,,directional_selectivity,0.0,
stage0_full_001,contrastive,clean/handover_mic/episode_000028/0_222,handover_mic,episode_000028,clean,,,,action_velocity,,1.0,0.5,,,,,directional_selectivity,104354962706.56586,
stage0_full_001,contrastive,clean/handover_mic/episode_000028/0_222,handover_mic,episode_000028,clean,,,,action_velocity,,1.0,0.5,,,,,directional_selectivity,104354962706.56586,
stage0_full_001,contrastive,clean/handover_mic/episode_000028/0_222,handover_mic,episode_000028,clean,,,,action_velocity,,0.5,0.75,,,,,directional_selectivity,0.0,
stage0_full_001,contrastive,clean/handover_mic/episode_000028/0_222,handover_mic,episode_000028,clean,,,,action_velocity,,0.5,0.75,,,,,directional_selectivity,0.0,
stage0_full_001,contrastive,clean/handover_mic/episode_000028/0_222,handover_mic,episode_000028,clean,,,,action_velocity,,1.0,0.75,,,,,directional_selectivity,135383561253.54767,
stage0_full_001,contrastive,clean/handover_mic/episode_000028/0_222,handover_mic,episode_000028,clean,,,,action_velocity,,1.0,0.75,,,,,directional_selectivity,135383561253.54767,
