run_id,checkpoint,sample_id,task,episode_or_seed,domain,c2r_split,progress_bin,layer,token_group,perturbation,severity,timestep_quantile,timestep,sigma,noise_seed,transform_seed,metric_name,metric_value
stage0_full_001,base,c2r/background/stack_bowls_three/seed_27804535/progress_000,stack_bowls_three,seed_27804535,c2r,background,0.0,0,condition_video,,,,,,,,knn_k1,0.40481066703796387
stage0_full_001,base,c2r/background/handover_block/seed_120650234/progress_000,handover_block,seed_120650234,c2r,background,0.0,0,condition_video,,,,,,,,knn_k1,0.4094708561897278
stage0_full_001,base,c2r/background/hanging_mug/seed_538778923/progress_000,hanging_mug,seed_538778923,c2r,background,0.0,0,condition_video,,,,,,,,knn_k1,0.37997856736183167
stage0_full_001,base,c2r/background/scan_object/seed_262761732/progress_000,scan_object,seed_262761732,c2r,background,0.0,0,condition_video,,,,,,,,knn_k1,0.3259694576263428
stage0_full_001,base,c2r/background/lift_pot/seed_710924868/progress_000,lift_pot,seed_710924868,c2r,background,0.0,0,condition_video,,,,,,,,knn_k1,0.3280877470970154
stage0_full_001,base,c2r/background/put_object_cabinet/seed_13370600/progress_000,put_object_cabinet,seed_13370600,c2r,background,0.0,0,condition_video,,,,,,,,knn_k1,0.27280309796333313
stage0_full_001,base,c2r/background/stack_blocks_three/seed_822087810/progress_000,stack_blocks_three,seed_822087810,c2r,background,0.0,0,condition_video,,,,,,,,knn_k1,0.4514000415802002
stage0_full_001,base,c2r/background/place_shoe/seed_676166693/progress_000,place_shoe,seed_676166693,c2r,background,0.0,0,condition_video,,,,,,,,knn_k1,0.36765122413635254
stage0_full_001,base,c2r/background/adjust_bottle/seed_863397555/progress_000,adjust_bottle,seed_863397555,c2r,background,0.0,0,condition_video,,,,,,,,knn_k1,0.3752095401287079
stage0_full_001,base,c2r/background/place_mouse_pad/seed_457852611/progress_000,place_mouse_pad,seed_457852611,c2r,background,0.0,0,condition_video,,,,,,,,knn_k1,0.38622942566871643
stage0_full_001,base,c2r/background/dump_bin_bigbin/seed_773111305/progress_000,dump_bin_bigbin,seed_773111305,c2r,background,0.0,0,condition_video,,,,,,,,knn_k1,0.39361053705215454
stage0_full_001,base,c2r/background/move_pillbottle_pad/seed_568983342/progress_000,move_pillbottle_pad,seed_568983342,c2r,background,0.0,0,condition_video,,,,,,,,knn_k1,0.43247219920158386
stage0_full_001,base,c2r/background/pick_dual_bottles/seed_117166061/progress_000,pick_dual_bottles,seed_117166061,c2r,background,0.0,0,condition_video,,,,,,,,knn_k1,0.32823336124420166
stage0_full_001,base,c2r/background/shake_bottle/seed_331965946/progress_000,shake_bottle,seed_331965946,c2r,background,0.0,0,condition_video,,,,,,,,knn_k1,0.4787936508655548
stage0_full_001,base,c2r/background/place_fan/seed_543070044/progress_000,place_fan,seed_543070044,c2r,background,0.0,0,condition_video,,,,,,,,knn_k1,0.4098166227340698
stage0_full_001,base,c2r/background/turn_switch/seed_489873751/progress_000,turn_switch,seed_489873751,c2r,background,0.0,0,condition_video,,,,,,,,knn_k1,0.39461609721183777
stage0_full_001,base,c2r/background/shake_bottle_horizontally/seed_319358196/progress_000,shake_bottle_horizontally,seed_319358196,c2r,background,0.0,0,condition_video,,,,,,,,knn_k1,0.3803723454475403
stage0_full_001,base,c2r/background/place_container_plate/seed_14431598/progress_000,place_container_plate,seed_14431598,c2r,background,0.0,0,condition_video,,,,,,,,knn_k1,0.4010154604911804
stage0_full_001,base,c2r/background/rotate_qrcode/seed_372345110/progress_000,rotate_qrcode,seed_372345110,c2r,background,0.0,0,condition_video,,,,,,,,knn_k1,0.355339914560318
stage0_full_001,base,c2r/background/place_object_stand/seed_715864988/progress_000,place_object_stand,seed_715864988,c2r,background,0.0,0,condition_video,,,,,,,,knn_k1,0.3454216718673706
stage0_full_001,base,c2r/background/put_bottles_dustbin/seed_455479075/progress_000,put_bottles_dustbin,seed_455479075,c2r,background,0.0,0,condition_video,,,,,,,,knn_k1,0.4626196026802063
stage0_full_001,base,c2r/background/move_stapler_pad/seed_453776751/progress_000,move_stapler_pad,seed_453776751,c2r,background,0.0,0,condition_video,,,,,,,,knn_k1,0.42695653438568115
stage0_full_001,base,c2r/background/place_burger_fries/seed_165469501/progress_000,place_burger_fries,seed_165469501,c2r,background,0.0,0,condition_video,,,,,,,,knn_k1,0.4078065752983093
stage0_full_001,base,c2r/background/place_bread_basket/seed_490234398/progress_000,place_bread_basket,seed_490234398,c2r,background,0.0,0,condition_video,,,,,,,,knn_k1,0.3655754029750824
stage0_full_001,base,c2r/background/pick_diverse_bottles/seed_886697844/progress_000,pick_diverse_bottles,seed_886697844,c2r,background,0.0,0,condition_video,,,,,,,,knn_k1,0.3254029154777527
stage0_full_001,base,c2r/background/open_microwave/seed_443701932/progress_000,open_microwave,seed_443701932,c2r,background,0.0,0,condition_video,,,,,,,,knn_k1,0.3440523147583008
stage0_full_001,base,c2r/background/beat_block_hammer/seed_797298394/progress_000,beat_block_hammer,seed_797298394,c2r,background,0.0,0,condition_video,,,,,,,,knn_k1,0.3733791410923004
stage0_full_001,base,c2r/background/press_stapler/seed_262831721/progress_000,press_stapler,seed_262831721,c2r,background,0.0,0,condition_video,,,,,,,,knn_k1,0.36800599098205566
stage0_full_001,base,c2r/background/click_bell/seed_748992159/progress_000,click_bell,seed_748992159,c2r,background,0.0,0,condition_video,,,,,,,,knn_k1,0.40166762471199036
stage0_full_001,base,c2r/background/move_playingcard_away/seed_114732817/progress_000,move_playingcard_away,seed_114732817,c2r,background,0.0,0,condition_video,,,,,,,,knn_k1,0.4097127914428711
stage0_full_001,base,c2r/background/open_laptop/seed_121410776/progress_000,open_laptop,seed_121410776,c2r,background,0.0,0,condition_video,,,,,,,,knn_k1,0.40615221858024597
stage0_full_001,base,c2r/background/move_can_pot/seed_600430797/progress_000,move_can_pot,seed_600430797,c2r,background,0.0,0,condition_video,,,,,,,,knn_k1,0.4245474636554718
stage0_full_001,base,c2r/background/stack_bowls_two/seed_444040936/progress_000,stack_bowls_two,seed_444040936,c2r,background,0.0,0,condition_video,,,,,,,,knn_k1,0.4094773232936859
stage0_full_001,base,c2r/background/place_a2b_right/seed_550624350/progress_000,place_a2b_right,seed_550624350,c2r,background,0.0,0,condition_video,,,,,,,,knn_k1,0.3636897802352905
stage0_full_001,base,c2r/background/stamp_seal/seed_373032052/progress_000,stamp_seal,seed_373032052,c2r,background,0.0,0,condition_video,,,,,,,,knn_k1,0.39978891611099243
stage0_full_001,base,c2r/background/place_object_basket/seed_13972055/progress_000,place_object_basket,seed_13972055,c2r,background,0.0,0,condition_video,,,,,,,,knn_k1,0.4035593867301941
stage0_full_001,base,c2r/background/handover_mic/seed_791372736/progress_000,handover_mic,seed_791372736,c2r,background,0.0,0,condition_video,,,,,,,,knn_k1,0.35170087218284607
stage0_full_001,base,c2r/background/place_bread_skillet/seed_682411729/progress_000,place_bread_skillet,seed_682411729,c2r,background,0.0,0,condition_video,,,,,,,,knn_k1,0.34709852933883667
stage0_full_001,base,c2r/background/stack_blocks_two/seed_325046254/progress_000,stack_blocks_two,seed_325046254,c2r,background,0.0,0,condition_video,,,,,,,,knn_k1,0.44039031863212585
stage0_full_001,base,c2r/background/place_cans_plasticbox/seed_851474539/progress_000,place_cans_plasticbox,seed_851474539,c2r,background,0.0,0,condition_video,,,,,,,,knn_k1,0.37410101294517517
stage0_full_001,base,c2r/background/click_alarmclock/seed_597249174/progress_000,click_alarmclock,seed_597249174,c2r,background,0.0,0,condition_video,,,,,,,,knn_k1,0.3367682993412018
stage0_full_001,base,c2r/background/blocks_ranking_size/seed_483186537/progress_000,blocks_ranking_size,seed_483186537,c2r,background,0.0,0,condition_video,,,,,,,,knn_k1,0.4565868079662323
stage0_full_001,base,c2r/background/place_phone_stand/seed_844715882/progress_000,place_phone_stand,seed_844715882,c2r,background,0.0,0,condition_video,,,,,,,,knn_k1,0.3460586667060852
stage0_full_001,base,c2r/background/place_can_basket/seed_873890208/progress_000,place_can_basket,seed_873890208,c2r,background,0.0,0,condition_video,,,,,,,,knn_k1,0.3967585563659668
stage0_full_001,base,c2r/background/place_object_scale/seed_28989601/progress_000,place_object_scale,seed_28989601,c2r,background,0.0,0,condition_video,,,,,,,,knn_k1,0.4028787314891815
stage0_full_001,base,c2r/background/place_a2b_left/seed_494714106/progress_000,place_a2b_left,seed_494714106,c2r,background,0.0,0,condition_video,,,,,,,,knn_k1,0.39815518260002136
stage0_full_001,base,c2r/background/grab_roller/seed_274067892/progress_000,grab_roller,seed_274067892,c2r,background,0.0,0,condition_video,,,,,,,,knn_k1,0.30489692091941833
stage0_full_001,base,c2r/background/place_dual_shoes/seed_100946921/progress_000,place_dual_shoes,seed_100946921,c2r,background,0.0,0,condition_video,,,,,,,,knn_k1,0.2952149510383606
stage0_full_001,base,c2r/background/place_empty_cup/seed_66017520/progress_000,place_empty_cup,seed_66017520,c2r,background,0.0,0,condition_video,,,,,,,,knn_k1,0.43774572014808655
stage0_full_001,base,c2r/background/blocks_ranking_rgb/seed_392877897/progress_000,blocks_ranking_rgb,seed_392877897,c2r,background,0.0,0,condition_video,,,,,,,,knn_k1,0.45866721868515015
stage0_full_001,base,aggregate,all,all,c2r,background,,0,condition_video,,,,,,,,knn_k1_mean,0.3852143651247025
stage0_full_001,base,aggregate,all,group_split,c2r,background,,0,condition_video,,,,,,,,domain_balanced_accuracy,0.5
stage0_full_001,base,aggregate,all,group_split,c2r,background,,0,condition_video,,,,,,,,domain_auroc,1.0
stage0_full_001,base,c2r/clutter/stack_bowls_three/seed_761954913/progress_000,stack_bowls_three,seed_761954913,c2r,clutter,0.0,0,condition_video,,,,,,,,knn_k1,0.41038936376571655
stage0_full_001,base,c2r/clutter/handover_block/seed_624737248/progress_000,handover_block,seed_624737248,c2r,clutter,0.0,0,condition_video,,,,,,,,knn_k1,0.41019147634506226
stage0_full_001,base,c2r/clutter/hanging_mug/seed_853936167/progress_000,hanging_mug,seed_853936167,c2r,clutter,0.0,0,condition_video,,,,,,,,knn_k1,0.3871484696865082
stage0_full_001,base,c2r/clutter/scan_object/seed_200154928/progress_000,scan_object,seed_200154928,c2r,clutter,0.0,0,condition_video,,,,,,,,knn_k1,0.32558929920196533
stage0_full_001,base,c2r/clutter/lift_pot/seed_36841133/progress_000,lift_pot,seed_36841133,c2r,clutter,0.0,0,condition_video,,,,,,,,knn_k1,0.32795920968055725
stage0_full_001,base,c2r/clutter/put_object_cabinet/seed_213141741/progress_000,put_object_cabinet,seed_213141741,c2r,clutter,0.0,0,condition_video,,,,,,,,knn_k1,0.27263903617858887
stage0_full_001,base,c2r/clutter/stack_blocks_three/seed_885782772/progress_000,stack_blocks_three,seed_885782772,c2r,clutter,0.0,0,condition_video,,,,,,,,knn_k1,0.4484354257583618
stage0_full_001,base,c2r/clutter/place_shoe/seed_148930251/progress_000,place_shoe,seed_148930251,c2r,clutter,0.0,0,condition_video,,,,,,,,knn_k1,0.3725968599319458
stage0_full_001,base,c2r/clutter/adjust_bottle/seed_487447292/progress_000,adjust_bottle,seed_487447292,c2r,clutter,0.0,0,condition_video,,,,,,,,knn_k1,0.3741653859615326
stage0_full_001,base,c2r/clutter/place_mouse_pad/seed_782913939/progress_000,place_mouse_pad,seed_782913939,c2r,clutter,0.0,0,condition_video,,,,,,,,knn_k1,0.38504236936569214
stage0_full_001,base,c2r/clutter/dump_bin_bigbin/seed_48286788/progress_000,dump_bin_bigbin,seed_48286788,c2r,clutter,0.0,0,condition_video,,,,,,,,knn_k1,0.3932196795940399
stage0_full_001,base,c2r/clutter/move_pillbottle_pad/seed_170572259/progress_000,move_pillbottle_pad,seed_170572259,c2r,clutter,0.0,0,condition_video,,,,,,,,knn_k1,0.4315638840198517
stage0_full_001,base,c2r/clutter/pick_dual_bottles/seed_4182488/progress_000,pick_dual_bottles,seed_4182488,c2r,clutter,0.0,0,condition_video,,,,,,,,knn_k1,0.3254309594631195
stage0_full_001,base,c2r/clutter/shake_bottle/seed_509663030/progress_000,shake_bottle,seed_509663030,c2r,clutter,0.0,0,condition_video,,,,,,,,knn_k1,0.4739500880241394
stage0_full_001,base,c2r/clutter/place_fan/seed_847307321/progress_000,place_fan,seed_847307321,c2r,clutter,0.0,0,condition_video,,,,,,,,knn_k1,0.407050758600235
stage0_full_001,base,c2r/clutter/turn_switch/seed_106540409/progress_000,turn_switch,seed_106540409,c2r,clutter,0.0,0,condition_video,,,,,,,,knn_k1,0.40493351221084595
stage0_full_001,base,c2r/clutter/shake_bottle_horizontally/seed_491429438/progress_000,shake_bottle_horizontally,seed_491429438,c2r,clutter,0.0,0,condition_video,,,,,,,,knn_k1,0.3768351376056671
stage0_full_001,base,c2r/clutter/place_container_plate/seed_594486020/progress_000,place_container_plate,seed_594486020,c2r,clutter,0.0,0,condition_video,,,,,,,,knn_k1,0.4070199131965637
stage0_full_001,base,c2r/clutter/rotate_qrcode/seed_362674036/progress_000,rotate_qrcode,seed_362674036,c2r,clutter,0.0,0,condition_video,,,,,,,,knn_k1,0.36085009574890137
stage0_full_001,base,c2r/clutter/place_object_stand/seed_162697052/progress_000,place_object_stand,seed_162697052,c2r,clutter,0.0,0,condition_video,,,,,,,,knn_k1,0.3480660617351532
stage0_full_001,base,c2r/clutter/put_bottles_dustbin/seed_148690198/progress_000,put_bottles_dustbin,seed_148690198,c2r,clutter,0.0,0,condition_video,,,,,,,,knn_k1,0.4493130147457123
stage0_full_001,base,c2r/clutter/move_stapler_pad/seed_744409618/progress_000,move_stapler_pad,seed_744409618,c2r,clutter,0.0,0,condition_video,,,,,,,,knn_k1,0.4233141541481018
stage0_full_001,base,c2r/clutter/place_burger_fries/seed_303636962/progress_000,place_burger_fries,seed_303636962,c2r,clutter,0.0,0,condition_video,,,,,,,,knn_k1,0.4082547724246979
stage0_full_001,base,c2r/clutter/place_bread_basket/seed_105344671/progress_000,place_bread_basket,seed_105344671,c2r,clutter,0.0,0,condition_video,,,,,,,,knn_k1,0.3598504960536957
stage0_full_001,base,c2r/clutter/pick_diverse_bottles/seed_21321356/progress_000,pick_diverse_bottles,seed_21321356,c2r,clutter,0.0,0,condition_video,,,,,,,,knn_k1,0.3329920172691345
stage0_full_001,base,c2r/clutter/open_microwave/seed_136410473/progress_000,open_microwave,seed_136410473,c2r,clutter,0.0,0,condition_video,,,,,,,,knn_k1,0.34787192940711975
stage0_full_001,base,c2r/clutter/beat_block_hammer/seed_36693999/progress_000,beat_block_hammer,seed_36693999,c2r,clutter,0.0,0,condition_video,,,,,,,,knn_k1,0.37309908866882324
stage0_full_001,base,c2r/clutter/press_stapler/seed_880007787/progress_000,press_stapler,seed_880007787,c2r,clutter,0.0,0,condition_video,,,,,,,,knn_k1,0.3685323894023895
stage0_full_001,base,c2r/clutter/click_bell/seed_539095014/progress_000,click_bell,seed_539095014,c2r,clutter,0.0,0,condition_video,,,,,,,,knn_k1,0.4005431830883026
stage0_full_001,base,c2r/clutter/move_playingcard_away/seed_385288247/progress_000,move_playingcard_away,seed_385288247,c2r,clutter,0.0,0,condition_video,,,,,,,,knn_k1,0.40592658519744873
stage0_full_001,base,c2r/clutter/open_laptop/seed_260421436/progress_000,open_laptop,seed_260421436,c2r,clutter,0.0,0,condition_video,,,,,,,,knn_k1,0.41494783759117126
stage0_full_001,base,c2r/clutter/move_can_pot/seed_445842829/progress_000,move_can_pot,seed_445842829,c2r,clutter,0.0,0,condition_video,,,,,,,,knn_k1,0.4160279929637909
stage0_full_001,base,c2r/clutter/stack_bowls_two/seed_408127787/progress_000,stack_bowls_two,seed_408127787,c2r,clutter,0.0,0,condition_video,,,,,,,,knn_k1,0.3969147205352783
stage0_full_001,base,c2r/clutter/place_a2b_right/seed_298826397/progress_000,place_a2b_right,seed_298826397,c2r,clutter,0.0,0,condition_video,,,,,,,,knn_k1,0.36369892954826355
stage0_full_001,base,c2r/clutter/stamp_seal/seed_748150648/progress_000,stamp_seal,seed_748150648,c2r,clutter,0.0,0,condition_video,,,,,,,,knn_k1,0.3942537307739258
stage0_full_001,base,c2r/clutter/place_object_basket/seed_455727417/progress_000,place_object_basket,seed_455727417,c2r,clutter,0.0,0,condition_video,,,,,,,,knn_k1,0.417079895734787
stage0_full_001,base,c2r/clutter/handover_mic/seed_27533572/progress_000,handover_mic,seed_27533572,c2r,clutter,0.0,0,condition_video,,,,,,,,knn_k1,0.3516477048397064
stage0_full_001,base,c2r/clutter/place_bread_skillet/seed_470829968/progress_000,place_bread_skillet,seed_470829968,c2r,clutter,0.0,0,condition_video,,,,,,,,knn_k1,0.35495829582214355
stage0_full_001,base,c2r/clutter/stack_blocks_two/seed_193292576/progress_000,stack_blocks_two,seed_193292576,c2r,clutter,0.0,0,condition_video,,,,,,,,knn_k1,0.43962398171424866
stage0_full_001,base,c2r/clutter/place_cans_plasticbox/seed_552905247/progress_000,place_cans_plasticbox,seed_552905247,c2r,clutter,0.0,0,condition_video,,,,,,,,knn_k1,0.37472063302993774
stage0_full_001,base,c2r/clutter/click_alarmclock/seed_257639388/progress_000,click_alarmclock,seed_257639388,c2r,clutter,0.0,0,condition_video,,,,,,,,knn_k1,0.3465818464756012
stage0_full_001,base,c2r/clutter/blocks_ranking_size/seed_676842534/progress_000,blocks_ranking_size,seed_676842534,c2r,clutter,0.0,0,condition_video,,,,,,,,knn_k1,0.45370006561279297
stage0_full_001,base,c2r/clutter/place_phone_stand/seed_560963078/progress_000,place_phone_stand,seed_560963078,c2r,clutter,0.0,0,condition_video,,,,,,,,knn_k1,0.3459707200527191
stage0_full_001,base,c2r/clutter/place_can_basket/seed_578149817/progress_000,place_can_basket,seed_578149817,c2r,clutter,0.0,0,condition_video,,,,,,,,knn_k1,0.3903737962245941
stage0_full_001,base,c2r/clutter/place_object_scale/seed_142945748/progress_000,place_object_scale,seed_142945748,c2r,clutter,0.0,0,condition_video,,,,,,,,knn_k1,0.4050738513469696
stage0_full_001,base,c2r/clutter/place_a2b_left/seed_712001400/progress_000,place_a2b_left,seed_712001400,c2r,clutter,0.0,0,condition_video,,,,,,,,knn_k1,0.3997390568256378
stage0_full_001,base,c2r/clutter/grab_roller/seed_489372951/progress_000,grab_roller,seed_489372951,c2r,clutter,0.0,0,condition_video,,,,,,,,knn_k1,0.30599743127822876
stage0_full_001,base,c2r/clutter/place_dual_shoes/seed_486785621/progress_000,place_dual_shoes,seed_486785621,c2r,clutter,0.0,0,condition_video,,,,,,,,knn_k1,0.2960658371448517
stage0_full_001,base,c2r/clutter/place_empty_cup/seed_270996463/progress_000,place_empty_cup,seed_270996463,c2r,clutter,0.0,0,condition_video,,,,,,,,knn_k1,0.43322789669036865
stage0_full_001,base,c2r/clutter/blocks_ranking_rgb/seed_350545820/progress_000,blocks_ranking_rgb,seed_350545820,c2r,clutter,0.0,0,condition_video,,,,,,,,knn_k1,0.45536959171295166
stage0_full_001,base,aggregate,all,all,c2r,clutter,,0,condition_video,,,,,,,,knn_k1_mean,0.38537496864795684
stage0_full_001,base,aggregate,all,group_split,c2r,clutter,,0,condition_video,,,,,,,,domain_balanced_accuracy,0.5
stage0_full_001,base,aggregate,all,group_split,c2r,clutter,,0,condition_video,,,,,,,,domain_auroc,1.0
stage0_full_001,base,c2r/height/stack_bowls_three/seed_777107145/progress_000,stack_bowls_three,seed_777107145,c2r,height,0.0,0,condition_video,,,,,,,,knn_k1,0.399385005235672
stage0_full_001,base,c2r/height/handover_block/seed_153931416/progress_000,handover_block,seed_153931416,c2r,height,0.0,0,condition_video,,,,,,,,knn_k1,0.41751357913017273
stage0_full_001,base,c2r/height/hanging_mug/seed_797626889/progress_000,hanging_mug,seed_797626889,c2r,height,0.0,0,condition_video,,,,,,,,knn_k1,0.3867429196834564
stage0_full_001,base,c2r/height/scan_object/seed_86820161/progress_000,scan_object,seed_86820161,c2r,height,0.0,0,condition_video,,,,,,,,knn_k1,0.32780835032463074
stage0_full_001,base,c2r/height/lift_pot/seed_358880989/progress_000,lift_pot,seed_358880989,c2r,height,0.0,0,condition_video,,,,,,,,knn_k1,0.3279743790626526
stage0_full_001,base,c2r/height/put_object_cabinet/seed_579804476/progress_000,put_object_cabinet,seed_579804476,c2r,height,0.0,0,condition_video,,,,,,,,knn_k1,0.2717841863632202
stage0_full_001,base,c2r/height/stack_blocks_three/seed_510834284/progress_000,stack_blocks_three,seed_510834284,c2r,height,0.0,0,condition_video,,,,,,,,knn_k1,0.4508815407752991
stage0_full_001,base,c2r/height/place_shoe/seed_547565528/progress_000,place_shoe,seed_547565528,c2r,height,0.0,0,condition_video,,,,,,,,knn_k1,0.35883817076683044
stage0_full_001,base,c2r/height/adjust_bottle/seed_455908385/progress_000,adjust_bottle,seed_455908385,c2r,height,0.0,0,condition_video,,,,,,,,knn_k1,0.37121111154556274
stage0_full_001,base,c2r/height/place_mouse_pad/seed_747588073/progress_000,place_mouse_pad,seed_747588073,c2r,height,0.0,0,condition_video,,,,,,,,knn_k1,0.37855178117752075
stage0_full_001,base,c2r/height/dump_bin_bigbin/seed_609125485/progress_000,dump_bin_bigbin,seed_609125485,c2r,height,0.0,0,condition_video,,,,,,,,knn_k1,0.40495288372039795
stage0_full_001,base,c2r/height/move_pillbottle_pad/seed_454258712/progress_000,move_pillbottle_pad,seed_454258712,c2r,height,0.0,0,condition_video,,,,,,,,knn_k1,0.43576857447624207
stage0_full_001,base,c2r/height/pick_dual_bottles/seed_625462229/progress_000,pick_dual_bottles,seed_625462229,c2r,height,0.0,0,condition_video,,,,,,,,knn_k1,0.32283544540405273
stage0_full_001,base,c2r/height/shake_bottle/seed_11397417/progress_000,shake_bottle,seed_11397417,c2r,height,0.0,0,condition_video,,,,,,,,knn_k1,0.4662885367870331
stage0_full_001,base,c2r/height/place_fan/seed_562359323/progress_000,place_fan,seed_562359323,c2r,height,0.0,0,condition_video,,,,,,,,knn_k1,0.4039978086948395
stage0_full_001,base,c2r/height/turn_switch/seed_388598700/progress_000,turn_switch,seed_388598700,c2r,height,0.0,0,condition_video,,,,,,,,knn_k1,0.40739336609840393
stage0_full_001,base,c2r/height/shake_bottle_horizontally/seed_506817488/progress_000,shake_bottle_horizontally,seed_506817488,c2r,height,0.0,0,condition_video,,,,,,,,knn_k1,0.39047569036483765
stage0_full_001,base,c2r/height/place_container_plate/seed_661154812/progress_000,place_container_plate,seed_661154812,c2r,height,0.0,0,condition_video,,,,,,,,knn_k1,0.4038029909133911
stage0_full_001,base,c2r/height/rotate_qrcode/seed_391550427/progress_000,rotate_qrcode,seed_391550427,c2r,height,0.0,0,condition_video,,,,,,,,knn_k1,0.36831751465797424
stage0_full_001,base,c2r/height/place_object_stand/seed_520492387/progress_000,place_object_stand,seed_520492387,c2r,height,0.0,0,condition_video,,,,,,,,knn_k1,0.3503038287162781
stage0_full_001,base,c2r/height/put_bottles_dustbin/seed_833796020/progress_000,put_bottles_dustbin,seed_833796020,c2r,height,0.0,0,condition_video,,,,,,,,knn_k1,0.4526173770427704
stage0_full_001,base,c2r/height/move_stapler_pad/seed_626979943/progress_000,move_stapler_pad,seed_626979943,c2r,height,0.0,0,condition_video,,,,,,,,knn_k1,0.4258321225643158
stage0_full_001,base,c2r/height/place_burger_fries/seed_44486756/progress_000,place_burger_fries,seed_44486756,c2r,height,0.0,0,condition_video,,,,,,,,knn_k1,0.36899712681770325
stage0_full_001,base,c2r/height/place_bread_basket/seed_769514620/progress_000,place_bread_basket,seed_769514620,c2r,height,0.0,0,condition_video,,,,,,,,knn_k1,0.3689482510089874
stage0_full_001,base,c2r/height/pick_diverse_bottles/seed_202104734/progress_000,pick_diverse_bottles,seed_202104734,c2r,height,0.0,0,condition_video,,,,,,,,knn_k1,0.32737255096435547
stage0_full_001,base,c2r/height/open_microwave/seed_670586037/progress_000,open_microwave,seed_670586037,c2r,height,0.0,0,condition_video,,,,,,,,knn_k1,0.34774619340896606
stage0_full_001,base,c2r/height/beat_block_hammer/seed_146228030/progress_000,beat_block_hammer,seed_146228030,c2r,height,0.0,0,condition_video,,,,,,,,knn_k1,0.3743901550769806
stage0_full_001,base,c2r/height/press_stapler/seed_623879527/progress_000,press_stapler,seed_623879527,c2r,height,0.0,0,condition_video,,,,,,,,knn_k1,0.38042354583740234
stage0_full_001,base,c2r/height/click_bell/seed_576942388/progress_000,click_bell,seed_576942388,c2r,height,0.0,0,condition_video,,,,,,,,knn_k1,0.4118359684944153
stage0_full_001,base,c2r/height/move_playingcard_away/seed_468245999/progress_000,move_playingcard_away,seed_468245999,c2r,height,0.0,0,condition_video,,,,,,,,knn_k1,0.416098952293396
stage0_full_001,base,c2r/height/open_laptop/seed_273582622/progress_000,open_laptop,seed_273582622,c2r,height,0.0,0,condition_video,,,,,,,,knn_k1,0.42003104090690613
stage0_full_001,base,c2r/height/move_can_pot/seed_285658487/progress_000,move_can_pot,seed_285658487,c2r,height,0.0,0,condition_video,,,,,,,,knn_k1,0.42734426259994507
stage0_full_001,base,c2r/height/stack_bowls_two/seed_116018094/progress_000,stack_bowls_two,seed_116018094,c2r,height,0.0,0,condition_video,,,,,,,,knn_k1,0.3939274847507477
stage0_full_001,base,c2r/height/place_a2b_right/seed_803724289/progress_000,place_a2b_right,seed_803724289,c2r,height,0.0,0,condition_video,,,,,,,,knn_k1,0.3872523605823517
stage0_full_001,base,c2r/height/stamp_seal/seed_391510540/progress_000,stamp_seal,seed_391510540,c2r,height,0.0,0,condition_video,,,,,,,,knn_k1,0.3972395360469818
stage0_full_001,base,c2r/height/place_object_basket/seed_760526045/progress_000,place_object_basket,seed_760526045,c2r,height,0.0,0,condition_video,,,,,,,,knn_k1,0.4028671979904175
stage0_full_001,base,c2r/height/handover_mic/seed_537376167/progress_000,handover_mic,seed_537376167,c2r,height,0.0,0,condition_video,,,,,,,,knn_k1,0.3477327823638916
stage0_full_001,base,c2r/height/place_bread_skillet/seed_394408374/progress_000,place_bread_skillet,seed_394408374,c2r,height,0.0,0,condition_video,,,,,,,,knn_k1,0.345980167388916
stage0_full_001,base,c2r/height/stack_blocks_two/seed_639631926/progress_000,stack_blocks_two,seed_639631926,c2r,height,0.0,0,condition_video,,,,,,,,knn_k1,0.44004109501838684
stage0_full_001,base,c2r/height/place_cans_plasticbox/seed_514553626/progress_000,place_cans_plasticbox,seed_514553626,c2r,height,0.0,0,condition_video,,,,,,,,knn_k1,0.37708738446235657
stage0_full_001,base,c2r/height/click_alarmclock/seed_789543505/progress_000,click_alarmclock,seed_789543505,c2r,height,0.0,0,condition_video,,,,,,,,knn_k1,0.3587058484554291
stage0_full_001,base,c2r/height/blocks_ranking_size/seed_3661514/progress_000,blocks_ranking_size,seed_3661514,c2r,height,0.0,0,condition_video,,,,,,,,knn_k1,0.4530820846557617
stage0_full_001,base,c2r/height/place_phone_stand/seed_39116909/progress_000,place_phone_stand,seed_39116909,c2r,height,0.0,0,condition_video,,,,,,,,knn_k1,0.349778950214386
stage0_full_001,base,c2r/height/place_can_basket/seed_788353025/progress_000,place_can_basket,seed_788353025,c2r,height,0.0,0,condition_video,,,,,,,,knn_k1,0.38347265124320984
stage0_full_001,base,c2r/height/place_object_scale/seed_603032508/progress_000,place_object_scale,seed_603032508,c2r,height,0.0,0,condition_video,,,,,,,,knn_k1,0.4025733470916748
stage0_full_001,base,c2r/height/place_a2b_left/seed_240483131/progress_000,place_a2b_left,seed_240483131,c2r,height,0.0,0,condition_video,,,,,,,,knn_k1,0.3921864628791809
stage0_full_001,base,c2r/height/grab_roller/seed_452075745/progress_000,grab_roller,seed_452075745,c2r,height,0.0,0,condition_video,,,,,,,,knn_k1,0.30321404337882996
stage0_full_001,base,c2r/height/place_dual_shoes/seed_890676601/progress_000,place_dual_shoes,seed_890676601,c2r,height,0.0,0,condition_video,,,,,,,,knn_k1,0.3042770028114319
stage0_full_001,base,c2r/height/place_empty_cup/seed_859277454/progress_000,place_empty_cup,seed_859277454,c2r,height,0.0,0,condition_video,,,,,,,,knn_k1,0.43308645486831665
stage0_full_001,base,c2r/height/blocks_ranking_rgb/seed_114117740/progress_000,blocks_ranking_rgb,seed_114117740,c2r,height,0.0,0,condition_video,,,,,,,,knn_k1,0.4587934613227844
stage0_full_001,base,aggregate,all,all,c2r,height,,0,condition_video,,,,,,,,knn_k1_mean,0.38595527052879336
stage0_full_001,base,aggregate,all,group_split,c2r,height,,0,condition_video,,,,,,,,domain_balanced_accuracy,0.5
stage0_full_001,base,aggregate,all,group_split,c2r,height,,0,condition_video,,,,,,,,domain_auroc,1.0
stage0_full_001,base,c2r/light/stack_bowls_three/seed_317869620/progress_000,stack_bowls_three,seed_317869620,c2r,light,0.0,0,condition_video,,,,,,,,knn_k1,0.5046398639678955
stage0_full_001,base,c2r/light/handover_block/seed_879311662/progress_000,handover_block,seed_879311662,c2r,light,0.0,0,condition_video,,,,,,,,knn_k1,0.5850902795791626
stage0_full_001,base,c2r/light/hanging_mug/seed_459299139/progress_000,hanging_mug,seed_459299139,c2r,light,0.0,0,condition_video,,,,,,,,knn_k1,0.5746155977249146
stage0_full_001,base,c2r/light/scan_object/seed_289038431/progress_000,scan_object,seed_289038431,c2r,light,0.0,0,condition_video,,,,,,,,knn_k1,0.4801715016365051
stage0_full_001,base,c2r/light/lift_pot/seed_185598812/progress_000,lift_pot,seed_185598812,c2r,light,0.0,0,condition_video,,,,,,,,knn_k1,0.3831033408641815
stage0_full_001,base,c2r/light/put_object_cabinet/seed_644929938/progress_000,put_object_cabinet,seed_644929938,c2r,light,0.0,0,condition_video,,,,,,,,knn_k1,0.3549543023109436
stage0_full_001,base,c2r/light/stack_blocks_three/seed_314814982/progress_000,stack_blocks_three,seed_314814982,c2r,light,0.0,0,condition_video,,,,,,,,knn_k1,0.6390329003334045
stage0_full_001,base,c2r/light/place_shoe/seed_259707623/progress_000,place_shoe,seed_259707623,c2r,light,0.0,0,condition_video,,,,,,,,knn_k1,0.47847598791122437
stage0_full_001,base,c2r/light/adjust_bottle/seed_218427993/progress_000,adjust_bottle,seed_218427993,c2r,light,0.0,0,condition_video,,,,,,,,knn_k1,0.4821060299873352
stage0_full_001,base,c2r/light/place_mouse_pad/seed_866209002/progress_000,place_mouse_pad,seed_866209002,c2r,light,0.0,0,condition_video,,,,,,,,knn_k1,0.5684664249420166
stage0_full_001,base,c2r/light/dump_bin_bigbin/seed_423840151/progress_000,dump_bin_bigbin,seed_423840151,c2r,light,0.0,0,condition_video,,,,,,,,knn_k1,0.5295997262001038
stage0_full_001,base,c2r/light/move_pillbottle_pad/seed_635002489/progress_000,move_pillbottle_pad,seed_635002489,c2r,light,0.0,0,condition_video,,,,,,,,knn_k1,0.644519031047821
stage0_full_001,base,c2r/light/pick_dual_bottles/seed_7690756/progress_000,pick_dual_bottles,seed_7690756,c2r,light,0.0,0,condition_video,,,,,,,,knn_k1,0.4469573199748993
stage0_full_001,base,c2r/light/shake_bottle/seed_716268860/progress_000,shake_bottle,seed_716268860,c2r,light,0.0,0,condition_video,,,,,,,,knn_k1,0.6715951561927795
stage0_full_001,base,c2r/light/place_fan/seed_519267369/progress_000,place_fan,seed_519267369,c2r,light,0.0,0,condition_video,,,,,,,,knn_k1,0.5794565677642822
stage0_full_001,base,c2r/light/turn_switch/seed_493838736/progress_000,turn_switch,seed_493838736,c2r,light,0.0,0,condition_video,,,,,,,,knn_k1,0.6152308583259583
stage0_full_001,base,c2r/light/shake_bottle_horizontally/seed_497389386/progress_000,shake_bottle_horizontally,seed_497389386,c2r,light,0.0,0,condition_video,,,,,,,,knn_k1,0.5231432914733887
stage0_full_001,base,c2r/light/place_container_plate/seed_252210122/progress_000,place_container_plate,seed_252210122,c2r,light,0.0,0,condition_video,,,,,,,,knn_k1,0.5812101364135742
stage0_full_001,base,c2r/light/rotate_qrcode/seed_24255504/progress_000,rotate_qrcode,seed_24255504,c2r,light,0.0,0,condition_video,,,,,,,,knn_k1,0.5780007243156433
stage0_full_001,base,c2r/light/place_object_stand/seed_603755546/progress_000,place_object_stand,seed_603755546,c2r,light,0.0,0,condition_video,,,,,,,,knn_k1,0.45365849137306213
stage0_full_001,base,c2r/light/put_bottles_dustbin/seed_473207494/progress_000,put_bottles_dustbin,seed_473207494,c2r,light,0.0,0,condition_video,,,,,,,,knn_k1,0.6063960194587708
stage0_full_001,base,c2r/light/move_stapler_pad/seed_724544048/progress_000,move_stapler_pad,seed_724544048,c2r,light,0.0,0,condition_video,,,,,,,,knn_k1,0.7260596752166748
stage0_full_001,base,c2r/light/place_burger_fries/seed_764956105/progress_000,place_burger_fries,seed_764956105,c2r,light,0.0,0,condition_video,,,,,,,,knn_k1,0.4889317452907562
stage0_full_001,base,c2r/light/place_bread_basket/seed_548994270/progress_000,place_bread_basket,seed_548994270,c2r,light,0.0,0,condition_video,,,,,,,,knn_k1,0.4699697196483612
stage0_full_001,base,c2r/light/pick_diverse_bottles/seed_469296516/progress_000,pick_diverse_bottles,seed_469296516,c2r,light,0.0,0,condition_video,,,,,,,,knn_k1,0.3789968192577362
stage0_full_001,base,c2r/light/open_microwave/seed_126026794/progress_000,open_microwave,seed_126026794,c2r,light,0.0,0,condition_video,,,,,,,,knn_k1,0.4087224006652832
stage0_full_001,base,c2r/light/beat_block_hammer/seed_190785939/progress_000,beat_block_hammer,seed_190785939,c2r,light,0.0,0,condition_video,,,,,,,,knn_k1,0.4903944730758667
stage0_full_001,base,c2r/light/press_stapler/seed_645584852/progress_000,press_stapler,seed_645584852,c2r,light,0.0,0,condition_video,,,,,,,,knn_k1,0.5108116865158081
stage0_full_001,base,c2r/light/click_bell/seed_611142223/progress_000,click_bell,seed_611142223,c2r,light,0.0,0,condition_video,,,,,,,,knn_k1,0.5203160643577576
stage0_full_001,base,c2r/light/move_playingcard_away/seed_698951458/progress_000,move_playingcard_away,seed_698951458,c2r,light,0.0,0,condition_video,,,,,,,,knn_k1,0.4449395537376404
stage0_full_001,base,c2r/light/open_laptop/seed_627389206/progress_000,open_laptop,seed_627389206,c2r,light,0.0,0,condition_video,,,,,,,,knn_k1,0.5021321773529053
stage0_full_001,base,c2r/light/move_can_pot/seed_248023816/progress_000,move_can_pot,seed_248023816,c2r,light,0.0,0,condition_video,,,,,,,,knn_k1,0.46360304951667786
stage0_full_001,base,c2r/light/stack_bowls_two/seed_656246828/progress_000,stack_bowls_two,seed_656246828,c2r,light,0.0,0,condition_video,,,,,,,,knn_k1,0.5345028638839722
stage0_full_001,base,c2r/light/place_a2b_right/seed_803416018/progress_000,place_a2b_right,seed_803416018,c2r,light,0.0,0,condition_video,,,,,,,,knn_k1,0.45221447944641113
stage0_full_001,base,c2r/light/stamp_seal/seed_203079918/progress_000,stamp_seal,seed_203079918,c2r,light,0.0,0,condition_video,,,,,,,,knn_k1,0.5094574689865112
stage0_full_001,base,c2r/light/place_object_basket/seed_241125908/progress_000,place_object_basket,seed_241125908,c2r,light,0.0,0,condition_video,,,,,,,,knn_k1,0.612371027469635
stage0_full_001,base,c2r/light/handover_mic/seed_283323218/progress_000,handover_mic,seed_283323218,c2r,light,0.0,0,condition_video,,,,,,,,knn_k1,0.6123906970024109
stage0_full_001,base,c2r/light/place_bread_skillet/seed_156686976/progress_000,place_bread_skillet,seed_156686976,c2r,light,0.0,0,condition_video,,,,,,,,knn_k1,0.38377851247787476
stage0_full_001,base,c2r/light/stack_blocks_two/seed_803532712/progress_000,stack_blocks_two,seed_803532712,c2r,light,0.0,0,condition_video,,,,,,,,knn_k1,0.6529738306999207
stage0_full_001,base,c2r/light/place_cans_plasticbox/seed_577981354/progress_000,place_cans_plasticbox,seed_577981354,c2r,light,0.0,0,condition_video,,,,,,,,knn_k1,0.4863787293434143
stage0_full_001,base,c2r/light/click_alarmclock/seed_762866989/progress_000,click_alarmclock,seed_762866989,c2r,light,0.0,0,condition_video,,,,,,,,knn_k1,0.3376278877258301
stage0_full_001,base,c2r/light/blocks_ranking_size/seed_505985753/progress_000,blocks_ranking_size,seed_505985753,c2r,light,0.0,0,condition_video,,,,,,,,knn_k1,0.6710912585258484
stage0_full_001,base,c2r/light/place_phone_stand/seed_624751721/progress_000,place_phone_stand,seed_624751721,c2r,light,0.0,0,condition_video,,,,,,,,knn_k1,0.4466037154197693
stage0_full_001,base,c2r/light/place_can_basket/seed_542145302/progress_000,place_can_basket,seed_542145302,c2r,light,0.0,0,condition_video,,,,,,,,knn_k1,0.44625324010849
stage0_full_001,base,c2r/light/place_object_scale/seed_722575534/progress_000,place_object_scale,seed_722575534,c2r,light,0.0,0,condition_video,,,,,,,,knn_k1,0.5936689376831055
stage0_full_001,base,c2r/light/place_a2b_left/seed_663079132/progress_000,place_a2b_left,seed_663079132,c2r,light,0.0,0,condition_video,,,,,,,,knn_k1,0.4818562865257263
stage0_full_001,base,c2r/light/grab_roller/seed_482689013/progress_000,grab_roller,seed_482689013,c2r,light,0.0,0,condition_video,,,,,,,,knn_k1,0.5373981595039368
stage0_full_001,base,c2r/light/place_dual_shoes/seed_319436374/progress_000,place_dual_shoes,seed_319436374,c2r,light,0.0,0,condition_video,,,,,,,,knn_k1,0.3236042559146881
stage0_full_001,base,c2r/light/place_empty_cup/seed_606914953/progress_000,place_empty_cup,seed_606914953,c2r,light,0.0,0,condition_video,,,,,,,,knn_k1,0.5718267560005188
stage0_full_001,base,c2r/light/blocks_ranking_rgb/seed_339352330/progress_000,blocks_ranking_rgb,seed_339352330,c2r,light,0.0,0,condition_video,,,,,,,,knn_k1,0.5162588953971863
stage0_full_001,base,aggregate,all,all,c2r,light,,0,condition_video,,,,,,,,knn_k1_mean,0.5171111583709717
stage0_full_001,base,aggregate,all,group_split,c2r,light,,0,condition_video,,,,,,,,domain_balanced_accuracy,0.5
stage0_full_001,base,aggregate,all,group_split,c2r,light,,0,condition_video,,,,,,,,domain_auroc,1.0
stage0_full_001,base,c2r/background/stack_bowls_three/seed_27804535/progress_000,stack_bowls_three,seed_27804535,c2r,background,0.0,10,condition_video,,,,,,,,knn_k1,0.5639575123786926
stage0_full_001,base,c2r/background/handover_block/seed_120650234/progress_000,handover_block,seed_120650234,c2r,background,0.0,10,condition_video,,,,,,,,knn_k1,0.6216832399368286
stage0_full_001,base,c2r/background/hanging_mug/seed_538778923/progress_000,hanging_mug,seed_538778923,c2r,background,0.0,10,condition_video,,,,,,,,knn_k1,0.5725921392440796
stage0_full_001,base,c2r/background/scan_object/seed_262761732/progress_000,scan_object,seed_262761732,c2r,background,0.0,10,condition_video,,,,,,,,knn_k1,0.5912676453590393
stage0_full_001,base,c2r/background/lift_pot/seed_710924868/progress_000,lift_pot,seed_710924868,c2r,background,0.0,10,condition_video,,,,,,,,knn_k1,0.49690473079681396
stage0_full_001,base,c2r/background/put_object_cabinet/seed_13370600/progress_000,put_object_cabinet,seed_13370600,c2r,background,0.0,10,condition_video,,,,,,,,knn_k1,0.4708675146102905
stage0_full_001,base,c2r/background/stack_blocks_three/seed_822087810/progress_000,stack_blocks_three,seed_822087810,c2r,background,0.0,10,condition_video,,,,,,,,knn_k1,0.6364632248878479
stage0_full_001,base,c2r/background/place_shoe/seed_676166693/progress_000,place_shoe,seed_676166693,c2r,background,0.0,10,condition_video,,,,,,,,knn_k1,0.5286329388618469
stage0_full_001,base,c2r/background/adjust_bottle/seed_863397555/progress_000,adjust_bottle,seed_863397555,c2r,background,0.0,10,condition_video,,,,,,,,knn_k1,0.4496476650238037
stage0_full_001,base,c2r/background/place_mouse_pad/seed_457852611/progress_000,place_mouse_pad,seed_457852611,c2r,background,0.0,10,condition_video,,,,,,,,knn_k1,0.445222407579422
stage0_full_001,base,c2r/background/dump_bin_bigbin/seed_773111305/progress_000,dump_bin_bigbin,seed_773111305,c2r,background,0.0,10,condition_video,,,,,,,,knn_k1,0.46615058183670044
stage0_full_001,base,c2r/background/move_pillbottle_pad/seed_568983342/progress_000,move_pillbottle_pad,seed_568983342,c2r,background,0.0,10,condition_video,,,,,,,,knn_k1,0.5116764903068542
stage0_full_001,base,c2r/background/pick_dual_bottles/seed_117166061/progress_000,pick_dual_bottles,seed_117166061,c2r,background,0.0,10,condition_video,,,,,,,,knn_k1,0.5110910534858704
stage0_full_001,base,c2r/background/shake_bottle/seed_331965946/progress_000,shake_bottle,seed_331965946,c2r,background,0.0,10,condition_video,,,,,,,,knn_k1,0.545685350894928
stage0_full_001,base,c2r/background/place_fan/seed_543070044/progress_000,place_fan,seed_543070044,c2r,background,0.0,10,condition_video,,,,,,,,knn_k1,0.46774324774742126
stage0_full_001,base,c2r/background/turn_switch/seed_489873751/progress_000,turn_switch,seed_489873751,c2r,background,0.0,10,condition_video,,,,,,,,knn_k1,0.4404304027557373
stage0_full_001,base,c2r/background/shake_bottle_horizontally/seed_319358196/progress_000,shake_bottle_horizontally,seed_319358196,c2r,background,0.0,10,condition_video,,,,,,,,knn_k1,0.525812566280365
stage0_full_001,base,c2r/background/place_container_plate/seed_14431598/progress_000,place_container_plate,seed_14431598,c2r,background,0.0,10,condition_video,,,,,,,,knn_k1,0.4936200678348541
stage0_full_001,base,c2r/background/rotate_qrcode/seed_372345110/progress_000,rotate_qrcode,seed_372345110,c2r,background,0.0,10,condition_video,,,,,,,,knn_k1,0.47230809926986694
stage0_full_001,base,c2r/background/place_object_stand/seed_715864988/progress_000,place_object_stand,seed_715864988,c2r,background,0.0,10,condition_video,,,,,,,,knn_k1,0.4563118815422058
stage0_full_001,base,c2r/background/put_bottles_dustbin/seed_455479075/progress_000,put_bottles_dustbin,seed_455479075,c2r,background,0.0,10,condition_video,,,,,,,,knn_k1,0.6246528625488281
stage0_full_001,base,c2r/background/move_stapler_pad/seed_453776751/progress_000,move_stapler_pad,seed_453776751,c2r,background,0.0,10,condition_video,,,,,,,,knn_k1,0.4823158085346222
stage0_full_001,base,c2r/background/place_burger_fries/seed_165469501/progress_000,place_burger_fries,seed_165469501,c2r,background,0.0,10,condition_video,,,,,,,,knn_k1,0.6081739664077759
stage0_full_001,base,c2r/background/place_bread_basket/seed_490234398/progress_000,place_bread_basket,seed_490234398,c2r,background,0.0,10,condition_video,,,,,,,,knn_k1,0.6294090151786804
stage0_full_001,base,c2r/background/pick_diverse_bottles/seed_886697844/progress_000,pick_diverse_bottles,seed_886697844,c2r,background,0.0,10,condition_video,,,,,,,,knn_k1,0.5620137453079224
stage0_full_001,base,c2r/background/open_microwave/seed_443701932/progress_000,open_microwave,seed_443701932,c2r,background,0.0,10,condition_video,,,,,,,,knn_k1,0.44331204891204834
stage0_full_001,base,c2r/background/beat_block_hammer/seed_797298394/progress_000,beat_block_hammer,seed_797298394,c2r,background,0.0,10,condition_video,,,,,,,,knn_k1,0.47076183557510376
stage0_full_001,base,c2r/background/press_stapler/seed_262831721/progress_000,press_stapler,seed_262831721,c2r,background,0.0,10,condition_video,,,,,,,,knn_k1,0.4358632564544678
stage0_full_001,base,c2r/background/click_bell/seed_748992159/progress_000,click_bell,seed_748992159,c2r,background,0.0,10,condition_video,,,,,,,,knn_k1,0.3851757347583771
stage0_full_001,base,c2r/background/move_playingcard_away/seed_114732817/progress_000,move_playingcard_away,seed_114732817,c2r,background,0.0,10,condition_video,,,,,,,,knn_k1,0.46335527300834656
stage0_full_001,base,c2r/background/open_laptop/seed_121410776/progress_000,open_laptop,seed_121410776,c2r,background,0.0,10,condition_video,,,,,,,,knn_k1,0.47971031069755554
stage0_full_001,base,c2r/background/move_can_pot/seed_600430797/progress_000,move_can_pot,seed_600430797,c2r,background,0.0,10,condition_video,,,,,,,,knn_k1,0.4863680601119995
stage0_full_001,base,c2r/background/stack_bowls_two/seed_444040936/progress_000,stack_bowls_two,seed_444040936,c2r,background,0.0,10,condition_video,,,,,,,,knn_k1,0.5640888810157776
stage0_full_001,base,c2r/background/place_a2b_right/seed_550624350/progress_000,place_a2b_right,seed_550624350,c2r,background,0.0,10,condition_video,,,,,,,,knn_k1,0.502801239490509
stage0_full_001,base,c2r/background/stamp_seal/seed_373032052/progress_000,stamp_seal,seed_373032052,c2r,background,0.0,10,condition_video,,,,,,,,knn_k1,0.45010340213775635
stage0_full_001,base,c2r/background/place_object_basket/seed_13972055/progress_000,place_object_basket,seed_13972055,c2r,background,0.0,10,condition_video,,,,,,,,knn_k1,0.5427364110946655
stage0_full_001,base,c2r/background/handover_mic/seed_791372736/progress_000,handover_mic,seed_791372736,c2r,background,0.0,10,condition_video,,,,,,,,knn_k1,0.5417600870132446
stage0_full_001,base,c2r/background/place_bread_skillet/seed_682411729/progress_000,place_bread_skillet,seed_682411729,c2r,background,0.0,10,condition_video,,,,,,,,knn_k1,0.5364817380905151
stage0_full_001,base,c2r/background/stack_blocks_two/seed_325046254/progress_000,stack_blocks_two,seed_325046254,c2r,background,0.0,10,condition_video,,,,,,,,knn_k1,0.6184900999069214
stage0_full_001,base,c2r/background/place_cans_plasticbox/seed_851474539/progress_000,place_cans_plasticbox,seed_851474539,c2r,background,0.0,10,condition_video,,,,,,,,knn_k1,0.621291995048523
stage0_full_001,base,c2r/background/click_alarmclock/seed_597249174/progress_000,click_alarmclock,seed_597249174,c2r,background,0.0,10,condition_video,,,,,,,,knn_k1,0.3495781421661377
stage0_full_001,base,c2r/background/blocks_ranking_size/seed_483186537/progress_000,blocks_ranking_size,seed_483186537,c2r,background,0.0,10,condition_video,,,,,,,,knn_k1,0.6747138500213623
stage0_full_001,base,c2r/background/place_phone_stand/seed_844715882/progress_000,place_phone_stand,seed_844715882,c2r,background,0.0,10,condition_video,,,,,,,,knn_k1,0.460747092962265
stage0_full_001,base,c2r/background/place_can_basket/seed_873890208/progress_000,place_can_basket,seed_873890208,c2r,background,0.0,10,condition_video,,,,,,,,knn_k1,0.5180992484092712
stage0_full_001,base,c2r/background/place_object_scale/seed_28989601/progress_000,place_object_scale,seed_28989601,c2r,background,0.0,10,condition_video,,,,,,,,knn_k1,0.45103949308395386
stage0_full_001,base,c2r/background/place_a2b_left/seed_494714106/progress_000,place_a2b_left,seed_494714106,c2r,background,0.0,10,condition_video,,,,,,,,knn_k1,0.4583304524421692
stage0_full_001,base,c2r/background/grab_roller/seed_274067892/progress_000,grab_roller,seed_274067892,c2r,background,0.0,10,condition_video,,,,,,,,knn_k1,0.5693963766098022
stage0_full_001,base,c2r/background/place_dual_shoes/seed_100946921/progress_000,place_dual_shoes,seed_100946921,c2r,background,0.0,10,condition_video,,,,,,,,knn_k1,0.5687166452407837
stage0_full_001,base,c2r/background/place_empty_cup/seed_66017520/progress_000,place_empty_cup,seed_66017520,c2r,background,0.0,10,condition_video,,,,,,,,knn_k1,0.49246400594711304
stage0_full_001,base,c2r/background/blocks_ranking_rgb/seed_392877897/progress_000,blocks_ranking_rgb,seed_392877897,c2r,background,0.0,10,condition_video,,,,,,,,knn_k1,0.6632681488990784
stage0_full_001,base,aggregate,all,all,c2r,background,,10,condition_video,,,,,,,,knn_k1_mean,0.5184657597541809
stage0_full_001,base,aggregate,all,group_split,c2r,background,,10,condition_video,,,,,,,,domain_balanced_accuracy,0.5
stage0_full_001,base,aggregate,all,group_split,c2r,background,,10,condition_video,,,,,,,,domain_auroc,1.0
stage0_full_001,base,c2r/clutter/stack_bowls_three/seed_761954913/progress_000,stack_bowls_three,seed_761954913,c2r,clutter,0.0,10,condition_video,,,,,,,,knn_k1,0.566399097442627
stage0_full_001,base,c2r/clutter/handover_block/seed_624737248/progress_000,handover_block,seed_624737248,c2r,clutter,0.0,10,condition_video,,,,,,,,knn_k1,0.6259061694145203
stage0_full_001,base,c2r/clutter/hanging_mug/seed_853936167/progress_000,hanging_mug,seed_853936167,c2r,clutter,0.0,10,condition_video,,,,,,,,knn_k1,0.5821033120155334
stage0_full_001,base,c2r/clutter/scan_object/seed_200154928/progress_000,scan_object,seed_200154928,c2r,clutter,0.0,10,condition_video,,,,,,,,knn_k1,0.5892235636711121
stage0_full_001,base,c2r/clutter/lift_pot/seed_36841133/progress_000,lift_pot,seed_36841133,c2r,clutter,0.0,10,condition_video,,,,,,,,knn_k1,0.49389904737472534
stage0_full_001,base,c2r/clutter/put_object_cabinet/seed_213141741/progress_000,put_object_cabinet,seed_213141741,c2r,clutter,0.0,10,condition_video,,,,,,,,knn_k1,0.470707505941391
stage0_full_001,base,c2r/clutter/stack_blocks_three/seed_885782772/progress_000,stack_blocks_three,seed_885782772,c2r,clutter,0.0,10,condition_video,,,,,,,,knn_k1,0.6299575567245483
stage0_full_001,base,c2r/clutter/place_shoe/seed_148930251/progress_000,place_shoe,seed_148930251,c2r,clutter,0.0,10,condition_video,,,,,,,,knn_k1,0.5296692848205566
stage0_full_001,base,c2r/clutter/adjust_bottle/seed_487447292/progress_000,adjust_bottle,seed_487447292,c2r,clutter,0.0,10,condition_video,,,,,,,,knn_k1,0.4511568546295166
stage0_full_001,base,c2r/clutter/place_mouse_pad/seed_782913939/progress_000,place_mouse_pad,seed_782913939,c2r,clutter,0.0,10,condition_video,,,,,,,,knn_k1,0.4444832503795624
stage0_full_001,base,c2r/clutter/dump_bin_bigbin/seed_48286788/progress_000,dump_bin_bigbin,seed_48286788,c2r,clutter,0.0,10,condition_video,,,,,,,,knn_k1,0.462911993265152
stage0_full_001,base,c2r/clutter/move_pillbottle_pad/seed_170572259/progress_000,move_pillbottle_pad,seed_170572259,c2r,clutter,0.0,10,condition_video,,,,,,,,knn_k1,0.510141134262085
stage0_full_001,base,c2r/clutter/pick_dual_bottles/seed_4182488/progress_000,pick_dual_bottles,seed_4182488,c2r,clutter,0.0,10,condition_video,,,,,,,,knn_k1,0.5075620412826538
stage0_full_001,base,c2r/clutter/shake_bottle/seed_509663030/progress_000,shake_bottle,seed_509663030,c2r,clutter,0.0,10,condition_video,,,,,,,,knn_k1,0.542349100112915
stage0_full_001,base,c2r/clutter/place_fan/seed_847307321/progress_000,place_fan,seed_847307321,c2r,clutter,0.0,10,condition_video,,,,,,,,knn_k1,0.4608553946018219
stage0_full_001,base,c2r/clutter/turn_switch/seed_106540409/progress_000,turn_switch,seed_106540409,c2r,clutter,0.0,10,condition_video,,,,,,,,knn_k1,0.4428931474685669
stage0_full_001,base,c2r/clutter/shake_bottle_horizontally/seed_491429438/progress_000,shake_bottle_horizontally,seed_491429438,c2r,clutter,0.0,10,condition_video,,,,,,,,knn_k1,0.5200919508934021
stage0_full_001,base,c2r/clutter/place_container_plate/seed_594486020/progress_000,place_container_plate,seed_594486020,c2r,clutter,0.0,10,condition_video,,,,,,,,knn_k1,0.49692827463150024
stage0_full_001,base,c2r/clutter/rotate_qrcode/seed_362674036/progress_000,rotate_qrcode,seed_362674036,c2r,clutter,0.0,10,condition_video,,,,,,,,knn_k1,0.47120726108551025
stage0_full_001,base,c2r/clutter/place_object_stand/seed_162697052/progress_000,place_object_stand,seed_162697052,c2r,clutter,0.0,10,condition_video,,,,,,,,knn_k1,0.45622357726097107
stage0_full_001,base,c2r/clutter/put_bottles_dustbin/seed_148690198/progress_000,put_bottles_dustbin,seed_148690198,c2r,clutter,0.0,10,condition_video,,,,,,,,knn_k1,0.6197680830955505
stage0_full_001,base,c2r/clutter/move_stapler_pad/seed_744409618/progress_000,move_stapler_pad,seed_744409618,c2r,clutter,0.0,10,condition_video,,,,,,,,knn_k1,0.4795847535133362
stage0_full_001,base,c2r/clutter/place_burger_fries/seed_303636962/progress_000,place_burger_fries,seed_303636962,c2r,clutter,0.0,10,condition_video,,,,,,,,knn_k1,0.6040500998497009
stage0_full_001,base,c2r/clutter/place_bread_basket/seed_105344671/progress_000,place_bread_basket,seed_105344671,c2r,clutter,0.0,10,condition_video,,,,,,,,knn_k1,0.6251345276832581
stage0_full_001,base,c2r/clutter/pick_diverse_bottles/seed_21321356/progress_000,pick_diverse_bottles,seed_21321356,c2r,clutter,0.0,10,condition_video,,,,,,,,knn_k1,0.5605507493019104
stage0_full_001,base,c2r/clutter/open_microwave/seed_136410473/progress_000,open_microwave,seed_136410473,c2r,clutter,0.0,10,condition_video,,,,,,,,knn_k1,0.4424918591976166
stage0_full_001,base,c2r/clutter/beat_block_hammer/seed_36693999/progress_000,beat_block_hammer,seed_36693999,c2r,clutter,0.0,10,condition_video,,,,,,,,knn_k1,0.46993952989578247
stage0_full_001,base,c2r/clutter/press_stapler/seed_880007787/progress_000,press_stapler,seed_880007787,c2r,clutter,0.0,10,condition_video,,,,,,,,knn_k1,0.4361189901828766
stage0_full_001,base,c2r/clutter/click_bell/seed_539095014/progress_000,click_bell,seed_539095014,c2r,clutter,0.0,10,condition_video,,,,,,,,knn_k1,0.38433223962783813
stage0_full_001,base,c2r/clutter/move_playingcard_away/seed_385288247/progress_000,move_playingcard_away,seed_385288247,c2r,clutter,0.0,10,condition_video,,,,,,,,knn_k1,0.4614987373352051
stage0_full_001,base,c2r/clutter/open_laptop/seed_260421436/progress_000,open_laptop,seed_260421436,c2r,clutter,0.0,10,condition_video,,,,,,,,knn_k1,0.4811696708202362
stage0_full_001,base,c2r/clutter/move_can_pot/seed_445842829/progress_000,move_can_pot,seed_445842829,c2r,clutter,0.0,10,condition_video,,,,,,,,knn_k1,0.479481041431427
stage0_full_001,base,c2r/clutter/stack_bowls_two/seed_408127787/progress_000,stack_bowls_two,seed_408127787,c2r,clutter,0.0,10,condition_video,,,,,,,,knn_k1,0.5560014247894287
stage0_full_001,base,c2r/clutter/place_a2b_right/seed_298826397/progress_000,place_a2b_right,seed_298826397,c2r,clutter,0.0,10,condition_video,,,,,,,,knn_k1,0.4995020031929016
stage0_full_001,base,c2r/clutter/stamp_seal/seed_748150648/progress_000,stamp_seal,seed_748150648,c2r,clutter,0.0,10,condition_video,,,,,,,,knn_k1,0.44604039192199707
stage0_full_001,base,c2r/clutter/place_object_basket/seed_455727417/progress_000,place_object_basket,seed_455727417,c2r,clutter,0.0,10,condition_video,,,,,,,,knn_k1,0.5416112542152405
stage0_full_001,base,c2r/clutter/handover_mic/seed_27533572/progress_000,handover_mic,seed_27533572,c2r,clutter,0.0,10,condition_video,,,,,,,,knn_k1,0.541167676448822
stage0_full_001,base,c2r/clutter/place_bread_skillet/seed_470829968/progress_000,place_bread_skillet,seed_470829968,c2r,clutter,0.0,10,condition_video,,,,,,,,knn_k1,0.5376007556915283
stage0_full_001,base,c2r/clutter/stack_blocks_two/seed_193292576/progress_000,stack_blocks_two,seed_193292576,c2r,clutter,0.0,10,condition_video,,,,,,,,knn_k1,0.6181597113609314
stage0_full_001,base,c2r/clutter/place_cans_plasticbox/seed_552905247/progress_000,place_cans_plasticbox,seed_552905247,c2r,clutter,0.0,10,condition_video,,,,,,,,knn_k1,0.626579225063324
stage0_full_001,base,c2r/clutter/click_alarmclock/seed_257639388/progress_000,click_alarmclock,seed_257639388,c2r,clutter,0.0,10,condition_video,,,,,,,,knn_k1,0.3517417013645172
stage0_full_001,base,c2r/clutter/blocks_ranking_size/seed_676842534/progress_000,blocks_ranking_size,seed_676842534,c2r,clutter,0.0,10,condition_video,,,,,,,,knn_k1,0.6785295605659485
stage0_full_001,base,c2r/clutter/place_phone_stand/seed_560963078/progress_000,place_phone_stand,seed_560963078,c2r,clutter,0.0,10,condition_video,,,,,,,,knn_k1,0.4602712094783783
stage0_full_001,base,c2r/clutter/place_can_basket/seed_578149817/progress_000,place_can_basket,seed_578149817,c2r,clutter,0.0,10,condition_video,,,,,,,,knn_k1,0.5028426647186279
stage0_full_001,base,c2r/clutter/place_object_scale/seed_142945748/progress_000,place_object_scale,seed_142945748,c2r,clutter,0.0,10,condition_video,,,,,,,,knn_k1,0.4556739032268524
stage0_full_001,base,c2r/clutter/place_a2b_left/seed_712001400/progress_000,place_a2b_left,seed_712001400,c2r,clutter,0.0,10,condition_video,,,,,,,,knn_k1,0.45927441120147705
stage0_full_001,base,c2r/clutter/grab_roller/seed_489372951/progress_000,grab_roller,seed_489372951,c2r,clutter,0.0,10,condition_video,,,,,,,,knn_k1,0.5696728825569153
stage0_full_001,base,c2r/clutter/place_dual_shoes/seed_486785621/progress_000,place_dual_shoes,seed_486785621,c2r,clutter,0.0,10,condition_video,,,,,,,,knn_k1,0.5628402233123779
stage0_full_001,base,c2r/clutter/place_empty_cup/seed_270996463/progress_000,place_empty_cup,seed_270996463,c2r,clutter,0.0,10,condition_video,,,,,,,,knn_k1,0.49099504947662354
stage0_full_001,base,c2r/clutter/blocks_ranking_rgb/seed_350545820/progress_000,blocks_ranking_rgb,seed_350545820,c2r,clutter,0.0,10,condition_video,,,,,,,,knn_k1,0.6580079197883606
stage0_full_001,base,aggregate,all,all,c2r,clutter,,10,condition_video,,,,,,,,knn_k1_mean,0.5171060353517533
stage0_full_001,base,aggregate,all,group_split,c2r,clutter,,10,condition_video,,,,,,,,domain_balanced_accuracy,0.5
stage0_full_001,base,aggregate,all,group_split,c2r,clutter,,10,condition_video,,,,,,,,domain_auroc,1.0
stage0_full_001,base,c2r/height/stack_bowls_three/seed_777107145/progress_000,stack_bowls_three,seed_777107145,c2r,height,0.0,10,condition_video,,,,,,,,knn_k1,0.5631728768348694
stage0_full_001,base,c2r/height/handover_block/seed_153931416/progress_000,handover_block,seed_153931416,c2r,height,0.0,10,condition_video,,,,,,,,knn_k1,0.6393389701843262
stage0_full_001,base,c2r/height/hanging_mug/seed_797626889/progress_000,hanging_mug,seed_797626889,c2r,height,0.0,10,condition_video,,,,,,,,knn_k1,0.5884379148483276
stage0_full_001,base,c2r/height/scan_object/seed_86820161/progress_000,scan_object,seed_86820161,c2r,height,0.0,10,condition_video,,,,,,,,knn_k1,0.5996410846710205
stage0_full_001,base,c2r/height/lift_pot/seed_358880989/progress_000,lift_pot,seed_358880989,c2r,height,0.0,10,condition_video,,,,,,,,knn_k1,0.49271848797798157
stage0_full_001,base,c2r/height/put_object_cabinet/seed_579804476/progress_000,put_object_cabinet,seed_579804476,c2r,height,0.0,10,condition_video,,,,,,,,knn_k1,0.4714641571044922
stage0_full_001,base,c2r/height/stack_blocks_three/seed_510834284/progress_000,stack_blocks_three,seed_510834284,c2r,height,0.0,10,condition_video,,,,,,,,knn_k1,0.631562352180481
stage0_full_001,base,c2r/height/place_shoe/seed_547565528/progress_000,place_shoe,seed_547565528,c2r,height,0.0,10,condition_video,,,,,,,,knn_k1,0.5216363668441772
stage0_full_001,base,c2r/height/adjust_bottle/seed_455908385/progress_000,adjust_bottle,seed_455908385,c2r,height,0.0,10,condition_video,,,,,,,,knn_k1,0.4540906250476837
stage0_full_001,base,c2r/height/place_mouse_pad/seed_747588073/progress_000,place_mouse_pad,seed_747588073,c2r,height,0.0,10,condition_video,,,,,,,,knn_k1,0.4437794089317322
stage0_full_001,base,c2r/height/dump_bin_bigbin/seed_609125485/progress_000,dump_bin_bigbin,seed_609125485,c2r,height,0.0,10,condition_video,,,,,,,,knn_k1,0.4810715913772583
stage0_full_001,base,c2r/height/move_pillbottle_pad/seed_454258712/progress_000,move_pillbottle_pad,seed_454258712,c2r,height,0.0,10,condition_video,,,,,,,,knn_k1,0.5248085856437683
stage0_full_001,base,c2r/height/pick_dual_bottles/seed_625462229/progress_000,pick_dual_bottles,seed_625462229,c2r,height,0.0,10,condition_video,,,,,,,,knn_k1,0.5093697309494019
stage0_full_001,base,c2r/height/shake_bottle/seed_11397417/progress_000,shake_bottle,seed_11397417,c2r,height,0.0,10,condition_video,,,,,,,,knn_k1,0.5418161153793335
stage0_full_001,base,c2r/height/place_fan/seed_562359323/progress_000,place_fan,seed_562359323,c2r,height,0.0,10,condition_video,,,,,,,,knn_k1,0.4633704423904419
stage0_full_001,base,c2r/height/turn_switch/seed_388598700/progress_000,turn_switch,seed_388598700,c2r,height,0.0,10,condition_video,,,,,,,,knn_k1,0.4541233777999878
stage0_full_001,base,c2r/height/shake_bottle_horizontally/seed_506817488/progress_000,shake_bottle_horizontally,seed_506817488,c2r,height,0.0,10,condition_video,,,,,,,,knn_k1,0.53458571434021
stage0_full_001,base,c2r/height/place_container_plate/seed_661154812/progress_000,place_container_plate,seed_661154812,c2r,height,0.0,10,condition_video,,,,,,,,knn_k1,0.5026735663414001
stage0_full_001,base,c2r/height/rotate_qrcode/seed_391550427/progress_000,rotate_qrcode,seed_391550427,c2r,height,0.0,10,condition_video,,,,,,,,knn_k1,0.47456321120262146
stage0_full_001,base,c2r/height/place_object_stand/seed_520492387/progress_000,place_object_stand,seed_520492387,c2r,height,0.0,10,condition_video,,,,,,,,knn_k1,0.4672422707080841
stage0_full_001,base,c2r/height/put_bottles_dustbin/seed_833796020/progress_000,put_bottles_dustbin,seed_833796020,c2r,height,0.0,10,condition_video,,,,,,,,knn_k1,0.6242181062698364
stage0_full_001,base,c2r/height/move_stapler_pad/seed_626979943/progress_000,move_stapler_pad,seed_626979943,c2r,height,0.0,10,condition_video,,,,,,,,knn_k1,0.49351605772972107
stage0_full_001,base,c2r/height/place_burger_fries/seed_44486756/progress_000,place_burger_fries,seed_44486756,c2r,height,0.0,10,condition_video,,,,,,,,knn_k1,0.5872521996498108
stage0_full_001,base,c2r/height/place_bread_basket/seed_769514620/progress_000,place_bread_basket,seed_769514620,c2r,height,0.0,10,condition_video,,,,,,,,knn_k1,0.6305110454559326
stage0_full_001,base,c2r/height/pick_diverse_bottles/seed_202104734/progress_000,pick_diverse_bottles,seed_202104734,c2r,height,0.0,10,condition_video,,,,,,,,knn_k1,0.5592315196990967
stage0_full_001,base,c2r/height/open_microwave/seed_670586037/progress_000,open_microwave,seed_670586037,c2r,height,0.0,10,condition_video,,,,,,,,knn_k1,0.4464583396911621
stage0_full_001,base,c2r/height/beat_block_hammer/seed_146228030/progress_000,beat_block_hammer,seed_146228030,c2r,height,0.0,10,condition_video,,,,,,,,knn_k1,0.46982330083847046
stage0_full_001,base,c2r/height/press_stapler/seed_623879527/progress_000,press_stapler,seed_623879527,c2r,height,0.0,10,condition_video,,,,,,,,knn_k1,0.4499201774597168
stage0_full_001,base,c2r/height/click_bell/seed_576942388/progress_000,click_bell,seed_576942388,c2r,height,0.0,10,condition_video,,,,,,,,knn_k1,0.3958236277103424
stage0_full_001,base,c2r/height/move_playingcard_away/seed_468245999/progress_000,move_playingcard_away,seed_468245999,c2r,height,0.0,10,condition_video,,,,,,,,knn_k1,0.4724079966545105
stage0_full_001,base,c2r/height/open_laptop/seed_273582622/progress_000,open_laptop,seed_273582622,c2r,height,0.0,10,condition_video,,,,,,,,knn_k1,0.4892621338367462
stage0_full_001,base,c2r/height/move_can_pot/seed_285658487/progress_000,move_can_pot,seed_285658487,c2r,height,0.0,10,condition_video,,,,,,,,knn_k1,0.49559691548347473
stage0_full_001,base,c2r/height/stack_bowls_two/seed_116018094/progress_000,stack_bowls_two,seed_116018094,c2r,height,0.0,10,condition_video,,,,,,,,knn_k1,0.5603355169296265
stage0_full_001,base,c2r/height/place_a2b_right/seed_803724289/progress_000,place_a2b_right,seed_803724289,c2r,height,0.0,10,condition_video,,,,,,,,knn_k1,0.5177782773971558
stage0_full_001,base,c2r/height/stamp_seal/seed_391510540/progress_000,stamp_seal,seed_391510540,c2r,height,0.0,10,condition_video,,,,,,,,knn_k1,0.45516514778137207
stage0_full_001,base,c2r/height/place_object_basket/seed_760526045/progress_000,place_object_basket,seed_760526045,c2r,height,0.0,10,condition_video,,,,,,,,knn_k1,0.5441583395004272
stage0_full_001,base,c2r/height/handover_mic/seed_537376167/progress_000,handover_mic,seed_537376167,c2r,height,0.0,10,condition_video,,,,,,,,knn_k1,0.5478083491325378
stage0_full_001,base,c2r/height/place_bread_skillet/seed_394408374/progress_000,place_bread_skillet,seed_394408374,c2r,height,0.0,10,condition_video,,,,,,,,knn_k1,0.5339334607124329
stage0_full_001,base,c2r/height/stack_blocks_two/seed_639631926/progress_000,stack_blocks_two,seed_639631926,c2r,height,0.0,10,condition_video,,,,,,,,knn_k1,0.6174693703651428
stage0_full_001,base,c2r/height/place_cans_plasticbox/seed_514553626/progress_000,place_cans_plasticbox,seed_514553626,c2r,height,0.0,10,condition_video,,,,,,,,knn_k1,0.6237356662750244
stage0_full_001,base,c2r/height/click_alarmclock/seed_789543505/progress_000,click_alarmclock,seed_789543505,c2r,height,0.0,10,condition_video,,,,,,,,knn_k1,0.3642498552799225
stage0_full_001,base,c2r/height/blocks_ranking_size/seed_3661514/progress_000,blocks_ranking_size,seed_3661514,c2r,height,0.0,10,condition_video,,,,,,,,knn_k1,0.6694999933242798
stage0_full_001,base,c2r/height/place_phone_stand/seed_39116909/progress_000,place_phone_stand,seed_39116909,c2r,height,0.0,10,condition_video,,,,,,,,knn_k1,0.4566311538219452
stage0_full_001,base,c2r/height/place_can_basket/seed_788353025/progress_000,place_can_basket,seed_788353025,c2r,height,0.0,10,condition_video,,,,,,,,knn_k1,0.5021705627441406
stage0_full_001,base,c2r/height/place_object_scale/seed_603032508/progress_000,place_object_scale,seed_603032508,c2r,height,0.0,10,condition_video,,,,,,,,knn_k1,0.4569195806980133
stage0_full_001,base,c2r/height/place_a2b_left/seed_240483131/progress_000,place_a2b_left,seed_240483131,c2r,height,0.0,10,condition_video,,,,,,,,knn_k1,0.4596998691558838
stage0_full_001,base,c2r/height/grab_roller/seed_452075745/progress_000,grab_roller,seed_452075745,c2r,height,0.0,10,condition_video,,,,,,,,knn_k1,0.5708982348442078
stage0_full_001,base,c2r/height/place_dual_shoes/seed_890676601/progress_000,place_dual_shoes,seed_890676601,c2r,height,0.0,10,condition_video,,,,,,,,knn_k1,0.5657545328140259
stage0_full_001,base,c2r/height/place_empty_cup/seed_859277454/progress_000,place_empty_cup,seed_859277454,c2r,height,0.0,10,condition_video,,,,,,,,knn_k1,0.4915199875831604
stage0_full_001,base,c2r/height/blocks_ranking_rgb/seed_114117740/progress_000,blocks_ranking_rgb,seed_114117740,c2r,height,0.0,10,condition_video,,,,,,,,knn_k1,0.6713100671768188
stage0_full_001,base,aggregate,all,all,c2r,height,,10,condition_video,,,,,,,,knn_k1_mean,0.5216505247354507
stage0_full_001,base,aggregate,all,group_split,c2r,height,,10,condition_video,,,,,,,,domain_balanced_accuracy,0.5
stage0_full_001,base,aggregate,all,group_split,c2r,height,,10,condition_video,,,,,,,,domain_auroc,1.0
stage0_full_001,base,c2r/light/stack_bowls_three/seed_317869620/progress_000,stack_bowls_three,seed_317869620,c2r,light,0.0,10,condition_video,,,,,,,,knn_k1,0.6404062509536743
stage0_full_001,base,c2r/light/handover_block/seed_879311662/progress_000,handover_block,seed_879311662,c2r,light,0.0,10,condition_video,,,,,,,,knn_k1,0.7576216459274292
stage0_full_001,base,c2r/light/hanging_mug/seed_459299139/progress_000,hanging_mug,seed_459299139,c2r,light,0.0,10,condition_video,,,,,,,,knn_k1,0.7144062519073486
stage0_full_001,base,c2r/light/scan_object/seed_289038431/progress_000,scan_object,seed_289038431,c2r,light,0.0,10,condition_video,,,,,,,,knn_k1,0.6890753507614136
stage0_full_001,base,c2r/light/lift_pot/seed_185598812/progress_000,lift_pot,seed_185598812,c2r,light,0.0,10,condition_video,,,,,,,,knn_k1,0.5340477824211121
stage0_full_001,base,c2r/light/put_object_cabinet/seed_644929938/progress_000,put_object_cabinet,seed_644929938,c2r,light,0.0,10,condition_video,,,,,,,,knn_k1,0.5214434862136841
stage0_full_001,base,c2r/light/stack_blocks_three/seed_314814982/progress_000,stack_blocks_three,seed_314814982,c2r,light,0.0,10,condition_video,,,,,,,,knn_k1,0.753591001033783
stage0_full_001,base,c2r/light/place_shoe/seed_259707623/progress_000,place_shoe,seed_259707623,c2r,light,0.0,10,condition_video,,,,,,,,knn_k1,0.5952950716018677
stage0_full_001,base,c2r/light/adjust_bottle/seed_218427993/progress_000,adjust_bottle,seed_218427993,c2r,light,0.0,10,condition_video,,,,,,,,knn_k1,0.5253559947013855
stage0_full_001,base,c2r/light/place_mouse_pad/seed_866209002/progress_000,place_mouse_pad,seed_866209002,c2r,light,0.0,10,condition_video,,,,,,,,knn_k1,0.5921459197998047
stage0_full_001,base,c2r/light/dump_bin_bigbin/seed_423840151/progress_000,dump_bin_bigbin,seed_423840151,c2r,light,0.0,10,condition_video,,,,,,,,knn_k1,0.5822224020957947
stage0_full_001,base,c2r/light/move_pillbottle_pad/seed_635002489/progress_000,move_pillbottle_pad,seed_635002489,c2r,light,0.0,10,condition_video,,,,,,,,knn_k1,0.6761367321014404
stage0_full_001,base,c2r/light/pick_dual_bottles/seed_7690756/progress_000,pick_dual_bottles,seed_7690756,c2r,light,0.0,10,condition_video,,,,,,,,knn_k1,0.5918503403663635
stage0_full_001,base,c2r/light/shake_bottle/seed_716268860/progress_000,shake_bottle,seed_716268860,c2r,light,0.0,10,condition_video,,,,,,,,knn_k1,0.6860119700431824
stage0_full_001,base,c2r/light/place_fan/seed_519267369/progress_000,place_fan,seed_519267369,c2r,light,0.0,10,condition_video,,,,,,,,knn_k1,0.597415030002594
stage0_full_001,base,c2r/light/turn_switch/seed_493838736/progress_000,turn_switch,seed_493838736,c2r,light,0.0,10,condition_video,,,,,,,,knn_k1,0.6270014643669128
stage0_full_001,base,c2r/light/shake_bottle_horizontally/seed_497389386/progress_000,shake_bottle_horizontally,seed_497389386,c2r,light,0.0,10,condition_video,,,,,,,,knn_k1,0.6223839521408081
stage0_full_001,base,c2r/light/place_container_plate/seed_252210122/progress_000,place_container_plate,seed_252210122,c2r,light,0.0,10,condition_video,,,,,,,,knn_k1,0.6451193690299988
stage0_full_001,base,c2r/light/rotate_qrcode/seed_24255504/progress_000,rotate_qrcode,seed_24255504,c2r,light,0.0,10,condition_video,,,,,,,,knn_k1,0.6485128402709961
stage0_full_001,base,c2r/light/place_object_stand/seed_603755546/progress_000,place_object_stand,seed_603755546,c2r,light,0.0,10,condition_video,,,,,,,,knn_k1,0.5287755131721497
stage0_full_001,base,c2r/light/put_bottles_dustbin/seed_473207494/progress_000,put_bottles_dustbin,seed_473207494,c2r,light,0.0,10,condition_video,,,,,,,,knn_k1,0.7348359227180481
stage0_full_001,base,c2r/light/move_stapler_pad/seed_724544048/progress_000,move_stapler_pad,seed_724544048,c2r,light,0.0,10,condition_video,,,,,,,,knn_k1,0.7148930430412292
stage0_full_001,base,c2r/light/place_burger_fries/seed_764956105/progress_000,place_burger_fries,seed_764956105,c2r,light,0.0,10,condition_video,,,,,,,,knn_k1,0.668084442615509
stage0_full_001,base,c2r/light/place_bread_basket/seed_548994270/progress_000,place_bread_basket,seed_548994270,c2r,light,0.0,10,condition_video,,,,,,,,knn_k1,0.7024336457252502
stage0_full_001,base,c2r/light/pick_diverse_bottles/seed_469296516/progress_000,pick_diverse_bottles,seed_469296516,c2r,light,0.0,10,condition_video,,,,,,,,knn_k1,0.5910296440124512
stage0_full_001,base,c2r/light/open_microwave/seed_126026794/progress_000,open_microwave,seed_126026794,c2r,light,0.0,10,condition_video,,,,,,,,knn_k1,0.5086608529090881
stage0_full_001,base,c2r/light/beat_block_hammer/seed_190785939/progress_000,beat_block_hammer,seed_190785939,c2r,light,0.0,10,condition_video,,,,,,,,knn_k1,0.557624876499176
stage0_full_001,base,c2r/light/press_stapler/seed_645584852/progress_000,press_stapler,seed_645584852,c2r,light,0.0,10,condition_video,,,,,,,,knn_k1,0.5459803938865662
stage0_full_001,base,c2r/light/click_bell/seed_611142223/progress_000,click_bell,seed_611142223,c2r,light,0.0,10,condition_video,,,,,,,,knn_k1,0.4683670997619629
stage0_full_001,base,c2r/light/move_playingcard_away/seed_698951458/progress_000,move_playingcard_away,seed_698951458,c2r,light,0.0,10,condition_video,,,,,,,,knn_k1,0.4850488603115082
stage0_full_001,base,c2r/light/open_laptop/seed_627389206/progress_000,open_laptop,seed_627389206,c2r,light,0.0,10,condition_video,,,,,,,,knn_k1,0.5296734571456909
stage0_full_001,base,c2r/light/move_can_pot/seed_248023816/progress_000,move_can_pot,seed_248023816,c2r,light,0.0,10,condition_video,,,,,,,,knn_k1,0.5200839638710022
stage0_full_001,base,c2r/light/stack_bowls_two/seed_656246828/progress_000,stack_bowls_two,seed_656246828,c2r,light,0.0,10,condition_video,,,,,,,,knn_k1,0.6523345708847046
stage0_full_001,base,c2r/light/place_a2b_right/seed_803416018/progress_000,place_a2b_right,seed_803416018,c2r,light,0.0,10,condition_video,,,,,,,,knn_k1,0.5575491189956665
stage0_full_001,base,c2r/light/stamp_seal/seed_203079918/progress_000,stamp_seal,seed_203079918,c2r,light,0.0,10,condition_video,,,,,,,,knn_k1,0.5287289023399353
stage0_full_001,base,c2r/light/place_object_basket/seed_241125908/progress_000,place_object_basket,seed_241125908,c2r,light,0.0,10,condition_video,,,,,,,,knn_k1,0.6994066834449768
stage0_full_001,base,c2r/light/handover_mic/seed_283323218/progress_000,handover_mic,seed_283323218,c2r,light,0.0,10,condition_video,,,,,,,,knn_k1,0.7365623712539673
stage0_full_001,base,c2r/light/place_bread_skillet/seed_156686976/progress_000,place_bread_skillet,seed_156686976,c2r,light,0.0,10,condition_video,,,,,,,,knn_k1,0.5521066784858704
stage0_full_001,base,c2r/light/stack_blocks_two/seed_803532712/progress_000,stack_blocks_two,seed_803532712,c2r,light,0.0,10,condition_video,,,,,,,,knn_k1,0.7753796577453613
stage0_full_001,base,c2r/light/place_cans_plasticbox/seed_577981354/progress_000,place_cans_plasticbox,seed_577981354,c2r,light,0.0,10,condition_video,,,,,,,,knn_k1,0.6834731101989746
stage0_full_001,base,c2r/light/click_alarmclock/seed_762866989/progress_000,click_alarmclock,seed_762866989,c2r,light,0.0,10,condition_video,,,,,,,,knn_k1,0.3600020706653595
stage0_full_001,base,c2r/light/blocks_ranking_size/seed_505985753/progress_000,blocks_ranking_size,seed_505985753,c2r,light,0.0,10,condition_video,,,,,,,,knn_k1,0.8327764272689819
stage0_full_001,base,c2r/light/place_phone_stand/seed_624751721/progress_000,place_phone_stand,seed_624751721,c2r,light,0.0,10,condition_video,,,,,,,,knn_k1,0.525333821773529
stage0_full_001,base,c2r/light/place_can_basket/seed_542145302/progress_000,place_can_basket,seed_542145302,c2r,light,0.0,10,condition_video,,,,,,,,knn_k1,0.5413247346878052
stage0_full_001,base,c2r/light/place_object_scale/seed_722575534/progress_000,place_object_scale,seed_722575534,c2r,light,0.0,10,condition_video,,,,,,,,knn_k1,0.5741319060325623
stage0_full_001,base,c2r/light/place_a2b_left/seed_663079132/progress_000,place_a2b_left,seed_663079132,c2r,light,0.0,10,condition_video,,,,,,,,knn_k1,0.500265896320343
stage0_full_001,base,c2r/light/grab_roller/seed_482689013/progress_000,grab_roller,seed_482689013,c2r,light,0.0,10,condition_video,,,,,,,,knn_k1,0.7487520575523376
stage0_full_001,base,c2r/light/place_dual_shoes/seed_319436374/progress_000,place_dual_shoes,seed_319436374,c2r,light,0.0,10,condition_video,,,,,,,,knn_k1,0.5724865198135376
stage0_full_001,base,c2r/light/place_empty_cup/seed_606914953/progress_000,place_empty_cup,seed_606914953,c2r,light,0.0,10,condition_video,,,,,,,,knn_k1,0.5895527005195618
stage0_full_001,base,c2r/light/blocks_ranking_rgb/seed_339352330/progress_000,blocks_ranking_rgb,seed_339352330,c2r,light,0.0,10,condition_video,,,,,,,,knn_k1,0.6905052065849304
stage0_full_001,base,aggregate,all,all,c2r,light,,10,condition_video,,,,,,,,knn_k1_mean,0.6135241401195526
stage0_full_001,base,aggregate,all,group_split,c2r,light,,10,condition_video,,,,,,,,domain_balanced_accuracy,0.5
stage0_full_001,base,aggregate,all,group_split,c2r,light,,10,condition_video,,,,,,,,domain_auroc,1.0
stage0_full_001,base,c2r/background/stack_bowls_three/seed_27804535/progress_000,stack_bowls_three,seed_27804535,c2r,background,0.0,19,condition_video,,,,,,,,knn_k1,0.40656527876853943
stage0_full_001,base,c2r/background/handover_block/seed_120650234/progress_000,handover_block,seed_120650234,c2r,background,0.0,19,condition_video,,,,,,,,knn_k1,0.4198663830757141
stage0_full_001,base,c2r/background/hanging_mug/seed_538778923/progress_000,hanging_mug,seed_538778923,c2r,background,0.0,19,condition_video,,,,,,,,knn_k1,0.42582857608795166
stage0_full_001,base,c2r/background/scan_object/seed_262761732/progress_000,scan_object,seed_262761732,c2r,background,0.0,19,condition_video,,,,,,,,knn_k1,0.4422604739665985
stage0_full_001,base,c2r/background/lift_pot/seed_710924868/progress_000,lift_pot,seed_710924868,c2r,background,0.0,19,condition_video,,,,,,,,knn_k1,0.398684024810791
stage0_full_001,base,c2r/background/put_object_cabinet/seed_13370600/progress_000,put_object_cabinet,seed_13370600,c2r,background,0.0,19,condition_video,,,,,,,,knn_k1,0.4010327458381653
stage0_full_001,base,c2r/background/stack_blocks_three/seed_822087810/progress_000,stack_blocks_three,seed_822087810,c2r,background,0.0,19,condition_video,,,,,,,,knn_k1,0.42930543422698975
stage0_full_001,base,c2r/background/place_shoe/seed_676166693/progress_000,place_shoe,seed_676166693,c2r,background,0.0,19,condition_video,,,,,,,,knn_k1,0.3882260024547577
stage0_full_001,base,c2r/background/adjust_bottle/seed_863397555/progress_000,adjust_bottle,seed_863397555,c2r,background,0.0,19,condition_video,,,,,,,,knn_k1,0.3901420831680298
stage0_full_001,base,c2r/background/place_mouse_pad/seed_457852611/progress_000,place_mouse_pad,seed_457852611,c2r,background,0.0,19,condition_video,,,,,,,,knn_k1,0.38512131571769714
stage0_full_001,base,c2r/background/dump_bin_bigbin/seed_773111305/progress_000,dump_bin_bigbin,seed_773111305,c2r,background,0.0,19,condition_video,,,,,,,,knn_k1,0.37317606806755066
stage0_full_001,base,c2r/background/move_pillbottle_pad/seed_568983342/progress_000,move_pillbottle_pad,seed_568983342,c2r,background,0.0,19,condition_video,,,,,,,,knn_k1,0.3903985917568207
stage0_full_001,base,c2r/background/pick_dual_bottles/seed_117166061/progress_000,pick_dual_bottles,seed_117166061,c2r,background,0.0,19,condition_video,,,,,,,,knn_k1,0.4393395781517029
stage0_full_001,base,c2r/background/shake_bottle/seed_331965946/progress_000,shake_bottle,seed_331965946,c2r,background,0.0,19,condition_video,,,,,,,,knn_k1,0.4165582060813904
stage0_full_001,base,c2r/background/place_fan/seed_543070044/progress_000,place_fan,seed_543070044,c2r,background,0.0,19,condition_video,,,,,,,,knn_k1,0.37758487462997437
stage0_full_001,base,c2r/background/turn_switch/seed_489873751/progress_000,turn_switch,seed_489873751,c2r,background,0.0,19,condition_video,,,,,,,,knn_k1,0.36336714029312134
stage0_full_001,base,c2r/background/shake_bottle_horizontally/seed_319358196/progress_000,shake_bottle_horizontally,seed_319358196,c2r,background,0.0,19,condition_video,,,,,,,,knn_k1,0.4098905920982361
stage0_full_001,base,c2r/background/place_container_plate/seed_14431598/progress_000,place_container_plate,seed_14431598,c2r,background,0.0,19,condition_video,,,,,,,,knn_k1,0.38327425718307495
stage0_full_001,base,c2r/background/rotate_qrcode/seed_372345110/progress_000,rotate_qrcode,seed_372345110,c2r,background,0.0,19,condition_video,,,,,,,,knn_k1,0.39265623688697815
stage0_full_001,base,c2r/background/place_object_stand/seed_715864988/progress_000,place_object_stand,seed_715864988,c2r,background,0.0,19,condition_video,,,,,,,,knn_k1,0.3656724691390991
stage0_full_001,base,c2r/background/put_bottles_dustbin/seed_455479075/progress_000,put_bottles_dustbin,seed_455479075,c2r,background,0.0,19,condition_video,,,,,,,,knn_k1,0.43457332253456116
stage0_full_001,base,c2r/background/move_stapler_pad/seed_453776751/progress_000,move_stapler_pad,seed_453776751,c2r,background,0.0,19,condition_video,,,,,,,,knn_k1,0.3864697813987732
stage0_full_001,base,c2r/background/place_burger_fries/seed_165469501/progress_000,place_burger_fries,seed_165469501,c2r,background,0.0,19,condition_video,,,,,,,,knn_k1,0.42241472005844116
stage0_full_001,base,c2r/background/place_bread_basket/seed_490234398/progress_000,place_bread_basket,seed_490234398,c2r,background,0.0,19,condition_video,,,,,,,,knn_k1,0.42819809913635254
stage0_full_001,base,c2r/background/pick_diverse_bottles/seed_886697844/progress_000,pick_diverse_bottles,seed_886697844,c2r,background,0.0,19,condition_video,,,,,,,,knn_k1,0.4388807415962219
stage0_full_001,base,c2r/background/open_microwave/seed_443701932/progress_000,open_microwave,seed_443701932,c2r,background,0.0,19,condition_video,,,,,,,,knn_k1,0.39979836344718933
stage0_full_001,base,c2r/background/beat_block_hammer/seed_797298394/progress_000,beat_block_hammer,seed_797298394,c2r,background,0.0,19,condition_video,,,,,,,,knn_k1,0.4007498323917389
stage0_full_001,base,c2r/background/press_stapler/seed_262831721/progress_000,press_stapler,seed_262831721,c2r,background,0.0,19,condition_video,,,,,,,,knn_k1,0.3630674481391907
stage0_full_001,base,c2r/background/click_bell/seed_748992159/progress_000,click_bell,seed_748992159,c2r,background,0.0,19,condition_video,,,,,,,,knn_k1,0.3405033051967621
stage0_full_001,base,c2r/background/move_playingcard_away/seed_114732817/progress_000,move_playingcard_away,seed_114732817,c2r,background,0.0,19,condition_video,,,,,,,,knn_k1,0.38566353917121887
stage0_full_001,base,c2r/background/open_laptop/seed_121410776/progress_000,open_laptop,seed_121410776,c2r,background,0.0,19,condition_video,,,,,,,,knn_k1,0.391684889793396
stage0_full_001,base,c2r/background/move_can_pot/seed_600430797/progress_000,move_can_pot,seed_600430797,c2r,background,0.0,19,condition_video,,,,,,,,knn_k1,0.3833584189414978
stage0_full_001,base,c2r/background/stack_bowls_two/seed_444040936/progress_000,stack_bowls_two,seed_444040936,c2r,background,0.0,19,condition_video,,,,,,,,knn_k1,0.4047412872314453
stage0_full_001,base,c2r/background/place_a2b_right/seed_550624350/progress_000,place_a2b_right,seed_550624350,c2r,background,0.0,19,condition_video,,,,,,,,knn_k1,0.3967432677745819
stage0_full_001,base,c2r/background/stamp_seal/seed_373032052/progress_000,stamp_seal,seed_373032052,c2r,background,0.0,19,condition_video,,,,,,,,knn_k1,0.3874029517173767
stage0_full_001,base,c2r/background/place_object_basket/seed_13972055/progress_000,place_object_basket,seed_13972055,c2r,background,0.0,19,condition_video,,,,,,,,knn_k1,0.4028097689151764
stage0_full_001,base,c2r/background/handover_mic/seed_791372736/progress_000,handover_mic,seed_791372736,c2r,background,0.0,19,condition_video,,,,,,,,knn_k1,0.40642452239990234
stage0_full_001,base,c2r/background/place_bread_skillet/seed_682411729/progress_000,place_bread_skillet,seed_682411729,c2r,background,0.0,19,condition_video,,,,,,,,knn_k1,0.416821151971817
stage0_full_001,base,c2r/background/stack_blocks_two/seed_325046254/progress_000,stack_blocks_two,seed_325046254,c2r,background,0.0,19,condition_video,,,,,,,,knn_k1,0.4159911274909973
stage0_full_001,base,c2r/background/place_cans_plasticbox/seed_851474539/progress_000,place_cans_plasticbox,seed_851474539,c2r,background,0.0,19,condition_video,,,,,,,,knn_k1,0.4359760284423828
stage0_full_001,base,c2r/background/click_alarmclock/seed_597249174/progress_000,click_alarmclock,seed_597249174,c2r,background,0.0,19,condition_video,,,,,,,,knn_k1,0.331137478351593
stage0_full_001,base,c2r/background/blocks_ranking_size/seed_483186537/progress_000,blocks_ranking_size,seed_483186537,c2r,background,0.0,19,condition_video,,,,,,,,knn_k1,0.43112391233444214
stage0_full_001,base,c2r/background/place_phone_stand/seed_844715882/progress_000,place_phone_stand,seed_844715882,c2r,background,0.0,19,condition_video,,,,,,,,knn_k1,0.3711470365524292
stage0_full_001,base,c2r/background/place_can_basket/seed_873890208/progress_000,place_can_basket,seed_873890208,c2r,background,0.0,19,condition_video,,,,,,,,knn_k1,0.4090334475040436
stage0_full_001,base,c2r/background/place_object_scale/seed_28989601/progress_000,place_object_scale,seed_28989601,c2r,background,0.0,19,condition_video,,,,,,,,knn_k1,0.37800225615501404
stage0_full_001,base,c2r/background/place_a2b_left/seed_494714106/progress_000,place_a2b_left,seed_494714106,c2r,background,0.0,19,condition_video,,,,,,,,knn_k1,0.3875914514064789
stage0_full_001,base,c2r/background/grab_roller/seed_274067892/progress_000,grab_roller,seed_274067892,c2r,background,0.0,19,condition_video,,,,,,,,knn_k1,0.4133327305316925
stage0_full_001,base,c2r/background/place_dual_shoes/seed_100946921/progress_000,place_dual_shoes,seed_100946921,c2r,background,0.0,19,condition_video,,,,,,,,knn_k1,0.4327647089958191
stage0_full_001,base,c2r/background/place_empty_cup/seed_66017520/progress_000,place_empty_cup,seed_66017520,c2r,background,0.0,19,condition_video,,,,,,,,knn_k1,0.38376280665397644
stage0_full_001,base,c2r/background/blocks_ranking_rgb/seed_392877897/progress_000,blocks_ranking_rgb,seed_392877897,c2r,background,0.0,19,condition_video,,,,,,,,knn_k1,0.4296715557575226
stage0_full_001,base,aggregate,all,all,c2r,background,,19,condition_video,,,,,,,,knn_k1_mean,0.40017580568790434
stage0_full_001,base,aggregate,all,group_split,c2r,background,,19,condition_video,,,,,,,,domain_balanced_accuracy,0.5
stage0_full_001,base,aggregate,all,group_split,c2r,background,,19,condition_video,,,,,,,,domain_auroc,1.0
stage0_full_001,base,c2r/clutter/stack_bowls_three/seed_761954913/progress_000,stack_bowls_three,seed_761954913,c2r,clutter,0.0,19,condition_video,,,,,,,,knn_k1,0.41216766834259033
stage0_full_001,base,c2r/clutter/handover_block/seed_624737248/progress_000,handover_block,seed_624737248,c2r,clutter,0.0,19,condition_video,,,,,,,,knn_k1,0.4236801564693451
stage0_full_001,base,c2r/clutter/hanging_mug/seed_853936167/progress_000,hanging_mug,seed_853936167,c2r,clutter,0.0,19,condition_video,,,,,,,,knn_k1,0.42536023259162903
stage0_full_001,base,c2r/clutter/scan_object/seed_200154928/progress_000,scan_object,seed_200154928,c2r,clutter,0.0,19,condition_video,,,,,,,,knn_k1,0.4388222396373749
stage0_full_001,base,c2r/clutter/lift_pot/seed_36841133/progress_000,lift_pot,seed_36841133,c2r,clutter,0.0,19,condition_video,,,,,,,,knn_k1,0.39917871356010437
stage0_full_001,base,c2r/clutter/put_object_cabinet/seed_213141741/progress_000,put_object_cabinet,seed_213141741,c2r,clutter,0.0,19,condition_video,,,,,,,,knn_k1,0.39757782220840454
stage0_full_001,base,c2r/clutter/stack_blocks_three/seed_885782772/progress_000,stack_blocks_three,seed_885782772,c2r,clutter,0.0,19,condition_video,,,,,,,,knn_k1,0.4250952899456024
stage0_full_001,base,c2r/clutter/place_shoe/seed_148930251/progress_000,place_shoe,seed_148930251,c2r,clutter,0.0,19,condition_video,,,,,,,,knn_k1,0.3920130729675293
stage0_full_001,base,c2r/clutter/adjust_bottle/seed_487447292/progress_000,adjust_bottle,seed_487447292,c2r,clutter,0.0,19,condition_video,,,,,,,,knn_k1,0.395084947347641
stage0_full_001,base,c2r/clutter/place_mouse_pad/seed_782913939/progress_000,place_mouse_pad,seed_782913939,c2r,clutter,0.0,19,condition_video,,,,,,,,knn_k1,0.3770504295825958
stage0_full_001,base,c2r/clutter/dump_bin_bigbin/seed_48286788/progress_000,dump_bin_bigbin,seed_48286788,c2r,clutter,0.0,19,condition_video,,,,,,,,knn_k1,0.37143969535827637
stage0_full_001,base,c2r/clutter/move_pillbottle_pad/seed_170572259/progress_000,move_pillbottle_pad,seed_170572259,c2r,clutter,0.0,19,condition_video,,,,,,,,knn_k1,0.384594589471817
stage0_full_001,base,c2r/clutter/pick_dual_bottles/seed_4182488/progress_000,pick_dual_bottles,seed_4182488,c2r,clutter,0.0,19,condition_video,,,,,,,,knn_k1,0.4437975287437439
stage0_full_001,base,c2r/clutter/shake_bottle/seed_509663030/progress_000,shake_bottle,seed_509663030,c2r,clutter,0.0,19,condition_video,,,,,,,,knn_k1,0.41372770071029663
stage0_full_001,base,c2r/clutter/place_fan/seed_847307321/progress_000,place_fan,seed_847307321,c2r,clutter,0.0,19,condition_video,,,,,,,,knn_k1,0.38121721148490906
stage0_full_001,base,c2r/clutter/turn_switch/seed_106540409/progress_000,turn_switch,seed_106540409,c2r,clutter,0.0,19,condition_video,,,,,,,,knn_k1,0.35733598470687866
stage0_full_001,base,c2r/clutter/shake_bottle_horizontally/seed_491429438/progress_000,shake_bottle_horizontally,seed_491429438,c2r,clutter,0.0,19,condition_video,,,,,,,,knn_k1,0.40627577900886536
stage0_full_001,base,c2r/clutter/place_container_plate/seed_594486020/progress_000,place_container_plate,seed_594486020,c2r,clutter,0.0,19,condition_video,,,,,,,,knn_k1,0.38227203488349915
stage0_full_001,base,c2r/clutter/rotate_qrcode/seed_362674036/progress_000,rotate_qrcode,seed_362674036,c2r,clutter,0.0,19,condition_video,,,,,,,,knn_k1,0.3827384114265442
stage0_full_001,base,c2r/clutter/place_object_stand/seed_162697052/progress_000,place_object_stand,seed_162697052,c2r,clutter,0.0,19,condition_video,,,,,,,,knn_k1,0.36545029282569885
stage0_full_001,base,c2r/clutter/put_bottles_dustbin/seed_148690198/progress_000,put_bottles_dustbin,seed_148690198,c2r,clutter,0.0,19,condition_video,,,,,,,,knn_k1,0.4270622730255127
stage0_full_001,base,c2r/clutter/move_stapler_pad/seed_744409618/progress_000,move_stapler_pad,seed_744409618,c2r,clutter,0.0,19,condition_video,,,,,,,,knn_k1,0.38784077763557434
stage0_full_001,base,c2r/clutter/place_burger_fries/seed_303636962/progress_000,place_burger_fries,seed_303636962,c2r,clutter,0.0,19,condition_video,,,,,,,,knn_k1,0.42474111914634705
stage0_full_001,base,c2r/clutter/place_bread_basket/seed_105344671/progress_000,place_bread_basket,seed_105344671,c2r,clutter,0.0,19,condition_video,,,,,,,,knn_k1,0.42904990911483765
stage0_full_001,base,c2r/clutter/pick_diverse_bottles/seed_21321356/progress_000,pick_diverse_bottles,seed_21321356,c2r,clutter,0.0,19,condition_video,,,,,,,,knn_k1,0.42871594429016113
stage0_full_001,base,c2r/clutter/open_microwave/seed_136410473/progress_000,open_microwave,seed_136410473,c2r,clutter,0.0,19,condition_video,,,,,,,,knn_k1,0.3980105519294739
stage0_full_001,base,c2r/clutter/beat_block_hammer/seed_36693999/progress_000,beat_block_hammer,seed_36693999,c2r,clutter,0.0,19,condition_video,,,,,,,,knn_k1,0.4019230306148529
stage0_full_001,base,c2r/clutter/press_stapler/seed_880007787/progress_000,press_stapler,seed_880007787,c2r,clutter,0.0,19,condition_video,,,,,,,,knn_k1,0.36393049359321594
stage0_full_001,base,c2r/clutter/click_bell/seed_539095014/progress_000,click_bell,seed_539095014,c2r,clutter,0.0,19,condition_video,,,,,,,,knn_k1,0.3420756757259369
stage0_full_001,base,c2r/clutter/move_playingcard_away/seed_385288247/progress_000,move_playingcard_away,seed_385288247,c2r,clutter,0.0,19,condition_video,,,,,,,,knn_k1,0.3817474842071533
stage0_full_001,base,c2r/clutter/open_laptop/seed_260421436/progress_000,open_laptop,seed_260421436,c2r,clutter,0.0,19,condition_video,,,,,,,,knn_k1,0.38875359296798706
stage0_full_001,base,c2r/clutter/move_can_pot/seed_445842829/progress_000,move_can_pot,seed_445842829,c2r,clutter,0.0,19,condition_video,,,,,,,,knn_k1,0.3817419409751892
stage0_full_001,base,c2r/clutter/stack_bowls_two/seed_408127787/progress_000,stack_bowls_two,seed_408127787,c2r,clutter,0.0,19,condition_video,,,,,,,,knn_k1,0.406206339597702
stage0_full_001,base,c2r/clutter/place_a2b_right/seed_298826397/progress_000,place_a2b_right,seed_298826397,c2r,clutter,0.0,19,condition_video,,,,,,,,knn_k1,0.3971235156059265
stage0_full_001,base,c2r/clutter/stamp_seal/seed_748150648/progress_000,stamp_seal,seed_748150648,c2r,clutter,0.0,19,condition_video,,,,,,,,knn_k1,0.3829140365123749
stage0_full_001,base,c2r/clutter/place_object_basket/seed_455727417/progress_000,place_object_basket,seed_455727417,c2r,clutter,0.0,19,condition_video,,,,,,,,knn_k1,0.41089972853660583
stage0_full_001,base,c2r/clutter/handover_mic/seed_27533572/progress_000,handover_mic,seed_27533572,c2r,clutter,0.0,19,condition_video,,,,,,,,knn_k1,0.406506210565567
stage0_full_001,base,c2r/clutter/place_bread_skillet/seed_470829968/progress_000,place_bread_skillet,seed_470829968,c2r,clutter,0.0,19,condition_video,,,,,,,,knn_k1,0.4094632565975189
stage0_full_001,base,c2r/clutter/stack_blocks_two/seed_193292576/progress_000,stack_blocks_two,seed_193292576,c2r,clutter,0.0,19,condition_video,,,,,,,,knn_k1,0.41860833764076233
stage0_full_001,base,c2r/clutter/place_cans_plasticbox/seed_552905247/progress_000,place_cans_plasticbox,seed_552905247,c2r,clutter,0.0,19,condition_video,,,,,,,,knn_k1,0.44061508774757385
stage0_full_001,base,c2r/clutter/click_alarmclock/seed_257639388/progress_000,click_alarmclock,seed_257639388,c2r,clutter,0.0,19,condition_video,,,,,,,,knn_k1,0.3318191468715668
stage0_full_001,base,c2r/clutter/blocks_ranking_size/seed_676842534/progress_000,blocks_ranking_size,seed_676842534,c2r,clutter,0.0,19,condition_video,,,,,,,,knn_k1,0.4348472058773041
stage0_full_001,base,c2r/clutter/place_phone_stand/seed_560963078/progress_000,place_phone_stand,seed_560963078,c2r,clutter,0.0,19,condition_video,,,,,,,,knn_k1,0.37115246057510376
stage0_full_001,base,c2r/clutter/place_can_basket/seed_578149817/progress_000,place_can_basket,seed_578149817,c2r,clutter,0.0,19,condition_video,,,,,,,,knn_k1,0.3997074067592621
stage0_full_001,base,c2r/clutter/place_object_scale/seed_142945748/progress_000,place_object_scale,seed_142945748,c2r,clutter,0.0,19,condition_video,,,,,,,,knn_k1,0.38663700222969055
stage0_full_001,base,c2r/clutter/place_a2b_left/seed_712001400/progress_000,place_a2b_left,seed_712001400,c2r,clutter,0.0,19,condition_video,,,,,,,,knn_k1,0.3873903751373291
stage0_full_001,base,c2r/clutter/grab_roller/seed_489372951/progress_000,grab_roller,seed_489372951,c2r,clutter,0.0,19,condition_video,,,,,,,,knn_k1,0.4102669060230255
stage0_full_001,base,c2r/clutter/place_dual_shoes/seed_486785621/progress_000,place_dual_shoes,seed_486785621,c2r,clutter,0.0,19,condition_video,,,,,,,,knn_k1,0.43705806136131287
stage0_full_001,base,c2r/clutter/place_empty_cup/seed_270996463/progress_000,place_empty_cup,seed_270996463,c2r,clutter,0.0,19,condition_video,,,,,,,,knn_k1,0.3842015266418457
stage0_full_001,base,c2r/clutter/blocks_ranking_rgb/seed_350545820/progress_000,blocks_ranking_rgb,seed_350545820,c2r,clutter,0.0,19,condition_video,,,,,,,,knn_k1,0.42654281854629517
stage0_full_001,base,aggregate,all,all,c2r,clutter,,19,condition_video,,,,,,,,knn_k1_mean,0.3994486403465271
stage0_full_001,base,aggregate,all,group_split,c2r,clutter,,19,condition_video,,,,,,,,domain_balanced_accuracy,0.5
stage0_full_001,base,aggregate,all,group_split,c2r,clutter,,19,condition_video,,,,,,,,domain_auroc,1.0
stage0_full_001,base,c2r/height/stack_bowls_three/seed_777107145/progress_000,stack_bowls_three,seed_777107145,c2r,height,0.0,19,condition_video,,,,,,,,knn_k1,0.40442901849746704
stage0_full_001,base,c2r/height/handover_block/seed_153931416/progress_000,handover_block,seed_153931416,c2r,height,0.0,19,condition_video,,,,,,,,knn_k1,0.42385348677635193
stage0_full_001,base,c2r/height/hanging_mug/seed_797626889/progress_000,hanging_mug,seed_797626889,c2r,height,0.0,19,condition_video,,,,,,,,knn_k1,0.42206692695617676
stage0_full_001,base,c2r/height/scan_object/seed_86820161/progress_000,scan_object,seed_86820161,c2r,height,0.0,19,condition_video,,,,,,,,knn_k1,0.4345092475414276
stage0_full_001,base,c2r/height/lift_pot/seed_358880989/progress_000,lift_pot,seed_358880989,c2r,height,0.0,19,condition_video,,,,,,,,knn_k1,0.39668798446655273
stage0_full_001,base,c2r/height/put_object_cabinet/seed_579804476/progress_000,put_object_cabinet,seed_579804476,c2r,height,0.0,19,condition_video,,,,,,,,knn_k1,0.39685386419296265
stage0_full_001,base,c2r/height/stack_blocks_three/seed_510834284/progress_000,stack_blocks_three,seed_510834284,c2r,height,0.0,19,condition_video,,,,,,,,knn_k1,0.428549200296402
stage0_full_001,base,c2r/height/place_shoe/seed_547565528/progress_000,place_shoe,seed_547565528,c2r,height,0.0,19,condition_video,,,,,,,,knn_k1,0.38670215010643005
stage0_full_001,base,c2r/height/adjust_bottle/seed_455908385/progress_000,adjust_bottle,seed_455908385,c2r,height,0.0,19,condition_video,,,,,,,,knn_k1,0.3885335922241211
stage0_full_001,base,c2r/height/place_mouse_pad/seed_747588073/progress_000,place_mouse_pad,seed_747588073,c2r,height,0.0,19,condition_video,,,,,,,,knn_k1,0.38053178787231445
stage0_full_001,base,c2r/height/dump_bin_bigbin/seed_609125485/progress_000,dump_bin_bigbin,seed_609125485,c2r,height,0.0,19,condition_video,,,,,,,,knn_k1,0.37687087059020996
stage0_full_001,base,c2r/height/move_pillbottle_pad/seed_454258712/progress_000,move_pillbottle_pad,seed_454258712,c2r,height,0.0,19,condition_video,,,,,,,,knn_k1,0.38830211758613586
stage0_full_001,base,c2r/height/pick_dual_bottles/seed_625462229/progress_000,pick_dual_bottles,seed_625462229,c2r,height,0.0,19,condition_video,,,,,,,,knn_k1,0.43604540824890137
stage0_full_001,base,c2r/height/shake_bottle/seed_11397417/progress_000,shake_bottle,seed_11397417,c2r,height,0.0,19,condition_video,,,,,,,,knn_k1,0.4120588004589081
stage0_full_001,base,c2r/height/place_fan/seed_562359323/progress_000,place_fan,seed_562359323,c2r,height,0.0,19,condition_video,,,,,,,,knn_k1,0.37692856788635254
stage0_full_001,base,c2r/height/turn_switch/seed_388598700/progress_000,turn_switch,seed_388598700,c2r,height,0.0,19,condition_video,,,,,,,,knn_k1,0.3635481894016266
stage0_full_001,base,c2r/height/shake_bottle_horizontally/seed_506817488/progress_000,shake_bottle_horizontally,seed_506817488,c2r,height,0.0,19,condition_video,,,,,,,,knn_k1,0.4062981605529785
stage0_full_001,base,c2r/height/place_container_plate/seed_661154812/progress_000,place_container_plate,seed_661154812,c2r,height,0.0,19,condition_video,,,,,,,,knn_k1,0.38314929604530334
stage0_full_001,base,c2r/height/rotate_qrcode/seed_391550427/progress_000,rotate_qrcode,seed_391550427,c2r,height,0.0,19,condition_video,,,,,,,,knn_k1,0.37965282797813416
stage0_full_001,base,c2r/height/place_object_stand/seed_520492387/progress_000,place_object_stand,seed_520492387,c2r,height,0.0,19,condition_video,,,,,,,,knn_k1,0.36693075299263
stage0_full_001,base,c2r/height/put_bottles_dustbin/seed_833796020/progress_000,put_bottles_dustbin,seed_833796020,c2r,height,0.0,19,condition_video,,,,,,,,knn_k1,0.4281579852104187
stage0_full_001,base,c2r/height/move_stapler_pad/seed_626979943/progress_000,move_stapler_pad,seed_626979943,c2r,height,0.0,19,condition_video,,,,,,,,knn_k1,0.3915611803531647
stage0_full_001,base,c2r/height/place_burger_fries/seed_44486756/progress_000,place_burger_fries,seed_44486756,c2r,height,0.0,19,condition_video,,,,,,,,knn_k1,0.4209953546524048
stage0_full_001,base,c2r/height/place_bread_basket/seed_769514620/progress_000,place_bread_basket,seed_769514620,c2r,height,0.0,19,condition_video,,,,,,,,knn_k1,0.42875468730926514
stage0_full_001,base,c2r/height/pick_diverse_bottles/seed_202104734/progress_000,pick_diverse_bottles,seed_202104734,c2r,height,0.0,19,condition_video,,,,,,,,knn_k1,0.4371897280216217
stage0_full_001,base,c2r/height/open_microwave/seed_670586037/progress_000,open_microwave,seed_670586037,c2r,height,0.0,19,condition_video,,,,,,,,knn_k1,0.3974997103214264
stage0_full_001,base,c2r/height/beat_block_hammer/seed_146228030/progress_000,beat_block_hammer,seed_146228030,c2r,height,0.0,19,condition_video,,,,,,,,knn_k1,0.397868812084198
stage0_full_001,base,c2r/height/press_stapler/seed_623879527/progress_000,press_stapler,seed_623879527,c2r,height,0.0,19,condition_video,,,,,,,,knn_k1,0.3660361170768738
stage0_full_001,base,c2r/height/click_bell/seed_576942388/progress_000,click_bell,seed_576942388,c2r,height,0.0,19,condition_video,,,,,,,,knn_k1,0.34484627842903137
stage0_full_001,base,c2r/height/move_playingcard_away/seed_468245999/progress_000,move_playingcard_away,seed_468245999,c2r,height,0.0,19,condition_video,,,,,,,,knn_k1,0.3841967284679413
stage0_full_001,base,c2r/height/open_laptop/seed_273582622/progress_000,open_laptop,seed_273582622,c2r,height,0.0,19,condition_video,,,,,,,,knn_k1,0.39049845933914185
stage0_full_001,base,c2r/height/move_can_pot/seed_285658487/progress_000,move_can_pot,seed_285658487,c2r,height,0.0,19,condition_video,,,,,,,,knn_k1,0.3830566704273224
stage0_full_001,base,c2r/height/stack_bowls_two/seed_116018094/progress_000,stack_bowls_two,seed_116018094,c2r,height,0.0,19,condition_video,,,,,,,,knn_k1,0.4057040810585022
stage0_full_001,base,c2r/height/place_a2b_right/seed_803724289/progress_000,place_a2b_right,seed_803724289,c2r,height,0.0,19,condition_video,,,,,,,,knn_k1,0.3842986822128296
stage0_full_001,base,c2r/height/stamp_seal/seed_391510540/progress_000,stamp_seal,seed_391510540,c2r,height,0.0,19,condition_video,,,,,,,,knn_k1,0.38121023774147034
stage0_full_001,base,c2r/height/place_object_basket/seed_760526045/progress_000,place_object_basket,seed_760526045,c2r,height,0.0,19,condition_video,,,,,,,,knn_k1,0.4065462052822113
stage0_full_001,base,c2r/height/handover_mic/seed_537376167/progress_000,handover_mic,seed_537376167,c2r,height,0.0,19,condition_video,,,,,,,,knn_k1,0.4043869078159332
stage0_full_001,base,c2r/height/place_bread_skillet/seed_394408374/progress_000,place_bread_skillet,seed_394408374,c2r,height,0.0,19,condition_video,,,,,,,,knn_k1,0.4082229733467102
stage0_full_001,base,c2r/height/stack_blocks_two/seed_639631926/progress_000,stack_blocks_two,seed_639631926,c2r,height,0.0,19,condition_video,,,,,,,,knn_k1,0.41436606645584106
stage0_full_001,base,c2r/height/place_cans_plasticbox/seed_514553626/progress_000,place_cans_plasticbox,seed_514553626,c2r,height,0.0,19,condition_video,,,,,,,,knn_k1,0.43439731001853943
stage0_full_001,base,c2r/height/click_alarmclock/seed_789543505/progress_000,click_alarmclock,seed_789543505,c2r,height,0.0,19,condition_video,,,,,,,,knn_k1,0.33228403329849243
stage0_full_001,base,c2r/height/blocks_ranking_size/seed_3661514/progress_000,blocks_ranking_size,seed_3661514,c2r,height,0.0,19,condition_video,,,,,,,,knn_k1,0.4303071200847626
stage0_full_001,base,c2r/height/place_phone_stand/seed_39116909/progress_000,place_phone_stand,seed_39116909,c2r,height,0.0,19,condition_video,,,,,,,,knn_k1,0.367624968290329
stage0_full_001,base,c2r/height/place_can_basket/seed_788353025/progress_000,place_can_basket,seed_788353025,c2r,height,0.0,19,condition_video,,,,,,,,knn_k1,0.39746570587158203
stage0_full_001,base,c2r/height/place_object_scale/seed_603032508/progress_000,place_object_scale,seed_603032508,c2r,height,0.0,19,condition_video,,,,,,,,knn_k1,0.3857017159461975
stage0_full_001,base,c2r/height/place_a2b_left/seed_240483131/progress_000,place_a2b_left,seed_240483131,c2r,height,0.0,19,condition_video,,,,,,,,knn_k1,0.38527199625968933
stage0_full_001,base,c2r/height/grab_roller/seed_452075745/progress_000,grab_roller,seed_452075745,c2r,height,0.0,19,condition_video,,,,,,,,knn_k1,0.4110564589500427
stage0_full_001,base,c2r/height/place_dual_shoes/seed_890676601/progress_000,place_dual_shoes,seed_890676601,c2r,height,0.0,19,condition_video,,,,,,,,knn_k1,0.4290635287761688
stage0_full_001,base,c2r/height/place_empty_cup/seed_859277454/progress_000,place_empty_cup,seed_859277454,c2r,height,0.0,19,condition_video,,,,,,,,knn_k1,0.38472485542297363
stage0_full_001,base,c2r/height/blocks_ranking_rgb/seed_114117740/progress_000,blocks_ranking_rgb,seed_114117740,c2r,height,0.0,19,condition_video,,,,,,,,knn_k1,0.4270630180835724
stage0_full_001,base,aggregate,all,all,c2r,height,,19,condition_video,,,,,,,,knn_k1_mean,0.3982571965456009
stage0_full_001,base,aggregate,all,group_split,c2r,height,,19,condition_video,,,,,,,,domain_balanced_accuracy,0.5
stage0_full_001,base,aggregate,all,group_split,c2r,height,,19,condition_video,,,,,,,,domain_auroc,1.0
stage0_full_001,base,c2r/light/stack_bowls_three/seed_317869620/progress_000,stack_bowls_three,seed_317869620,c2r,light,0.0,19,condition_video,,,,,,,,knn_k1,0.4666067957878113
stage0_full_001,base,c2r/light/handover_block/seed_879311662/progress_000,handover_block,seed_879311662,c2r,light,0.0,19,condition_video,,,,,,,,knn_k1,0.5342216491699219
stage0_full_001,base,c2r/light/hanging_mug/seed_459299139/progress_000,hanging_mug,seed_459299139,c2r,light,0.0,19,condition_video,,,,,,,,knn_k1,0.4835353195667267
stage0_full_001,base,c2r/light/scan_object/seed_289038431/progress_000,scan_object,seed_289038431,c2r,light,0.0,19,condition_video,,,,,,,,knn_k1,0.4590755105018616
stage0_full_001,base,c2r/light/lift_pot/seed_185598812/progress_000,lift_pot,seed_185598812,c2r,light,0.0,19,condition_video,,,,,,,,knn_k1,0.40657418966293335
stage0_full_001,base,c2r/light/put_object_cabinet/seed_644929938/progress_000,put_object_cabinet,seed_644929938,c2r,light,0.0,19,condition_video,,,,,,,,knn_k1,0.4240257143974304
stage0_full_001,base,c2r/light/stack_blocks_three/seed_314814982/progress_000,stack_blocks_three,seed_314814982,c2r,light,0.0,19,condition_video,,,,,,,,knn_k1,0.49393603205680847
stage0_full_001,base,c2r/light/place_shoe/seed_259707623/progress_000,place_shoe,seed_259707623,c2r,light,0.0,19,condition_video,,,,,,,,knn_k1,0.45225954055786133
stage0_full_001,base,c2r/light/adjust_bottle/seed_218427993/progress_000,adjust_bottle,seed_218427993,c2r,light,0.0,19,condition_video,,,,,,,,knn_k1,0.43313032388687134
stage0_full_001,base,c2r/light/place_mouse_pad/seed_866209002/progress_000,place_mouse_pad,seed_866209002,c2r,light,0.0,19,condition_video,,,,,,,,knn_k1,0.48734408617019653
stage0_full_001,base,c2r/light/dump_bin_bigbin/seed_423840151/progress_000,dump_bin_bigbin,seed_423840151,c2r,light,0.0,19,condition_video,,,,,,,,knn_k1,0.47364675998687744
stage0_full_001,base,c2r/light/move_pillbottle_pad/seed_635002489/progress_000,move_pillbottle_pad,seed_635002489,c2r,light,0.0,19,condition_video,,,,,,,,knn_k1,0.511033296585083
stage0_full_001,base,c2r/light/pick_dual_bottles/seed_7690756/progress_000,pick_dual_bottles,seed_7690756,c2r,light,0.0,19,condition_video,,,,,,,,knn_k1,0.44986826181411743
stage0_full_001,base,c2r/light/shake_bottle/seed_716268860/progress_000,shake_bottle,seed_716268860,c2r,light,0.0,19,condition_video,,,,,,,,knn_k1,0.5185496211051941
stage0_full_001,base,c2r/light/place_fan/seed_519267369/progress_000,place_fan,seed_519267369,c2r,light,0.0,19,condition_video,,,,,,,,knn_k1,0.46796250343322754
stage0_full_001,base,c2r/light/turn_switch/seed_493838736/progress_000,turn_switch,seed_493838736,c2r,light,0.0,19,condition_video,,,,,,,,knn_k1,0.5155184268951416
stage0_full_001,base,c2r/light/shake_bottle_horizontally/seed_497389386/progress_000,shake_bottle_horizontally,seed_497389386,c2r,light,0.0,19,condition_video,,,,,,,,knn_k1,0.471212774515152
stage0_full_001,base,c2r/light/place_container_plate/seed_252210122/progress_000,place_container_plate,seed_252210122,c2r,light,0.0,19,condition_video,,,,,,,,knn_k1,0.5145460963249207
stage0_full_001,base,c2r/light/rotate_qrcode/seed_24255504/progress_000,rotate_qrcode,seed_24255504,c2r,light,0.0,19,condition_video,,,,,,,,knn_k1,0.5273944139480591
stage0_full_001,base,c2r/light/place_object_stand/seed_603755546/progress_000,place_object_stand,seed_603755546,c2r,light,0.0,19,condition_video,,,,,,,,knn_k1,0.396562397480011
stage0_full_001,base,c2r/light/put_bottles_dustbin/seed_473207494/progress_000,put_bottles_dustbin,seed_473207494,c2r,light,0.0,19,condition_video,,,,,,,,knn_k1,0.4932529926300049
stage0_full_001,base,c2r/light/move_stapler_pad/seed_724544048/progress_000,move_stapler_pad,seed_724544048,c2r,light,0.0,19,condition_video,,,,,,,,knn_k1,0.5730513334274292
stage0_full_001,base,c2r/light/place_burger_fries/seed_764956105/progress_000,place_burger_fries,seed_764956105,c2r,light,0.0,19,condition_video,,,,,,,,knn_k1,0.47277209162712097
stage0_full_001,base,c2r/light/place_bread_basket/seed_548994270/progress_000,place_bread_basket,seed_548994270,c2r,light,0.0,19,condition_video,,,,,,,,knn_k1,0.46668627858161926
stage0_full_001,base,c2r/light/pick_diverse_bottles/seed_469296516/progress_000,pick_diverse_bottles,seed_469296516,c2r,light,0.0,19,condition_video,,,,,,,,knn_k1,0.471224308013916
stage0_full_001,base,c2r/light/open_microwave/seed_126026794/progress_000,open_microwave,seed_126026794,c2r,light,0.0,19,condition_video,,,,,,,,knn_k1,0.4710792601108551
stage0_full_001,base,c2r/light/beat_block_hammer/seed_190785939/progress_000,beat_block_hammer,seed_190785939,c2r,light,0.0,19,condition_video,,,,,,,,knn_k1,0.48203498125076294
stage0_full_001,base,c2r/light/press_stapler/seed_645584852/progress_000,press_stapler,seed_645584852,c2r,light,0.0,19,condition_video,,,,,,,,knn_k1,0.45561739802360535
stage0_full_001,base,c2r/light/click_bell/seed_611142223/progress_000,click_bell,seed_611142223,c2r,light,0.0,19,condition_video,,,,,,,,knn_k1,0.40321114659309387
stage0_full_001,base,c2r/light/move_playingcard_away/seed_698951458/progress_000,move_playingcard_away,seed_698951458,c2r,light,0.0,19,condition_video,,,,,,,,knn_k1,0.398769736289978
stage0_full_001,base,c2r/light/open_laptop/seed_627389206/progress_000,open_laptop,seed_627389206,c2r,light,0.0,19,condition_video,,,,,,,,knn_k1,0.4122092127799988
stage0_full_001,base,c2r/light/move_can_pot/seed_248023816/progress_000,move_can_pot,seed_248023816,c2r,light,0.0,19,condition_video,,,,,,,,knn_k1,0.4330867826938629
stage0_full_001,base,c2r/light/stack_bowls_two/seed_656246828/progress_000,stack_bowls_two,seed_656246828,c2r,light,0.0,19,condition_video,,,,,,,,knn_k1,0.4704863429069519
stage0_full_001,base,c2r/light/place_a2b_right/seed_803416018/progress_000,place_a2b_right,seed_803416018,c2r,light,0.0,19,condition_video,,,,,,,,knn_k1,0.4265013635158539
stage0_full_001,base,c2r/light/stamp_seal/seed_203079918/progress_000,stamp_seal,seed_203079918,c2r,light,0.0,19,condition_video,,,,,,,,knn_k1,0.44129085540771484
stage0_full_001,base,c2r/light/place_object_basket/seed_241125908/progress_000,place_object_basket,seed_241125908,c2r,light,0.0,19,condition_video,,,,,,,,knn_k1,0.5266436338424683
stage0_full_001,base,c2r/light/handover_mic/seed_283323218/progress_000,handover_mic,seed_283323218,c2r,light,0.0,19,condition_video,,,,,,,,knn_k1,0.5582543611526489
stage0_full_001,base,c2r/light/place_bread_skillet/seed_156686976/progress_000,place_bread_skillet,seed_156686976,c2r,light,0.0,19,condition_video,,,,,,,,knn_k1,0.4273463785648346
stage0_full_001,base,c2r/light/stack_blocks_two/seed_803532712/progress_000,stack_blocks_two,seed_803532712,c2r,light,0.0,19,condition_video,,,,,,,,knn_k1,0.5405609607696533
stage0_full_001,base,c2r/light/place_cans_plasticbox/seed_577981354/progress_000,place_cans_plasticbox,seed_577981354,c2r,light,0.0,19,condition_video,,,,,,,,knn_k1,0.47560542821884155
stage0_full_001,base,c2r/light/click_alarmclock/seed_762866989/progress_000,click_alarmclock,seed_762866989,c2r,light,0.0,19,condition_video,,,,,,,,knn_k1,0.33756953477859497
stage0_full_001,base,c2r/light/blocks_ranking_size/seed_505985753/progress_000,blocks_ranking_size,seed_505985753,c2r,light,0.0,19,condition_video,,,,,,,,knn_k1,0.5408651828765869
stage0_full_001,base,c2r/light/place_phone_stand/seed_624751721/progress_000,place_phone_stand,seed_624751721,c2r,light,0.0,19,condition_video,,,,,,,,knn_k1,0.4422855079174042
stage0_full_001,base,c2r/light/place_can_basket/seed_542145302/progress_000,place_can_basket,seed_542145302,c2r,light,0.0,19,condition_video,,,,,,,,knn_k1,0.4146984815597534
stage0_full_001,base,c2r/light/place_object_scale/seed_722575534/progress_000,place_object_scale,seed_722575534,c2r,light,0.0,19,condition_video,,,,,,,,knn_k1,0.4532269537448883
stage0_full_001,base,c2r/light/place_a2b_left/seed_663079132/progress_000,place_a2b_left,seed_663079132,c2r,light,0.0,19,condition_video,,,,,,,,knn_k1,0.41412031650543213
stage0_full_001,base,c2r/light/grab_roller/seed_482689013/progress_000,grab_roller,seed_482689013,c2r,light,0.0,19,condition_video,,,,,,,,knn_k1,0.5319010019302368
stage0_full_001,base,c2r/light/place_dual_shoes/seed_319436374/progress_000,place_dual_shoes,seed_319436374,c2r,light,0.0,19,condition_video,,,,,,,,knn_k1,0.41897037625312805
stage0_full_001,base,c2r/light/place_empty_cup/seed_606914953/progress_000,place_empty_cup,seed_606914953,c2r,light,0.0,19,condition_video,,,,,,,,knn_k1,0.43954578042030334
stage0_full_001,base,c2r/light/blocks_ranking_rgb/seed_339352330/progress_000,blocks_ranking_rgb,seed_339352330,c2r,light,0.0,19,condition_video,,,,,,,,knn_k1,0.46889054775238037
stage0_full_001,base,aggregate,all,all,c2r,light,,19,condition_video,,,,,,,,knn_k1_mean,0.4669752448797226
stage0_full_001,base,aggregate,all,group_split,c2r,light,,19,condition_video,,,,,,,,domain_balanced_accuracy,0.5
stage0_full_001,base,aggregate,all,group_split,c2r,light,,19,condition_video,,,,,,,,domain_auroc,1.0
stage0_full_001,base,c2r/background/stack_bowls_three/seed_27804535/progress_000,stack_bowls_three,seed_27804535,c2r,background,0.0,29,condition_video,,,,,,,,knn_k1,0.39452534914016724
stage0_full_001,base,c2r/background/handover_block/seed_120650234/progress_000,handover_block,seed_120650234,c2r,background,0.0,29,condition_video,,,,,,,,knn_k1,0.39981889724731445
stage0_full_001,base,c2r/background/hanging_mug/seed_538778923/progress_000,hanging_mug,seed_538778923,c2r,background,0.0,29,condition_video,,,,,,,,knn_k1,0.41885045170783997
stage0_full_001,base,c2r/background/scan_object/seed_262761732/progress_000,scan_object,seed_262761732,c2r,background,0.0,29,condition_video,,,,,,,,knn_k1,0.4154292047023773
stage0_full_001,base,c2r/background/lift_pot/seed_710924868/progress_000,lift_pot,seed_710924868,c2r,background,0.0,29,condition_video,,,,,,,,knn_k1,0.37857308983802795
stage0_full_001,base,c2r/background/put_object_cabinet/seed_13370600/progress_000,put_object_cabinet,seed_13370600,c2r,background,0.0,29,condition_video,,,,,,,,knn_k1,0.36876213550567627
stage0_full_001,base,c2r/background/stack_blocks_three/seed_822087810/progress_000,stack_blocks_three,seed_822087810,c2r,background,0.0,29,condition_video,,,,,,,,knn_k1,0.4192357659339905
stage0_full_001,base,c2r/background/place_shoe/seed_676166693/progress_000,place_shoe,seed_676166693,c2r,background,0.0,29,condition_video,,,,,,,,knn_k1,0.3767707645893097
stage0_full_001,base,c2r/background/adjust_bottle/seed_863397555/progress_000,adjust_bottle,seed_863397555,c2r,background,0.0,29,condition_video,,,,,,,,knn_k1,0.3818264305591583
stage0_full_001,base,c2r/background/place_mouse_pad/seed_457852611/progress_000,place_mouse_pad,seed_457852611,c2r,background,0.0,29,condition_video,,,,,,,,knn_k1,0.37775054574012756
stage0_full_001,base,c2r/background/dump_bin_bigbin/seed_773111305/progress_000,dump_bin_bigbin,seed_773111305,c2r,background,0.0,29,condition_video,,,,,,,,knn_k1,0.36501526832580566
stage0_full_001,base,c2r/background/move_pillbottle_pad/seed_568983342/progress_000,move_pillbottle_pad,seed_568983342,c2r,background,0.0,29,condition_video,,,,,,,,knn_k1,0.38608598709106445
stage0_full_001,base,c2r/background/pick_dual_bottles/seed_117166061/progress_000,pick_dual_bottles,seed_117166061,c2r,background,0.0,29,condition_video,,,,,,,,knn_k1,0.399828165769577
stage0_full_001,base,c2r/background/shake_bottle/seed_331965946/progress_000,shake_bottle,seed_331965946,c2r,background,0.0,29,condition_video,,,,,,,,knn_k1,0.3958619236946106
stage0_full_001,base,c2r/background/place_fan/seed_543070044/progress_000,place_fan,seed_543070044,c2r,background,0.0,29,condition_video,,,,,,,,knn_k1,0.37561166286468506
stage0_full_001,base,c2r/background/turn_switch/seed_489873751/progress_000,turn_switch,seed_489873751,c2r,background,0.0,29,condition_video,,,,,,,,knn_k1,0.3629891574382782
stage0_full_001,base,c2r/background/shake_bottle_horizontally/seed_319358196/progress_000,shake_bottle_horizontally,seed_319358196,c2r,background,0.0,29,condition_video,,,,,,,,knn_k1,0.3925207853317261
stage0_full_001,base,c2r/background/place_container_plate/seed_14431598/progress_000,place_container_plate,seed_14431598,c2r,background,0.0,29,condition_video,,,,,,,,knn_k1,0.37134066224098206
stage0_full_001,base,c2r/background/rotate_qrcode/seed_372345110/progress_000,rotate_qrcode,seed_372345110,c2r,background,0.0,29,condition_video,,,,,,,,knn_k1,0.38823944330215454
stage0_full_001,base,c2r/background/place_object_stand/seed_715864988/progress_000,place_object_stand,seed_715864988,c2r,background,0.0,29,condition_video,,,,,,,,knn_k1,0.3575158715248108
stage0_full_001,base,c2r/background/put_bottles_dustbin/seed_455479075/progress_000,put_bottles_dustbin,seed_455479075,c2r,background,0.0,29,condition_video,,,,,,,,knn_k1,0.3957875669002533
stage0_full_001,base,c2r/background/move_stapler_pad/seed_453776751/progress_000,move_stapler_pad,seed_453776751,c2r,background,0.0,29,condition_video,,,,,,,,knn_k1,0.38860079646110535
stage0_full_001,base,c2r/background/place_burger_fries/seed_165469501/progress_000,place_burger_fries,seed_165469501,c2r,background,0.0,29,condition_video,,,,,,,,knn_k1,0.39457377791404724
stage0_full_001,base,c2r/background/place_bread_basket/seed_490234398/progress_000,place_bread_basket,seed_490234398,c2r,background,0.0,29,condition_video,,,,,,,,knn_k1,0.40683209896087646
stage0_full_001,base,c2r/background/pick_diverse_bottles/seed_886697844/progress_000,pick_diverse_bottles,seed_886697844,c2r,background,0.0,29,condition_video,,,,,,,,knn_k1,0.3973235785961151
stage0_full_001,base,c2r/background/open_microwave/seed_443701932/progress_000,open_microwave,seed_443701932,c2r,background,0.0,29,condition_video,,,,,,,,knn_k1,0.3706846833229065
stage0_full_001,base,c2r/background/beat_block_hammer/seed_797298394/progress_000,beat_block_hammer,seed_797298394,c2r,background,0.0,29,condition_video,,,,,,,,knn_k1,0.38959068059921265
stage0_full_001,base,c2r/background/press_stapler/seed_262831721/progress_000,press_stapler,seed_262831721,c2r,background,0.0,29,condition_video,,,,,,,,knn_k1,0.3618742525577545
stage0_full_001,base,c2r/background/click_bell/seed_748992159/progress_000,click_bell,seed_748992159,c2r,background,0.0,29,condition_video,,,,,,,,knn_k1,0.3424731492996216
stage0_full_001,base,c2r/background/move_playingcard_away/seed_114732817/progress_000,move_playingcard_away,seed_114732817,c2r,background,0.0,29,condition_video,,,,,,,,knn_k1,0.38393843173980713
stage0_full_001,base,c2r/background/open_laptop/seed_121410776/progress_000,open_laptop,seed_121410776,c2r,background,0.0,29,condition_video,,,,,,,,knn_k1,0.3785548210144043
stage0_full_001,base,c2r/background/move_can_pot/seed_600430797/progress_000,move_can_pot,seed_600430797,c2r,background,0.0,29,condition_video,,,,,,,,knn_k1,0.3678756654262543
stage0_full_001,base,c2r/background/stack_bowls_two/seed_444040936/progress_000,stack_bowls_two,seed_444040936,c2r,background,0.0,29,condition_video,,,,,,,,knn_k1,0.3957013189792633
stage0_full_001,base,c2r/background/place_a2b_right/seed_550624350/progress_000,place_a2b_right,seed_550624350,c2r,background,0.0,29,condition_video,,,,,,,,knn_k1,0.3898683488368988
stage0_full_001,base,c2r/background/stamp_seal/seed_373032052/progress_000,stamp_seal,seed_373032052,c2r,background,0.0,29,condition_video,,,,,,,,knn_k1,0.3800331652164459
stage0_full_001,base,c2r/background/place_object_basket/seed_13972055/progress_000,place_object_basket,seed_13972055,c2r,background,0.0,29,condition_video,,,,,,,,knn_k1,0.38702625036239624
stage0_full_001,base,c2r/background/handover_mic/seed_791372736/progress_000,handover_mic,seed_791372736,c2r,background,0.0,29,condition_video,,,,,,,,knn_k1,0.3943430483341217
stage0_full_001,base,c2r/background/place_bread_skillet/seed_682411729/progress_000,place_bread_skillet,seed_682411729,c2r,background,0.0,29,condition_video,,,,,,,,knn_k1,0.3963715434074402
stage0_full_001,base,c2r/background/stack_blocks_two/seed_325046254/progress_000,stack_blocks_two,seed_325046254,c2r,background,0.0,29,condition_video,,,,,,,,knn_k1,0.40946298837661743
stage0_full_001,base,c2r/background/place_cans_plasticbox/seed_851474539/progress_000,place_cans_plasticbox,seed_851474539,c2r,background,0.0,29,condition_video,,,,,,,,knn_k1,0.4231816530227661
stage0_full_001,base,c2r/background/click_alarmclock/seed_597249174/progress_000,click_alarmclock,seed_597249174,c2r,background,0.0,29,condition_video,,,,,,,,knn_k1,0.32658085227012634
stage0_full_001,base,c2r/background/blocks_ranking_size/seed_483186537/progress_000,blocks_ranking_size,seed_483186537,c2r,background,0.0,29,condition_video,,,,,,,,knn_k1,0.41664227843284607
stage0_full_001,base,c2r/background/place_phone_stand/seed_844715882/progress_000,place_phone_stand,seed_844715882,c2r,background,0.0,29,condition_video,,,,,,,,knn_k1,0.36740532517433167
stage0_full_001,base,c2r/background/place_can_basket/seed_873890208/progress_000,place_can_basket,seed_873890208,c2r,background,0.0,29,condition_video,,,,,,,,knn_k1,0.3868360221385956
stage0_full_001,base,c2r/background/place_object_scale/seed_28989601/progress_000,place_object_scale,seed_28989601,c2r,background,0.0,29,condition_video,,,,,,,,knn_k1,0.37972816824913025
stage0_full_001,base,c2r/background/place_a2b_left/seed_494714106/progress_000,place_a2b_left,seed_494714106,c2r,background,0.0,29,condition_video,,,,,,,,knn_k1,0.38167259097099304
stage0_full_001,base,c2r/background/grab_roller/seed_274067892/progress_000,grab_roller,seed_274067892,c2r,background,0.0,29,condition_video,,,,,,,,knn_k1,0.3852011263370514
stage0_full_001,base,c2r/background/place_dual_shoes/seed_100946921/progress_000,place_dual_shoes,seed_100946921,c2r,background,0.0,29,condition_video,,,,,,,,knn_k1,0.39184609055519104
stage0_full_001,base,c2r/background/place_empty_cup/seed_66017520/progress_000,place_empty_cup,seed_66017520,c2r,background,0.0,29,condition_video,,,,,,,,knn_k1,0.378926157951355
stage0_full_001,base,c2r/background/blocks_ranking_rgb/seed_392877897/progress_000,blocks_ranking_rgb,seed_392877897,c2r,background,0.0,29,condition_video,,,,,,,,knn_k1,0.4257553517818451
stage0_full_001,base,aggregate,all,all,c2r,background,,29,condition_video,,,,,,,,knn_k1_mean,0.38642486691474914
stage0_full_001,base,aggregate,all,group_split,c2r,background,,29,condition_video,,,,,,,,domain_balanced_accuracy,0.5
stage0_full_001,base,aggregate,all,group_split,c2r,background,,29,condition_video,,,,,,,,domain_auroc,1.0
stage0_full_001,base,c2r/clutter/stack_bowls_three/seed_761954913/progress_000,stack_bowls_three,seed_761954913,c2r,clutter,0.0,29,condition_video,,,,,,,,knn_k1,0.398159921169281
stage0_full_001,base,c2r/clutter/handover_block/seed_624737248/progress_000,handover_block,seed_624737248,c2r,clutter,0.0,29,condition_video,,,,,,,,knn_k1,0.4028942584991455
stage0_full_001,base,c2r/clutter/hanging_mug/seed_853936167/progress_000,hanging_mug,seed_853936167,c2r,clutter,0.0,29,condition_video,,,,,,,,knn_k1,0.4171063303947449
stage0_full_001,base,c2r/clutter/scan_object/seed_200154928/progress_000,scan_object,seed_200154928,c2r,clutter,0.0,29,condition_video,,,,,,,,knn_k1,0.4129539132118225
stage0_full_001,base,c2r/clutter/lift_pot/seed_36841133/progress_000,lift_pot,seed_36841133,c2r,clutter,0.0,29,condition_video,,,,,,,,knn_k1,0.37741443514823914
stage0_full_001,base,c2r/clutter/put_object_cabinet/seed_213141741/progress_000,put_object_cabinet,seed_213141741,c2r,clutter,0.0,29,condition_video,,,,,,,,knn_k1,0.3656063675880432
stage0_full_001,base,c2r/clutter/stack_blocks_three/seed_885782772/progress_000,stack_blocks_three,seed_885782772,c2r,clutter,0.0,29,condition_video,,,,,,,,knn_k1,0.41732272505760193
stage0_full_001,base,c2r/clutter/place_shoe/seed_148930251/progress_000,place_shoe,seed_148930251,c2r,clutter,0.0,29,condition_video,,,,,,,,knn_k1,0.3801162838935852
stage0_full_001,base,c2r/clutter/adjust_bottle/seed_487447292/progress_000,adjust_bottle,seed_487447292,c2r,clutter,0.0,29,condition_video,,,,,,,,knn_k1,0.3859965205192566
stage0_full_001,base,c2r/clutter/place_mouse_pad/seed_782913939/progress_000,place_mouse_pad,seed_782913939,c2r,clutter,0.0,29,condition_video,,,,,,,,knn_k1,0.37178805470466614
stage0_full_001,base,c2r/clutter/dump_bin_bigbin/seed_48286788/progress_000,dump_bin_bigbin,seed_48286788,c2r,clutter,0.0,29,condition_video,,,,,,,,knn_k1,0.36540013551712036
stage0_full_001,base,c2r/clutter/move_pillbottle_pad/seed_170572259/progress_000,move_pillbottle_pad,seed_170572259,c2r,clutter,0.0,29,condition_video,,,,,,,,knn_k1,0.3818681240081787
stage0_full_001,base,c2r/clutter/pick_dual_bottles/seed_4182488/progress_000,pick_dual_bottles,seed_4182488,c2r,clutter,0.0,29,condition_video,,,,,,,,knn_k1,0.40200257301330566
stage0_full_001,base,c2r/clutter/shake_bottle/seed_509663030/progress_000,shake_bottle,seed_509663030,c2r,clutter,0.0,29,condition_video,,,,,,,,knn_k1,0.3924163579940796
stage0_full_001,base,c2r/clutter/place_fan/seed_847307321/progress_000,place_fan,seed_847307321,c2r,clutter,0.0,29,condition_video,,,,,,,,knn_k1,0.37904462218284607
stage0_full_001,base,c2r/clutter/turn_switch/seed_106540409/progress_000,turn_switch,seed_106540409,c2r,clutter,0.0,29,condition_video,,,,,,,,knn_k1,0.3586333096027374
stage0_full_001,base,c2r/clutter/shake_bottle_horizontally/seed_491429438/progress_000,shake_bottle_horizontally,seed_491429438,c2r,clutter,0.0,29,condition_video,,,,,,,,knn_k1,0.3902260363101959
stage0_full_001,base,c2r/clutter/place_container_plate/seed_594486020/progress_000,place_container_plate,seed_594486020,c2r,clutter,0.0,29,condition_video,,,,,,,,knn_k1,0.3690603971481323
stage0_full_001,base,c2r/clutter/rotate_qrcode/seed_362674036/progress_000,rotate_qrcode,seed_362674036,c2r,clutter,0.0,29,condition_video,,,,,,,,knn_k1,0.3782521188259125
stage0_full_001,base,c2r/clutter/place_object_stand/seed_162697052/progress_000,place_object_stand,seed_162697052,c2r,clutter,0.0,29,condition_video,,,,,,,,knn_k1,0.356038898229599
stage0_full_001,base,c2r/clutter/put_bottles_dustbin/seed_148690198/progress_000,put_bottles_dustbin,seed_148690198,c2r,clutter,0.0,29,condition_video,,,,,,,,knn_k1,0.3939777910709381
stage0_full_001,base,c2r/clutter/move_stapler_pad/seed_744409618/progress_000,move_stapler_pad,seed_744409618,c2r,clutter,0.0,29,condition_video,,,,,,,,knn_k1,0.3889009654521942
stage0_full_001,base,c2r/clutter/place_burger_fries/seed_303636962/progress_000,place_burger_fries,seed_303636962,c2r,clutter,0.0,29,condition_video,,,,,,,,knn_k1,0.3940248489379883
stage0_full_001,base,c2r/clutter/place_bread_basket/seed_105344671/progress_000,place_bread_basket,seed_105344671,c2r,clutter,0.0,29,condition_video,,,,,,,,knn_k1,0.4100726246833801
stage0_full_001,base,c2r/clutter/pick_diverse_bottles/seed_21321356/progress_000,pick_diverse_bottles,seed_21321356,c2r,clutter,0.0,29,condition_video,,,,,,,,knn_k1,0.3864712119102478
stage0_full_001,base,c2r/clutter/open_microwave/seed_136410473/progress_000,open_microwave,seed_136410473,c2r,clutter,0.0,29,condition_video,,,,,,,,knn_k1,0.3674107491970062
stage0_full_001,base,c2r/clutter/beat_block_hammer/seed_36693999/progress_000,beat_block_hammer,seed_36693999,c2r,clutter,0.0,29,condition_video,,,,,,,,knn_k1,0.3897777795791626
stage0_full_001,base,c2r/clutter/press_stapler/seed_880007787/progress_000,press_stapler,seed_880007787,c2r,clutter,0.0,29,condition_video,,,,,,,,knn_k1,0.3631649613380432
stage0_full_001,base,c2r/clutter/click_bell/seed_539095014/progress_000,click_bell,seed_539095014,c2r,clutter,0.0,29,condition_video,,,,,,,,knn_k1,0.34310638904571533
stage0_full_001,base,c2r/clutter/move_playingcard_away/seed_385288247/progress_000,move_playingcard_away,seed_385288247,c2r,clutter,0.0,29,condition_video,,,,,,,,knn_k1,0.38195130228996277
stage0_full_001,base,c2r/clutter/open_laptop/seed_260421436/progress_000,open_laptop,seed_260421436,c2r,clutter,0.0,29,condition_video,,,,,,,,knn_k1,0.37892985343933105
stage0_full_001,base,c2r/clutter/move_can_pot/seed_445842829/progress_000,move_can_pot,seed_445842829,c2r,clutter,0.0,29,condition_video,,,,,,,,knn_k1,0.3667106032371521
stage0_full_001,base,c2r/clutter/stack_bowls_two/seed_408127787/progress_000,stack_bowls_two,seed_408127787,c2r,clutter,0.0,29,condition_video,,,,,,,,knn_k1,0.3973630666732788
stage0_full_001,base,c2r/clutter/place_a2b_right/seed_298826397/progress_000,place_a2b_right,seed_298826397,c2r,clutter,0.0,29,condition_video,,,,,,,,knn_k1,0.39229723811149597
stage0_full_001,base,c2r/clutter/stamp_seal/seed_748150648/progress_000,stamp_seal,seed_748150648,c2r,clutter,0.0,29,condition_video,,,,,,,,knn_k1,0.3782150447368622
stage0_full_001,base,c2r/clutter/place_object_basket/seed_455727417/progress_000,place_object_basket,seed_455727417,c2r,clutter,0.0,29,condition_video,,,,,,,,knn_k1,0.39672696590423584
stage0_full_001,base,c2r/clutter/handover_mic/seed_27533572/progress_000,handover_mic,seed_27533572,c2r,clutter,0.0,29,condition_video,,,,,,,,knn_k1,0.3944675922393799
stage0_full_001,base,c2r/clutter/place_bread_skillet/seed_470829968/progress_000,place_bread_skillet,seed_470829968,c2r,clutter,0.0,29,condition_video,,,,,,,,knn_k1,0.3920060098171234
stage0_full_001,base,c2r/clutter/stack_blocks_two/seed_193292576/progress_000,stack_blocks_two,seed_193292576,c2r,clutter,0.0,29,condition_video,,,,,,,,knn_k1,0.41061341762542725
stage0_full_001,base,c2r/clutter/place_cans_plasticbox/seed_552905247/progress_000,place_cans_plasticbox,seed_552905247,c2r,clutter,0.0,29,condition_video,,,,,,,,knn_k1,0.4238342344760895
stage0_full_001,base,c2r/clutter/click_alarmclock/seed_257639388/progress_000,click_alarmclock,seed_257639388,c2r,clutter,0.0,29,condition_video,,,,,,,,knn_k1,0.32550084590911865
stage0_full_001,base,c2r/clutter/blocks_ranking_size/seed_676842534/progress_000,blocks_ranking_size,seed_676842534,c2r,clutter,0.0,29,condition_video,,,,,,,,knn_k1,0.42277970910072327
stage0_full_001,base,c2r/clutter/place_phone_stand/seed_560963078/progress_000,place_phone_stand,seed_560963078,c2r,clutter,0.0,29,condition_video,,,,,,,,knn_k1,0.3683159351348877
stage0_full_001,base,c2r/clutter/place_can_basket/seed_578149817/progress_000,place_can_basket,seed_578149817,c2r,clutter,0.0,29,condition_video,,,,,,,,knn_k1,0.3848424553871155
stage0_full_001,base,c2r/clutter/place_object_scale/seed_142945748/progress_000,place_object_scale,seed_142945748,c2r,clutter,0.0,29,condition_video,,,,,,,,knn_k1,0.3857923746109009
stage0_full_001,base,c2r/clutter/place_a2b_left/seed_712001400/progress_000,place_a2b_left,seed_712001400,c2r,clutter,0.0,29,condition_video,,,,,,,,knn_k1,0.38057032227516174
stage0_full_001,base,c2r/clutter/grab_roller/seed_489372951/progress_000,grab_roller,seed_489372951,c2r,clutter,0.0,29,condition_video,,,,,,,,knn_k1,0.38224828243255615
stage0_full_001,base,c2r/clutter/place_dual_shoes/seed_486785621/progress_000,place_dual_shoes,seed_486785621,c2r,clutter,0.0,29,condition_video,,,,,,,,knn_k1,0.3932431936264038
stage0_full_001,base,c2r/clutter/place_empty_cup/seed_270996463/progress_000,place_empty_cup,seed_270996463,c2r,clutter,0.0,29,condition_video,,,,,,,,knn_k1,0.38036489486694336
stage0_full_001,base,c2r/clutter/blocks_ranking_rgb/seed_350545820/progress_000,blocks_ranking_rgb,seed_350545820,c2r,clutter,0.0,29,condition_video,,,,,,,,knn_k1,0.42334312200546265
stage0_full_001,base,aggregate,all,all,c2r,clutter,,29,condition_video,,,,,,,,knn_k1_mean,0.38598650336265566
stage0_full_001,base,aggregate,all,group_split,c2r,clutter,,29,condition_video,,,,,,,,domain_balanced_accuracy,0.5
stage0_full_001,base,aggregate,all,group_split,c2r,clutter,,29,condition_video,,,,,,,,domain_auroc,1.0
stage0_full_001,base,c2r/height/stack_bowls_three/seed_777107145/progress_000,stack_bowls_three,seed_777107145,c2r,height,0.0,29,condition_video,,,,,,,,knn_k1,0.3944299817085266
stage0_full_001,base,c2r/height/handover_block/seed_153931416/progress_000,handover_block,seed_153931416,c2r,height,0.0,29,condition_video,,,,,,,,knn_k1,0.4038318693637848
stage0_full_001,base,c2r/height/hanging_mug/seed_797626889/progress_000,hanging_mug,seed_797626889,c2r,height,0.0,29,condition_video,,,,,,,,knn_k1,0.4142404794692993
stage0_full_001,base,c2r/height/scan_object/seed_86820161/progress_000,scan_object,seed_86820161,c2r,height,0.0,29,condition_video,,,,,,,,knn_k1,0.41058313846588135
stage0_full_001,base,c2r/height/lift_pot/seed_358880989/progress_000,lift_pot,seed_358880989,c2r,height,0.0,29,condition_video,,,,,,,,knn_k1,0.37645941972732544
stage0_full_001,base,c2r/height/put_object_cabinet/seed_579804476/progress_000,put_object_cabinet,seed_579804476,c2r,height,0.0,29,condition_video,,,,,,,,knn_k1,0.36499518156051636
stage0_full_001,base,c2r/height/stack_blocks_three/seed_510834284/progress_000,stack_blocks_three,seed_510834284,c2r,height,0.0,29,condition_video,,,,,,,,knn_k1,0.42166823148727417
stage0_full_001,base,c2r/height/place_shoe/seed_547565528/progress_000,place_shoe,seed_547565528,c2r,height,0.0,29,condition_video,,,,,,,,knn_k1,0.37735044956207275
stage0_full_001,base,c2r/height/adjust_bottle/seed_455908385/progress_000,adjust_bottle,seed_455908385,c2r,height,0.0,29,condition_video,,,,,,,,knn_k1,0.3793640434741974
stage0_full_001,base,c2r/height/place_mouse_pad/seed_747588073/progress_000,place_mouse_pad,seed_747588073,c2r,height,0.0,29,condition_video,,,,,,,,knn_k1,0.3742680251598358
stage0_full_001,base,c2r/height/dump_bin_bigbin/seed_609125485/progress_000,dump_bin_bigbin,seed_609125485,c2r,height,0.0,29,condition_video,,,,,,,,knn_k1,0.36703699827194214
stage0_full_001,base,c2r/height/move_pillbottle_pad/seed_454258712/progress_000,move_pillbottle_pad,seed_454258712,c2r,height,0.0,29,condition_video,,,,,,,,knn_k1,0.3848368227481842
stage0_full_001,base,c2r/height/pick_dual_bottles/seed_625462229/progress_000,pick_dual_bottles,seed_625462229,c2r,height,0.0,29,condition_video,,,,,,,,knn_k1,0.39617839455604553
stage0_full_001,base,c2r/height/shake_bottle/seed_11397417/progress_000,shake_bottle,seed_11397417,c2r,height,0.0,29,condition_video,,,,,,,,knn_k1,0.3939968943595886
stage0_full_001,base,c2r/height/place_fan/seed_562359323/progress_000,place_fan,seed_562359323,c2r,height,0.0,29,condition_video,,,,,,,,knn_k1,0.37638282775878906
stage0_full_001,base,c2r/height/turn_switch/seed_388598700/progress_000,turn_switch,seed_388598700,c2r,height,0.0,29,condition_video,,,,,,,,knn_k1,0.3620355725288391
stage0_full_001,base,c2r/height/shake_bottle_horizontally/seed_506817488/progress_000,shake_bottle_horizontally,seed_506817488,c2r,height,0.0,29,condition_video,,,,,,,,knn_k1,0.38889673352241516
stage0_full_001,base,c2r/height/place_container_plate/seed_661154812/progress_000,place_container_plate,seed_661154812,c2r,height,0.0,29,condition_video,,,,,,,,knn_k1,0.3708024322986603
stage0_full_001,base,c2r/height/rotate_qrcode/seed_391550427/progress_000,rotate_qrcode,seed_391550427,c2r,height,0.0,29,condition_video,,,,,,,,knn_k1,0.37534841895103455
stage0_full_001,base,c2r/height/place_object_stand/seed_520492387/progress_000,place_object_stand,seed_520492387,c2r,height,0.0,29,condition_video,,,,,,,,knn_k1,0.35778331756591797
stage0_full_001,base,c2r/height/put_bottles_dustbin/seed_833796020/progress_000,put_bottles_dustbin,seed_833796020,c2r,height,0.0,29,condition_video,,,,,,,,knn_k1,0.3961644768714905
stage0_full_001,base,c2r/height/move_stapler_pad/seed_626979943/progress_000,move_stapler_pad,seed_626979943,c2r,height,0.0,29,condition_video,,,,,,,,knn_k1,0.3927854597568512
stage0_full_001,base,c2r/height/place_burger_fries/seed_44486756/progress_000,place_burger_fries,seed_44486756,c2r,height,0.0,29,condition_video,,,,,,,,knn_k1,0.40201276540756226
stage0_full_001,base,c2r/height/place_bread_basket/seed_769514620/progress_000,place_bread_basket,seed_769514620,c2r,height,0.0,29,condition_video,,,,,,,,knn_k1,0.4105544090270996
stage0_full_001,base,c2r/height/pick_diverse_bottles/seed_202104734/progress_000,pick_diverse_bottles,seed_202104734,c2r,height,0.0,29,condition_video,,,,,,,,knn_k1,0.39281049370765686
stage0_full_001,base,c2r/height/open_microwave/seed_670586037/progress_000,open_microwave,seed_670586037,c2r,height,0.0,29,condition_video,,,,,,,,knn_k1,0.366892009973526
stage0_full_001,base,c2r/height/beat_block_hammer/seed_146228030/progress_000,beat_block_hammer,seed_146228030,c2r,height,0.0,29,condition_video,,,,,,,,knn_k1,0.3870530128479004
stage0_full_001,base,c2r/height/press_stapler/seed_623879527/progress_000,press_stapler,seed_623879527,c2r,height,0.0,29,condition_video,,,,,,,,knn_k1,0.36465370655059814
stage0_full_001,base,c2r/height/click_bell/seed_576942388/progress_000,click_bell,seed_576942388,c2r,height,0.0,29,condition_video,,,,,,,,knn_k1,0.34374356269836426
stage0_full_001,base,c2r/height/move_playingcard_away/seed_468245999/progress_000,move_playingcard_away,seed_468245999,c2r,height,0.0,29,condition_video,,,,,,,,knn_k1,0.38142552971839905
stage0_full_001,base,c2r/height/open_laptop/seed_273582622/progress_000,open_laptop,seed_273582622,c2r,height,0.0,29,condition_video,,,,,,,,knn_k1,0.37890979647636414
stage0_full_001,base,c2r/height/move_can_pot/seed_285658487/progress_000,move_can_pot,seed_285658487,c2r,height,0.0,29,condition_video,,,,,,,,knn_k1,0.3682422935962677
stage0_full_001,base,c2r/height/stack_bowls_two/seed_116018094/progress_000,stack_bowls_two,seed_116018094,c2r,height,0.0,29,condition_video,,,,,,,,knn_k1,0.40030452609062195
stage0_full_001,base,c2r/height/place_a2b_right/seed_803724289/progress_000,place_a2b_right,seed_803724289,c2r,height,0.0,29,condition_video,,,,,,,,knn_k1,0.38226670026779175
stage0_full_001,base,c2r/height/stamp_seal/seed_391510540/progress_000,stamp_seal,seed_391510540,c2r,height,0.0,29,condition_video,,,,,,,,knn_k1,0.37710243463516235
stage0_full_001,base,c2r/height/place_object_basket/seed_760526045/progress_000,place_object_basket,seed_760526045,c2r,height,0.0,29,condition_video,,,,,,,,knn_k1,0.39027780294418335
stage0_full_001,base,c2r/height/handover_mic/seed_537376167/progress_000,handover_mic,seed_537376167,c2r,height,0.0,29,condition_video,,,,,,,,knn_k1,0.3921251595020294
stage0_full_001,base,c2r/height/place_bread_skillet/seed_394408374/progress_000,place_bread_skillet,seed_394408374,c2r,height,0.0,29,condition_video,,,,,,,,knn_k1,0.3895791471004486
stage0_full_001,base,c2r/height/stack_blocks_two/seed_639631926/progress_000,stack_blocks_two,seed_639631926,c2r,height,0.0,29,condition_video,,,,,,,,knn_k1,0.4063856601715088
stage0_full_001,base,c2r/height/place_cans_plasticbox/seed_514553626/progress_000,place_cans_plasticbox,seed_514553626,c2r,height,0.0,29,condition_video,,,,,,,,knn_k1,0.4185347557067871
stage0_full_001,base,c2r/height/click_alarmclock/seed_789543505/progress_000,click_alarmclock,seed_789543505,c2r,height,0.0,29,condition_video,,,,,,,,knn_k1,0.3243406116962433
stage0_full_001,base,c2r/height/blocks_ranking_size/seed_3661514/progress_000,blocks_ranking_size,seed_3661514,c2r,height,0.0,29,condition_video,,,,,,,,knn_k1,0.417720228433609
stage0_full_001,base,c2r/height/place_phone_stand/seed_39116909/progress_000,place_phone_stand,seed_39116909,c2r,height,0.0,29,condition_video,,,,,,,,knn_k1,0.3620952069759369
stage0_full_001,base,c2r/height/place_can_basket/seed_788353025/progress_000,place_can_basket,seed_788353025,c2r,height,0.0,29,condition_video,,,,,,,,knn_k1,0.3824184834957123
stage0_full_001,base,c2r/height/place_object_scale/seed_603032508/progress_000,place_object_scale,seed_603032508,c2r,height,0.0,29,condition_video,,,,,,,,knn_k1,0.38697880506515503
stage0_full_001,base,c2r/height/place_a2b_left/seed_240483131/progress_000,place_a2b_left,seed_240483131,c2r,height,0.0,29,condition_video,,,,,,,,knn_k1,0.3797611594200134
stage0_full_001,base,c2r/height/grab_roller/seed_452075745/progress_000,grab_roller,seed_452075745,c2r,height,0.0,29,condition_video,,,,,,,,knn_k1,0.38317108154296875
stage0_full_001,base,c2r/height/place_dual_shoes/seed_890676601/progress_000,place_dual_shoes,seed_890676601,c2r,height,0.0,29,condition_video,,,,,,,,knn_k1,0.3886118233203888
stage0_full_001,base,c2r/height/place_empty_cup/seed_859277454/progress_000,place_empty_cup,seed_859277454,c2r,height,0.0,29,condition_video,,,,,,,,knn_k1,0.38051268458366394
stage0_full_001,base,c2r/height/blocks_ranking_rgb/seed_114117740/progress_000,blocks_ranking_rgb,seed_114117740,c2r,height,0.0,29,condition_video,,,,,,,,knn_k1,0.4233422577381134
stage0_full_001,base,aggregate,all,all,c2r,height,,29,condition_video,,,,,,,,knn_k1_mean,0.385225305557251
stage0_full_001,base,aggregate,all,group_split,c2r,height,,29,condition_video,,,,,,,,domain_balanced_accuracy,0.5
stage0_full_001,base,aggregate,all,group_split,c2r,height,,29,condition_video,,,,,,,,domain_auroc,1.0
stage0_full_001,base,c2r/light/stack_bowls_three/seed_317869620/progress_000,stack_bowls_three,seed_317869620,c2r,light,0.0,29,condition_video,,,,,,,,knn_k1,0.42432668805122375
stage0_full_001,base,c2r/light/handover_block/seed_879311662/progress_000,handover_block,seed_879311662,c2r,light,0.0,29,condition_video,,,,,,,,knn_k1,0.46867239475250244
stage0_full_001,base,c2r/light/hanging_mug/seed_459299139/progress_000,hanging_mug,seed_459299139,c2r,light,0.0,29,condition_video,,,,,,,,knn_k1,0.4490146040916443
stage0_full_001,base,c2r/light/scan_object/seed_289038431/progress_000,scan_object,seed_289038431,c2r,light,0.0,29,condition_video,,,,,,,,knn_k1,0.41917678713798523
stage0_full_001,base,c2r/light/lift_pot/seed_185598812/progress_000,lift_pot,seed_185598812,c2r,light,0.0,29,condition_video,,,,,,,,knn_k1,0.3759748041629791
stage0_full_001,base,c2r/light/put_object_cabinet/seed_644929938/progress_000,put_object_cabinet,seed_644929938,c2r,light,0.0,29,condition_video,,,,,,,,knn_k1,0.3968183398246765
stage0_full_001,base,c2r/light/stack_blocks_three/seed_314814982/progress_000,stack_blocks_three,seed_314814982,c2r,light,0.0,29,condition_video,,,,,,,,knn_k1,0.4575064778327942
stage0_full_001,base,c2r/light/place_shoe/seed_259707623/progress_000,place_shoe,seed_259707623,c2r,light,0.0,29,condition_video,,,,,,,,knn_k1,0.43416646122932434
stage0_full_001,base,c2r/light/adjust_bottle/seed_218427993/progress_000,adjust_bottle,seed_218427993,c2r,light,0.0,29,condition_video,,,,,,,,knn_k1,0.4129226505756378
stage0_full_001,base,c2r/light/place_mouse_pad/seed_866209002/progress_000,place_mouse_pad,seed_866209002,c2r,light,0.0,29,condition_video,,,,,,,,knn_k1,0.43784382939338684
stage0_full_001,base,c2r/light/dump_bin_bigbin/seed_423840151/progress_000,dump_bin_bigbin,seed_423840151,c2r,light,0.0,29,condition_video,,,,,,,,knn_k1,0.42964428663253784
stage0_full_001,base,c2r/light/move_pillbottle_pad/seed_635002489/progress_000,move_pillbottle_pad,seed_635002489,c2r,light,0.0,29,condition_video,,,,,,,,knn_k1,0.46138066053390503
stage0_full_001,base,c2r/light/pick_dual_bottles/seed_7690756/progress_000,pick_dual_bottles,seed_7690756,c2r,light,0.0,29,condition_video,,,,,,,,knn_k1,0.4074850082397461
stage0_full_001,base,c2r/light/shake_bottle/seed_716268860/progress_000,shake_bottle,seed_716268860,c2r,light,0.0,29,condition_video,,,,,,,,knn_k1,0.45302441716194153
stage0_full_001,base,c2r/light/place_fan/seed_519267369/progress_000,place_fan,seed_519267369,c2r,light,0.0,29,condition_video,,,,,,,,knn_k1,0.42611634731292725
stage0_full_001,base,c2r/light/turn_switch/seed_493838736/progress_000,turn_switch,seed_493838736,c2r,light,0.0,29,condition_video,,,,,,,,knn_k1,0.46545693278312683
stage0_full_001,base,c2r/light/shake_bottle_horizontally/seed_497389386/progress_000,shake_bottle_horizontally,seed_497389386,c2r,light,0.0,29,condition_video,,,,,,,,knn_k1,0.4362073838710785
stage0_full_001,base,c2r/light/place_container_plate/seed_252210122/progress_000,place_container_plate,seed_252210122,c2r,light,0.0,29,condition_video,,,,,,,,knn_k1,0.4599951505661011
stage0_full_001,base,c2r/light/rotate_qrcode/seed_24255504/progress_000,rotate_qrcode,seed_24255504,c2r,light,0.0,29,condition_video,,,,,,,,knn_k1,0.46940183639526367
stage0_full_001,base,c2r/light/place_object_stand/seed_603755546/progress_000,place_object_stand,seed_603755546,c2r,light,0.0,29,condition_video,,,,,,,,knn_k1,0.3736638128757477
stage0_full_001,base,c2r/light/put_bottles_dustbin/seed_473207494/progress_000,put_bottles_dustbin,seed_473207494,c2r,light,0.0,29,condition_video,,,,,,,,knn_k1,0.4350839853286743
stage0_full_001,base,c2r/light/move_stapler_pad/seed_724544048/progress_000,move_stapler_pad,seed_724544048,c2r,light,0.0,29,condition_video,,,,,,,,knn_k1,0.511218249797821
stage0_full_001,base,c2r/light/place_burger_fries/seed_764956105/progress_000,place_burger_fries,seed_764956105,c2r,light,0.0,29,condition_video,,,,,,,,knn_k1,0.4370761811733246
stage0_full_001,base,c2r/light/place_bread_basket/seed_548994270/progress_000,place_bread_basket,seed_548994270,c2r,light,0.0,29,condition_video,,,,,,,,knn_k1,0.42705297470092773
stage0_full_001,base,c2r/light/pick_diverse_bottles/seed_469296516/progress_000,pick_diverse_bottles,seed_469296516,c2r,light,0.0,29,condition_video,,,,,,,,knn_k1,0.43023356795310974
stage0_full_001,base,c2r/light/open_microwave/seed_126026794/progress_000,open_microwave,seed_126026794,c2r,light,0.0,29,condition_video,,,,,,,,knn_k1,0.44262203574180603
stage0_full_001,base,c2r/light/beat_block_hammer/seed_190785939/progress_000,beat_block_hammer,seed_190785939,c2r,light,0.0,29,condition_video,,,,,,,,knn_k1,0.45741456747055054
stage0_full_001,base,c2r/light/press_stapler/seed_645584852/progress_000,press_stapler,seed_645584852,c2r,light,0.0,29,condition_video,,,,,,,,knn_k1,0.4243655502796173
stage0_full_001,base,c2r/light/click_bell/seed_611142223/progress_000,click_bell,seed_611142223,c2r,light,0.0,29,condition_video,,,,,,,,knn_k1,0.38776203989982605
stage0_full_001,base,c2r/light/move_playingcard_away/seed_698951458/progress_000,move_playingcard_away,seed_698951458,c2r,light,0.0,29,condition_video,,,,,,,,knn_k1,0.39265552163124084
stage0_full_001,base,c2r/light/open_laptop/seed_627389206/progress_000,open_laptop,seed_627389206,c2r,light,0.0,29,condition_video,,,,,,,,knn_k1,0.3925362527370453
stage0_full_001,base,c2r/light/move_can_pot/seed_248023816/progress_000,move_can_pot,seed_248023816,c2r,light,0.0,29,condition_video,,,,,,,,knn_k1,0.42124029994010925
stage0_full_001,base,c2r/light/stack_bowls_two/seed_656246828/progress_000,stack_bowls_two,seed_656246828,c2r,light,0.0,29,condition_video,,,,,,,,knn_k1,0.4487330913543701
stage0_full_001,base,c2r/light/place_a2b_right/seed_803416018/progress_000,place_a2b_right,seed_803416018,c2r,light,0.0,29,condition_video,,,,,,,,knn_k1,0.411224901676178
stage0_full_001,base,c2r/light/stamp_seal/seed_203079918/progress_000,stamp_seal,seed_203079918,c2r,light,0.0,29,condition_video,,,,,,,,knn_k1,0.41149207949638367
stage0_full_001,base,c2r/light/place_object_basket/seed_241125908/progress_000,place_object_basket,seed_241125908,c2r,light,0.0,29,condition_video,,,,,,,,knn_k1,0.4703446328639984
stage0_full_001,base,c2r/light/handover_mic/seed_283323218/progress_000,handover_mic,seed_283323218,c2r,light,0.0,29,condition_video,,,,,,,,knn_k1,0.4907641112804413
stage0_full_001,base,c2r/light/place_bread_skillet/seed_156686976/progress_000,place_bread_skillet,seed_156686976,c2r,light,0.0,29,condition_video,,,,,,,,knn_k1,0.41048967838287354
stage0_full_001,base,c2r/light/stack_blocks_two/seed_803532712/progress_000,stack_blocks_two,seed_803532712,c2r,light,0.0,29,condition_video,,,,,,,,knn_k1,0.4878697395324707
stage0_full_001,base,c2r/light/place_cans_plasticbox/seed_577981354/progress_000,place_cans_plasticbox,seed_577981354,c2r,light,0.0,29,condition_video,,,,,,,,knn_k1,0.45170921087265015
stage0_full_001,base,c2r/light/click_alarmclock/seed_762866989/progress_000,click_alarmclock,seed_762866989,c2r,light,0.0,29,condition_video,,,,,,,,knn_k1,0.33212777972221375
stage0_full_001,base,c2r/light/blocks_ranking_size/seed_505985753/progress_000,blocks_ranking_size,seed_505985753,c2r,light,0.0,29,condition_video,,,,,,,,knn_k1,0.48192283511161804
stage0_full_001,base,c2r/light/place_phone_stand/seed_624751721/progress_000,place_phone_stand,seed_624751721,c2r,light,0.0,29,condition_video,,,,,,,,knn_k1,0.43118828535079956
stage0_full_001,base,c2r/light/place_can_basket/seed_542145302/progress_000,place_can_basket,seed_542145302,c2r,light,0.0,29,condition_video,,,,,,,,knn_k1,0.39978766441345215
stage0_full_001,base,c2r/light/place_object_scale/seed_722575534/progress_000,place_object_scale,seed_722575534,c2r,light,0.0,29,condition_video,,,,,,,,knn_k1,0.4269632399082184
stage0_full_001,base,c2r/light/place_a2b_left/seed_663079132/progress_000,place_a2b_left,seed_663079132,c2r,light,0.0,29,condition_video,,,,,,,,knn_k1,0.3981683850288391
stage0_full_001,base,c2r/light/grab_roller/seed_482689013/progress_000,grab_roller,seed_482689013,c2r,light,0.0,29,condition_video,,,,,,,,knn_k1,0.46226757764816284
stage0_full_001,base,c2r/light/place_dual_shoes/seed_319436374/progress_000,place_dual_shoes,seed_319436374,c2r,light,0.0,29,condition_video,,,,,,,,knn_k1,0.384175568819046
stage0_full_001,base,c2r/light/place_empty_cup/seed_606914953/progress_000,place_empty_cup,seed_606914953,c2r,light,0.0,29,condition_video,,,,,,,,knn_k1,0.4101782441139221
stage0_full_001,base,c2r/light/blocks_ranking_rgb/seed_339352330/progress_000,blocks_ranking_rgb,seed_339352330,c2r,light,0.0,29,condition_video,,,,,,,,knn_k1,0.4605199694633484
stage0_full_001,base,aggregate,all,all,c2r,light,,29,condition_video,,,,,,,,knn_k1_mean,0.4317597419023514
stage0_full_001,base,aggregate,all,group_split,c2r,light,,29,condition_video,,,,,,,,domain_balanced_accuracy,0.5
stage0_full_001,base,aggregate,all,group_split,c2r,light,,29,condition_video,,,,,,,,domain_auroc,1.0
stage0_full_001,clean,c2r/background/stack_bowls_three/seed_27804535/progress_000,stack_bowls_three,seed_27804535,c2r,background,0.0,0,condition_video,,,,,,,,knn_k1,0.3646047115325928
stage0_full_001,clean,c2r/background/handover_block/seed_120650234/progress_000,handover_block,seed_120650234,c2r,background,0.0,0,condition_video,,,,,,,,knn_k1,0.37158599495887756
stage0_full_001,clean,c2r/background/hanging_mug/seed_538778923/progress_000,hanging_mug,seed_538778923,c2r,background,0.0,0,condition_video,,,,,,,,knn_k1,0.34510281682014465
stage0_full_001,clean,c2r/background/scan_object/seed_262761732/progress_000,scan_object,seed_262761732,c2r,background,0.0,0,condition_video,,,,,,,,knn_k1,0.29905495047569275
stage0_full_001,clean,c2r/background/lift_pot/seed_710924868/progress_000,lift_pot,seed_710924868,c2r,background,0.0,0,condition_video,,,,,,,,knn_k1,0.2912842631340027
stage0_full_001,clean,c2r/background/put_object_cabinet/seed_13370600/progress_000,put_object_cabinet,seed_13370600,c2r,background,0.0,0,condition_video,,,,,,,,knn_k1,0.2568104863166809
stage0_full_001,clean,c2r/background/stack_blocks_three/seed_822087810/progress_000,stack_blocks_three,seed_822087810,c2r,background,0.0,0,condition_video,,,,,,,,knn_k1,0.4024796485900879
stage0_full_001,clean,c2r/background/place_shoe/seed_676166693/progress_000,place_shoe,seed_676166693,c2r,background,0.0,0,condition_video,,,,,,,,knn_k1,0.3265308439731598
stage0_full_001,clean,c2r/background/adjust_bottle/seed_863397555/progress_000,adjust_bottle,seed_863397555,c2r,background,0.0,0,condition_video,,,,,,,,knn_k1,0.330645889043808
stage0_full_001,clean,c2r/background/place_mouse_pad/seed_457852611/progress_000,place_mouse_pad,seed_457852611,c2r,background,0.0,0,condition_video,,,,,,,,knn_k1,0.33945414423942566
stage0_full_001,clean,c2r/background/dump_bin_bigbin/seed_773111305/progress_000,dump_bin_bigbin,seed_773111305,c2r,background,0.0,0,condition_video,,,,,,,,knn_k1,0.34960439801216125
stage0_full_001,clean,c2r/background/move_pillbottle_pad/seed_568983342/progress_000,move_pillbottle_pad,seed_568983342,c2r,background,0.0,0,condition_video,,,,,,,,knn_k1,0.38155797123908997
stage0_full_001,clean,c2r/background/pick_dual_bottles/seed_117166061/progress_000,pick_dual_bottles,seed_117166061,c2r,background,0.0,0,condition_video,,,,,,,,knn_k1,0.29515373706817627
stage0_full_001,clean,c2r/background/shake_bottle/seed_331965946/progress_000,shake_bottle,seed_331965946,c2r,background,0.0,0,condition_video,,,,,,,,knn_k1,0.42645612359046936
stage0_full_001,clean,c2r/background/place_fan/seed_543070044/progress_000,place_fan,seed_543070044,c2r,background,0.0,0,condition_video,,,,,,,,knn_k1,0.3642564117908478
stage0_full_001,clean,c2r/background/turn_switch/seed_489873751/progress_000,turn_switch,seed_489873751,c2r,background,0.0,0,condition_video,,,,,,,,knn_k1,0.3413381576538086
stage0_full_001,clean,c2r/background/shake_bottle_horizontally/seed_319358196/progress_000,shake_bottle_horizontally,seed_319358196,c2r,background,0.0,0,condition_video,,,,,,,,knn_k1,0.34513530135154724
stage0_full_001,clean,c2r/background/place_container_plate/seed_14431598/progress_000,place_container_plate,seed_14431598,c2r,background,0.0,0,condition_video,,,,,,,,knn_k1,0.3526213467121124
stage0_full_001,clean,c2r/background/rotate_qrcode/seed_372345110/progress_000,rotate_qrcode,seed_372345110,c2r,background,0.0,0,condition_video,,,,,,,,knn_k1,0.3199087977409363
stage0_full_001,clean,c2r/background/place_object_stand/seed_715864988/progress_000,place_object_stand,seed_715864988,c2r,background,0.0,0,condition_video,,,,,,,,knn_k1,0.3057425022125244
stage0_full_001,clean,c2r/background/put_bottles_dustbin/seed_455479075/progress_000,put_bottles_dustbin,seed_455479075,c2r,background,0.0,0,condition_video,,,,,,,,knn_k1,0.41122791171073914
stage0_full_001,clean,c2r/background/move_stapler_pad/seed_453776751/progress_000,move_stapler_pad,seed_453776751,c2r,background,0.0,0,condition_video,,,,,,,,knn_k1,0.3738797903060913
stage0_full_001,clean,c2r/background/place_burger_fries/seed_165469501/progress_000,place_burger_fries,seed_165469501,c2r,background,0.0,0,condition_video,,,,,,,,knn_k1,0.36651793122291565
stage0_full_001,clean,c2r/background/place_bread_basket/seed_490234398/progress_000,place_bread_basket,seed_490234398,c2r,background,0.0,0,condition_video,,,,,,,,knn_k1,0.3338620066642761
stage0_full_001,clean,c2r/background/pick_diverse_bottles/seed_886697844/progress_000,pick_diverse_bottles,seed_886697844,c2r,background,0.0,0,condition_video,,,,,,,,knn_k1,0.29439136385917664
stage0_full_001,clean,c2r/background/open_microwave/seed_443701932/progress_000,open_microwave,seed_443701932,c2r,background,0.0,0,condition_video,,,,,,,,knn_k1,0.3162805736064911
stage0_full_001,clean,c2r/background/beat_block_hammer/seed_797298394/progress_000,beat_block_hammer,seed_797298394,c2r,background,0.0,0,condition_video,,,,,,,,knn_k1,0.32592248916625977
stage0_full_001,clean,c2r/background/press_stapler/seed_262831721/progress_000,press_stapler,seed_262831721,c2r,background,0.0,0,condition_video,,,,,,,,knn_k1,0.32495081424713135
stage0_full_001,clean,c2r/background/click_bell/seed_748992159/progress_000,click_bell,seed_748992159,c2r,background,0.0,0,condition_video,,,,,,,,knn_k1,0.3470532298088074
stage0_full_001,clean,c2r/background/move_playingcard_away/seed_114732817/progress_000,move_playingcard_away,seed_114732817,c2r,background,0.0,0,condition_video,,,,,,,,knn_k1,0.35629889369010925
stage0_full_001,clean,c2r/background/open_laptop/seed_121410776/progress_000,open_laptop,seed_121410776,c2r,background,0.0,0,condition_video,,,,,,,,knn_k1,0.3652186393737793
stage0_full_001,clean,c2r/background/move_can_pot/seed_600430797/progress_000,move_can_pot,seed_600430797,c2r,background,0.0,0,condition_video,,,,,,,,knn_k1,0.3732694387435913
stage0_full_001,clean,c2r/background/stack_bowls_two/seed_444040936/progress_000,stack_bowls_two,seed_444040936,c2r,background,0.0,0,condition_video,,,,,,,,knn_k1,0.3659707009792328
stage0_full_001,clean,c2r/background/place_a2b_right/seed_550624350/progress_000,place_a2b_right,seed_550624350,c2r,background,0.0,0,condition_video,,,,,,,,knn_k1,0.32935893535614014
stage0_full_001,clean,c2r/background/stamp_seal/seed_373032052/progress_000,stamp_seal,seed_373032052,c2r,background,0.0,0,condition_video,,,,,,,,knn_k1,0.35053664445877075
stage0_full_001,clean,c2r/background/place_object_basket/seed_13972055/progress_000,place_object_basket,seed_13972055,c2r,background,0.0,0,condition_video,,,,,,,,knn_k1,0.35996100306510925
stage0_full_001,clean,c2r/background/handover_mic/seed_791372736/progress_000,handover_mic,seed_791372736,c2r,background,0.0,0,condition_video,,,,,,,,knn_k1,0.3150506913661957
stage0_full_001,clean,c2r/background/place_bread_skillet/seed_682411729/progress_000,place_bread_skillet,seed_682411729,c2r,background,0.0,0,condition_video,,,,,,,,knn_k1,0.30949437618255615
stage0_full_001,clean,c2r/background/stack_blocks_two/seed_325046254/progress_000,stack_blocks_two,seed_325046254,c2r,background,0.0,0,condition_video,,,,,,,,knn_k1,0.3886485993862152
stage0_full_001,clean,c2r/background/place_cans_plasticbox/seed_851474539/progress_000,place_cans_plasticbox,seed_851474539,c2r,background,0.0,0,condition_video,,,,,,,,knn_k1,0.338920533657074
stage0_full_001,clean,c2r/background/click_alarmclock/seed_597249174/progress_000,click_alarmclock,seed_597249174,c2r,background,0.0,0,condition_video,,,,,,,,knn_k1,0.2885020673274994
stage0_full_001,clean,c2r/background/blocks_ranking_size/seed_483186537/progress_000,blocks_ranking_size,seed_483186537,c2r,background,0.0,0,condition_video,,,,,,,,knn_k1,0.4108509123325348
stage0_full_001,clean,c2r/background/place_phone_stand/seed_844715882/progress_000,place_phone_stand,seed_844715882,c2r,background,0.0,0,condition_video,,,,,,,,knn_k1,0.30568596720695496
stage0_full_001,clean,c2r/background/place_can_basket/seed_873890208/progress_000,place_can_basket,seed_873890208,c2r,background,0.0,0,condition_video,,,,,,,,knn_k1,0.35264748334884644
stage0_full_001,clean,c2r/background/place_object_scale/seed_28989601/progress_000,place_object_scale,seed_28989601,c2r,background,0.0,0,condition_video,,,,,,,,knn_k1,0.35446441173553467
stage0_full_001,clean,c2r/background/place_a2b_left/seed_494714106/progress_000,place_a2b_left,seed_494714106,c2r,background,0.0,0,condition_video,,,,,,,,knn_k1,0.3513479232788086
stage0_full_001,clean,c2r/background/grab_roller/seed_274067892/progress_000,grab_roller,seed_274067892,c2r,background,0.0,0,condition_video,,,,,,,,knn_k1,0.2737952470779419
stage0_full_001,clean,c2r/background/place_dual_shoes/seed_100946921/progress_000,place_dual_shoes,seed_100946921,c2r,background,0.0,0,condition_video,,,,,,,,knn_k1,0.27153512835502625
stage0_full_001,clean,c2r/background/place_empty_cup/seed_66017520/progress_000,place_empty_cup,seed_66017520,c2r,background,0.0,0,condition_video,,,,,,,,knn_k1,0.38356754183769226
stage0_full_001,clean,c2r/background/blocks_ranking_rgb/seed_392877897/progress_000,blocks_ranking_rgb,seed_392877897,c2r,background,0.0,0,condition_video,,,,,,,,knn_k1,0.40903112292289734
stage0_full_001,clean,aggregate,all,all,c2r,background,,0,condition_video,,,,,,,,knn_k1_mean,0.3431514173746109
stage0_full_001,clean,aggregate,all,group_split,c2r,background,,0,condition_video,,,,,,,,domain_balanced_accuracy,0.5
stage0_full_001,clean,aggregate,all,group_split,c2r,background,,0,condition_video,,,,,,,,domain_auroc,1.0
stage0_full_001,clean,c2r/clutter/stack_bowls_three/seed_761954913/progress_000,stack_bowls_three,seed_761954913,c2r,clutter,0.0,0,condition_video,,,,,,,,knn_k1,0.368923157453537
stage0_full_001,clean,c2r/clutter/handover_block/seed_624737248/progress_000,handover_block,seed_624737248,c2r,clutter,0.0,0,condition_video,,,,,,,,knn_k1,0.3723248243331909
stage0_full_001,clean,c2r/clutter/hanging_mug/seed_853936167/progress_000,hanging_mug,seed_853936167,c2r,clutter,0.0,0,condition_video,,,,,,,,knn_k1,0.34968334436416626
stage0_full_001,clean,c2r/clutter/scan_object/seed_200154928/progress_000,scan_object,seed_200154928,c2r,clutter,0.0,0,condition_video,,,,,,,,knn_k1,0.2984062135219574
stage0_full_001,clean,c2r/clutter/lift_pot/seed_36841133/progress_000,lift_pot,seed_36841133,c2r,clutter,0.0,0,condition_video,,,,,,,,knn_k1,0.29142093658447266
stage0_full_001,clean,c2r/clutter/put_object_cabinet/seed_213141741/progress_000,put_object_cabinet,seed_213141741,c2r,clutter,0.0,0,condition_video,,,,,,,,knn_k1,0.25697386264801025
stage0_full_001,clean,c2r/clutter/stack_blocks_three/seed_885782772/progress_000,stack_blocks_three,seed_885782772,c2r,clutter,0.0,0,condition_video,,,,,,,,knn_k1,0.4005979895591736
stage0_full_001,clean,c2r/clutter/place_shoe/seed_148930251/progress_000,place_shoe,seed_148930251,c2r,clutter,0.0,0,condition_video,,,,,,,,knn_k1,0.33001232147216797
stage0_full_001,clean,c2r/clutter/adjust_bottle/seed_487447292/progress_000,adjust_bottle,seed_487447292,c2r,clutter,0.0,0,condition_video,,,,,,,,knn_k1,0.32932785153388977
stage0_full_001,clean,c2r/clutter/place_mouse_pad/seed_782913939/progress_000,place_mouse_pad,seed_782913939,c2r,clutter,0.0,0,condition_video,,,,,,,,knn_k1,0.33825379610061646
stage0_full_001,clean,c2r/clutter/dump_bin_bigbin/seed_48286788/progress_000,dump_bin_bigbin,seed_48286788,c2r,clutter,0.0,0,condition_video,,,,,,,,knn_k1,0.3491767942905426
stage0_full_001,clean,c2r/clutter/move_pillbottle_pad/seed_170572259/progress_000,move_pillbottle_pad,seed_170572259,c2r,clutter,0.0,0,condition_video,,,,,,,,knn_k1,0.3808797597885132
stage0_full_001,clean,c2r/clutter/pick_dual_bottles/seed_4182488/progress_000,pick_dual_bottles,seed_4182488,c2r,clutter,0.0,0,condition_video,,,,,,,,knn_k1,0.29278457164764404
stage0_full_001,clean,c2r/clutter/shake_bottle/seed_509663030/progress_000,shake_bottle,seed_509663030,c2r,clutter,0.0,0,condition_video,,,,,,,,knn_k1,0.42162197828292847
stage0_full_001,clean,c2r/clutter/place_fan/seed_847307321/progress_000,place_fan,seed_847307321,c2r,clutter,0.0,0,condition_video,,,,,,,,knn_k1,0.3624238073825836
stage0_full_001,clean,c2r/clutter/turn_switch/seed_106540409/progress_000,turn_switch,seed_106540409,c2r,clutter,0.0,0,condition_video,,,,,,,,knn_k1,0.34938785433769226
stage0_full_001,clean,c2r/clutter/shake_bottle_horizontally/seed_491429438/progress_000,shake_bottle_horizontally,seed_491429438,c2r,clutter,0.0,0,condition_video,,,,,,,,knn_k1,0.34190261363983154
stage0_full_001,clean,c2r/clutter/place_container_plate/seed_594486020/progress_000,place_container_plate,seed_594486020,c2r,clutter,0.0,0,condition_video,,,,,,,,knn_k1,0.35755008459091187
stage0_full_001,clean,c2r/clutter/rotate_qrcode/seed_362674036/progress_000,rotate_qrcode,seed_362674036,c2r,clutter,0.0,0,condition_video,,,,,,,,knn_k1,0.32381126284599304
stage0_full_001,clean,c2r/clutter/place_object_stand/seed_162697052/progress_000,place_object_stand,seed_162697052,c2r,clutter,0.0,0,condition_video,,,,,,,,knn_k1,0.3070088028907776
stage0_full_001,clean,c2r/clutter/put_bottles_dustbin/seed_148690198/progress_000,put_bottles_dustbin,seed_148690198,c2r,clutter,0.0,0,condition_video,,,,,,,,knn_k1,0.4017806649208069
stage0_full_001,clean,c2r/clutter/move_stapler_pad/seed_744409618/progress_000,move_stapler_pad,seed_744409618,c2r,clutter,0.0,0,condition_video,,,,,,,,knn_k1,0.37121695280075073
stage0_full_001,clean,c2r/clutter/place_burger_fries/seed_303636962/progress_000,place_burger_fries,seed_303636962,c2r,clutter,0.0,0,condition_video,,,,,,,,knn_k1,0.36696332693099976
stage0_full_001,clean,c2r/clutter/place_bread_basket/seed_105344671/progress_000,place_bread_basket,seed_105344671,c2r,clutter,0.0,0,condition_video,,,,,,,,knn_k1,0.32945185899734497
stage0_full_001,clean,c2r/clutter/pick_diverse_bottles/seed_21321356/progress_000,pick_diverse_bottles,seed_21321356,c2r,clutter,0.0,0,condition_video,,,,,,,,knn_k1,0.29870253801345825
stage0_full_001,clean,c2r/clutter/open_microwave/seed_136410473/progress_000,open_microwave,seed_136410473,c2r,clutter,0.0,0,condition_video,,,,,,,,knn_k1,0.319205105304718
stage0_full_001,clean,c2r/clutter/beat_block_hammer/seed_36693999/progress_000,beat_block_hammer,seed_36693999,c2r,clutter,0.0,0,condition_video,,,,,,,,knn_k1,0.3260224759578705
stage0_full_001,clean,c2r/clutter/press_stapler/seed_880007787/progress_000,press_stapler,seed_880007787,c2r,clutter,0.0,0,condition_video,,,,,,,,knn_k1,0.32548168301582336
stage0_full_001,clean,c2r/clutter/click_bell/seed_539095014/progress_000,click_bell,seed_539095014,c2r,clutter,0.0,0,condition_video,,,,,,,,knn_k1,0.3463462293148041
stage0_full_001,clean,c2r/clutter/move_playingcard_away/seed_385288247/progress_000,move_playingcard_away,seed_385288247,c2r,clutter,0.0,0,condition_video,,,,,,,,knn_k1,0.3534472584724426
stage0_full_001,clean,c2r/clutter/open_laptop/seed_260421436/progress_000,open_laptop,seed_260421436,c2r,clutter,0.0,0,condition_video,,,,,,,,knn_k1,0.3719848096370697
stage0_full_001,clean,c2r/clutter/move_can_pot/seed_445842829/progress_000,move_can_pot,seed_445842829,c2r,clutter,0.0,0,condition_video,,,,,,,,knn_k1,0.3664607107639313
stage0_full_001,clean,c2r/clutter/stack_bowls_two/seed_408127787/progress_000,stack_bowls_two,seed_408127787,c2r,clutter,0.0,0,condition_video,,,,,,,,knn_k1,0.35656315088272095
stage0_full_001,clean,c2r/clutter/place_a2b_right/seed_298826397/progress_000,place_a2b_right,seed_298826397,c2r,clutter,0.0,0,condition_video,,,,,,,,knn_k1,0.3297479450702667
stage0_full_001,clean,c2r/clutter/stamp_seal/seed_748150648/progress_000,stamp_seal,seed_748150648,c2r,clutter,0.0,0,condition_video,,,,,,,,knn_k1,0.3462742567062378
stage0_full_001,clean,c2r/clutter/place_object_basket/seed_455727417/progress_000,place_object_basket,seed_455727417,c2r,clutter,0.0,0,condition_video,,,,,,,,knn_k1,0.37455204129219055
stage0_full_001,clean,c2r/clutter/handover_mic/seed_27533572/progress_000,handover_mic,seed_27533572,c2r,clutter,0.0,0,condition_video,,,,,,,,knn_k1,0.3150041401386261
stage0_full_001,clean,c2r/clutter/place_bread_skillet/seed_470829968/progress_000,place_bread_skillet,seed_470829968,c2r,clutter,0.0,0,condition_video,,,,,,,,knn_k1,0.3158941864967346
stage0_full_001,clean,c2r/clutter/stack_blocks_two/seed_193292576/progress_000,stack_blocks_two,seed_193292576,c2r,clutter,0.0,0,condition_video,,,,,,,,knn_k1,0.3883357346057892
stage0_full_001,clean,c2r/clutter/place_cans_plasticbox/seed_552905247/progress_000,place_cans_plasticbox,seed_552905247,c2r,clutter,0.0,0,condition_video,,,,,,,,knn_k1,0.33915525674819946
stage0_full_001,clean,c2r/clutter/click_alarmclock/seed_257639388/progress_000,click_alarmclock,seed_257639388,c2r,clutter,0.0,0,condition_video,,,,,,,,knn_k1,0.2969937026500702
stage0_full_001,clean,c2r/clutter/blocks_ranking_size/seed_676842534/progress_000,blocks_ranking_size,seed_676842534,c2r,clutter,0.0,0,condition_video,,,,,,,,knn_k1,0.40914636850357056
stage0_full_001,clean,c2r/clutter/place_phone_stand/seed_560963078/progress_000,place_phone_stand,seed_560963078,c2r,clutter,0.0,0,condition_video,,,,,,,,knn_k1,0.3058260679244995
stage0_full_001,clean,c2r/clutter/place_can_basket/seed_578149817/progress_000,place_can_basket,seed_578149817,c2r,clutter,0.0,0,condition_video,,,,,,,,knn_k1,0.3476254343986511
stage0_full_001,clean,c2r/clutter/place_object_scale/seed_142945748/progress_000,place_object_scale,seed_142945748,c2r,clutter,0.0,0,condition_video,,,,,,,,knn_k1,0.3567027747631073
stage0_full_001,clean,c2r/clutter/place_a2b_left/seed_712001400/progress_000,place_a2b_left,seed_712001400,c2r,clutter,0.0,0,condition_video,,,,,,,,knn_k1,0.35268092155456543
stage0_full_001,clean,c2r/clutter/grab_roller/seed_489372951/progress_000,grab_roller,seed_489372951,c2r,clutter,0.0,0,condition_video,,,,,,,,knn_k1,0.2745811641216278
stage0_full_001,clean,c2r/clutter/place_dual_shoes/seed_486785621/progress_000,place_dual_shoes,seed_486785621,c2r,clutter,0.0,0,condition_video,,,,,,,,knn_k1,0.2738302946090698
stage0_full_001,clean,c2r/clutter/place_empty_cup/seed_270996463/progress_000,place_empty_cup,seed_270996463,c2r,clutter,0.0,0,condition_video,,,,,,,,knn_k1,0.3803212642669678
stage0_full_001,clean,c2r/clutter/blocks_ranking_rgb/seed_350545820/progress_000,blocks_ranking_rgb,seed_350545820,c2r,clutter,0.0,0,condition_video,,,,,,,,knn_k1,0.4063897132873535
stage0_full_001,clean,aggregate,all,all,c2r,clutter,,0,condition_video,,,,,,,,knn_k1_mean,0.3433831971883774
stage0_full_001,clean,aggregate,all,group_split,c2r,clutter,,0,condition_video,,,,,,,,domain_balanced_accuracy,0.5
stage0_full_001,clean,aggregate,all,group_split,c2r,clutter,,0,condition_video,,,,,,,,domain_auroc,1.0
stage0_full_001,clean,c2r/height/stack_bowls_three/seed_777107145/progress_000,stack_bowls_three,seed_777107145,c2r,height,0.0,0,condition_video,,,,,,,,knn_k1,0.35956695675849915
stage0_full_001,clean,c2r/height/handover_block/seed_153931416/progress_000,handover_block,seed_153931416,c2r,height,0.0,0,condition_video,,,,,,,,knn_k1,0.37662196159362793
stage0_full_001,clean,c2r/height/hanging_mug/seed_797626889/progress_000,hanging_mug,seed_797626889,c2r,height,0.0,0,condition_video,,,,,,,,knn_k1,0.34823471307754517
stage0_full_001,clean,c2r/height/scan_object/seed_86820161/progress_000,scan_object,seed_86820161,c2r,height,0.0,0,condition_video,,,,,,,,knn_k1,0.2991549074649811
stage0_full_001,clean,c2r/height/lift_pot/seed_358880989/progress_000,lift_pot,seed_358880989,c2r,height,0.0,0,condition_video,,,,,,,,knn_k1,0.29135584831237793
stage0_full_001,clean,c2r/height/put_object_cabinet/seed_579804476/progress_000,put_object_cabinet,seed_579804476,c2r,height,0.0,0,condition_video,,,,,,,,knn_k1,0.2560950517654419
stage0_full_001,clean,c2r/height/stack_blocks_three/seed_510834284/progress_000,stack_blocks_three,seed_510834284,c2r,height,0.0,0,condition_video,,,,,,,,knn_k1,0.4019080698490143
stage0_full_001,clean,c2r/height/place_shoe/seed_547565528/progress_000,place_shoe,seed_547565528,c2r,height,0.0,0,condition_video,,,,,,,,knn_k1,0.3197239637374878
stage0_full_001,clean,c2r/height/adjust_bottle/seed_455908385/progress_000,adjust_bottle,seed_455908385,c2r,height,0.0,0,condition_video,,,,,,,,knn_k1,0.324555903673172
stage0_full_001,clean,c2r/height/place_mouse_pad/seed_747588073/progress_000,place_mouse_pad,seed_747588073,c2r,height,0.0,0,condition_video,,,,,,,,knn_k1,0.33345192670822144
stage0_full_001,clean,c2r/height/dump_bin_bigbin/seed_609125485/progress_000,dump_bin_bigbin,seed_609125485,c2r,height,0.0,0,condition_video,,,,,,,,knn_k1,0.35738784074783325
stage0_full_001,clean,c2r/height/move_pillbottle_pad/seed_454258712/progress_000,move_pillbottle_pad,seed_454258712,c2r,height,0.0,0,condition_video,,,,,,,,knn_k1,0.3827608525753021
stage0_full_001,clean,c2r/height/pick_dual_bottles/seed_625462229/progress_000,pick_dual_bottles,seed_625462229,c2r,height,0.0,0,condition_video,,,,,,,,knn_k1,0.28992125391960144
stage0_full_001,clean,c2r/height/shake_bottle/seed_11397417/progress_000,shake_bottle,seed_11397417,c2r,height,0.0,0,condition_video,,,,,,,,knn_k1,0.4150557518005371
stage0_full_001,clean,c2r/height/place_fan/seed_562359323/progress_000,place_fan,seed_562359323,c2r,height,0.0,0,condition_video,,,,,,,,knn_k1,0.3585264980792999
stage0_full_001,clean,c2r/height/turn_switch/seed_388598700/progress_000,turn_switch,seed_388598700,c2r,height,0.0,0,condition_video,,,,,,,,knn_k1,0.3512006998062134
stage0_full_001,clean,c2r/height/shake_bottle_horizontally/seed_506817488/progress_000,shake_bottle_horizontally,seed_506817488,c2r,height,0.0,0,condition_video,,,,,,,,knn_k1,0.35191279649734497
stage0_full_001,clean,c2r/height/place_container_plate/seed_661154812/progress_000,place_container_plate,seed_661154812,c2r,height,0.0,0,condition_video,,,,,,,,knn_k1,0.35353341698646545
stage0_full_001,clean,c2r/height/rotate_qrcode/seed_391550427/progress_000,rotate_qrcode,seed_391550427,c2r,height,0.0,0,condition_video,,,,,,,,knn_k1,0.32811346650123596
stage0_full_001,clean,c2r/height/place_object_stand/seed_520492387/progress_000,place_object_stand,seed_520492387,c2r,height,0.0,0,condition_video,,,,,,,,knn_k1,0.3084380328655243
stage0_full_001,clean,c2r/height/put_bottles_dustbin/seed_833796020/progress_000,put_bottles_dustbin,seed_833796020,c2r,height,0.0,0,condition_video,,,,,,,,knn_k1,0.4032500982284546
stage0_full_001,clean,c2r/height/move_stapler_pad/seed_626979943/progress_000,move_stapler_pad,seed_626979943,c2r,height,0.0,0,condition_video,,,,,,,,knn_k1,0.3720932602882385
stage0_full_001,clean,c2r/height/place_burger_fries/seed_44486756/progress_000,place_burger_fries,seed_44486756,c2r,height,0.0,0,condition_video,,,,,,,,knn_k1,0.33630287647247314
stage0_full_001,clean,c2r/height/place_bread_basket/seed_769514620/progress_000,place_bread_basket,seed_769514620,c2r,height,0.0,0,condition_video,,,,,,,,knn_k1,0.33657029271125793
stage0_full_001,clean,c2r/height/pick_diverse_bottles/seed_202104734/progress_000,pick_diverse_bottles,seed_202104734,c2r,height,0.0,0,condition_video,,,,,,,,knn_k1,0.29504022002220154
stage0_full_001,clean,c2r/height/open_microwave/seed_670586037/progress_000,open_microwave,seed_670586037,c2r,height,0.0,0,condition_video,,,,,,,,knn_k1,0.31703677773475647
stage0_full_001,clean,c2r/height/beat_block_hammer/seed_146228030/progress_000,beat_block_hammer,seed_146228030,c2r,height,0.0,0,condition_video,,,,,,,,knn_k1,0.3271471858024597
stage0_full_001,clean,c2r/height/press_stapler/seed_623879527/progress_000,press_stapler,seed_623879527,c2r,height,0.0,0,condition_video,,,,,,,,knn_k1,0.3345564603805542
stage0_full_001,clean,c2r/height/click_bell/seed_576942388/progress_000,click_bell,seed_576942388,c2r,height,0.0,0,condition_video,,,,,,,,knn_k1,0.353812575340271
stage0_full_001,clean,c2r/height/move_playingcard_away/seed_468245999/progress_000,move_playingcard_away,seed_468245999,c2r,height,0.0,0,condition_video,,,,,,,,knn_k1,0.36033254861831665
stage0_full_001,clean,c2r/height/open_laptop/seed_273582622/progress_000,open_laptop,seed_273582622,c2r,height,0.0,0,condition_video,,,,,,,,knn_k1,0.3755709230899811
stage0_full_001,clean,c2r/height/move_can_pot/seed_285658487/progress_000,move_can_pot,seed_285658487,c2r,height,0.0,0,condition_video,,,,,,,,knn_k1,0.37467241287231445
stage0_full_001,clean,c2r/height/stack_bowls_two/seed_116018094/progress_000,stack_bowls_two,seed_116018094,c2r,height,0.0,0,condition_video,,,,,,,,knn_k1,0.35384517908096313
stage0_full_001,clean,c2r/height/place_a2b_right/seed_803724289/progress_000,place_a2b_right,seed_803724289,c2r,height,0.0,0,condition_video,,,,,,,,knn_k1,0.34596243500709534
stage0_full_001,clean,c2r/height/stamp_seal/seed_391510540/progress_000,stamp_seal,seed_391510540,c2r,height,0.0,0,condition_video,,,,,,,,knn_k1,0.3471006155014038
stage0_full_001,clean,c2r/height/place_object_basket/seed_760526045/progress_000,place_object_basket,seed_760526045,c2r,height,0.0,0,condition_video,,,,,,,,knn_k1,0.3591234087944031
stage0_full_001,clean,c2r/height/handover_mic/seed_537376167/progress_000,handover_mic,seed_537376167,c2r,height,0.0,0,condition_video,,,,,,,,knn_k1,0.3106876611709595
stage0_full_001,clean,c2r/height/place_bread_skillet/seed_394408374/progress_000,place_bread_skillet,seed_394408374,c2r,height,0.0,0,condition_video,,,,,,,,knn_k1,0.30823397636413574
stage0_full_001,clean,c2r/height/stack_blocks_two/seed_639631926/progress_000,stack_blocks_two,seed_639631926,c2r,height,0.0,0,condition_video,,,,,,,,knn_k1,0.3877469599246979
stage0_full_001,clean,c2r/height/place_cans_plasticbox/seed_514553626/progress_000,place_cans_plasticbox,seed_514553626,c2r,height,0.0,0,condition_video,,,,,,,,knn_k1,0.34087520837783813
stage0_full_001,clean,c2r/height/click_alarmclock/seed_789543505/progress_000,click_alarmclock,seed_789543505,c2r,height,0.0,0,condition_video,,,,,,,,knn_k1,0.3047507107257843
stage0_full_001,clean,c2r/height/blocks_ranking_size/seed_3661514/progress_000,blocks_ranking_size,seed_3661514,c2r,height,0.0,0,condition_video,,,,,,,,knn_k1,0.4086743891239166
stage0_full_001,clean,c2r/height/place_phone_stand/seed_39116909/progress_000,place_phone_stand,seed_39116909,c2r,height,0.0,0,condition_video,,,,,,,,knn_k1,0.3086117208003998
stage0_full_001,clean,c2r/height/place_can_basket/seed_788353025/progress_000,place_can_basket,seed_788353025,c2r,height,0.0,0,condition_video,,,,,,,,knn_k1,0.34142646193504333
stage0_full_001,clean,c2r/height/place_object_scale/seed_603032508/progress_000,place_object_scale,seed_603032508,c2r,height,0.0,0,condition_video,,,,,,,,knn_k1,0.3544130325317383
stage0_full_001,clean,c2r/height/place_a2b_left/seed_240483131/progress_000,place_a2b_left,seed_240483131,c2r,height,0.0,0,condition_video,,,,,,,,knn_k1,0.3464193642139435
stage0_full_001,clean,c2r/height/grab_roller/seed_452075745/progress_000,grab_roller,seed_452075745,c2r,height,0.0,0,condition_video,,,,,,,,knn_k1,0.27219608426094055
stage0_full_001,clean,c2r/height/place_dual_shoes/seed_890676601/progress_000,place_dual_shoes,seed_890676601,c2r,height,0.0,0,condition_video,,,,,,,,knn_k1,0.2792123854160309
stage0_full_001,clean,c2r/height/place_empty_cup/seed_859277454/progress_000,place_empty_cup,seed_859277454,c2r,height,0.0,0,condition_video,,,,,,,,knn_k1,0.37997961044311523
stage0_full_001,clean,c2r/height/blocks_ranking_rgb/seed_114117740/progress_000,blocks_ranking_rgb,seed_114117740,c2r,height,0.0,0,condition_video,,,,,,,,knn_k1,0.40823447704315186
stage0_full_001,clean,aggregate,all,all,c2r,height,,0,condition_video,,,,,,,,knn_k1_mean,0.3430279844999313
stage0_full_001,clean,aggregate,all,group_split,c2r,height,,0,condition_video,,,,,,,,domain_balanced_accuracy,0.5
stage0_full_001,clean,aggregate,all,group_split,c2r,height,,0,condition_video,,,,,,,,domain_auroc,1.0
stage0_full_001,clean,c2r/light/stack_bowls_three/seed_317869620/progress_000,stack_bowls_three,seed_317869620,c2r,light,0.0,0,condition_video,,,,,,,,knn_k1,0.4468003511428833
stage0_full_001,clean,c2r/light/handover_block/seed_879311662/progress_000,handover_block,seed_879311662,c2r,light,0.0,0,condition_video,,,,,,,,knn_k1,0.5194080471992493
stage0_full_001,clean,c2r/light/hanging_mug/seed_459299139/progress_000,hanging_mug,seed_459299139,c2r,light,0.0,0,condition_video,,,,,,,,knn_k1,0.5027486681938171
stage0_full_001,clean,c2r/light/scan_object/seed_289038431/progress_000,scan_object,seed_289038431,c2r,light,0.0,0,condition_video,,,,,,,,knn_k1,0.4207041561603546
stage0_full_001,clean,c2r/light/lift_pot/seed_185598812/progress_000,lift_pot,seed_185598812,c2r,light,0.0,0,condition_video,,,,,,,,knn_k1,0.33316123485565186
stage0_full_001,clean,c2r/light/put_object_cabinet/seed_644929938/progress_000,put_object_cabinet,seed_644929938,c2r,light,0.0,0,condition_video,,,,,,,,knn_k1,0.3268827497959137
stage0_full_001,clean,c2r/light/stack_blocks_three/seed_314814982/progress_000,stack_blocks_three,seed_314814982,c2r,light,0.0,0,condition_video,,,,,,,,knn_k1,0.5557610392570496
stage0_full_001,clean,c2r/light/place_shoe/seed_259707623/progress_000,place_shoe,seed_259707623,c2r,light,0.0,0,condition_video,,,,,,,,knn_k1,0.4195185601711273
stage0_full_001,clean,c2r/light/adjust_bottle/seed_218427993/progress_000,adjust_bottle,seed_218427993,c2r,light,0.0,0,condition_video,,,,,,,,knn_k1,0.4170580506324768
stage0_full_001,clean,c2r/light/place_mouse_pad/seed_866209002/progress_000,place_mouse_pad,seed_866209002,c2r,light,0.0,0,condition_video,,,,,,,,knn_k1,0.48286932706832886
stage0_full_001,clean,c2r/light/dump_bin_bigbin/seed_423840151/progress_000,dump_bin_bigbin,seed_423840151,c2r,light,0.0,0,condition_video,,,,,,,,knn_k1,0.46544408798217773
stage0_full_001,clean,c2r/light/move_pillbottle_pad/seed_635002489/progress_000,move_pillbottle_pad,seed_635002489,c2r,light,0.0,0,condition_video,,,,,,,,knn_k1,0.5504428148269653
stage0_full_001,clean,c2r/light/pick_dual_bottles/seed_7690756/progress_000,pick_dual_bottles,seed_7690756,c2r,light,0.0,0,condition_video,,,,,,,,knn_k1,0.3892447054386139
stage0_full_001,clean,c2r/light/shake_bottle/seed_716268860/progress_000,shake_bottle,seed_716268860,c2r,light,0.0,0,condition_video,,,,,,,,knn_k1,0.576961100101471
stage0_full_001,clean,c2r/light/place_fan/seed_519267369/progress_000,place_fan,seed_519267369,c2r,light,0.0,0,condition_video,,,,,,,,knn_k1,0.4984269142150879
stage0_full_001,clean,c2r/light/turn_switch/seed_493838736/progress_000,turn_switch,seed_493838736,c2r,light,0.0,0,condition_video,,,,,,,,knn_k1,0.5204469561576843
stage0_full_001,clean,c2r/light/shake_bottle_horizontally/seed_497389386/progress_000,shake_bottle_horizontally,seed_497389386,c2r,light,0.0,0,condition_video,,,,,,,,knn_k1,0.46090489625930786
stage0_full_001,clean,c2r/light/place_container_plate/seed_252210122/progress_000,place_container_plate,seed_252210122,c2r,light,0.0,0,condition_video,,,,,,,,knn_k1,0.4982328414916992
stage0_full_001,clean,c2r/light/rotate_qrcode/seed_24255504/progress_000,rotate_qrcode,seed_24255504,c2r,light,0.0,0,condition_video,,,,,,,,knn_k1,0.4992259442806244
stage0_full_001,clean,c2r/light/place_object_stand/seed_603755546/progress_000,place_object_stand,seed_603755546,c2r,light,0.0,0,condition_video,,,,,,,,knn_k1,0.3909912109375
stage0_full_001,clean,c2r/light/put_bottles_dustbin/seed_473207494/progress_000,put_bottles_dustbin,seed_473207494,c2r,light,0.0,0,condition_video,,,,,,,,knn_k1,0.5256788730621338
stage0_full_001,clean,c2r/light/move_stapler_pad/seed_724544048/progress_000,move_stapler_pad,seed_724544048,c2r,light,0.0,0,condition_video,,,,,,,,knn_k1,0.6158363819122314
stage0_full_001,clean,c2r/light/place_burger_fries/seed_764956105/progress_000,place_burger_fries,seed_764956105,c2r,light,0.0,0,condition_video,,,,,,,,knn_k1,0.43380314111709595
stage0_full_001,clean,c2r/light/place_bread_basket/seed_548994270/progress_000,place_bread_basket,seed_548994270,c2r,light,0.0,0,condition_video,,,,,,,,knn_k1,0.4155053496360779
stage0_full_001,clean,c2r/light/pick_diverse_bottles/seed_469296516/progress_000,pick_diverse_bottles,seed_469296516,c2r,light,0.0,0,condition_video,,,,,,,,knn_k1,0.34068334102630615
stage0_full_001,clean,c2r/light/open_microwave/seed_126026794/progress_000,open_microwave,seed_126026794,c2r,light,0.0,0,condition_video,,,,,,,,knn_k1,0.37735700607299805
stage0_full_001,clean,c2r/light/beat_block_hammer/seed_190785939/progress_000,beat_block_hammer,seed_190785939,c2r,light,0.0,0,condition_video,,,,,,,,knn_k1,0.432688444852829
stage0_full_001,clean,c2r/light/press_stapler/seed_645584852/progress_000,press_stapler,seed_645584852,c2r,light,0.0,0,condition_video,,,,,,,,knn_k1,0.4502032995223999
stage0_full_001,clean,c2r/light/click_bell/seed_611142223/progress_000,click_bell,seed_611142223,c2r,light,0.0,0,condition_video,,,,,,,,knn_k1,0.44767823815345764
stage0_full_001,clean,c2r/light/move_playingcard_away/seed_698951458/progress_000,move_playingcard_away,seed_698951458,c2r,light,0.0,0,condition_video,,,,,,,,knn_k1,0.38798779249191284
stage0_full_001,clean,c2r/light/open_laptop/seed_627389206/progress_000,open_laptop,seed_627389206,c2r,light,0.0,0,condition_video,,,,,,,,knn_k1,0.4417164623737335
stage0_full_001,clean,c2r/light/move_can_pot/seed_248023816/progress_000,move_can_pot,seed_248023816,c2r,light,0.0,0,condition_video,,,,,,,,knn_k1,0.4143923819065094
stage0_full_001,clean,c2r/light/stack_bowls_two/seed_656246828/progress_000,stack_bowls_two,seed_656246828,c2r,light,0.0,0,condition_video,,,,,,,,knn_k1,0.4665374159812927
stage0_full_001,clean,c2r/light/place_a2b_right/seed_803416018/progress_000,place_a2b_right,seed_803416018,c2r,light,0.0,0,condition_video,,,,,,,,knn_k1,0.4052238464355469
stage0_full_001,clean,c2r/light/stamp_seal/seed_203079918/progress_000,stamp_seal,seed_203079918,c2r,light,0.0,0,condition_video,,,,,,,,knn_k1,0.4421018362045288
stage0_full_001,clean,c2r/light/place_object_basket/seed_241125908/progress_000,place_object_basket,seed_241125908,c2r,light,0.0,0,condition_video,,,,,,,,knn_k1,0.5265657901763916
stage0_full_001,clean,c2r/light/handover_mic/seed_283323218/progress_000,handover_mic,seed_283323218,c2r,light,0.0,0,condition_video,,,,,,,,knn_k1,0.5264591574668884
stage0_full_001,clean,c2r/light/place_bread_skillet/seed_156686976/progress_000,place_bread_skillet,seed_156686976,c2r,light,0.0,0,condition_video,,,,,,,,knn_k1,0.342771053314209
stage0_full_001,clean,c2r/light/stack_blocks_two/seed_803532712/progress_000,stack_blocks_two,seed_803532712,c2r,light,0.0,0,condition_video,,,,,,,,knn_k1,0.5607436895370483
stage0_full_001,clean,c2r/light/place_cans_plasticbox/seed_577981354/progress_000,place_cans_plasticbox,seed_577981354,c2r,light,0.0,0,condition_video,,,,,,,,knn_k1,0.4288216531276703
stage0_full_001,clean,c2r/light/click_alarmclock/seed_762866989/progress_000,click_alarmclock,seed_762866989,c2r,light,0.0,0,condition_video,,,,,,,,knn_k1,0.2897741496562958
stage0_full_001,clean,c2r/light/blocks_ranking_size/seed_505985753/progress_000,blocks_ranking_size,seed_505985753,c2r,light,0.0,0,condition_video,,,,,,,,knn_k1,0.5801986455917358
stage0_full_001,clean,c2r/light/place_phone_stand/seed_624751721/progress_000,place_phone_stand,seed_624751721,c2r,light,0.0,0,condition_video,,,,,,,,knn_k1,0.3976452052593231
stage0_full_001,clean,c2r/light/place_can_basket/seed_542145302/progress_000,place_can_basket,seed_542145302,c2r,light,0.0,0,condition_video,,,,,,,,knn_k1,0.3945906162261963
stage0_full_001,clean,c2r/light/place_object_scale/seed_722575534/progress_000,place_object_scale,seed_722575534,c2r,light,0.0,0,condition_video,,,,,,,,knn_k1,0.508895754814148
stage0_full_001,clean,c2r/light/place_a2b_left/seed_663079132/progress_000,place_a2b_left,seed_663079132,c2r,light,0.0,0,condition_video,,,,,,,,knn_k1,0.4191834628582001
stage0_full_001,clean,c2r/light/grab_roller/seed_482689013/progress_000,grab_roller,seed_482689013,c2r,light,0.0,0,condition_video,,,,,,,,knn_k1,0.4634115695953369
stage0_full_001,clean,c2r/light/place_dual_shoes/seed_319436374/progress_000,place_dual_shoes,seed_319436374,c2r,light,0.0,0,condition_video,,,,,,,,knn_k1,0.2931591868400574
stage0_full_001,clean,c2r/light/place_empty_cup/seed_606914953/progress_000,place_empty_cup,seed_606914953,c2r,light,0.0,0,condition_video,,,,,,,,knn_k1,0.4884960949420929
stage0_full_001,clean,c2r/light/blocks_ranking_rgb/seed_339352330/progress_000,blocks_ranking_rgb,seed_339352330,c2r,light,0.0,0,condition_video,,,,,,,,knn_k1,0.4635618329048157
stage0_full_001,clean,aggregate,all,all,c2r,light,,0,condition_video,,,,,,,,knn_k1_mean,0.45113810658454895
stage0_full_001,clean,aggregate,all,group_split,c2r,light,,0,condition_video,,,,,,,,domain_balanced_accuracy,0.5
stage0_full_001,clean,aggregate,all,group_split,c2r,light,,0,condition_video,,,,,,,,domain_auroc,1.0
stage0_full_001,clean,c2r/background/stack_bowls_three/seed_27804535/progress_000,stack_bowls_three,seed_27804535,c2r,background,0.0,10,condition_video,,,,,,,,knn_k1,0.2815324068069458
stage0_full_001,clean,c2r/background/handover_block/seed_120650234/progress_000,handover_block,seed_120650234,c2r,background,0.0,10,condition_video,,,,,,,,knn_k1,0.28007009625434875
stage0_full_001,clean,c2r/background/hanging_mug/seed_538778923/progress_000,hanging_mug,seed_538778923,c2r,background,0.0,10,condition_video,,,,,,,,knn_k1,0.26936402916908264
stage0_full_001,clean,c2r/background/scan_object/seed_262761732/progress_000,scan_object,seed_262761732,c2r,background,0.0,10,condition_video,,,,,,,,knn_k1,0.26415523886680603
stage0_full_001,clean,c2r/background/lift_pot/seed_710924868/progress_000,lift_pot,seed_710924868,c2r,background,0.0,10,condition_video,,,,,,,,knn_k1,0.22620922327041626
stage0_full_001,clean,c2r/background/put_object_cabinet/seed_13370600/progress_000,put_object_cabinet,seed_13370600,c2r,background,0.0,10,condition_video,,,,,,,,knn_k1,0.2572234869003296
stage0_full_001,clean,c2r/background/stack_blocks_three/seed_822087810/progress_000,stack_blocks_three,seed_822087810,c2r,background,0.0,10,condition_video,,,,,,,,knn_k1,0.2822588384151459
stage0_full_001,clean,c2r/background/place_shoe/seed_676166693/progress_000,place_shoe,seed_676166693,c2r,background,0.0,10,condition_video,,,,,,,,knn_k1,0.2330837994813919
stage0_full_001,clean,c2r/background/adjust_bottle/seed_863397555/progress_000,adjust_bottle,seed_863397555,c2r,background,0.0,10,condition_video,,,,,,,,knn_k1,0.2183317244052887
stage0_full_001,clean,c2r/background/place_mouse_pad/seed_457852611/progress_000,place_mouse_pad,seed_457852611,c2r,background,0.0,10,condition_video,,,,,,,,knn_k1,0.2262227088212967
stage0_full_001,clean,c2r/background/dump_bin_bigbin/seed_773111305/progress_000,dump_bin_bigbin,seed_773111305,c2r,background,0.0,10,condition_video,,,,,,,,knn_k1,0.24591830372810364
stage0_full_001,clean,c2r/background/move_pillbottle_pad/seed_568983342/progress_000,move_pillbottle_pad,seed_568983342,c2r,background,0.0,10,condition_video,,,,,,,,knn_k1,0.2354593276977539
stage0_full_001,clean,c2r/background/pick_dual_bottles/seed_117166061/progress_000,pick_dual_bottles,seed_117166061,c2r,background,0.0,10,condition_video,,,,,,,,knn_k1,0.2510139048099518
stage0_full_001,clean,c2r/background/shake_bottle/seed_331965946/progress_000,shake_bottle,seed_331965946,c2r,background,0.0,10,condition_video,,,,,,,,knn_k1,0.3043587803840637
stage0_full_001,clean,c2r/background/place_fan/seed_543070044/progress_000,place_fan,seed_543070044,c2r,background,0.0,10,condition_video,,,,,,,,knn_k1,0.233789324760437
stage0_full_001,clean,c2r/background/turn_switch/seed_489873751/progress_000,turn_switch,seed_489873751,c2r,background,0.0,10,condition_video,,,,,,,,knn_k1,0.20902997255325317
stage0_full_001,clean,c2r/background/shake_bottle_horizontally/seed_319358196/progress_000,shake_bottle_horizontally,seed_319358196,c2r,background,0.0,10,condition_video,,,,,,,,knn_k1,0.2958605885505676
stage0_full_001,clean,c2r/background/place_container_plate/seed_14431598/progress_000,place_container_plate,seed_14431598,c2r,background,0.0,10,condition_video,,,,,,,,knn_k1,0.2251998335123062
stage0_full_001,clean,c2r/background/rotate_qrcode/seed_372345110/progress_000,rotate_qrcode,seed_372345110,c2r,background,0.0,10,condition_video,,,,,,,,knn_k1,0.23198136687278748
stage0_full_001,clean,c2r/background/place_object_stand/seed_715864988/progress_000,place_object_stand,seed_715864988,c2r,background,0.0,10,condition_video,,,,,,,,knn_k1,0.20817779004573822
stage0_full_001,clean,c2r/background/put_bottles_dustbin/seed_455479075/progress_000,put_bottles_dustbin,seed_455479075,c2r,background,0.0,10,condition_video,,,,,,,,knn_k1,0.32393762469291687
stage0_full_001,clean,c2r/background/move_stapler_pad/seed_453776751/progress_000,move_stapler_pad,seed_453776751,c2r,background,0.0,10,condition_video,,,,,,,,knn_k1,0.22661784291267395
stage0_full_001,clean,c2r/background/place_burger_fries/seed_165469501/progress_000,place_burger_fries,seed_165469501,c2r,background,0.0,10,condition_video,,,,,,,,knn_k1,0.2635974586009979
stage0_full_001,clean,c2r/background/place_bread_basket/seed_490234398/progress_000,place_bread_basket,seed_490234398,c2r,background,0.0,10,condition_video,,,,,,,,knn_k1,0.2580953538417816
stage0_full_001,clean,c2r/background/pick_diverse_bottles/seed_886697844/progress_000,pick_diverse_bottles,seed_886697844,c2r,background,0.0,10,condition_video,,,,,,,,knn_k1,0.26283422112464905
stage0_full_001,clean,c2r/background/open_microwave/seed_443701932/progress_000,open_microwave,seed_443701932,c2r,background,0.0,10,condition_video,,,,,,,,knn_k1,0.29550039768218994
stage0_full_001,clean,c2r/background/beat_block_hammer/seed_797298394/progress_000,beat_block_hammer,seed_797298394,c2r,background,0.0,10,condition_video,,,,,,,,knn_k1,0.218870148062706
stage0_full_001,clean,c2r/background/press_stapler/seed_262831721/progress_000,press_stapler,seed_262831721,c2r,background,0.0,10,condition_video,,,,,,,,knn_k1,0.2157592922449112
stage0_full_001,clean,c2r/background/click_bell/seed_748992159/progress_000,click_bell,seed_748992159,c2r,background,0.0,10,condition_video,,,,,,,,knn_k1,0.19625157117843628
stage0_full_001,clean,c2r/background/move_playingcard_away/seed_114732817/progress_000,move_playingcard_away,seed_114732817,c2r,background,0.0,10,condition_video,,,,,,,,knn_k1,0.21791352331638336
stage0_full_001,clean,c2r/background/open_laptop/seed_121410776/progress_000,open_laptop,seed_121410776,c2r,background,0.0,10,condition_video,,,,,,,,knn_k1,0.2512910068035126
stage0_full_001,clean,c2r/background/move_can_pot/seed_600430797/progress_000,move_can_pot,seed_600430797,c2r,background,0.0,10,condition_video,,,,,,,,knn_k1,0.24133574962615967
stage0_full_001,clean,c2r/background/stack_bowls_two/seed_444040936/progress_000,stack_bowls_two,seed_444040936,c2r,background,0.0,10,condition_video,,,,,,,,knn_k1,0.2513865828514099
stage0_full_001,clean,c2r/background/place_a2b_right/seed_550624350/progress_000,place_a2b_right,seed_550624350,c2r,background,0.0,10,condition_video,,,,,,,,knn_k1,0.22733263671398163
stage0_full_001,clean,c2r/background/stamp_seal/seed_373032052/progress_000,stamp_seal,seed_373032052,c2r,background,0.0,10,condition_video,,,,,,,,knn_k1,0.2246491014957428
stage0_full_001,clean,c2r/background/place_object_basket/seed_13972055/progress_000,place_object_basket,seed_13972055,c2r,background,0.0,10,condition_video,,,,,,,,knn_k1,0.24474190175533295
stage0_full_001,clean,c2r/background/handover_mic/seed_791372736/progress_000,handover_mic,seed_791372736,c2r,background,0.0,10,condition_video,,,,,,,,knn_k1,0.24675427377223969
stage0_full_001,clean,c2r/background/place_bread_skillet/seed_682411729/progress_000,place_bread_skillet,seed_682411729,c2r,background,0.0,10,condition_video,,,,,,,,knn_k1,0.24708899855613708
stage0_full_001,clean,c2r/background/stack_blocks_two/seed_325046254/progress_000,stack_blocks_two,seed_325046254,c2r,background,0.0,10,condition_video,,,,,,,,knn_k1,0.26158174872398376
stage0_full_001,clean,c2r/background/place_cans_plasticbox/seed_851474539/progress_000,place_cans_plasticbox,seed_851474539,c2r,background,0.0,10,condition_video,,,,,,,,knn_k1,0.2761631906032562
stage0_full_001,clean,c2r/background/click_alarmclock/seed_597249174/progress_000,click_alarmclock,seed_597249174,c2r,background,0.0,10,condition_video,,,,,,,,knn_k1,0.18728108704090118
stage0_full_001,clean,c2r/background/blocks_ranking_size/seed_483186537/progress_000,blocks_ranking_size,seed_483186537,c2r,background,0.0,10,condition_video,,,,,,,,knn_k1,0.29241737723350525
stage0_full_001,clean,c2r/background/place_phone_stand/seed_844715882/progress_000,place_phone_stand,seed_844715882,c2r,background,0.0,10,condition_video,,,,,,,,knn_k1,0.21407592296600342
stage0_full_001,clean,c2r/background/place_can_basket/seed_873890208/progress_000,place_can_basket,seed_873890208,c2r,background,0.0,10,condition_video,,,,,,,,knn_k1,0.2611074447631836
stage0_full_001,clean,c2r/background/place_object_scale/seed_28989601/progress_000,place_object_scale,seed_28989601,c2r,background,0.0,10,condition_video,,,,,,,,knn_k1,0.2184295803308487
stage0_full_001,clean,c2r/background/place_a2b_left/seed_494714106/progress_000,place_a2b_left,seed_494714106,c2r,background,0.0,10,condition_video,,,,,,,,knn_k1,0.22369323670864105
stage0_full_001,clean,c2r/background/grab_roller/seed_274067892/progress_000,grab_roller,seed_274067892,c2r,background,0.0,10,condition_video,,,,,,,,knn_k1,0.22300730645656586
stage0_full_001,clean,c2r/background/place_dual_shoes/seed_100946921/progress_000,place_dual_shoes,seed_100946921,c2r,background,0.0,10,condition_video,,,,,,,,knn_k1,0.26228681206703186
stage0_full_001,clean,c2r/background/place_empty_cup/seed_66017520/progress_000,place_empty_cup,seed_66017520,c2r,background,0.0,10,condition_video,,,,,,,,knn_k1,0.23539385199546814
stage0_full_001,clean,c2r/background/blocks_ranking_rgb/seed_392877897/progress_000,blocks_ranking_rgb,seed_392877897,c2r,background,0.0,10,condition_video,,,,,,,,knn_k1,0.28892242908477783
stage0_full_001,clean,aggregate,all,all,c2r,background,,10,condition_video,,,,,,,,knn_k1_mean,0.24675116837024688
stage0_full_001,clean,aggregate,all,group_split,c2r,background,,10,condition_video,,,,,,,,domain_balanced_accuracy,0.5
stage0_full_001,clean,aggregate,all,group_split,c2r,background,,10,condition_video,,,,,,,,domain_auroc,1.0
stage0_full_001,clean,c2r/clutter/stack_bowls_three/seed_761954913/progress_000,stack_bowls_three,seed_761954913,c2r,clutter,0.0,10,condition_video,,,,,,,,knn_k1,0.2807370126247406
stage0_full_001,clean,c2r/clutter/handover_block/seed_624737248/progress_000,handover_block,seed_624737248,c2r,clutter,0.0,10,condition_video,,,,,,,,knn_k1,0.280750572681427
stage0_full_001,clean,c2r/clutter/hanging_mug/seed_853936167/progress_000,hanging_mug,seed_853936167,c2r,clutter,0.0,10,condition_video,,,,,,,,knn_k1,0.2689245939254761
stage0_full_001,clean,c2r/clutter/scan_object/seed_200154928/progress_000,scan_object,seed_200154928,c2r,clutter,0.0,10,condition_video,,,,,,,,knn_k1,0.2632211148738861
stage0_full_001,clean,c2r/clutter/lift_pot/seed_36841133/progress_000,lift_pot,seed_36841133,c2r,clutter,0.0,10,condition_video,,,,,,,,knn_k1,0.22662727534770966
stage0_full_001,clean,c2r/clutter/put_object_cabinet/seed_213141741/progress_000,put_object_cabinet,seed_213141741,c2r,clutter,0.0,10,condition_video,,,,,,,,knn_k1,0.25706034898757935
stage0_full_001,clean,c2r/clutter/stack_blocks_three/seed_885782772/progress_000,stack_blocks_three,seed_885782772,c2r,clutter,0.0,10,condition_video,,,,,,,,knn_k1,0.2818622887134552
stage0_full_001,clean,c2r/clutter/place_shoe/seed_148930251/progress_000,place_shoe,seed_148930251,c2r,clutter,0.0,10,condition_video,,,,,,,,knn_k1,0.23423254489898682
stage0_full_001,clean,c2r/clutter/adjust_bottle/seed_487447292/progress_000,adjust_bottle,seed_487447292,c2r,clutter,0.0,10,condition_video,,,,,,,,knn_k1,0.21852482855319977
stage0_full_001,clean,c2r/clutter/place_mouse_pad/seed_782913939/progress_000,place_mouse_pad,seed_782913939,c2r,clutter,0.0,10,condition_video,,,,,,,,knn_k1,0.2262439727783203
stage0_full_001,clean,c2r/clutter/dump_bin_bigbin/seed_48286788/progress_000,dump_bin_bigbin,seed_48286788,c2r,clutter,0.0,10,condition_video,,,,,,,,knn_k1,0.24414251744747162
stage0_full_001,clean,c2r/clutter/move_pillbottle_pad/seed_170572259/progress_000,move_pillbottle_pad,seed_170572259,c2r,clutter,0.0,10,condition_video,,,,,,,,knn_k1,0.2376554161310196
stage0_full_001,clean,c2r/clutter/pick_dual_bottles/seed_4182488/progress_000,pick_dual_bottles,seed_4182488,c2r,clutter,0.0,10,condition_video,,,,,,,,knn_k1,0.25129562616348267
stage0_full_001,clean,c2r/clutter/shake_bottle/seed_509663030/progress_000,shake_bottle,seed_509663030,c2r,clutter,0.0,10,condition_video,,,,,,,,knn_k1,0.3055415749549866
stage0_full_001,clean,c2r/clutter/place_fan/seed_847307321/progress_000,place_fan,seed_847307321,c2r,clutter,0.0,10,condition_video,,,,,,,,knn_k1,0.23256388306617737
stage0_full_001,clean,c2r/clutter/turn_switch/seed_106540409/progress_000,turn_switch,seed_106540409,c2r,clutter,0.0,10,condition_video,,,,,,,,knn_k1,0.21049046516418457
stage0_full_001,clean,c2r/clutter/shake_bottle_horizontally/seed_491429438/progress_000,shake_bottle_horizontally,seed_491429438,c2r,clutter,0.0,10,condition_video,,,,,,,,knn_k1,0.29453667998313904
stage0_full_001,clean,c2r/clutter/place_container_plate/seed_594486020/progress_000,place_container_plate,seed_594486020,c2r,clutter,0.0,10,condition_video,,,,,,,,knn_k1,0.22601570188999176
stage0_full_001,clean,c2r/clutter/rotate_qrcode/seed_362674036/progress_000,rotate_qrcode,seed_362674036,c2r,clutter,0.0,10,condition_video,,,,,,,,knn_k1,0.2331112027168274
stage0_full_001,clean,c2r/clutter/place_object_stand/seed_162697052/progress_000,place_object_stand,seed_162697052,c2r,clutter,0.0,10,condition_video,,,,,,,,knn_k1,0.20802120864391327
stage0_full_001,clean,c2r/clutter/put_bottles_dustbin/seed_148690198/progress_000,put_bottles_dustbin,seed_148690198,c2r,clutter,0.0,10,condition_video,,,,,,,,knn_k1,0.3190120458602905
stage0_full_001,clean,c2r/clutter/move_stapler_pad/seed_744409618/progress_000,move_stapler_pad,seed_744409618,c2r,clutter,0.0,10,condition_video,,,,,,,,knn_k1,0.22510825097560883
stage0_full_001,clean,c2r/clutter/place_burger_fries/seed_303636962/progress_000,place_burger_fries,seed_303636962,c2r,clutter,0.0,10,condition_video,,,,,,,,knn_k1,0.26263368129730225
stage0_full_001,clean,c2r/clutter/place_bread_basket/seed_105344671/progress_000,place_bread_basket,seed_105344671,c2r,clutter,0.0,10,condition_video,,,,,,,,knn_k1,0.25745999813079834
stage0_full_001,clean,c2r/clutter/pick_diverse_bottles/seed_21321356/progress_000,pick_diverse_bottles,seed_21321356,c2r,clutter,0.0,10,condition_video,,,,,,,,knn_k1,0.2591034173965454
stage0_full_001,clean,c2r/clutter/open_microwave/seed_136410473/progress_000,open_microwave,seed_136410473,c2r,clutter,0.0,10,condition_video,,,,,,,,knn_k1,0.29419568181037903
stage0_full_001,clean,c2r/clutter/beat_block_hammer/seed_36693999/progress_000,beat_block_hammer,seed_36693999,c2r,clutter,0.0,10,condition_video,,,,,,,,knn_k1,0.21916991472244263
stage0_full_001,clean,c2r/clutter/press_stapler/seed_880007787/progress_000,press_stapler,seed_880007787,c2r,clutter,0.0,10,condition_video,,,,,,,,knn_k1,0.21642468869686127
stage0_full_001,clean,c2r/clutter/click_bell/seed_539095014/progress_000,click_bell,seed_539095014,c2r,clutter,0.0,10,condition_video,,,,,,,,knn_k1,0.19639454782009125
stage0_full_001,clean,c2r/clutter/move_playingcard_away/seed_385288247/progress_000,move_playingcard_away,seed_385288247,c2r,clutter,0.0,10,condition_video,,,,,,,,knn_k1,0.21703335642814636
stage0_full_001,clean,c2r/clutter/open_laptop/seed_260421436/progress_000,open_laptop,seed_260421436,c2r,clutter,0.0,10,condition_video,,,,,,,,knn_k1,0.2527369558811188
stage0_full_001,clean,c2r/clutter/move_can_pot/seed_445842829/progress_000,move_can_pot,seed_445842829,c2r,clutter,0.0,10,condition_video,,,,,,,,knn_k1,0.23927247524261475
stage0_full_001,clean,c2r/clutter/stack_bowls_two/seed_408127787/progress_000,stack_bowls_two,seed_408127787,c2r,clutter,0.0,10,condition_video,,,,,,,,knn_k1,0.252176433801651
stage0_full_001,clean,c2r/clutter/place_a2b_right/seed_298826397/progress_000,place_a2b_right,seed_298826397,c2r,clutter,0.0,10,condition_video,,,,,,,,knn_k1,0.2275783121585846
stage0_full_001,clean,c2r/clutter/stamp_seal/seed_748150648/progress_000,stamp_seal,seed_748150648,c2r,clutter,0.0,10,condition_video,,,,,,,,knn_k1,0.22382640838623047
stage0_full_001,clean,c2r/clutter/place_object_basket/seed_455727417/progress_000,place_object_basket,seed_455727417,c2r,clutter,0.0,10,condition_video,,,,,,,,knn_k1,0.2533598840236664
stage0_full_001,clean,c2r/clutter/handover_mic/seed_27533572/progress_000,handover_mic,seed_27533572,c2r,clutter,0.0,10,condition_video,,,,,,,,knn_k1,0.24538008868694305
stage0_full_001,clean,c2r/clutter/place_bread_skillet/seed_470829968/progress_000,place_bread_skillet,seed_470829968,c2r,clutter,0.0,10,condition_video,,,,,,,,knn_k1,0.24430188536643982
stage0_full_001,clean,c2r/clutter/stack_blocks_two/seed_193292576/progress_000,stack_blocks_two,seed_193292576,c2r,clutter,0.0,10,condition_video,,,,,,,,knn_k1,0.26290374994277954
stage0_full_001,clean,c2r/clutter/place_cans_plasticbox/seed_552905247/progress_000,place_cans_plasticbox,seed_552905247,c2r,clutter,0.0,10,condition_video,,,,,,,,knn_k1,0.2773795425891876
stage0_full_001,clean,c2r/clutter/click_alarmclock/seed_257639388/progress_000,click_alarmclock,seed_257639388,c2r,clutter,0.0,10,condition_video,,,,,,,,knn_k1,0.1869790405035019
stage0_full_001,clean,c2r/clutter/blocks_ranking_size/seed_676842534/progress_000,blocks_ranking_size,seed_676842534,c2r,clutter,0.0,10,condition_video,,,,,,,,knn_k1,0.2931707203388214
stage0_full_001,clean,c2r/clutter/place_phone_stand/seed_560963078/progress_000,place_phone_stand,seed_560963078,c2r,clutter,0.0,10,condition_video,,,,,,,,knn_k1,0.21327805519104004
stage0_full_001,clean,c2r/clutter/place_can_basket/seed_578149817/progress_000,place_can_basket,seed_578149817,c2r,clutter,0.0,10,condition_video,,,,,,,,knn_k1,0.25105684995651245
stage0_full_001,clean,c2r/clutter/place_object_scale/seed_142945748/progress_000,place_object_scale,seed_142945748,c2r,clutter,0.0,10,condition_video,,,,,,,,knn_k1,0.22001995146274567
stage0_full_001,clean,c2r/clutter/place_a2b_left/seed_712001400/progress_000,place_a2b_left,seed_712001400,c2r,clutter,0.0,10,condition_video,,,,,,,,knn_k1,0.22499392926692963
stage0_full_001,clean,c2r/clutter/grab_roller/seed_489372951/progress_000,grab_roller,seed_489372951,c2r,clutter,0.0,10,condition_video,,,,,,,,knn_k1,0.22314727306365967
stage0_full_001,clean,c2r/clutter/place_dual_shoes/seed_486785621/progress_000,place_dual_shoes,seed_486785621,c2r,clutter,0.0,10,condition_video,,,,,,,,knn_k1,0.2628731429576874
stage0_full_001,clean,c2r/clutter/place_empty_cup/seed_270996463/progress_000,place_empty_cup,seed_270996463,c2r,clutter,0.0,10,condition_video,,,,,,,,knn_k1,0.2307375818490982
stage0_full_001,clean,c2r/clutter/blocks_ranking_rgb/seed_350545820/progress_000,blocks_ranking_rgb,seed_350545820,c2r,clutter,0.0,10,condition_video,,,,,,,,knn_k1,0.2884734570980072
stage0_full_001,clean,aggregate,all,all,c2r,clutter,,10,condition_video,,,,,,,,knn_k1_mean,0.2464348030090332
stage0_full_001,clean,aggregate,all,group_split,c2r,clutter,,10,condition_video,,,,,,,,domain_balanced_accuracy,0.5
stage0_full_001,clean,aggregate,all,group_split,c2r,clutter,,10,condition_video,,,,,,,,domain_auroc,1.0
stage0_full_001,clean,c2r/height/stack_bowls_three/seed_777107145/progress_000,stack_bowls_three,seed_777107145,c2r,height,0.0,10,condition_video,,,,,,,,knn_k1,0.27941298484802246
stage0_full_001,clean,c2r/height/handover_block/seed_153931416/progress_000,handover_block,seed_153931416,c2r,height,0.0,10,condition_video,,,,,,,,knn_k1,0.281600683927536
stage0_full_001,clean,c2r/height/hanging_mug/seed_797626889/progress_000,hanging_mug,seed_797626889,c2r,height,0.0,10,condition_video,,,,,,,,knn_k1,0.26911506056785583
stage0_full_001,clean,c2r/height/scan_object/seed_86820161/progress_000,scan_object,seed_86820161,c2r,height,0.0,10,condition_video,,,,,,,,knn_k1,0.26583072543144226
stage0_full_001,clean,c2r/height/lift_pot/seed_358880989/progress_000,lift_pot,seed_358880989,c2r,height,0.0,10,condition_video,,,,,,,,knn_k1,0.225266233086586
stage0_full_001,clean,c2r/height/put_object_cabinet/seed_579804476/progress_000,put_object_cabinet,seed_579804476,c2r,height,0.0,10,condition_video,,,,,,,,knn_k1,0.25617077946662903
stage0_full_001,clean,c2r/height/stack_blocks_three/seed_510834284/progress_000,stack_blocks_three,seed_510834284,c2r,height,0.0,10,condition_video,,,,,,,,knn_k1,0.2825739085674286
stage0_full_001,clean,c2r/height/place_shoe/seed_547565528/progress_000,place_shoe,seed_547565528,c2r,height,0.0,10,condition_video,,,,,,,,knn_k1,0.23064403235912323
stage0_full_001,clean,c2r/height/adjust_bottle/seed_455908385/progress_000,adjust_bottle,seed_455908385,c2r,height,0.0,10,condition_video,,,,,,,,knn_k1,0.2159281224012375
stage0_full_001,clean,c2r/height/place_mouse_pad/seed_747588073/progress_000,place_mouse_pad,seed_747588073,c2r,height,0.0,10,condition_video,,,,,,,,knn_k1,0.22710952162742615
stage0_full_001,clean,c2r/height/dump_bin_bigbin/seed_609125485/progress_000,dump_bin_bigbin,seed_609125485,c2r,height,0.0,10,condition_video,,,,,,,,knn_k1,0.24789930880069733
stage0_full_001,clean,c2r/height/move_pillbottle_pad/seed_454258712/progress_000,move_pillbottle_pad,seed_454258712,c2r,height,0.0,10,condition_video,,,,,,,,knn_k1,0.2418716698884964
stage0_full_001,clean,c2r/height/pick_dual_bottles/seed_625462229/progress_000,pick_dual_bottles,seed_625462229,c2r,height,0.0,10,condition_video,,,,,,,,knn_k1,0.24737125635147095
stage0_full_001,clean,c2r/height/shake_bottle/seed_11397417/progress_000,shake_bottle,seed_11397417,c2r,height,0.0,10,condition_video,,,,,,,,knn_k1,0.3022649884223938
stage0_full_001,clean,c2r/height/place_fan/seed_562359323/progress_000,place_fan,seed_562359323,c2r,height,0.0,10,condition_video,,,,,,,,knn_k1,0.2293226420879364
stage0_full_001,clean,c2r/height/turn_switch/seed_388598700/progress_000,turn_switch,seed_388598700,c2r,height,0.0,10,condition_video,,,,,,,,knn_k1,0.2134636789560318
stage0_full_001,clean,c2r/height/shake_bottle_horizontally/seed_506817488/progress_000,shake_bottle_horizontally,seed_506817488,c2r,height,0.0,10,condition_video,,,,,,,,knn_k1,0.2983531951904297
stage0_full_001,clean,c2r/height/place_container_plate/seed_661154812/progress_000,place_container_plate,seed_661154812,c2r,height,0.0,10,condition_video,,,,,,,,knn_k1,0.22622983157634735
stage0_full_001,clean,c2r/height/rotate_qrcode/seed_391550427/progress_000,rotate_qrcode,seed_391550427,c2r,height,0.0,10,condition_video,,,,,,,,knn_k1,0.2289600521326065
stage0_full_001,clean,c2r/height/place_object_stand/seed_520492387/progress_000,place_object_stand,seed_520492387,c2r,height,0.0,10,condition_video,,,,,,,,knn_k1,0.21292522549629211
stage0_full_001,clean,c2r/height/put_bottles_dustbin/seed_833796020/progress_000,put_bottles_dustbin,seed_833796020,c2r,height,0.0,10,condition_video,,,,,,,,knn_k1,0.3191757798194885
stage0_full_001,clean,c2r/height/move_stapler_pad/seed_626979943/progress_000,move_stapler_pad,seed_626979943,c2r,height,0.0,10,condition_video,,,,,,,,knn_k1,0.2262021005153656
stage0_full_001,clean,c2r/height/place_burger_fries/seed_44486756/progress_000,place_burger_fries,seed_44486756,c2r,height,0.0,10,condition_video,,,,,,,,knn_k1,0.2531422972679138
stage0_full_001,clean,c2r/height/place_bread_basket/seed_769514620/progress_000,place_bread_basket,seed_769514620,c2r,height,0.0,10,condition_video,,,,,,,,knn_k1,0.2606198787689209
stage0_full_001,clean,c2r/height/pick_diverse_bottles/seed_202104734/progress_000,pick_diverse_bottles,seed_202104734,c2r,height,0.0,10,condition_video,,,,,,,,knn_k1,0.2597658634185791
stage0_full_001,clean,c2r/height/open_microwave/seed_670586037/progress_000,open_microwave,seed_670586037,c2r,height,0.0,10,condition_video,,,,,,,,knn_k1,0.29522567987442017
stage0_full_001,clean,c2r/height/beat_block_hammer/seed_146228030/progress_000,beat_block_hammer,seed_146228030,c2r,height,0.0,10,condition_video,,,,,,,,knn_k1,0.2193637192249298
stage0_full_001,clean,c2r/height/press_stapler/seed_623879527/progress_000,press_stapler,seed_623879527,c2r,height,0.0,10,condition_video,,,,,,,,knn_k1,0.21807602047920227
stage0_full_001,clean,c2r/height/click_bell/seed_576942388/progress_000,click_bell,seed_576942388,c2r,height,0.0,10,condition_video,,,,,,,,knn_k1,0.20023125410079956
stage0_full_001,clean,c2r/height/move_playingcard_away/seed_468245999/progress_000,move_playingcard_away,seed_468245999,c2r,height,0.0,10,condition_video,,,,,,,,knn_k1,0.21993131935596466
stage0_full_001,clean,c2r/height/open_laptop/seed_273582622/progress_000,open_laptop,seed_273582622,c2r,height,0.0,10,condition_video,,,,,,,,knn_k1,0.25370174646377563
stage0_full_001,clean,c2r/height/move_can_pot/seed_285658487/progress_000,move_can_pot,seed_285658487,c2r,height,0.0,10,condition_video,,,,,,,,knn_k1,0.24183635413646698
stage0_full_001,clean,c2r/height/stack_bowls_two/seed_116018094/progress_000,stack_bowls_two,seed_116018094,c2r,height,0.0,10,condition_video,,,,,,,,knn_k1,0.2514040768146515
stage0_full_001,clean,c2r/height/place_a2b_right/seed_803724289/progress_000,place_a2b_right,seed_803724289,c2r,height,0.0,10,condition_video,,,,,,,,knn_k1,0.2315071076154709
stage0_full_001,clean,c2r/height/stamp_seal/seed_391510540/progress_000,stamp_seal,seed_391510540,c2r,height,0.0,10,condition_video,,,,,,,,knn_k1,0.2242172509431839
stage0_full_001,clean,c2r/height/place_object_basket/seed_760526045/progress_000,place_object_basket,seed_760526045,c2r,height,0.0,10,condition_video,,,,,,,,knn_k1,0.24446548521518707
stage0_full_001,clean,c2r/height/handover_mic/seed_537376167/progress_000,handover_mic,seed_537376167,c2r,height,0.0,10,condition_video,,,,,,,,knn_k1,0.24678540229797363
stage0_full_001,clean,c2r/height/place_bread_skillet/seed_394408374/progress_000,place_bread_skillet,seed_394408374,c2r,height,0.0,10,condition_video,,,,,,,,knn_k1,0.24364839494228363
stage0_full_001,clean,c2r/height/stack_blocks_two/seed_639631926/progress_000,stack_blocks_two,seed_639631926,c2r,height,0.0,10,condition_video,,,,,,,,knn_k1,0.2614178955554962
stage0_full_001,clean,c2r/height/place_cans_plasticbox/seed_514553626/progress_000,place_cans_plasticbox,seed_514553626,c2r,height,0.0,10,condition_video,,,,,,,,knn_k1,0.27595099806785583
stage0_full_001,clean,c2r/height/click_alarmclock/seed_789543505/progress_000,click_alarmclock,seed_789543505,c2r,height,0.0,10,condition_video,,,,,,,,knn_k1,0.19268465042114258
stage0_full_001,clean,c2r/height/blocks_ranking_size/seed_3661514/progress_000,blocks_ranking_size,seed_3661514,c2r,height,0.0,10,condition_video,,,,,,,,knn_k1,0.2923153340816498
stage0_full_001,clean,c2r/height/place_phone_stand/seed_39116909/progress_000,place_phone_stand,seed_39116909,c2r,height,0.0,10,condition_video,,,,,,,,knn_k1,0.21324561536312103
stage0_full_001,clean,c2r/height/place_can_basket/seed_788353025/progress_000,place_can_basket,seed_788353025,c2r,height,0.0,10,condition_video,,,,,,,,knn_k1,0.2492704689502716
stage0_full_001,clean,c2r/height/place_object_scale/seed_603032508/progress_000,place_object_scale,seed_603032508,c2r,height,0.0,10,condition_video,,,,,,,,knn_k1,0.22067296504974365
stage0_full_001,clean,c2r/height/place_a2b_left/seed_240483131/progress_000,place_a2b_left,seed_240483131,c2r,height,0.0,10,condition_video,,,,,,,,knn_k1,0.22205698490142822
stage0_full_001,clean,c2r/height/grab_roller/seed_452075745/progress_000,grab_roller,seed_452075745,c2r,height,0.0,10,condition_video,,,,,,,,knn_k1,0.2230764925479889
stage0_full_001,clean,c2r/height/place_dual_shoes/seed_890676601/progress_000,place_dual_shoes,seed_890676601,c2r,height,0.0,10,condition_video,,,,,,,,knn_k1,0.2598527669906616
stage0_full_001,clean,c2r/height/place_empty_cup/seed_859277454/progress_000,place_empty_cup,seed_859277454,c2r,height,0.0,10,condition_video,,,,,,,,knn_k1,0.23204198479652405
stage0_full_001,clean,c2r/height/blocks_ranking_rgb/seed_114117740/progress_000,blocks_ranking_rgb,seed_114117740,c2r,height,0.0,10,condition_video,,,,,,,,knn_k1,0.2911113202571869
stage0_full_001,clean,aggregate,all,all,c2r,height,,10,condition_video,,,,,,,,knn_k1_mean,0.24650622218847273
stage0_full_001,clean,aggregate,all,group_split,c2r,height,,10,condition_video,,,,,,,,domain_balanced_accuracy,0.5
stage0_full_001,clean,aggregate,all,group_split,c2r,height,,10,condition_video,,,,,,,,domain_auroc,1.0
stage0_full_001,clean,c2r/light/stack_bowls_three/seed_317869620/progress_000,stack_bowls_three,seed_317869620,c2r,light,0.0,10,condition_video,,,,,,,,knn_k1,0.3294624090194702
stage0_full_001,clean,c2r/light/handover_block/seed_879311662/progress_000,handover_block,seed_879311662,c2r,light,0.0,10,condition_video,,,,,,,,knn_k1,0.37269625067710876
stage0_full_001,clean,c2r/light/hanging_mug/seed_459299139/progress_000,hanging_mug,seed_459299139,c2r,light,0.0,10,condition_video,,,,,,,,knn_k1,0.3471461236476898
stage0_full_001,clean,c2r/light/scan_object/seed_289038431/progress_000,scan_object,seed_289038431,c2r,light,0.0,10,condition_video,,,,,,,,knn_k1,0.31273698806762695
stage0_full_001,clean,c2r/light/lift_pot/seed_185598812/progress_000,lift_pot,seed_185598812,c2r,light,0.0,10,condition_video,,,,,,,,knn_k1,0.2389635443687439
stage0_full_001,clean,c2r/light/put_object_cabinet/seed_644929938/progress_000,put_object_cabinet,seed_644929938,c2r,light,0.0,10,condition_video,,,,,,,,knn_k1,0.2967691421508789
stage0_full_001,clean,c2r/light/stack_blocks_three/seed_314814982/progress_000,stack_blocks_three,seed_314814982,c2r,light,0.0,10,condition_video,,,,,,,,knn_k1,0.34435585141181946
stage0_full_001,clean,c2r/light/place_shoe/seed_259707623/progress_000,place_shoe,seed_259707623,c2r,light,0.0,10,condition_video,,,,,,,,knn_k1,0.28988832235336304
stage0_full_001,clean,c2r/light/adjust_bottle/seed_218427993/progress_000,adjust_bottle,seed_218427993,c2r,light,0.0,10,condition_video,,,,,,,,knn_k1,0.2614718973636627
stage0_full_001,clean,c2r/light/place_mouse_pad/seed_866209002/progress_000,place_mouse_pad,seed_866209002,c2r,light,0.0,10,condition_video,,,,,,,,knn_k1,0.30639076232910156
stage0_full_001,clean,c2r/light/dump_bin_bigbin/seed_423840151/progress_000,dump_bin_bigbin,seed_423840151,c2r,light,0.0,10,condition_video,,,,,,,,knn_k1,0.3272293210029602
stage0_full_001,clean,c2r/light/move_pillbottle_pad/seed_635002489/progress_000,move_pillbottle_pad,seed_635002489,c2r,light,0.0,10,condition_video,,,,,,,,knn_k1,0.3328011929988861
stage0_full_001,clean,c2r/light/pick_dual_bottles/seed_7690756/progress_000,pick_dual_bottles,seed_7690756,c2r,light,0.0,10,condition_video,,,,,,,,knn_k1,0.2969798147678375
stage0_full_001,clean,c2r/light/shake_bottle/seed_716268860/progress_000,shake_bottle,seed_716268860,c2r,light,0.0,10,condition_video,,,,,,,,knn_k1,0.37372061610221863
stage0_full_001,clean,c2r/light/place_fan/seed_519267369/progress_000,place_fan,seed_519267369,c2r,light,0.0,10,condition_video,,,,,,,,knn_k1,0.3019829988479614
stage0_full_001,clean,c2r/light/turn_switch/seed_493838736/progress_000,turn_switch,seed_493838736,c2r,light,0.0,10,condition_video,,,,,,,,knn_k1,0.3263762295246124
stage0_full_001,clean,c2r/light/shake_bottle_horizontally/seed_497389386/progress_000,shake_bottle_horizontally,seed_497389386,c2r,light,0.0,10,condition_video,,,,,,,,knn_k1,0.3535414934158325
stage0_full_001,clean,c2r/light/place_container_plate/seed_252210122/progress_000,place_container_plate,seed_252210122,c2r,light,0.0,10,condition_video,,,,,,,,knn_k1,0.32504579424858093
stage0_full_001,clean,c2r/light/rotate_qrcode/seed_24255504/progress_000,rotate_qrcode,seed_24255504,c2r,light,0.0,10,condition_video,,,,,,,,knn_k1,0.33451083302497864
stage0_full_001,clean,c2r/light/place_object_stand/seed_603755546/progress_000,place_object_stand,seed_603755546,c2r,light,0.0,10,condition_video,,,,,,,,knn_k1,0.24315352737903595
stage0_full_001,clean,c2r/light/put_bottles_dustbin/seed_473207494/progress_000,put_bottles_dustbin,seed_473207494,c2r,light,0.0,10,condition_video,,,,,,,,knn_k1,0.3823823630809784
stage0_full_001,clean,c2r/light/move_stapler_pad/seed_724544048/progress_000,move_stapler_pad,seed_724544048,c2r,light,0.0,10,condition_video,,,,,,,,knn_k1,0.3610997498035431
stage0_full_001,clean,c2r/light/place_burger_fries/seed_764956105/progress_000,place_burger_fries,seed_764956105,c2r,light,0.0,10,condition_video,,,,,,,,knn_k1,0.30914050340652466
stage0_full_001,clean,c2r/light/place_bread_basket/seed_548994270/progress_000,place_bread_basket,seed_548994270,c2r,light,0.0,10,condition_video,,,,,,,,knn_k1,0.30014216899871826
stage0_full_001,clean,c2r/light/pick_diverse_bottles/seed_469296516/progress_000,pick_diverse_bottles,seed_469296516,c2r,light,0.0,10,condition_video,,,,,,,,knn_k1,0.29995009303092957
stage0_full_001,clean,c2r/light/open_microwave/seed_126026794/progress_000,open_microwave,seed_126026794,c2r,light,0.0,10,condition_video,,,,,,,,knn_k1,0.3507905900478363
stage0_full_001,clean,c2r/light/beat_block_hammer/seed_190785939/progress_000,beat_block_hammer,seed_190785939,c2r,light,0.0,10,condition_video,,,,,,,,knn_k1,0.30305179953575134
stage0_full_001,clean,c2r/light/press_stapler/seed_645584852/progress_000,press_stapler,seed_645584852,c2r,light,0.0,10,condition_video,,,,,,,,knn_k1,0.29877254366874695
stage0_full_001,clean,c2r/light/click_bell/seed_611142223/progress_000,click_bell,seed_611142223,c2r,light,0.0,10,condition_video,,,,,,,,knn_k1,0.25680413842201233
stage0_full_001,clean,c2r/light/move_playingcard_away/seed_698951458/progress_000,move_playingcard_away,seed_698951458,c2r,light,0.0,10,condition_video,,,,,,,,knn_k1,0.24082180857658386
stage0_full_001,clean,c2r/light/open_laptop/seed_627389206/progress_000,open_laptop,seed_627389206,c2r,light,0.0,10,condition_video,,,,,,,,knn_k1,0.27858683466911316
stage0_full_001,clean,c2r/light/move_can_pot/seed_248023816/progress_000,move_can_pot,seed_248023816,c2r,light,0.0,10,condition_video,,,,,,,,knn_k1,0.29422175884246826
stage0_full_001,clean,c2r/light/stack_bowls_two/seed_656246828/progress_000,stack_bowls_two,seed_656246828,c2r,light,0.0,10,condition_video,,,,,,,,knn_k1,0.31201979517936707
stage0_full_001,clean,c2r/light/place_a2b_right/seed_803416018/progress_000,place_a2b_right,seed_803416018,c2r,light,0.0,10,condition_video,,,,,,,,knn_k1,0.2686085104942322
stage0_full_001,clean,c2r/light/stamp_seal/seed_203079918/progress_000,stamp_seal,seed_203079918,c2r,light,0.0,10,condition_video,,,,,,,,knn_k1,0.27809974551200867
stage0_full_001,clean,c2r/light/place_object_basket/seed_241125908/progress_000,place_object_basket,seed_241125908,c2r,light,0.0,10,condition_video,,,,,,,,knn_k1,0.3442149758338928
stage0_full_001,clean,c2r/light/handover_mic/seed_283323218/progress_000,handover_mic,seed_283323218,c2r,light,0.0,10,condition_video,,,,,,,,knn_k1,0.3663068413734436
stage0_full_001,clean,c2r/light/place_bread_skillet/seed_156686976/progress_000,place_bread_skillet,seed_156686976,c2r,light,0.0,10,condition_video,,,,,,,,knn_k1,0.2676350176334381
stage0_full_001,clean,c2r/light/stack_blocks_two/seed_803532712/progress_000,stack_blocks_two,seed_803532712,c2r,light,0.0,10,condition_video,,,,,,,,knn_k1,0.36084744334220886
stage0_full_001,clean,c2r/light/place_cans_plasticbox/seed_577981354/progress_000,place_cans_plasticbox,seed_577981354,c2r,light,0.0,10,condition_video,,,,,,,,knn_k1,0.31646135449409485
stage0_full_001,clean,c2r/light/click_alarmclock/seed_762866989/progress_000,click_alarmclock,seed_762866989,c2r,light,0.0,10,condition_video,,,,,,,,knn_k1,0.19396531581878662
stage0_full_001,clean,c2r/light/blocks_ranking_size/seed_505985753/progress_000,blocks_ranking_size,seed_505985753,c2r,light,0.0,10,condition_video,,,,,,,,knn_k1,0.3798333406448364
stage0_full_001,clean,c2r/light/place_phone_stand/seed_624751721/progress_000,place_phone_stand,seed_624751721,c2r,light,0.0,10,condition_video,,,,,,,,knn_k1,0.28426095843315125
stage0_full_001,clean,c2r/light/place_can_basket/seed_542145302/progress_000,place_can_basket,seed_542145302,c2r,light,0.0,10,condition_video,,,,,,,,knn_k1,0.27711713314056396
stage0_full_001,clean,c2r/light/place_object_scale/seed_722575534/progress_000,place_object_scale,seed_722575534,c2r,light,0.0,10,condition_video,,,,,,,,knn_k1,0.28411567211151123
stage0_full_001,clean,c2r/light/place_a2b_left/seed_663079132/progress_000,place_a2b_left,seed_663079132,c2r,light,0.0,10,condition_video,,,,,,,,knn_k1,0.2515513300895691
stage0_full_001,clean,c2r/light/grab_roller/seed_482689013/progress_000,grab_roller,seed_482689013,c2r,light,0.0,10,condition_video,,,,,,,,knn_k1,0.3318082392215729
stage0_full_001,clean,c2r/light/place_dual_shoes/seed_319436374/progress_000,place_dual_shoes,seed_319436374,c2r,light,0.0,10,condition_video,,,,,,,,knn_k1,0.2668077051639557
stage0_full_001,clean,c2r/light/place_empty_cup/seed_606914953/progress_000,place_empty_cup,seed_606914953,c2r,light,0.0,10,condition_video,,,,,,,,knn_k1,0.2754608988761902
stage0_full_001,clean,c2r/light/blocks_ranking_rgb/seed_339352330/progress_000,blocks_ranking_rgb,seed_339352330,c2r,light,0.0,10,condition_video,,,,,,,,knn_k1,0.3267366886138916
stage0_full_001,clean,aggregate,all,all,c2r,light,,10,condition_video,,,,,,,,knn_k1_mean,0.3075367686152458
stage0_full_001,clean,aggregate,all,group_split,c2r,light,,10,condition_video,,,,,,,,domain_balanced_accuracy,0.5
stage0_full_001,clean,aggregate,all,group_split,c2r,light,,10,condition_video,,,,,,,,domain_auroc,1.0
stage0_full_001,clean,c2r/background/stack_bowls_three/seed_27804535/progress_000,stack_bowls_three,seed_27804535,c2r,background,0.0,19,condition_video,,,,,,,,knn_k1,0.30999433994293213
stage0_full_001,clean,c2r/background/handover_block/seed_120650234/progress_000,handover_block,seed_120650234,c2r,background,0.0,19,condition_video,,,,,,,,knn_k1,0.3061845898628235
stage0_full_001,clean,c2r/background/hanging_mug/seed_538778923/progress_000,hanging_mug,seed_538778923,c2r,background,0.0,19,condition_video,,,,,,,,knn_k1,0.2987295687198639
stage0_full_001,clean,c2r/background/scan_object/seed_262761732/progress_000,scan_object,seed_262761732,c2r,background,0.0,19,condition_video,,,,,,,,knn_k1,0.2945091128349304
stage0_full_001,clean,c2r/background/lift_pot/seed_710924868/progress_000,lift_pot,seed_710924868,c2r,background,0.0,19,condition_video,,,,,,,,knn_k1,0.26020514965057373
stage0_full_001,clean,c2r/background/put_object_cabinet/seed_13370600/progress_000,put_object_cabinet,seed_13370600,c2r,background,0.0,19,condition_video,,,,,,,,knn_k1,0.29660555720329285
stage0_full_001,clean,c2r/background/stack_blocks_three/seed_822087810/progress_000,stack_blocks_three,seed_822087810,c2r,background,0.0,19,condition_video,,,,,,,,knn_k1,0.32159870862960815
stage0_full_001,clean,c2r/background/place_shoe/seed_676166693/progress_000,place_shoe,seed_676166693,c2r,background,0.0,19,condition_video,,,,,,,,knn_k1,0.2815588116645813
stage0_full_001,clean,c2r/background/adjust_bottle/seed_863397555/progress_000,adjust_bottle,seed_863397555,c2r,background,0.0,19,condition_video,,,,,,,,knn_k1,0.2615305483341217
stage0_full_001,clean,c2r/background/place_mouse_pad/seed_457852611/progress_000,place_mouse_pad,seed_457852611,c2r,background,0.0,19,condition_video,,,,,,,,knn_k1,0.28829941153526306
stage0_full_001,clean,c2r/background/dump_bin_bigbin/seed_773111305/progress_000,dump_bin_bigbin,seed_773111305,c2r,background,0.0,19,condition_video,,,,,,,,knn_k1,0.29253095388412476
stage0_full_001,clean,c2r/background/move_pillbottle_pad/seed_568983342/progress_000,move_pillbottle_pad,seed_568983342,c2r,background,0.0,19,condition_video,,,,,,,,knn_k1,0.27669569849967957
stage0_full_001,clean,c2r/background/pick_dual_bottles/seed_117166061/progress_000,pick_dual_bottles,seed_117166061,c2r,background,0.0,19,condition_video,,,,,,,,knn_k1,0.2840108573436737
stage0_full_001,clean,c2r/background/shake_bottle/seed_331965946/progress_000,shake_bottle,seed_331965946,c2r,background,0.0,19,condition_video,,,,,,,,knn_k1,0.35875868797302246
stage0_full_001,clean,c2r/background/place_fan/seed_543070044/progress_000,place_fan,seed_543070044,c2r,background,0.0,19,condition_video,,,,,,,,knn_k1,0.2806166708469391
stage0_full_001,clean,c2r/background/turn_switch/seed_489873751/progress_000,turn_switch,seed_489873751,c2r,background,0.0,19,condition_video,,,,,,,,knn_k1,0.26277002692222595
stage0_full_001,clean,c2r/background/shake_bottle_horizontally/seed_319358196/progress_000,shake_bottle_horizontally,seed_319358196,c2r,background,0.0,19,condition_video,,,,,,,,knn_k1,0.34343746304512024
stage0_full_001,clean,c2r/background/place_container_plate/seed_14431598/progress_000,place_container_plate,seed_14431598,c2r,background,0.0,19,condition_video,,,,,,,,knn_k1,0.2703567147254944
stage0_full_001,clean,c2r/background/rotate_qrcode/seed_372345110/progress_000,rotate_qrcode,seed_372345110,c2r,background,0.0,19,condition_video,,,,,,,,knn_k1,0.2919605076313019
stage0_full_001,clean,c2r/background/place_object_stand/seed_715864988/progress_000,place_object_stand,seed_715864988,c2r,background,0.0,19,condition_video,,,,,,,,knn_k1,0.25107428431510925
stage0_full_001,clean,c2r/background/put_bottles_dustbin/seed_455479075/progress_000,put_bottles_dustbin,seed_455479075,c2r,background,0.0,19,condition_video,,,,,,,,knn_k1,0.3420441448688507
stage0_full_001,clean,c2r/background/move_stapler_pad/seed_453776751/progress_000,move_stapler_pad,seed_453776751,c2r,background,0.0,19,condition_video,,,,,,,,knn_k1,0.286965936422348
stage0_full_001,clean,c2r/background/place_burger_fries/seed_165469501/progress_000,place_burger_fries,seed_165469501,c2r,background,0.0,19,condition_video,,,,,,,,knn_k1,0.3087492287158966
stage0_full_001,clean,c2r/background/place_bread_basket/seed_490234398/progress_000,place_bread_basket,seed_490234398,c2r,background,0.0,19,condition_video,,,,,,,,knn_k1,0.2944081723690033
stage0_full_001,clean,c2r/background/pick_diverse_bottles/seed_886697844/progress_000,pick_diverse_bottles,seed_886697844,c2r,background,0.0,19,condition_video,,,,,,,,knn_k1,0.2881334722042084
stage0_full_001,clean,c2r/background/open_microwave/seed_443701932/progress_000,open_microwave,seed_443701932,c2r,background,0.0,19,condition_video,,,,,,,,knn_k1,0.3407936096191406
stage0_full_001,clean,c2r/background/beat_block_hammer/seed_797298394/progress_000,beat_block_hammer,seed_797298394,c2r,background,0.0,19,condition_video,,,,,,,,knn_k1,0.25642043352127075
stage0_full_001,clean,c2r/background/press_stapler/seed_262831721/progress_000,press_stapler,seed_262831721,c2r,background,0.0,19,condition_video,,,,,,,,knn_k1,0.2649116814136505
stage0_full_001,clean,c2r/background/click_bell/seed_748992159/progress_000,click_bell,seed_748992159,c2r,background,0.0,19,condition_video,,,,,,,,knn_k1,0.2487792670726776
stage0_full_001,clean,c2r/background/move_playingcard_away/seed_114732817/progress_000,move_playingcard_away,seed_114732817,c2r,background,0.0,19,condition_video,,,,,,,,knn_k1,0.2697688639163971
stage0_full_001,clean,c2r/background/open_laptop/seed_121410776/progress_000,open_laptop,seed_121410776,c2r,background,0.0,19,condition_video,,,,,,,,knn_k1,0.2997003197669983
stage0_full_001,clean,c2r/background/move_can_pot/seed_600430797/progress_000,move_can_pot,seed_600430797,c2r,background,0.0,19,condition_video,,,,,,,,knn_k1,0.28965553641319275
stage0_full_001,clean,c2r/background/stack_bowls_two/seed_444040936/progress_000,stack_bowls_two,seed_444040936,c2r,background,0.0,19,condition_video,,,,,,,,knn_k1,0.28950196504592896
stage0_full_001,clean,c2r/background/place_a2b_right/seed_550624350/progress_000,place_a2b_right,seed_550624350,c2r,background,0.0,19,condition_video,,,,,,,,knn_k1,0.27032187581062317
stage0_full_001,clean,c2r/background/stamp_seal/seed_373032052/progress_000,stamp_seal,seed_373032052,c2r,background,0.0,19,condition_video,,,,,,,,knn_k1,0.2712048292160034
stage0_full_001,clean,c2r/background/place_object_basket/seed_13972055/progress_000,place_object_basket,seed_13972055,c2r,background,0.0,19,condition_video,,,,,,,,knn_k1,0.295761376619339
stage0_full_001,clean,c2r/background/handover_mic/seed_791372736/progress_000,handover_mic,seed_791372736,c2r,background,0.0,19,condition_video,,,,,,,,knn_k1,0.2882709503173828
stage0_full_001,clean,c2r/background/place_bread_skillet/seed_682411729/progress_000,place_bread_skillet,seed_682411729,c2r,background,0.0,19,condition_video,,,,,,,,knn_k1,0.2875927984714508
stage0_full_001,clean,c2r/background/stack_blocks_two/seed_325046254/progress_000,stack_blocks_two,seed_325046254,c2r,background,0.0,19,condition_video,,,,,,,,knn_k1,0.2992447018623352
stage0_full_001,clean,c2r/background/place_cans_plasticbox/seed_851474539/progress_000,place_cans_plasticbox,seed_851474539,c2r,background,0.0,19,condition_video,,,,,,,,knn_k1,0.30563944578170776
stage0_full_001,clean,c2r/background/click_alarmclock/seed_597249174/progress_000,click_alarmclock,seed_597249174,c2r,background,0.0,19,condition_video,,,,,,,,knn_k1,0.22708289325237274
stage0_full_001,clean,c2r/background/blocks_ranking_size/seed_483186537/progress_000,blocks_ranking_size,seed_483186537,c2r,background,0.0,19,condition_video,,,,,,,,knn_k1,0.3244951665401459
stage0_full_001,clean,c2r/background/place_phone_stand/seed_844715882/progress_000,place_phone_stand,seed_844715882,c2r,background,0.0,19,condition_video,,,,,,,,knn_k1,0.25526461005210876
stage0_full_001,clean,c2r/background/place_can_basket/seed_873890208/progress_000,place_can_basket,seed_873890208,c2r,background,0.0,19,condition_video,,,,,,,,knn_k1,0.3067089915275574
stage0_full_001,clean,c2r/background/place_object_scale/seed_28989601/progress_000,place_object_scale,seed_28989601,c2r,background,0.0,19,condition_video,,,,,,,,knn_k1,0.2659512460231781
stage0_full_001,clean,c2r/background/place_a2b_left/seed_494714106/progress_000,place_a2b_left,seed_494714106,c2r,background,0.0,19,condition_video,,,,,,,,knn_k1,0.273891419172287
stage0_full_001,clean,c2r/background/grab_roller/seed_274067892/progress_000,grab_roller,seed_274067892,c2r,background,0.0,19,condition_video,,,,,,,,knn_k1,0.2606377601623535
stage0_full_001,clean,c2r/background/place_dual_shoes/seed_100946921/progress_000,place_dual_shoes,seed_100946921,c2r,background,0.0,19,condition_video,,,,,,,,knn_k1,0.3045957386493683
stage0_full_001,clean,c2r/background/place_empty_cup/seed_66017520/progress_000,place_empty_cup,seed_66017520,c2r,background,0.0,19,condition_video,,,,,,,,knn_k1,0.2835029661655426
stage0_full_001,clean,c2r/background/blocks_ranking_rgb/seed_392877897/progress_000,blocks_ranking_rgb,seed_392877897,c2r,background,0.0,19,condition_video,,,,,,,,knn_k1,0.3215547204017639
stage0_full_001,clean,aggregate,all,all,c2r,background,,19,condition_video,,,,,,,,knn_k1_mean,0.28905963569879534
stage0_full_001,clean,aggregate,all,group_split,c2r,background,,19,condition_video,,,,,,,,domain_balanced_accuracy,0.5
stage0_full_001,clean,aggregate,all,group_split,c2r,background,,19,condition_video,,,,,,,,domain_auroc,1.0
stage0_full_001,clean,c2r/clutter/stack_bowls_three/seed_761954913/progress_000,stack_bowls_three,seed_761954913,c2r,clutter,0.0,19,condition_video,,,,,,,,knn_k1,0.3094745874404907
stage0_full_001,clean,c2r/clutter/handover_block/seed_624737248/progress_000,handover_block,seed_624737248,c2r,clutter,0.0,19,condition_video,,,,,,,,knn_k1,0.30677515268325806
stage0_full_001,clean,c2r/clutter/hanging_mug/seed_853936167/progress_000,hanging_mug,seed_853936167,c2r,clutter,0.0,19,condition_video,,,,,,,,knn_k1,0.29647964239120483
stage0_full_001,clean,c2r/clutter/scan_object/seed_200154928/progress_000,scan_object,seed_200154928,c2r,clutter,0.0,19,condition_video,,,,,,,,knn_k1,0.2936355173587799
stage0_full_001,clean,c2r/clutter/lift_pot/seed_36841133/progress_000,lift_pot,seed_36841133,c2r,clutter,0.0,19,condition_video,,,,,,,,knn_k1,0.2618403136730194
stage0_full_001,clean,c2r/clutter/put_object_cabinet/seed_213141741/progress_000,put_object_cabinet,seed_213141741,c2r,clutter,0.0,19,condition_video,,,,,,,,knn_k1,0.2955196797847748
stage0_full_001,clean,c2r/clutter/stack_blocks_three/seed_885782772/progress_000,stack_blocks_three,seed_885782772,c2r,clutter,0.0,19,condition_video,,,,,,,,knn_k1,0.3224114179611206
stage0_full_001,clean,c2r/clutter/place_shoe/seed_148930251/progress_000,place_shoe,seed_148930251,c2r,clutter,0.0,19,condition_video,,,,,,,,knn_k1,0.2830013930797577
stage0_full_001,clean,c2r/clutter/adjust_bottle/seed_487447292/progress_000,adjust_bottle,seed_487447292,c2r,clutter,0.0,19,condition_video,,,,,,,,knn_k1,0.26239463686943054
stage0_full_001,clean,c2r/clutter/place_mouse_pad/seed_782913939/progress_000,place_mouse_pad,seed_782913939,c2r,clutter,0.0,19,condition_video,,,,,,,,knn_k1,0.2852135896682739
stage0_full_001,clean,c2r/clutter/dump_bin_bigbin/seed_48286788/progress_000,dump_bin_bigbin,seed_48286788,c2r,clutter,0.0,19,condition_video,,,,,,,,knn_k1,0.29172828793525696
stage0_full_001,clean,c2r/clutter/move_pillbottle_pad/seed_170572259/progress_000,move_pillbottle_pad,seed_170572259,c2r,clutter,0.0,19,condition_video,,,,,,,,knn_k1,0.28116729855537415
stage0_full_001,clean,c2r/clutter/pick_dual_bottles/seed_4182488/progress_000,pick_dual_bottles,seed_4182488,c2r,clutter,0.0,19,condition_video,,,,,,,,knn_k1,0.2817895710468292
stage0_full_001,clean,c2r/clutter/shake_bottle/seed_509663030/progress_000,shake_bottle,seed_509663030,c2r,clutter,0.0,19,condition_video,,,,,,,,knn_k1,0.35762888193130493
stage0_full_001,clean,c2r/clutter/place_fan/seed_847307321/progress_000,place_fan,seed_847307321,c2r,clutter,0.0,19,condition_video,,,,,,,,knn_k1,0.28029680252075195
stage0_full_001,clean,c2r/clutter/turn_switch/seed_106540409/progress_000,turn_switch,seed_106540409,c2r,clutter,0.0,19,condition_video,,,,,,,,knn_k1,0.264456182718277
stage0_full_001,clean,c2r/clutter/shake_bottle_horizontally/seed_491429438/progress_000,shake_bottle_horizontally,seed_491429438,c2r,clutter,0.0,19,condition_video,,,,,,,,knn_k1,0.3437863290309906
stage0_full_001,clean,c2r/clutter/place_container_plate/seed_594486020/progress_000,place_container_plate,seed_594486020,c2r,clutter,0.0,19,condition_video,,,,,,,,knn_k1,0.271614134311676
stage0_full_001,clean,c2r/clutter/rotate_qrcode/seed_362674036/progress_000,rotate_qrcode,seed_362674036,c2r,clutter,0.0,19,condition_video,,,,,,,,knn_k1,0.2847141623497009
stage0_full_001,clean,c2r/clutter/place_object_stand/seed_162697052/progress_000,place_object_stand,seed_162697052,c2r,clutter,0.0,19,condition_video,,,,,,,,knn_k1,0.252503901720047
stage0_full_001,clean,c2r/clutter/put_bottles_dustbin/seed_148690198/progress_000,put_bottles_dustbin,seed_148690198,c2r,clutter,0.0,19,condition_video,,,,,,,,knn_k1,0.3343955874443054
stage0_full_001,clean,c2r/clutter/move_stapler_pad/seed_744409618/progress_000,move_stapler_pad,seed_744409618,c2r,clutter,0.0,19,condition_video,,,,,,,,knn_k1,0.28121432662010193
stage0_full_001,clean,c2r/clutter/place_burger_fries/seed_303636962/progress_000,place_burger_fries,seed_303636962,c2r,clutter,0.0,19,condition_video,,,,,,,,knn_k1,0.3058726191520691
stage0_full_001,clean,c2r/clutter/place_bread_basket/seed_105344671/progress_000,place_bread_basket,seed_105344671,c2r,clutter,0.0,19,condition_video,,,,,,,,knn_k1,0.2945784628391266
stage0_full_001,clean,c2r/clutter/pick_diverse_bottles/seed_21321356/progress_000,pick_diverse_bottles,seed_21321356,c2r,clutter,0.0,19,condition_video,,,,,,,,knn_k1,0.28603896498680115
stage0_full_001,clean,c2r/clutter/open_microwave/seed_136410473/progress_000,open_microwave,seed_136410473,c2r,clutter,0.0,19,condition_video,,,,,,,,knn_k1,0.3394850790500641
stage0_full_001,clean,c2r/clutter/beat_block_hammer/seed_36693999/progress_000,beat_block_hammer,seed_36693999,c2r,clutter,0.0,19,condition_video,,,,,,,,knn_k1,0.25741663575172424
stage0_full_001,clean,c2r/clutter/press_stapler/seed_880007787/progress_000,press_stapler,seed_880007787,c2r,clutter,0.0,19,condition_video,,,,,,,,knn_k1,0.2667665183544159
stage0_full_001,clean,c2r/clutter/click_bell/seed_539095014/progress_000,click_bell,seed_539095014,c2r,clutter,0.0,19,condition_video,,,,,,,,knn_k1,0.24967971444129944
stage0_full_001,clean,c2r/clutter/move_playingcard_away/seed_385288247/progress_000,move_playingcard_away,seed_385288247,c2r,clutter,0.0,19,condition_video,,,,,,,,knn_k1,0.26790735125541687
stage0_full_001,clean,c2r/clutter/open_laptop/seed_260421436/progress_000,open_laptop,seed_260421436,c2r,clutter,0.0,19,condition_video,,,,,,,,knn_k1,0.2997264266014099
stage0_full_001,clean,c2r/clutter/move_can_pot/seed_445842829/progress_000,move_can_pot,seed_445842829,c2r,clutter,0.0,19,condition_video,,,,,,,,knn_k1,0.28985723853111267
stage0_full_001,clean,c2r/clutter/stack_bowls_two/seed_408127787/progress_000,stack_bowls_two,seed_408127787,c2r,clutter,0.0,19,condition_video,,,,,,,,knn_k1,0.2903265058994293
stage0_full_001,clean,c2r/clutter/place_a2b_right/seed_298826397/progress_000,place_a2b_right,seed_298826397,c2r,clutter,0.0,19,condition_video,,,,,,,,knn_k1,0.2699901759624481
stage0_full_001,clean,c2r/clutter/stamp_seal/seed_748150648/progress_000,stamp_seal,seed_748150648,c2r,clutter,0.0,19,condition_video,,,,,,,,knn_k1,0.27252835035324097
stage0_full_001,clean,c2r/clutter/place_object_basket/seed_455727417/progress_000,place_object_basket,seed_455727417,c2r,clutter,0.0,19,condition_video,,,,,,,,knn_k1,0.3052669167518616
stage0_full_001,clean,c2r/clutter/handover_mic/seed_27533572/progress_000,handover_mic,seed_27533572,c2r,clutter,0.0,19,condition_video,,,,,,,,knn_k1,0.2839488685131073
stage0_full_001,clean,c2r/clutter/place_bread_skillet/seed_470829968/progress_000,place_bread_skillet,seed_470829968,c2r,clutter,0.0,19,condition_video,,,,,,,,knn_k1,0.28217366337776184
stage0_full_001,clean,c2r/clutter/stack_blocks_two/seed_193292576/progress_000,stack_blocks_two,seed_193292576,c2r,clutter,0.0,19,condition_video,,,,,,,,knn_k1,0.3046928942203522
stage0_full_001,clean,c2r/clutter/place_cans_plasticbox/seed_552905247/progress_000,place_cans_plasticbox,seed_552905247,c2r,clutter,0.0,19,condition_video,,,,,,,,knn_k1,0.3070756793022156
stage0_full_001,clean,c2r/clutter/click_alarmclock/seed_257639388/progress_000,click_alarmclock,seed_257639388,c2r,clutter,0.0,19,condition_video,,,,,,,,knn_k1,0.22901007533073425
stage0_full_001,clean,c2r/clutter/blocks_ranking_size/seed_676842534/progress_000,blocks_ranking_size,seed_676842534,c2r,clutter,0.0,19,condition_video,,,,,,,,knn_k1,0.32441481947898865
stage0_full_001,clean,c2r/clutter/place_phone_stand/seed_560963078/progress_000,place_phone_stand,seed_560963078,c2r,clutter,0.0,19,condition_video,,,,,,,,knn_k1,0.25420066714286804
stage0_full_001,clean,c2r/clutter/place_can_basket/seed_578149817/progress_000,place_can_basket,seed_578149817,c2r,clutter,0.0,19,condition_video,,,,,,,,knn_k1,0.2895278036594391
stage0_full_001,clean,c2r/clutter/place_object_scale/seed_142945748/progress_000,place_object_scale,seed_142945748,c2r,clutter,0.0,19,condition_video,,,,,,,,knn_k1,0.26899585127830505
stage0_full_001,clean,c2r/clutter/place_a2b_left/seed_712001400/progress_000,place_a2b_left,seed_712001400,c2r,clutter,0.0,19,condition_video,,,,,,,,knn_k1,0.2737330496311188
stage0_full_001,clean,c2r/clutter/grab_roller/seed_489372951/progress_000,grab_roller,seed_489372951,c2r,clutter,0.0,19,condition_video,,,,,,,,knn_k1,0.261016309261322
stage0_full_001,clean,c2r/clutter/place_dual_shoes/seed_486785621/progress_000,place_dual_shoes,seed_486785621,c2r,clutter,0.0,19,condition_video,,,,,,,,knn_k1,0.3075787425041199
stage0_full_001,clean,c2r/clutter/place_empty_cup/seed_270996463/progress_000,place_empty_cup,seed_270996463,c2r,clutter,0.0,19,condition_video,,,,,,,,knn_k1,0.2781083285808563
stage0_full_001,clean,c2r/clutter/blocks_ranking_rgb/seed_350545820/progress_000,blocks_ranking_rgb,seed_350545820,c2r,clutter,0.0,19,condition_video,,,,,,,,knn_k1,0.32455748319625854
stage0_full_001,clean,aggregate,all,all,c2r,clutter,,19,condition_video,,,,,,,,knn_k1_mean,0.2885303318500519
stage0_full_001,clean,aggregate,all,group_split,c2r,clutter,,19,condition_video,,,,,,,,domain_balanced_accuracy,0.5
stage0_full_001,clean,aggregate,all,group_split,c2r,clutter,,19,condition_video,,,,,,,,domain_auroc,1.0
stage0_full_001,clean,c2r/height/stack_bowls_three/seed_777107145/progress_000,stack_bowls_three,seed_777107145,c2r,height,0.0,19,condition_video,,,,,,,,knn_k1,0.30821579694747925
stage0_full_001,clean,c2r/height/handover_block/seed_153931416/progress_000,handover_block,seed_153931416,c2r,height,0.0,19,condition_video,,,,,,,,knn_k1,0.3088899552822113
stage0_full_001,clean,c2r/height/hanging_mug/seed_797626889/progress_000,hanging_mug,seed_797626889,c2r,height,0.0,19,condition_video,,,,,,,,knn_k1,0.2981888949871063
stage0_full_001,clean,c2r/height/scan_object/seed_86820161/progress_000,scan_object,seed_86820161,c2r,height,0.0,19,condition_video,,,,,,,,knn_k1,0.2968614399433136
stage0_full_001,clean,c2r/height/lift_pot/seed_358880989/progress_000,lift_pot,seed_358880989,c2r,height,0.0,19,condition_video,,,,,,,,knn_k1,0.26074597239494324
stage0_full_001,clean,c2r/height/put_object_cabinet/seed_579804476/progress_000,put_object_cabinet,seed_579804476,c2r,height,0.0,19,condition_video,,,,,,,,knn_k1,0.29315119981765747
stage0_full_001,clean,c2r/height/stack_blocks_three/seed_510834284/progress_000,stack_blocks_three,seed_510834284,c2r,height,0.0,19,condition_video,,,,,,,,knn_k1,0.3219515085220337
stage0_full_001,clean,c2r/height/place_shoe/seed_547565528/progress_000,place_shoe,seed_547565528,c2r,height,0.0,19,condition_video,,,,,,,,knn_k1,0.2829834222793579
stage0_full_001,clean,c2r/height/adjust_bottle/seed_455908385/progress_000,adjust_bottle,seed_455908385,c2r,height,0.0,19,condition_video,,,,,,,,knn_k1,0.2571415305137634
stage0_full_001,clean,c2r/height/place_mouse_pad/seed_747588073/progress_000,place_mouse_pad,seed_747588073,c2r,height,0.0,19,condition_video,,,,,,,,knn_k1,0.2923065423965454
stage0_full_001,clean,c2r/height/dump_bin_bigbin/seed_609125485/progress_000,dump_bin_bigbin,seed_609125485,c2r,height,0.0,19,condition_video,,,,,,,,knn_k1,0.2951013445854187
stage0_full_001,clean,c2r/height/move_pillbottle_pad/seed_454258712/progress_000,move_pillbottle_pad,seed_454258712,c2r,height,0.0,19,condition_video,,,,,,,,knn_k1,0.28959953784942627
stage0_full_001,clean,c2r/height/pick_dual_bottles/seed_625462229/progress_000,pick_dual_bottles,seed_625462229,c2r,height,0.0,19,condition_video,,,,,,,,knn_k1,0.279178649187088
stage0_full_001,clean,c2r/height/shake_bottle/seed_11397417/progress_000,shake_bottle,seed_11397417,c2r,height,0.0,19,condition_video,,,,,,,,knn_k1,0.360324889421463
stage0_full_001,clean,c2r/height/place_fan/seed_562359323/progress_000,place_fan,seed_562359323,c2r,height,0.0,19,condition_video,,,,,,,,knn_k1,0.28002116084098816
stage0_full_001,clean,c2r/height/turn_switch/seed_388598700/progress_000,turn_switch,seed_388598700,c2r,height,0.0,19,condition_video,,,,,,,,knn_k1,0.2686171531677246
stage0_full_001,clean,c2r/height/shake_bottle_horizontally/seed_506817488/progress_000,shake_bottle_horizontally,seed_506817488,c2r,height,0.0,19,condition_video,,,,,,,,knn_k1,0.3496614098548889
stage0_full_001,clean,c2r/height/place_container_plate/seed_661154812/progress_000,place_container_plate,seed_661154812,c2r,height,0.0,19,condition_video,,,,,,,,knn_k1,0.27197057008743286
stage0_full_001,clean,c2r/height/rotate_qrcode/seed_391550427/progress_000,rotate_qrcode,seed_391550427,c2r,height,0.0,19,condition_video,,,,,,,,knn_k1,0.27602988481521606
stage0_full_001,clean,c2r/height/place_object_stand/seed_520492387/progress_000,place_object_stand,seed_520492387,c2r,height,0.0,19,condition_video,,,,,,,,knn_k1,0.26051267981529236
stage0_full_001,clean,c2r/height/put_bottles_dustbin/seed_833796020/progress_000,put_bottles_dustbin,seed_833796020,c2r,height,0.0,19,condition_video,,,,,,,,knn_k1,0.3356730043888092
stage0_full_001,clean,c2r/height/move_stapler_pad/seed_626979943/progress_000,move_stapler_pad,seed_626979943,c2r,height,0.0,19,condition_video,,,,,,,,knn_k1,0.28446516394615173
stage0_full_001,clean,c2r/height/place_burger_fries/seed_44486756/progress_000,place_burger_fries,seed_44486756,c2r,height,0.0,19,condition_video,,,,,,,,knn_k1,0.296716570854187
stage0_full_001,clean,c2r/height/place_bread_basket/seed_769514620/progress_000,place_bread_basket,seed_769514620,c2r,height,0.0,19,condition_video,,,,,,,,knn_k1,0.2978416681289673
stage0_full_001,clean,c2r/height/pick_diverse_bottles/seed_202104734/progress_000,pick_diverse_bottles,seed_202104734,c2r,height,0.0,19,condition_video,,,,,,,,knn_k1,0.28649047017097473
stage0_full_001,clean,c2r/height/open_microwave/seed_670586037/progress_000,open_microwave,seed_670586037,c2r,height,0.0,19,condition_video,,,,,,,,knn_k1,0.34081074595451355
stage0_full_001,clean,c2r/height/beat_block_hammer/seed_146228030/progress_000,beat_block_hammer,seed_146228030,c2r,height,0.0,19,condition_video,,,,,,,,knn_k1,0.25663015246391296
stage0_full_001,clean,c2r/height/press_stapler/seed_623879527/progress_000,press_stapler,seed_623879527,c2r,height,0.0,19,condition_video,,,,,,,,knn_k1,0.26616501808166504
stage0_full_001,clean,c2r/height/click_bell/seed_576942388/progress_000,click_bell,seed_576942388,c2r,height,0.0,19,condition_video,,,,,,,,knn_k1,0.25490638613700867
stage0_full_001,clean,c2r/height/move_playingcard_away/seed_468245999/progress_000,move_playingcard_away,seed_468245999,c2r,height,0.0,19,condition_video,,,,,,,,knn_k1,0.2715003788471222
stage0_full_001,clean,c2r/height/open_laptop/seed_273582622/progress_000,open_laptop,seed_273582622,c2r,height,0.0,19,condition_video,,,,,,,,knn_k1,0.303466796875
stage0_full_001,clean,c2r/height/move_can_pot/seed_285658487/progress_000,move_can_pot,seed_285658487,c2r,height,0.0,19,condition_video,,,,,,,,knn_k1,0.2908939719200134
stage0_full_001,clean,c2r/height/stack_bowls_two/seed_116018094/progress_000,stack_bowls_two,seed_116018094,c2r,height,0.0,19,condition_video,,,,,,,,knn_k1,0.290193110704422
stage0_full_001,clean,c2r/height/place_a2b_right/seed_803724289/progress_000,place_a2b_right,seed_803724289,c2r,height,0.0,19,condition_video,,,,,,,,knn_k1,0.27199363708496094
stage0_full_001,clean,c2r/height/stamp_seal/seed_391510540/progress_000,stamp_seal,seed_391510540,c2r,height,0.0,19,condition_video,,,,,,,,knn_k1,0.27293428778648376
stage0_full_001,clean,c2r/height/place_object_basket/seed_760526045/progress_000,place_object_basket,seed_760526045,c2r,height,0.0,19,condition_video,,,,,,,,knn_k1,0.2935238182544708
stage0_full_001,clean,c2r/height/handover_mic/seed_537376167/progress_000,handover_mic,seed_537376167,c2r,height,0.0,19,condition_video,,,,,,,,knn_k1,0.2896166145801544
stage0_full_001,clean,c2r/height/place_bread_skillet/seed_394408374/progress_000,place_bread_skillet,seed_394408374,c2r,height,0.0,19,condition_video,,,,,,,,knn_k1,0.2806406319141388
stage0_full_001,clean,c2r/height/stack_blocks_two/seed_639631926/progress_000,stack_blocks_two,seed_639631926,c2r,height,0.0,19,condition_video,,,,,,,,knn_k1,0.29951757192611694
stage0_full_001,clean,c2r/height/place_cans_plasticbox/seed_514553626/progress_000,place_cans_plasticbox,seed_514553626,c2r,height,0.0,19,condition_video,,,,,,,,knn_k1,0.30504533648490906
stage0_full_001,clean,c2r/height/click_alarmclock/seed_789543505/progress_000,click_alarmclock,seed_789543505,c2r,height,0.0,19,condition_video,,,,,,,,knn_k1,0.23433645069599152
stage0_full_001,clean,c2r/height/blocks_ranking_size/seed_3661514/progress_000,blocks_ranking_size,seed_3661514,c2r,height,0.0,19,condition_video,,,,,,,,knn_k1,0.3230951428413391
stage0_full_001,clean,c2r/height/place_phone_stand/seed_39116909/progress_000,place_phone_stand,seed_39116909,c2r,height,0.0,19,condition_video,,,,,,,,knn_k1,0.2580146789550781
stage0_full_001,clean,c2r/height/place_can_basket/seed_788353025/progress_000,place_can_basket,seed_788353025,c2r,height,0.0,19,condition_video,,,,,,,,knn_k1,0.2869732677936554
stage0_full_001,clean,c2r/height/place_object_scale/seed_603032508/progress_000,place_object_scale,seed_603032508,c2r,height,0.0,19,condition_video,,,,,,,,knn_k1,0.2684412896633148
stage0_full_001,clean,c2r/height/place_a2b_left/seed_240483131/progress_000,place_a2b_left,seed_240483131,c2r,height,0.0,19,condition_video,,,,,,,,knn_k1,0.2716829478740692
stage0_full_001,clean,c2r/height/grab_roller/seed_452075745/progress_000,grab_roller,seed_452075745,c2r,height,0.0,19,condition_video,,,,,,,,knn_k1,0.26239630579948425
stage0_full_001,clean,c2r/height/place_dual_shoes/seed_890676601/progress_000,place_dual_shoes,seed_890676601,c2r,height,0.0,19,condition_video,,,,,,,,knn_k1,0.3031672239303589
stage0_full_001,clean,c2r/height/place_empty_cup/seed_859277454/progress_000,place_empty_cup,seed_859277454,c2r,height,0.0,19,condition_video,,,,,,,,knn_k1,0.2796628475189209
stage0_full_001,clean,c2r/height/blocks_ranking_rgb/seed_114117740/progress_000,blocks_ranking_rgb,seed_114117740,c2r,height,0.0,19,condition_video,,,,,,,,knn_k1,0.3266071081161499
stage0_full_001,clean,aggregate,all,all,c2r,height,,19,condition_video,,,,,,,,knn_k1_mean,0.2890971228480339
stage0_full_001,clean,aggregate,all,group_split,c2r,height,,19,condition_video,,,,,,,,domain_balanced_accuracy,0.5
stage0_full_001,clean,aggregate,all,group_split,c2r,height,,19,condition_video,,,,,,,,domain_auroc,1.0
stage0_full_001,clean,c2r/light/stack_bowls_three/seed_317869620/progress_000,stack_bowls_three,seed_317869620,c2r,light,0.0,19,condition_video,,,,,,,,knn_k1,0.3641325831413269
stage0_full_001,clean,c2r/light/handover_block/seed_879311662/progress_000,handover_block,seed_879311662,c2r,light,0.0,19,condition_video,,,,,,,,knn_k1,0.41935282945632935
stage0_full_001,clean,c2r/light/hanging_mug/seed_459299139/progress_000,hanging_mug,seed_459299139,c2r,light,0.0,19,condition_video,,,,,,,,knn_k1,0.3797045052051544
stage0_full_001,clean,c2r/light/scan_object/seed_289038431/progress_000,scan_object,seed_289038431,c2r,light,0.0,19,condition_video,,,,,,,,knn_k1,0.34895968437194824
stage0_full_001,clean,c2r/light/lift_pot/seed_185598812/progress_000,lift_pot,seed_185598812,c2r,light,0.0,19,condition_video,,,,,,,,knn_k1,0.27438631653785706
stage0_full_001,clean,c2r/light/put_object_cabinet/seed_644929938/progress_000,put_object_cabinet,seed_644929938,c2r,light,0.0,19,condition_video,,,,,,,,knn_k1,0.33533844351768494
stage0_full_001,clean,c2r/light/stack_blocks_three/seed_314814982/progress_000,stack_blocks_three,seed_314814982,c2r,light,0.0,19,condition_video,,,,,,,,knn_k1,0.39111924171447754
stage0_full_001,clean,c2r/light/place_shoe/seed_259707623/progress_000,place_shoe,seed_259707623,c2r,light,0.0,19,condition_video,,,,,,,,knn_k1,0.3464125692844391
stage0_full_001,clean,c2r/light/adjust_bottle/seed_218427993/progress_000,adjust_bottle,seed_218427993,c2r,light,0.0,19,condition_video,,,,,,,,knn_k1,0.3149319887161255
stage0_full_001,clean,c2r/light/place_mouse_pad/seed_866209002/progress_000,place_mouse_pad,seed_866209002,c2r,light,0.0,19,condition_video,,,,,,,,knn_k1,0.37596556544303894
stage0_full_001,clean,c2r/light/dump_bin_bigbin/seed_423840151/progress_000,dump_bin_bigbin,seed_423840151,c2r,light,0.0,19,condition_video,,,,,,,,knn_k1,0.38497838377952576
stage0_full_001,clean,c2r/light/move_pillbottle_pad/seed_635002489/progress_000,move_pillbottle_pad,seed_635002489,c2r,light,0.0,19,condition_video,,,,,,,,knn_k1,0.3925146162509918
stage0_full_001,clean,c2r/light/pick_dual_bottles/seed_7690756/progress_000,pick_dual_bottles,seed_7690756,c2r,light,0.0,19,condition_video,,,,,,,,knn_k1,0.3285848796367645
stage0_full_001,clean,c2r/light/shake_bottle/seed_716268860/progress_000,shake_bottle,seed_716268860,c2r,light,0.0,19,condition_video,,,,,,,,knn_k1,0.4414042830467224
stage0_full_001,clean,c2r/light/place_fan/seed_519267369/progress_000,place_fan,seed_519267369,c2r,light,0.0,19,condition_video,,,,,,,,knn_k1,0.3599068522453308
stage0_full_001,clean,c2r/light/turn_switch/seed_493838736/progress_000,turn_switch,seed_493838736,c2r,light,0.0,19,condition_video,,,,,,,,knn_k1,0.4004429876804352
stage0_full_001,clean,c2r/light/shake_bottle_horizontally/seed_497389386/progress_000,shake_bottle_horizontally,seed_497389386,c2r,light,0.0,19,condition_video,,,,,,,,knn_k1,0.4018413722515106
stage0_full_001,clean,c2r/light/place_container_plate/seed_252210122/progress_000,place_container_plate,seed_252210122,c2r,light,0.0,19,condition_video,,,,,,,,knn_k1,0.3933451771736145
stage0_full_001,clean,c2r/light/rotate_qrcode/seed_24255504/progress_000,rotate_qrcode,seed_24255504,c2r,light,0.0,19,condition_video,,,,,,,,knn_k1,0.4057123363018036
stage0_full_001,clean,c2r/light/place_object_stand/seed_603755546/progress_000,place_object_stand,seed_603755546,c2r,light,0.0,19,condition_video,,,,,,,,knn_k1,0.29322007298469543
stage0_full_001,clean,c2r/light/put_bottles_dustbin/seed_473207494/progress_000,put_bottles_dustbin,seed_473207494,c2r,light,0.0,19,condition_video,,,,,,,,knn_k1,0.40380367636680603
stage0_full_001,clean,c2r/light/move_stapler_pad/seed_724544048/progress_000,move_stapler_pad,seed_724544048,c2r,light,0.0,19,condition_video,,,,,,,,knn_k1,0.4479667842388153
stage0_full_001,clean,c2r/light/place_burger_fries/seed_764956105/progress_000,place_burger_fries,seed_764956105,c2r,light,0.0,19,condition_video,,,,,,,,knn_k1,0.3663821518421173
stage0_full_001,clean,c2r/light/place_bread_basket/seed_548994270/progress_000,place_bread_basket,seed_548994270,c2r,light,0.0,19,condition_video,,,,,,,,knn_k1,0.34392592310905457
stage0_full_001,clean,c2r/light/pick_diverse_bottles/seed_469296516/progress_000,pick_diverse_bottles,seed_469296516,c2r,light,0.0,19,condition_video,,,,,,,,knn_k1,0.32948726415634155
stage0_full_001,clean,c2r/light/open_microwave/seed_126026794/progress_000,open_microwave,seed_126026794,c2r,light,0.0,19,condition_video,,,,,,,,knn_k1,0.39911454916000366
stage0_full_001,clean,c2r/light/beat_block_hammer/seed_190785939/progress_000,beat_block_hammer,seed_190785939,c2r,light,0.0,19,condition_video,,,,,,,,knn_k1,0.36347973346710205
stage0_full_001,clean,c2r/light/press_stapler/seed_645584852/progress_000,press_stapler,seed_645584852,c2r,light,0.0,19,condition_video,,,,,,,,knn_k1,0.3493879437446594
stage0_full_001,clean,c2r/light/click_bell/seed_611142223/progress_000,click_bell,seed_611142223,c2r,light,0.0,19,condition_video,,,,,,,,knn_k1,0.3127343952655792
stage0_full_001,clean,c2r/light/move_playingcard_away/seed_698951458/progress_000,move_playingcard_away,seed_698951458,c2r,light,0.0,19,condition_video,,,,,,,,knn_k1,0.2849295139312744
stage0_full_001,clean,c2r/light/open_laptop/seed_627389206/progress_000,open_laptop,seed_627389206,c2r,light,0.0,19,condition_video,,,,,,,,knn_k1,0.3263199031352997
stage0_full_001,clean,c2r/light/move_can_pot/seed_248023816/progress_000,move_can_pot,seed_248023816,c2r,light,0.0,19,condition_video,,,,,,,,knn_k1,0.34558072686195374
stage0_full_001,clean,c2r/light/stack_bowls_two/seed_656246828/progress_000,stack_bowls_two,seed_656246828,c2r,light,0.0,19,condition_video,,,,,,,,knn_k1,0.36541905999183655
stage0_full_001,clean,c2r/light/place_a2b_right/seed_803416018/progress_000,place_a2b_right,seed_803416018,c2r,light,0.0,19,condition_video,,,,,,,,knn_k1,0.3114512860774994
stage0_full_001,clean,c2r/light/stamp_seal/seed_203079918/progress_000,stamp_seal,seed_203079918,c2r,light,0.0,19,condition_video,,,,,,,,knn_k1,0.32563886046409607
stage0_full_001,clean,c2r/light/place_object_basket/seed_241125908/progress_000,place_object_basket,seed_241125908,c2r,light,0.0,19,condition_video,,,,,,,,knn_k1,0.4169251322746277
stage0_full_001,clean,c2r/light/handover_mic/seed_283323218/progress_000,handover_mic,seed_283323218,c2r,light,0.0,19,condition_video,,,,,,,,knn_k1,0.42530128359794617
stage0_full_001,clean,c2r/light/place_bread_skillet/seed_156686976/progress_000,place_bread_skillet,seed_156686976,c2r,light,0.0,19,condition_video,,,,,,,,knn_k1,0.3062613010406494
stage0_full_001,clean,c2r/light/stack_blocks_two/seed_803532712/progress_000,stack_blocks_two,seed_803532712,c2r,light,0.0,19,condition_video,,,,,,,,knn_k1,0.41685014963150024
stage0_full_001,clean,c2r/light/place_cans_plasticbox/seed_577981354/progress_000,place_cans_plasticbox,seed_577981354,c2r,light,0.0,19,condition_video,,,,,,,,knn_k1,0.3633175790309906
stage0_full_001,clean,c2r/light/click_alarmclock/seed_762866989/progress_000,click_alarmclock,seed_762866989,c2r,light,0.0,19,condition_video,,,,,,,,knn_k1,0.23751546442508698
stage0_full_001,clean,c2r/light/blocks_ranking_size/seed_505985753/progress_000,blocks_ranking_size,seed_505985753,c2r,light,0.0,19,condition_video,,,,,,,,knn_k1,0.4283401370048523
stage0_full_001,clean,c2r/light/place_phone_stand/seed_624751721/progress_000,place_phone_stand,seed_624751721,c2r,light,0.0,19,condition_video,,,,,,,,knn_k1,0.3367798924446106
stage0_full_001,clean,c2r/light/place_can_basket/seed_542145302/progress_000,place_can_basket,seed_542145302,c2r,light,0.0,19,condition_video,,,,,,,,knn_k1,0.31698372960090637
stage0_full_001,clean,c2r/light/place_object_scale/seed_722575534/progress_000,place_object_scale,seed_722575534,c2r,light,0.0,19,condition_video,,,,,,,,knn_k1,0.34627723693847656
stage0_full_001,clean,c2r/light/place_a2b_left/seed_663079132/progress_000,place_a2b_left,seed_663079132,c2r,light,0.0,19,condition_video,,,,,,,,knn_k1,0.2998773455619812
stage0_full_001,clean,c2r/light/grab_roller/seed_482689013/progress_000,grab_roller,seed_482689013,c2r,light,0.0,19,condition_video,,,,,,,,knn_k1,0.38783982396125793
stage0_full_001,clean,c2r/light/place_dual_shoes/seed_319436374/progress_000,place_dual_shoes,seed_319436374,c2r,light,0.0,19,condition_video,,,,,,,,knn_k1,0.30944177508354187
stage0_full_001,clean,c2r/light/place_empty_cup/seed_606914953/progress_000,place_empty_cup,seed_606914953,c2r,light,0.0,19,condition_video,,,,,,,,knn_k1,0.3285982608795166
stage0_full_001,clean,c2r/light/blocks_ranking_rgb/seed_339352330/progress_000,blocks_ranking_rgb,seed_339352330,c2r,light,0.0,19,condition_video,,,,,,,,knn_k1,0.36081260442733765
stage0_full_001,clean,aggregate,all,all,c2r,light,,19,condition_video,,,,,,,,knn_k1_mean,0.35817996352910997
stage0_full_001,clean,aggregate,all,group_split,c2r,light,,19,condition_video,,,,,,,,domain_balanced_accuracy,0.5
stage0_full_001,clean,aggregate,all,group_split,c2r,light,,19,condition_video,,,,,,,,domain_auroc,1.0
stage0_full_001,clean,c2r/background/stack_bowls_three/seed_27804535/progress_000,stack_bowls_three,seed_27804535,c2r,background,0.0,29,condition_video,,,,,,,,knn_k1,0.32965224981307983
stage0_full_001,clean,c2r/background/handover_block/seed_120650234/progress_000,handover_block,seed_120650234,c2r,background,0.0,29,condition_video,,,,,,,,knn_k1,0.32127976417541504
stage0_full_001,clean,c2r/background/hanging_mug/seed_538778923/progress_000,hanging_mug,seed_538778923,c2r,background,0.0,29,condition_video,,,,,,,,knn_k1,0.3388064205646515
stage0_full_001,clean,c2r/background/scan_object/seed_262761732/progress_000,scan_object,seed_262761732,c2r,background,0.0,29,condition_video,,,,,,,,knn_k1,0.341574102640152
stage0_full_001,clean,c2r/background/lift_pot/seed_710924868/progress_000,lift_pot,seed_710924868,c2r,background,0.0,29,condition_video,,,,,,,,knn_k1,0.3087664246559143
stage0_full_001,clean,c2r/background/put_object_cabinet/seed_13370600/progress_000,put_object_cabinet,seed_13370600,c2r,background,0.0,29,condition_video,,,,,,,,knn_k1,0.3056085705757141
stage0_full_001,clean,c2r/background/stack_blocks_three/seed_822087810/progress_000,stack_blocks_three,seed_822087810,c2r,background,0.0,29,condition_video,,,,,,,,knn_k1,0.34634649753570557
stage0_full_001,clean,c2r/background/place_shoe/seed_676166693/progress_000,place_shoe,seed_676166693,c2r,background,0.0,29,condition_video,,,,,,,,knn_k1,0.31144940853118896
stage0_full_001,clean,c2r/background/adjust_bottle/seed_863397555/progress_000,adjust_bottle,seed_863397555,c2r,background,0.0,29,condition_video,,,,,,,,knn_k1,0.31405702233314514
stage0_full_001,clean,c2r/background/place_mouse_pad/seed_457852611/progress_000,place_mouse_pad,seed_457852611,c2r,background,0.0,29,condition_video,,,,,,,,knn_k1,0.3214665651321411
stage0_full_001,clean,c2r/background/dump_bin_bigbin/seed_773111305/progress_000,dump_bin_bigbin,seed_773111305,c2r,background,0.0,29,condition_video,,,,,,,,knn_k1,0.3061653971672058
stage0_full_001,clean,c2r/background/move_pillbottle_pad/seed_568983342/progress_000,move_pillbottle_pad,seed_568983342,c2r,background,0.0,29,condition_video,,,,,,,,knn_k1,0.31348347663879395
stage0_full_001,clean,c2r/background/pick_dual_bottles/seed_117166061/progress_000,pick_dual_bottles,seed_117166061,c2r,background,0.0,29,condition_video,,,,,,,,knn_k1,0.318173348903656
stage0_full_001,clean,c2r/background/shake_bottle/seed_331965946/progress_000,shake_bottle,seed_331965946,c2r,background,0.0,29,condition_video,,,,,,,,knn_k1,0.3427620232105255
stage0_full_001,clean,c2r/background/place_fan/seed_543070044/progress_000,place_fan,seed_543070044,c2r,background,0.0,29,condition_video,,,,,,,,knn_k1,0.31788837909698486
stage0_full_001,clean,c2r/background/turn_switch/seed_489873751/progress_000,turn_switch,seed_489873751,c2r,background,0.0,29,condition_video,,,,,,,,knn_k1,0.29993534088134766
stage0_full_001,clean,c2r/background/shake_bottle_horizontally/seed_319358196/progress_000,shake_bottle_horizontally,seed_319358196,c2r,background,0.0,29,condition_video,,,,,,,,knn_k1,0.33538928627967834
stage0_full_001,clean,c2r/background/place_container_plate/seed_14431598/progress_000,place_container_plate,seed_14431598,c2r,background,0.0,29,condition_video,,,,,,,,knn_k1,0.3042725920677185
stage0_full_001,clean,c2r/background/rotate_qrcode/seed_372345110/progress_000,rotate_qrcode,seed_372345110,c2r,background,0.0,29,condition_video,,,,,,,,knn_k1,0.3265156149864197
stage0_full_001,clean,c2r/background/place_object_stand/seed_715864988/progress_000,place_object_stand,seed_715864988,c2r,background,0.0,29,condition_video,,,,,,,,knn_k1,0.28900888562202454
stage0_full_001,clean,c2r/background/put_bottles_dustbin/seed_455479075/progress_000,put_bottles_dustbin,seed_455479075,c2r,background,0.0,29,condition_video,,,,,,,,knn_k1,0.32607051730155945
stage0_full_001,clean,c2r/background/move_stapler_pad/seed_453776751/progress_000,move_stapler_pad,seed_453776751,c2r,background,0.0,29,condition_video,,,,,,,,knn_k1,0.32768478989601135
stage0_full_001,clean,c2r/background/place_burger_fries/seed_165469501/progress_000,place_burger_fries,seed_165469501,c2r,background,0.0,29,condition_video,,,,,,,,knn_k1,0.330626904964447
stage0_full_001,clean,c2r/background/place_bread_basket/seed_490234398/progress_000,place_bread_basket,seed_490234398,c2r,background,0.0,29,condition_video,,,,,,,,knn_k1,0.33324795961380005
stage0_full_001,clean,c2r/background/pick_diverse_bottles/seed_886697844/progress_000,pick_diverse_bottles,seed_886697844,c2r,background,0.0,29,condition_video,,,,,,,,knn_k1,0.32355010509490967
stage0_full_001,clean,c2r/background/open_microwave/seed_443701932/progress_000,open_microwave,seed_443701932,c2r,background,0.0,29,condition_video,,,,,,,,knn_k1,0.32060226798057556
stage0_full_001,clean,c2r/background/beat_block_hammer/seed_797298394/progress_000,beat_block_hammer,seed_797298394,c2r,background,0.0,29,condition_video,,,,,,,,knn_k1,0.31373751163482666
stage0_full_001,clean,c2r/background/press_stapler/seed_262831721/progress_000,press_stapler,seed_262831721,c2r,background,0.0,29,condition_video,,,,,,,,knn_k1,0.3062143325805664
stage0_full_001,clean,c2r/background/click_bell/seed_748992159/progress_000,click_bell,seed_748992159,c2r,background,0.0,29,condition_video,,,,,,,,knn_k1,0.28564679622650146
stage0_full_001,clean,c2r/background/move_playingcard_away/seed_114732817/progress_000,move_playingcard_away,seed_114732817,c2r,background,0.0,29,condition_video,,,,,,,,knn_k1,0.3187198340892792
stage0_full_001,clean,c2r/background/open_laptop/seed_121410776/progress_000,open_laptop,seed_121410776,c2r,background,0.0,29,condition_video,,,,,,,,knn_k1,0.31688350439071655
stage0_full_001,clean,c2r/background/move_can_pot/seed_600430797/progress_000,move_can_pot,seed_600430797,c2r,background,0.0,29,condition_video,,,,,,,,knn_k1,0.30224379897117615
stage0_full_001,clean,c2r/background/stack_bowls_two/seed_444040936/progress_000,stack_bowls_two,seed_444040936,c2r,background,0.0,29,condition_video,,,,,,,,knn_k1,0.3268457353115082
stage0_full_001,clean,c2r/background/place_a2b_right/seed_550624350/progress_000,place_a2b_right,seed_550624350,c2r,background,0.0,29,condition_video,,,,,,,,knn_k1,0.32135772705078125
stage0_full_001,clean,c2r/background/stamp_seal/seed_373032052/progress_000,stamp_seal,seed_373032052,c2r,background,0.0,29,condition_video,,,,,,,,knn_k1,0.3134428858757019
stage0_full_001,clean,c2r/background/place_object_basket/seed_13972055/progress_000,place_object_basket,seed_13972055,c2r,background,0.0,29,condition_video,,,,,,,,knn_k1,0.32337233424186707
stage0_full_001,clean,c2r/background/handover_mic/seed_791372736/progress_000,handover_mic,seed_791372736,c2r,background,0.0,29,condition_video,,,,,,,,knn_k1,0.33178314566612244
stage0_full_001,clean,c2r/background/place_bread_skillet/seed_682411729/progress_000,place_bread_skillet,seed_682411729,c2r,background,0.0,29,condition_video,,,,,,,,knn_k1,0.32596343755722046
stage0_full_001,clean,c2r/background/stack_blocks_two/seed_325046254/progress_000,stack_blocks_two,seed_325046254,c2r,background,0.0,29,condition_video,,,,,,,,knn_k1,0.33770889043807983
stage0_full_001,clean,c2r/background/place_cans_plasticbox/seed_851474539/progress_000,place_cans_plasticbox,seed_851474539,c2r,background,0.0,29,condition_video,,,,,,,,knn_k1,0.3541920781135559
stage0_full_001,clean,c2r/background/click_alarmclock/seed_597249174/progress_000,click_alarmclock,seed_597249174,c2r,background,0.0,29,condition_video,,,,,,,,knn_k1,0.2704226076602936
stage0_full_001,clean,c2r/background/blocks_ranking_size/seed_483186537/progress_000,blocks_ranking_size,seed_483186537,c2r,background,0.0,29,condition_video,,,,,,,,knn_k1,0.34815549850463867
stage0_full_001,clean,c2r/background/place_phone_stand/seed_844715882/progress_000,place_phone_stand,seed_844715882,c2r,background,0.0,29,condition_video,,,,,,,,knn_k1,0.3045892119407654
stage0_full_001,clean,c2r/background/place_can_basket/seed_873890208/progress_000,place_can_basket,seed_873890208,c2r,background,0.0,29,condition_video,,,,,,,,knn_k1,0.3269434869289398
stage0_full_001,clean,c2r/background/place_object_scale/seed_28989601/progress_000,place_object_scale,seed_28989601,c2r,background,0.0,29,condition_video,,,,,,,,knn_k1,0.3138466775417328
stage0_full_001,clean,c2r/background/place_a2b_left/seed_494714106/progress_000,place_a2b_left,seed_494714106,c2r,background,0.0,29,condition_video,,,,,,,,knn_k1,0.3145844340324402
stage0_full_001,clean,c2r/background/grab_roller/seed_274067892/progress_000,grab_roller,seed_274067892,c2r,background,0.0,29,condition_video,,,,,,,,knn_k1,0.3155604600906372
stage0_full_001,clean,c2r/background/place_dual_shoes/seed_100946921/progress_000,place_dual_shoes,seed_100946921,c2r,background,0.0,29,condition_video,,,,,,,,knn_k1,0.3283900320529938
stage0_full_001,clean,c2r/background/place_empty_cup/seed_66017520/progress_000,place_empty_cup,seed_66017520,c2r,background,0.0,29,condition_video,,,,,,,,knn_k1,0.3139842450618744
stage0_full_001,clean,c2r/background/blocks_ranking_rgb/seed_392877897/progress_000,blocks_ranking_rgb,seed_392877897,c2r,background,0.0,29,condition_video,,,,,,,,knn_k1,0.3495941460132599
stage0_full_001,clean,aggregate,all,all,c2r,background,,29,condition_video,,,,,,,,knn_k1_mean,0.3203713345527649
stage0_full_001,clean,aggregate,all,group_split,c2r,background,,29,condition_video,,,,,,,,domain_balanced_accuracy,0.5
stage0_full_001,clean,aggregate,all,group_split,c2r,background,,29,condition_video,,,,,,,,domain_auroc,1.0
stage0_full_001,clean,c2r/clutter/stack_bowls_three/seed_761954913/progress_000,stack_bowls_three,seed_761954913,c2r,clutter,0.0,29,condition_video,,,,,,,,knn_k1,0.3299202024936676
stage0_full_001,clean,c2r/clutter/handover_block/seed_624737248/progress_000,handover_block,seed_624737248,c2r,clutter,0.0,29,condition_video,,,,,,,,knn_k1,0.3240712881088257
stage0_full_001,clean,c2r/clutter/hanging_mug/seed_853936167/progress_000,hanging_mug,seed_853936167,c2r,clutter,0.0,29,condition_video,,,,,,,,knn_k1,0.3339459300041199
stage0_full_001,clean,c2r/clutter/scan_object/seed_200154928/progress_000,scan_object,seed_200154928,c2r,clutter,0.0,29,condition_video,,,,,,,,knn_k1,0.3395465910434723
stage0_full_001,clean,c2r/clutter/lift_pot/seed_36841133/progress_000,lift_pot,seed_36841133,c2r,clutter,0.0,29,condition_video,,,,,,,,knn_k1,0.31165656447410583
stage0_full_001,clean,c2r/clutter/put_object_cabinet/seed_213141741/progress_000,put_object_cabinet,seed_213141741,c2r,clutter,0.0,29,condition_video,,,,,,,,knn_k1,0.3023543655872345
stage0_full_001,clean,c2r/clutter/stack_blocks_three/seed_885782772/progress_000,stack_blocks_three,seed_885782772,c2r,clutter,0.0,29,condition_video,,,,,,,,knn_k1,0.3453981280326843
stage0_full_001,clean,c2r/clutter/place_shoe/seed_148930251/progress_000,place_shoe,seed_148930251,c2r,clutter,0.0,29,condition_video,,,,,,,,knn_k1,0.3166305422782898
stage0_full_001,clean,c2r/clutter/adjust_bottle/seed_487447292/progress_000,adjust_bottle,seed_487447292,c2r,clutter,0.0,29,condition_video,,,,,,,,knn_k1,0.3151833713054657
stage0_full_001,clean,c2r/clutter/place_mouse_pad/seed_782913939/progress_000,place_mouse_pad,seed_782913939,c2r,clutter,0.0,29,condition_video,,,,,,,,knn_k1,0.31454336643218994
stage0_full_001,clean,c2r/clutter/dump_bin_bigbin/seed_48286788/progress_000,dump_bin_bigbin,seed_48286788,c2r,clutter,0.0,29,condition_video,,,,,,,,knn_k1,0.30843573808670044
stage0_full_001,clean,c2r/clutter/move_pillbottle_pad/seed_170572259/progress_000,move_pillbottle_pad,seed_170572259,c2r,clutter,0.0,29,condition_video,,,,,,,,knn_k1,0.3155074715614319
stage0_full_001,clean,c2r/clutter/pick_dual_bottles/seed_4182488/progress_000,pick_dual_bottles,seed_4182488,c2r,clutter,0.0,29,condition_video,,,,,,,,knn_k1,0.3156495988368988
stage0_full_001,clean,c2r/clutter/shake_bottle/seed_509663030/progress_000,shake_bottle,seed_509663030,c2r,clutter,0.0,29,condition_video,,,,,,,,knn_k1,0.3405804932117462
stage0_full_001,clean,c2r/clutter/place_fan/seed_847307321/progress_000,place_fan,seed_847307321,c2r,clutter,0.0,29,condition_video,,,,,,,,knn_k1,0.31692230701446533
stage0_full_001,clean,c2r/clutter/turn_switch/seed_106540409/progress_000,turn_switch,seed_106540409,c2r,clutter,0.0,29,condition_video,,,,,,,,knn_k1,0.2996290624141693
stage0_full_001,clean,c2r/clutter/shake_bottle_horizontally/seed_491429438/progress_000,shake_bottle_horizontally,seed_491429438,c2r,clutter,0.0,29,condition_video,,,,,,,,knn_k1,0.33669179677963257
stage0_full_001,clean,c2r/clutter/place_container_plate/seed_594486020/progress_000,place_container_plate,seed_594486020,c2r,clutter,0.0,29,condition_video,,,,,,,,knn_k1,0.30446600914001465
stage0_full_001,clean,c2r/clutter/rotate_qrcode/seed_362674036/progress_000,rotate_qrcode,seed_362674036,c2r,clutter,0.0,29,condition_video,,,,,,,,knn_k1,0.3166176378726959
stage0_full_001,clean,c2r/clutter/place_object_stand/seed_162697052/progress_000,place_object_stand,seed_162697052,c2r,clutter,0.0,29,condition_video,,,,,,,,knn_k1,0.2888414263725281
stage0_full_001,clean,c2r/clutter/put_bottles_dustbin/seed_148690198/progress_000,put_bottles_dustbin,seed_148690198,c2r,clutter,0.0,29,condition_video,,,,,,,,knn_k1,0.3219210207462311
stage0_full_001,clean,c2r/clutter/move_stapler_pad/seed_744409618/progress_000,move_stapler_pad,seed_744409618,c2r,clutter,0.0,29,condition_video,,,,,,,,knn_k1,0.3238457441329956
stage0_full_001,clean,c2r/clutter/place_burger_fries/seed_303636962/progress_000,place_burger_fries,seed_303636962,c2r,clutter,0.0,29,condition_video,,,,,,,,knn_k1,0.32301026582717896
stage0_full_001,clean,c2r/clutter/place_bread_basket/seed_105344671/progress_000,place_bread_basket,seed_105344671,c2r,clutter,0.0,29,condition_video,,,,,,,,knn_k1,0.3372190296649933
stage0_full_001,clean,c2r/clutter/pick_diverse_bottles/seed_21321356/progress_000,pick_diverse_bottles,seed_21321356,c2r,clutter,0.0,29,condition_video,,,,,,,,knn_k1,0.3074185252189636
stage0_full_001,clean,c2r/clutter/open_microwave/seed_136410473/progress_000,open_microwave,seed_136410473,c2r,clutter,0.0,29,condition_video,,,,,,,,knn_k1,0.315859317779541
stage0_full_001,clean,c2r/clutter/beat_block_hammer/seed_36693999/progress_000,beat_block_hammer,seed_36693999,c2r,clutter,0.0,29,condition_video,,,,,,,,knn_k1,0.3147071599960327
stage0_full_001,clean,c2r/clutter/press_stapler/seed_880007787/progress_000,press_stapler,seed_880007787,c2r,clutter,0.0,29,condition_video,,,,,,,,knn_k1,0.3087332546710968
stage0_full_001,clean,c2r/clutter/click_bell/seed_539095014/progress_000,click_bell,seed_539095014,c2r,clutter,0.0,29,condition_video,,,,,,,,knn_k1,0.2863958477973938
stage0_full_001,clean,c2r/clutter/move_playingcard_away/seed_385288247/progress_000,move_playingcard_away,seed_385288247,c2r,clutter,0.0,29,condition_video,,,,,,,,knn_k1,0.31651630997657776
stage0_full_001,clean,c2r/clutter/open_laptop/seed_260421436/progress_000,open_laptop,seed_260421436,c2r,clutter,0.0,29,condition_video,,,,,,,,knn_k1,0.31859901547431946
stage0_full_001,clean,c2r/clutter/move_can_pot/seed_445842829/progress_000,move_can_pot,seed_445842829,c2r,clutter,0.0,29,condition_video,,,,,,,,knn_k1,0.3047219514846802
stage0_full_001,clean,c2r/clutter/stack_bowls_two/seed_408127787/progress_000,stack_bowls_two,seed_408127787,c2r,clutter,0.0,29,condition_video,,,,,,,,knn_k1,0.3261522054672241
stage0_full_001,clean,c2r/clutter/place_a2b_right/seed_298826397/progress_000,place_a2b_right,seed_298826397,c2r,clutter,0.0,29,condition_video,,,,,,,,knn_k1,0.32324761152267456
stage0_full_001,clean,c2r/clutter/stamp_seal/seed_748150648/progress_000,stamp_seal,seed_748150648,c2r,clutter,0.0,29,condition_video,,,,,,,,knn_k1,0.31535112857818604
stage0_full_001,clean,c2r/clutter/place_object_basket/seed_455727417/progress_000,place_object_basket,seed_455727417,c2r,clutter,0.0,29,condition_video,,,,,,,,knn_k1,0.3297748565673828
stage0_full_001,clean,c2r/clutter/handover_mic/seed_27533572/progress_000,handover_mic,seed_27533572,c2r,clutter,0.0,29,condition_video,,,,,,,,knn_k1,0.3272145986557007
stage0_full_001,clean,c2r/clutter/place_bread_skillet/seed_470829968/progress_000,place_bread_skillet,seed_470829968,c2r,clutter,0.0,29,condition_video,,,,,,,,knn_k1,0.3172711133956909
stage0_full_001,clean,c2r/clutter/stack_blocks_two/seed_193292576/progress_000,stack_blocks_two,seed_193292576,c2r,clutter,0.0,29,condition_video,,,,,,,,knn_k1,0.3421117067337036
stage0_full_001,clean,c2r/clutter/place_cans_plasticbox/seed_552905247/progress_000,place_cans_plasticbox,seed_552905247,c2r,clutter,0.0,29,condition_video,,,,,,,,knn_k1,0.3540039658546448
stage0_full_001,clean,c2r/clutter/click_alarmclock/seed_257639388/progress_000,click_alarmclock,seed_257639388,c2r,clutter,0.0,29,condition_video,,,,,,,,knn_k1,0.27128198742866516
stage0_full_001,clean,c2r/clutter/blocks_ranking_size/seed_676842534/progress_000,blocks_ranking_size,seed_676842534,c2r,clutter,0.0,29,condition_video,,,,,,,,knn_k1,0.351619154214859
stage0_full_001,clean,c2r/clutter/place_phone_stand/seed_560963078/progress_000,place_phone_stand,seed_560963078,c2r,clutter,0.0,29,condition_video,,,,,,,,knn_k1,0.2999463975429535
stage0_full_001,clean,c2r/clutter/place_can_basket/seed_578149817/progress_000,place_can_basket,seed_578149817,c2r,clutter,0.0,29,condition_video,,,,,,,,knn_k1,0.31284090876579285
stage0_full_001,clean,c2r/clutter/place_object_scale/seed_142945748/progress_000,place_object_scale,seed_142945748,c2r,clutter,0.0,29,condition_video,,,,,,,,knn_k1,0.31718018651008606
stage0_full_001,clean,c2r/clutter/place_a2b_left/seed_712001400/progress_000,place_a2b_left,seed_712001400,c2r,clutter,0.0,29,condition_video,,,,,,,,knn_k1,0.31702563166618347
stage0_full_001,clean,c2r/clutter/grab_roller/seed_489372951/progress_000,grab_roller,seed_489372951,c2r,clutter,0.0,29,condition_video,,,,,,,,knn_k1,0.31382036209106445
stage0_full_001,clean,c2r/clutter/place_dual_shoes/seed_486785621/progress_000,place_dual_shoes,seed_486785621,c2r,clutter,0.0,29,condition_video,,,,,,,,knn_k1,0.3304365575313568
stage0_full_001,clean,c2r/clutter/place_empty_cup/seed_270996463/progress_000,place_empty_cup,seed_270996463,c2r,clutter,0.0,29,condition_video,,,,,,,,knn_k1,0.31071269512176514
stage0_full_001,clean,c2r/clutter/blocks_ranking_rgb/seed_350545820/progress_000,blocks_ranking_rgb,seed_350545820,c2r,clutter,0.0,29,condition_video,,,,,,,,knn_k1,0.35037460923194885
stage0_full_001,clean,aggregate,all,all,c2r,clutter,,29,condition_video,,,,,,,,knn_k1_mean,0.31931810021400453
stage0_full_001,clean,aggregate,all,group_split,c2r,clutter,,29,condition_video,,,,,,,,domain_balanced_accuracy,0.5
stage0_full_001,clean,aggregate,all,group_split,c2r,clutter,,29,condition_video,,,,,,,,domain_auroc,1.0
stage0_full_001,clean,c2r/height/stack_bowls_three/seed_777107145/progress_000,stack_bowls_three,seed_777107145,c2r,height,0.0,29,condition_video,,,,,,,,knn_k1,0.3274448812007904
stage0_full_001,clean,c2r/height/handover_block/seed_153931416/progress_000,handover_block,seed_153931416,c2r,height,0.0,29,condition_video,,,,,,,,knn_k1,0.3208405077457428
stage0_full_001,clean,c2r/height/hanging_mug/seed_797626889/progress_000,hanging_mug,seed_797626889,c2r,height,0.0,29,condition_video,,,,,,,,knn_k1,0.3314591944217682
stage0_full_001,clean,c2r/height/scan_object/seed_86820161/progress_000,scan_object,seed_86820161,c2r,height,0.0,29,condition_video,,,,,,,,knn_k1,0.33833059668540955
stage0_full_001,clean,c2r/height/lift_pot/seed_358880989/progress_000,lift_pot,seed_358880989,c2r,height,0.0,29,condition_video,,,,,,,,knn_k1,0.30962902307510376
stage0_full_001,clean,c2r/height/put_object_cabinet/seed_579804476/progress_000,put_object_cabinet,seed_579804476,c2r,height,0.0,29,condition_video,,,,,,,,knn_k1,0.2999515235424042
stage0_full_001,clean,c2r/height/stack_blocks_three/seed_510834284/progress_000,stack_blocks_three,seed_510834284,c2r,height,0.0,29,condition_video,,,,,,,,knn_k1,0.3434363007545471
stage0_full_001,clean,c2r/height/place_shoe/seed_547565528/progress_000,place_shoe,seed_547565528,c2r,height,0.0,29,condition_video,,,,,,,,knn_k1,0.31459200382232666
stage0_full_001,clean,c2r/height/adjust_bottle/seed_455908385/progress_000,adjust_bottle,seed_455908385,c2r,height,0.0,29,condition_video,,,,,,,,knn_k1,0.3094114363193512
stage0_full_001,clean,c2r/height/place_mouse_pad/seed_747588073/progress_000,place_mouse_pad,seed_747588073,c2r,height,0.0,29,condition_video,,,,,,,,knn_k1,0.31959736347198486
stage0_full_001,clean,c2r/height/dump_bin_bigbin/seed_609125485/progress_000,dump_bin_bigbin,seed_609125485,c2r,height,0.0,29,condition_video,,,,,,,,knn_k1,0.3064739406108856
stage0_full_001,clean,c2r/height/move_pillbottle_pad/seed_454258712/progress_000,move_pillbottle_pad,seed_454258712,c2r,height,0.0,29,condition_video,,,,,,,,knn_k1,0.32301679253578186
stage0_full_001,clean,c2r/height/pick_dual_bottles/seed_625462229/progress_000,pick_dual_bottles,seed_625462229,c2r,height,0.0,29,condition_video,,,,,,,,knn_k1,0.3107171952724457
stage0_full_001,clean,c2r/height/shake_bottle/seed_11397417/progress_000,shake_bottle,seed_11397417,c2r,height,0.0,29,condition_video,,,,,,,,knn_k1,0.3412531018257141
stage0_full_001,clean,c2r/height/place_fan/seed_562359323/progress_000,place_fan,seed_562359323,c2r,height,0.0,29,condition_video,,,,,,,,knn_k1,0.3152916431427002
stage0_full_001,clean,c2r/height/turn_switch/seed_388598700/progress_000,turn_switch,seed_388598700,c2r,height,0.0,29,condition_video,,,,,,,,knn_k1,0.30067339539527893
stage0_full_001,clean,c2r/height/shake_bottle_horizontally/seed_506817488/progress_000,shake_bottle_horizontally,seed_506817488,c2r,height,0.0,29,condition_video,,,,,,,,knn_k1,0.3374997675418854
stage0_full_001,clean,c2r/height/place_container_plate/seed_661154812/progress_000,place_container_plate,seed_661154812,c2r,height,0.0,29,condition_video,,,,,,,,knn_k1,0.30492010712623596
stage0_full_001,clean,c2r/height/rotate_qrcode/seed_391550427/progress_000,rotate_qrcode,seed_391550427,c2r,height,0.0,29,condition_video,,,,,,,,knn_k1,0.30739328265190125
stage0_full_001,clean,c2r/height/place_object_stand/seed_520492387/progress_000,place_object_stand,seed_520492387,c2r,height,0.0,29,condition_video,,,,,,,,knn_k1,0.297803670167923
stage0_full_001,clean,c2r/height/put_bottles_dustbin/seed_833796020/progress_000,put_bottles_dustbin,seed_833796020,c2r,height,0.0,29,condition_video,,,,,,,,knn_k1,0.32264280319213867
stage0_full_001,clean,c2r/height/move_stapler_pad/seed_626979943/progress_000,move_stapler_pad,seed_626979943,c2r,height,0.0,29,condition_video,,,,,,,,knn_k1,0.32701635360717773
stage0_full_001,clean,c2r/height/place_burger_fries/seed_44486756/progress_000,place_burger_fries,seed_44486756,c2r,height,0.0,29,condition_video,,,,,,,,knn_k1,0.32961949706077576
stage0_full_001,clean,c2r/height/place_bread_basket/seed_769514620/progress_000,place_bread_basket,seed_769514620,c2r,height,0.0,29,condition_video,,,,,,,,knn_k1,0.33661749958992004
stage0_full_001,clean,c2r/height/pick_diverse_bottles/seed_202104734/progress_000,pick_diverse_bottles,seed_202104734,c2r,height,0.0,29,condition_video,,,,,,,,knn_k1,0.3115213215351105
stage0_full_001,clean,c2r/height/open_microwave/seed_670586037/progress_000,open_microwave,seed_670586037,c2r,height,0.0,29,condition_video,,,,,,,,knn_k1,0.31630659103393555
stage0_full_001,clean,c2r/height/beat_block_hammer/seed_146228030/progress_000,beat_block_hammer,seed_146228030,c2r,height,0.0,29,condition_video,,,,,,,,knn_k1,0.31049805879592896
stage0_full_001,clean,c2r/height/press_stapler/seed_623879527/progress_000,press_stapler,seed_623879527,c2r,height,0.0,29,condition_video,,,,,,,,knn_k1,0.30125218629837036
stage0_full_001,clean,c2r/height/click_bell/seed_576942388/progress_000,click_bell,seed_576942388,c2r,height,0.0,29,condition_video,,,,,,,,knn_k1,0.29259493947029114
stage0_full_001,clean,c2r/height/move_playingcard_away/seed_468245999/progress_000,move_playingcard_away,seed_468245999,c2r,height,0.0,29,condition_video,,,,,,,,knn_k1,0.31404349207878113
stage0_full_001,clean,c2r/height/open_laptop/seed_273582622/progress_000,open_laptop,seed_273582622,c2r,height,0.0,29,condition_video,,,,,,,,knn_k1,0.3175903558731079
stage0_full_001,clean,c2r/height/move_can_pot/seed_285658487/progress_000,move_can_pot,seed_285658487,c2r,height,0.0,29,condition_video,,,,,,,,knn_k1,0.3051294982433319
stage0_full_001,clean,c2r/height/stack_bowls_two/seed_116018094/progress_000,stack_bowls_two,seed_116018094,c2r,height,0.0,29,condition_video,,,,,,,,knn_k1,0.32748958468437195
stage0_full_001,clean,c2r/height/place_a2b_right/seed_803724289/progress_000,place_a2b_right,seed_803724289,c2r,height,0.0,29,condition_video,,,,,,,,knn_k1,0.31932589411735535
stage0_full_001,clean,c2r/height/stamp_seal/seed_391510540/progress_000,stamp_seal,seed_391510540,c2r,height,0.0,29,condition_video,,,,,,,,knn_k1,0.31321972608566284
stage0_full_001,clean,c2r/height/place_object_basket/seed_760526045/progress_000,place_object_basket,seed_760526045,c2r,height,0.0,29,condition_video,,,,,,,,knn_k1,0.31774741411209106
stage0_full_001,clean,c2r/height/handover_mic/seed_537376167/progress_000,handover_mic,seed_537376167,c2r,height,0.0,29,condition_video,,,,,,,,knn_k1,0.32387664914131165
stage0_full_001,clean,c2r/height/place_bread_skillet/seed_394408374/progress_000,place_bread_skillet,seed_394408374,c2r,height,0.0,29,condition_video,,,,,,,,knn_k1,0.31334513425827026
stage0_full_001,clean,c2r/height/stack_blocks_two/seed_639631926/progress_000,stack_blocks_two,seed_639631926,c2r,height,0.0,29,condition_video,,,,,,,,knn_k1,0.33396777510643005
stage0_full_001,clean,c2r/height/place_cans_plasticbox/seed_514553626/progress_000,place_cans_plasticbox,seed_514553626,c2r,height,0.0,29,condition_video,,,,,,,,knn_k1,0.34543734788894653
stage0_full_001,clean,c2r/height/click_alarmclock/seed_789543505/progress_000,click_alarmclock,seed_789543505,c2r,height,0.0,29,condition_video,,,,,,,,knn_k1,0.2748974859714508
stage0_full_001,clean,c2r/height/blocks_ranking_size/seed_3661514/progress_000,blocks_ranking_size,seed_3661514,c2r,height,0.0,29,condition_video,,,,,,,,knn_k1,0.34654489159584045
stage0_full_001,clean,c2r/height/place_phone_stand/seed_39116909/progress_000,place_phone_stand,seed_39116909,c2r,height,0.0,29,condition_video,,,,,,,,knn_k1,0.3017146587371826
stage0_full_001,clean,c2r/height/place_can_basket/seed_788353025/progress_000,place_can_basket,seed_788353025,c2r,height,0.0,29,condition_video,,,,,,,,knn_k1,0.3092377483844757
stage0_full_001,clean,c2r/height/place_object_scale/seed_603032508/progress_000,place_object_scale,seed_603032508,c2r,height,0.0,29,condition_video,,,,,,,,knn_k1,0.31556448340415955
stage0_full_001,clean,c2r/height/place_a2b_left/seed_240483131/progress_000,place_a2b_left,seed_240483131,c2r,height,0.0,29,condition_video,,,,,,,,knn_k1,0.3094344735145569
stage0_full_001,clean,c2r/height/grab_roller/seed_452075745/progress_000,grab_roller,seed_452075745,c2r,height,0.0,29,condition_video,,,,,,,,knn_k1,0.31093868613243103
stage0_full_001,clean,c2r/height/place_dual_shoes/seed_890676601/progress_000,place_dual_shoes,seed_890676601,c2r,height,0.0,29,condition_video,,,,,,,,knn_k1,0.32228150963783264
stage0_full_001,clean,c2r/height/place_empty_cup/seed_859277454/progress_000,place_empty_cup,seed_859277454,c2r,height,0.0,29,condition_video,,,,,,,,knn_k1,0.3086816966533661
stage0_full_001,clean,c2r/height/blocks_ranking_rgb/seed_114117740/progress_000,blocks_ranking_rgb,seed_114117740,c2r,height,0.0,29,condition_video,,,,,,,,knn_k1,0.34887123107910156
stage0_full_001,clean,aggregate,all,all,c2r,height,,29,condition_video,,,,,,,,knn_k1_mean,0.31774289429187774
stage0_full_001,clean,aggregate,all,group_split,c2r,height,,29,condition_video,,,,,,,,domain_balanced_accuracy,0.5
stage0_full_001,clean,aggregate,all,group_split,c2r,height,,29,condition_video,,,,,,,,domain_auroc,1.0
stage0_full_001,clean,c2r/light/stack_bowls_three/seed_317869620/progress_000,stack_bowls_three,seed_317869620,c2r,light,0.0,29,condition_video,,,,,,,,knn_k1,0.38609156012535095
stage0_full_001,clean,c2r/light/handover_block/seed_879311662/progress_000,handover_block,seed_879311662,c2r,light,0.0,29,condition_video,,,,,,,,knn_k1,0.4298907220363617
stage0_full_001,clean,c2r/light/hanging_mug/seed_459299139/progress_000,hanging_mug,seed_459299139,c2r,light,0.0,29,condition_video,,,,,,,,knn_k1,0.38525018095970154
stage0_full_001,clean,c2r/light/scan_object/seed_289038431/progress_000,scan_object,seed_289038431,c2r,light,0.0,29,condition_video,,,,,,,,knn_k1,0.36460092663764954
stage0_full_001,clean,c2r/light/lift_pot/seed_185598812/progress_000,lift_pot,seed_185598812,c2r,light,0.0,29,condition_video,,,,,,,,knn_k1,0.31265199184417725
stage0_full_001,clean,c2r/light/put_object_cabinet/seed_644929938/progress_000,put_object_cabinet,seed_644929938,c2r,light,0.0,29,condition_video,,,,,,,,knn_k1,0.34939414262771606
stage0_full_001,clean,c2r/light/stack_blocks_three/seed_314814982/progress_000,stack_blocks_three,seed_314814982,c2r,light,0.0,29,condition_video,,,,,,,,knn_k1,0.38621845841407776
stage0_full_001,clean,c2r/light/place_shoe/seed_259707623/progress_000,place_shoe,seed_259707623,c2r,light,0.0,29,condition_video,,,,,,,,knn_k1,0.4033890962600708
stage0_full_001,clean,c2r/light/adjust_bottle/seed_218427993/progress_000,adjust_bottle,seed_218427993,c2r,light,0.0,29,condition_video,,,,,,,,knn_k1,0.36075252294540405
stage0_full_001,clean,c2r/light/place_mouse_pad/seed_866209002/progress_000,place_mouse_pad,seed_866209002,c2r,light,0.0,29,condition_video,,,,,,,,knn_k1,0.43065145611763
stage0_full_001,clean,c2r/light/dump_bin_bigbin/seed_423840151/progress_000,dump_bin_bigbin,seed_423840151,c2r,light,0.0,29,condition_video,,,,,,,,knn_k1,0.39749231934547424
stage0_full_001,clean,c2r/light/move_pillbottle_pad/seed_635002489/progress_000,move_pillbottle_pad,seed_635002489,c2r,light,0.0,29,condition_video,,,,,,,,knn_k1,0.4321053922176361
stage0_full_001,clean,c2r/light/pick_dual_bottles/seed_7690756/progress_000,pick_dual_bottles,seed_7690756,c2r,light,0.0,29,condition_video,,,,,,,,knn_k1,0.3425627648830414
stage0_full_001,clean,c2r/light/shake_bottle/seed_716268860/progress_000,shake_bottle,seed_716268860,c2r,light,0.0,29,condition_video,,,,,,,,knn_k1,0.4170897901058197
stage0_full_001,clean,c2r/light/place_fan/seed_519267369/progress_000,place_fan,seed_519267369,c2r,light,0.0,29,condition_video,,,,,,,,knn_k1,0.3854528069496155
stage0_full_001,clean,c2r/light/turn_switch/seed_493838736/progress_000,turn_switch,seed_493838736,c2r,light,0.0,29,condition_video,,,,,,,,knn_k1,0.4463963210582733
stage0_full_001,clean,c2r/light/shake_bottle_horizontally/seed_497389386/progress_000,shake_bottle_horizontally,seed_497389386,c2r,light,0.0,29,condition_video,,,,,,,,knn_k1,0.40076446533203125
stage0_full_001,clean,c2r/light/place_container_plate/seed_252210122/progress_000,place_container_plate,seed_252210122,c2r,light,0.0,29,condition_video,,,,,,,,knn_k1,0.4574112594127655
stage0_full_001,clean,c2r/light/rotate_qrcode/seed_24255504/progress_000,rotate_qrcode,seed_24255504,c2r,light,0.0,29,condition_video,,,,,,,,knn_k1,0.4756186604499817
stage0_full_001,clean,c2r/light/place_object_stand/seed_603755546/progress_000,place_object_stand,seed_603755546,c2r,light,0.0,29,condition_video,,,,,,,,knn_k1,0.3115907907485962
stage0_full_001,clean,c2r/light/put_bottles_dustbin/seed_473207494/progress_000,put_bottles_dustbin,seed_473207494,c2r,light,0.0,29,condition_video,,,,,,,,knn_k1,0.37051212787628174
stage0_full_001,clean,c2r/light/move_stapler_pad/seed_724544048/progress_000,move_stapler_pad,seed_724544048,c2r,light,0.0,29,condition_video,,,,,,,,knn_k1,0.48334211111068726
stage0_full_001,clean,c2r/light/place_burger_fries/seed_764956105/progress_000,place_burger_fries,seed_764956105,c2r,light,0.0,29,condition_video,,,,,,,,knn_k1,0.38973480463027954
stage0_full_001,clean,c2r/light/place_bread_basket/seed_548994270/progress_000,place_bread_basket,seed_548994270,c2r,light,0.0,29,condition_video,,,,,,,,knn_k1,0.3821728527545929
stage0_full_001,clean,c2r/light/pick_diverse_bottles/seed_469296516/progress_000,pick_diverse_bottles,seed_469296516,c2r,light,0.0,29,condition_video,,,,,,,,knn_k1,0.38158756494522095
stage0_full_001,clean,c2r/light/open_microwave/seed_126026794/progress_000,open_microwave,seed_126026794,c2r,light,0.0,29,condition_video,,,,,,,,knn_k1,0.4229115843772888
stage0_full_001,clean,c2r/light/beat_block_hammer/seed_190785939/progress_000,beat_block_hammer,seed_190785939,c2r,light,0.0,29,condition_video,,,,,,,,knn_k1,0.4625852108001709
stage0_full_001,clean,c2r/light/press_stapler/seed_645584852/progress_000,press_stapler,seed_645584852,c2r,light,0.0,29,condition_video,,,,,,,,knn_k1,0.4032256305217743
stage0_full_001,clean,c2r/light/click_bell/seed_611142223/progress_000,click_bell,seed_611142223,c2r,light,0.0,29,condition_video,,,,,,,,knn_k1,0.36904361844062805
stage0_full_001,clean,c2r/light/move_playingcard_away/seed_698951458/progress_000,move_playingcard_away,seed_698951458,c2r,light,0.0,29,condition_video,,,,,,,,knn_k1,0.34992969036102295
stage0_full_001,clean,c2r/light/open_laptop/seed_627389206/progress_000,open_laptop,seed_627389206,c2r,light,0.0,29,condition_video,,,,,,,,knn_k1,0.3400394022464752
stage0_full_001,clean,c2r/light/move_can_pot/seed_248023816/progress_000,move_can_pot,seed_248023816,c2r,light,0.0,29,condition_video,,,,,,,,knn_k1,0.4113169014453888
stage0_full_001,clean,c2r/light/stack_bowls_two/seed_656246828/progress_000,stack_bowls_two,seed_656246828,c2r,light,0.0,29,condition_video,,,,,,,,knn_k1,0.4149893820285797
stage0_full_001,clean,c2r/light/place_a2b_right/seed_803416018/progress_000,place_a2b_right,seed_803416018,c2r,light,0.0,29,condition_video,,,,,,,,knn_k1,0.36239275336265564
stage0_full_001,clean,c2r/light/stamp_seal/seed_203079918/progress_000,stamp_seal,seed_203079918,c2r,light,0.0,29,condition_video,,,,,,,,knn_k1,0.38041767477989197
stage0_full_001,clean,c2r/light/place_object_basket/seed_241125908/progress_000,place_object_basket,seed_241125908,c2r,light,0.0,29,condition_video,,,,,,,,knn_k1,0.43686771392822266
stage0_full_001,clean,c2r/light/handover_mic/seed_283323218/progress_000,handover_mic,seed_283323218,c2r,light,0.0,29,condition_video,,,,,,,,knn_k1,0.48606327176094055
stage0_full_001,clean,c2r/light/place_bread_skillet/seed_156686976/progress_000,place_bread_skillet,seed_156686976,c2r,light,0.0,29,condition_video,,,,,,,,knn_k1,0.36862772703170776
stage0_full_001,clean,c2r/light/stack_blocks_two/seed_803532712/progress_000,stack_blocks_two,seed_803532712,c2r,light,0.0,29,condition_video,,,,,,,,knn_k1,0.46105971932411194
stage0_full_001,clean,c2r/light/place_cans_plasticbox/seed_577981354/progress_000,place_cans_plasticbox,seed_577981354,c2r,light,0.0,29,condition_video,,,,,,,,knn_k1,0.394822359085083
stage0_full_001,clean,c2r/light/click_alarmclock/seed_762866989/progress_000,click_alarmclock,seed_762866989,c2r,light,0.0,29,condition_video,,,,,,,,knn_k1,0.2842923402786255
stage0_full_001,clean,c2r/light/blocks_ranking_size/seed_505985753/progress_000,blocks_ranking_size,seed_505985753,c2r,light,0.0,29,condition_video,,,,,,,,knn_k1,0.43404364585876465
stage0_full_001,clean,c2r/light/place_phone_stand/seed_624751721/progress_000,place_phone_stand,seed_624751721,c2r,light,0.0,29,condition_video,,,,,,,,knn_k1,0.4276692271232605
stage0_full_001,clean,c2r/light/place_can_basket/seed_542145302/progress_000,place_can_basket,seed_542145302,c2r,light,0.0,29,condition_video,,,,,,,,knn_k1,0.3361605107784271
stage0_full_001,clean,c2r/light/place_object_scale/seed_722575534/progress_000,place_object_scale,seed_722575534,c2r,light,0.0,29,condition_video,,,,,,,,knn_k1,0.36732783913612366
stage0_full_001,clean,c2r/light/place_a2b_left/seed_663079132/progress_000,place_a2b_left,seed_663079132,c2r,light,0.0,29,condition_video,,,,,,,,knn_k1,0.34458598494529724
stage0_full_001,clean,c2r/light/grab_roller/seed_482689013/progress_000,grab_roller,seed_482689013,c2r,light,0.0,29,condition_video,,,,,,,,knn_k1,0.46709397435188293
stage0_full_001,clean,c2r/light/place_dual_shoes/seed_319436374/progress_000,place_dual_shoes,seed_319436374,c2r,light,0.0,29,condition_video,,,,,,,,knn_k1,0.32459038496017456
stage0_full_001,clean,c2r/light/place_empty_cup/seed_606914953/progress_000,place_empty_cup,seed_606914953,c2r,light,0.0,29,condition_video,,,,,,,,knn_k1,0.3504098951816559
stage0_full_001,clean,c2r/light/blocks_ranking_rgb/seed_339352330/progress_000,blocks_ranking_rgb,seed_339352330,c2r,light,0.0,29,condition_video,,,,,,,,knn_k1,0.42880183458328247
stage0_full_001,clean,aggregate,all,all,c2r,light,,29,condition_video,,,,,,,,knn_k1_mean,0.3942398673295975
stage0_full_001,clean,aggregate,all,group_split,c2r,light,,29,condition_video,,,,,,,,domain_balanced_accuracy,0.5
stage0_full_001,clean,aggregate,all,group_split,c2r,light,,29,condition_video,,,,,,,,domain_auroc,1.0
stage0_full_001,contrastive,c2r/background/stack_bowls_three/seed_27804535/progress_000,stack_bowls_three,seed_27804535,c2r,background,0.0,0,condition_video,,,,,,,,knn_k1,0.3770182132720947
stage0_full_001,contrastive,c2r/background/handover_block/seed_120650234/progress_000,handover_block,seed_120650234,c2r,background,0.0,0,condition_video,,,,,,,,knn_k1,0.3817124366760254
stage0_full_001,contrastive,c2r/background/hanging_mug/seed_538778923/progress_000,hanging_mug,seed_538778923,c2r,background,0.0,0,condition_video,,,,,,,,knn_k1,0.3532300293445587
stage0_full_001,contrastive,c2r/background/scan_object/seed_262761732/progress_000,scan_object,seed_262761732,c2r,background,0.0,0,condition_video,,,,,,,,knn_k1,0.3071332275867462
stage0_full_001,contrastive,c2r/background/lift_pot/seed_710924868/progress_000,lift_pot,seed_710924868,c2r,background,0.0,0,condition_video,,,,,,,,knn_k1,0.3009628653526306
stage0_full_001,contrastive,c2r/background/put_object_cabinet/seed_13370600/progress_000,put_object_cabinet,seed_13370600,c2r,background,0.0,0,condition_video,,,,,,,,knn_k1,0.2632414698600769
stage0_full_001,contrastive,c2r/background/stack_blocks_three/seed_822087810/progress_000,stack_blocks_three,seed_822087810,c2r,background,0.0,0,condition_video,,,,,,,,knn_k1,0.4147166609764099
stage0_full_001,contrastive,c2r/background/place_shoe/seed_676166693/progress_000,place_shoe,seed_676166693,c2r,background,0.0,0,condition_video,,,,,,,,knn_k1,0.3377724289894104
stage0_full_001,contrastive,c2r/background/adjust_bottle/seed_863397555/progress_000,adjust_bottle,seed_863397555,c2r,background,0.0,0,condition_video,,,,,,,,knn_k1,0.3411731719970703
stage0_full_001,contrastive,c2r/background/place_mouse_pad/seed_457852611/progress_000,place_mouse_pad,seed_457852611,c2r,background,0.0,0,condition_video,,,,,,,,knn_k1,0.35083457827568054
stage0_full_001,contrastive,c2r/background/dump_bin_bigbin/seed_773111305/progress_000,dump_bin_bigbin,seed_773111305,c2r,background,0.0,0,condition_video,,,,,,,,knn_k1,0.3614228665828705
stage0_full_001,contrastive,c2r/background/move_pillbottle_pad/seed_568983342/progress_000,move_pillbottle_pad,seed_568983342,c2r,background,0.0,0,condition_video,,,,,,,,knn_k1,0.3909410536289215
stage0_full_001,contrastive,c2r/background/pick_dual_bottles/seed_117166061/progress_000,pick_dual_bottles,seed_117166061,c2r,background,0.0,0,condition_video,,,,,,,,knn_k1,0.30019354820251465
stage0_full_001,contrastive,c2r/background/shake_bottle/seed_331965946/progress_000,shake_bottle,seed_331965946,c2r,background,0.0,0,condition_video,,,,,,,,knn_k1,0.43969234824180603
stage0_full_001,contrastive,c2r/background/place_fan/seed_543070044/progress_000,place_fan,seed_543070044,c2r,background,0.0,0,condition_video,,,,,,,,knn_k1,0.37394803762435913
stage0_full_001,contrastive,c2r/background/turn_switch/seed_489873751/progress_000,turn_switch,seed_489873751,c2r,background,0.0,0,condition_video,,,,,,,,knn_k1,0.3520566523075104
stage0_full_001,contrastive,c2r/background/shake_bottle_horizontally/seed_319358196/progress_000,shake_bottle_horizontally,seed_319358196,c2r,background,0.0,0,condition_video,,,,,,,,knn_k1,0.35864776372909546
stage0_full_001,contrastive,c2r/background/place_container_plate/seed_14431598/progress_000,place_container_plate,seed_14431598,c2r,background,0.0,0,condition_video,,,,,,,,knn_k1,0.36284253001213074
stage0_full_001,contrastive,c2r/background/rotate_qrcode/seed_372345110/progress_000,rotate_qrcode,seed_372345110,c2r,background,0.0,0,condition_video,,,,,,,,knn_k1,0.3307570219039917
stage0_full_001,contrastive,c2r/background/place_object_stand/seed_715864988/progress_000,place_object_stand,seed_715864988,c2r,background,0.0,0,condition_video,,,,,,,,knn_k1,0.315195232629776
stage0_full_001,contrastive,c2r/background/put_bottles_dustbin/seed_455479075/progress_000,put_bottles_dustbin,seed_455479075,c2r,background,0.0,0,condition_video,,,,,,,,knn_k1,0.422758549451828
stage0_full_001,contrastive,c2r/background/move_stapler_pad/seed_453776751/progress_000,move_stapler_pad,seed_453776751,c2r,background,0.0,0,condition_video,,,,,,,,knn_k1,0.38560160994529724
stage0_full_001,contrastive,c2r/background/place_burger_fries/seed_165469501/progress_000,place_burger_fries,seed_165469501,c2r,background,0.0,0,condition_video,,,,,,,,knn_k1,0.3737947344779968
stage0_full_001,contrastive,c2r/background/place_bread_basket/seed_490234398/progress_000,place_bread_basket,seed_490234398,c2r,background,0.0,0,condition_video,,,,,,,,knn_k1,0.3433178961277008
stage0_full_001,contrastive,c2r/background/pick_diverse_bottles/seed_886697844/progress_000,pick_diverse_bottles,seed_886697844,c2r,background,0.0,0,condition_video,,,,,,,,knn_k1,0.2998901903629303
stage0_full_001,contrastive,c2r/background/open_microwave/seed_443701932/progress_000,open_microwave,seed_443701932,c2r,background,0.0,0,condition_video,,,,,,,,knn_k1,0.3321736454963684
stage0_full_001,contrastive,c2r/background/beat_block_hammer/seed_797298394/progress_000,beat_block_hammer,seed_797298394,c2r,background,0.0,0,condition_video,,,,,,,,knn_k1,0.3334522545337677
stage0_full_001,contrastive,c2r/background/press_stapler/seed_262831721/progress_000,press_stapler,seed_262831721,c2r,background,0.0,0,condition_video,,,,,,,,knn_k1,0.3361572325229645
stage0_full_001,contrastive,c2r/background/click_bell/seed_748992159/progress_000,click_bell,seed_748992159,c2r,background,0.0,0,condition_video,,,,,,,,knn_k1,0.3547762930393219
stage0_full_001,contrastive,c2r/background/move_playingcard_away/seed_114732817/progress_000,move_playingcard_away,seed_114732817,c2r,background,0.0,0,condition_video,,,,,,,,knn_k1,0.3649432361125946
stage0_full_001,contrastive,c2r/background/open_laptop/seed_121410776/progress_000,open_laptop,seed_121410776,c2r,background,0.0,0,condition_video,,,,,,,,knn_k1,0.3804934620857239
stage0_full_001,contrastive,c2r/background/move_can_pot/seed_600430797/progress_000,move_can_pot,seed_600430797,c2r,background,0.0,0,condition_video,,,,,,,,knn_k1,0.3825737535953522
stage0_full_001,contrastive,c2r/background/stack_bowls_two/seed_444040936/progress_000,stack_bowls_two,seed_444040936,c2r,background,0.0,0,condition_video,,,,,,,,knn_k1,0.37637266516685486
stage0_full_001,contrastive,c2r/background/place_a2b_right/seed_550624350/progress_000,place_a2b_right,seed_550624350,c2r,background,0.0,0,condition_video,,,,,,,,knn_k1,0.3384685218334198
stage0_full_001,contrastive,c2r/background/stamp_seal/seed_373032052/progress_000,stamp_seal,seed_373032052,c2r,background,0.0,0,condition_video,,,,,,,,knn_k1,0.3618759512901306
stage0_full_001,contrastive,c2r/background/place_object_basket/seed_13972055/progress_000,place_object_basket,seed_13972055,c2r,background,0.0,0,condition_video,,,,,,,,knn_k1,0.3720068335533142
stage0_full_001,contrastive,c2r/background/handover_mic/seed_791372736/progress_000,handover_mic,seed_791372736,c2r,background,0.0,0,condition_video,,,,,,,,knn_k1,0.3270954489707947
stage0_full_001,contrastive,c2r/background/place_bread_skillet/seed_682411729/progress_000,place_bread_skillet,seed_682411729,c2r,background,0.0,0,condition_video,,,,,,,,knn_k1,0.32135114073753357
stage0_full_001,contrastive,c2r/background/stack_blocks_two/seed_325046254/progress_000,stack_blocks_two,seed_325046254,c2r,background,0.0,0,condition_video,,,,,,,,knn_k1,0.40370675921440125
stage0_full_001,contrastive,c2r/background/place_cans_plasticbox/seed_851474539/progress_000,place_cans_plasticbox,seed_851474539,c2r,background,0.0,0,condition_video,,,,,,,,knn_k1,0.34590083360671997
stage0_full_001,contrastive,c2r/background/click_alarmclock/seed_597249174/progress_000,click_alarmclock,seed_597249174,c2r,background,0.0,0,condition_video,,,,,,,,knn_k1,0.2987416684627533
stage0_full_001,contrastive,c2r/background/blocks_ranking_size/seed_483186537/progress_000,blocks_ranking_size,seed_483186537,c2r,background,0.0,0,condition_video,,,,,,,,knn_k1,0.42400601506233215
stage0_full_001,contrastive,c2r/background/place_phone_stand/seed_844715882/progress_000,place_phone_stand,seed_844715882,c2r,background,0.0,0,condition_video,,,,,,,,knn_k1,0.3160436451435089
stage0_full_001,contrastive,c2r/background/place_can_basket/seed_873890208/progress_000,place_can_basket,seed_873890208,c2r,background,0.0,0,condition_video,,,,,,,,knn_k1,0.3605470061302185
stage0_full_001,contrastive,c2r/background/place_object_scale/seed_28989601/progress_000,place_object_scale,seed_28989601,c2r,background,0.0,0,condition_video,,,,,,,,knn_k1,0.3648369312286377
stage0_full_001,contrastive,c2r/background/place_a2b_left/seed_494714106/progress_000,place_a2b_left,seed_494714106,c2r,background,0.0,0,condition_video,,,,,,,,knn_k1,0.36287063360214233
stage0_full_001,contrastive,c2r/background/grab_roller/seed_274067892/progress_000,grab_roller,seed_274067892,c2r,background,0.0,0,condition_video,,,,,,,,knn_k1,0.2802745997905731
stage0_full_001,contrastive,c2r/background/place_dual_shoes/seed_100946921/progress_000,place_dual_shoes,seed_100946921,c2r,background,0.0,0,condition_video,,,,,,,,knn_k1,0.27625831961631775
stage0_full_001,contrastive,c2r/background/place_empty_cup/seed_66017520/progress_000,place_empty_cup,seed_66017520,c2r,background,0.0,0,condition_video,,,,,,,,knn_k1,0.3976316452026367
stage0_full_001,contrastive,c2r/background/blocks_ranking_rgb/seed_392877897/progress_000,blocks_ranking_rgb,seed_392877897,c2r,background,0.0,0,condition_video,,,,,,,,knn_k1,0.42113563418388367
stage0_full_001,contrastive,aggregate,all,all,c2r,background,,0,condition_video,,,,,,,,knn_k1_mean,0.35345098495483396
stage0_full_001,contrastive,aggregate,all,group_split,c2r,background,,0,condition_video,,,,,,,,domain_balanced_accuracy,0.5
stage0_full_001,contrastive,aggregate,all,group_split,c2r,background,,0,condition_video,,,,,,,,domain_auroc,1.0
stage0_full_001,contrastive,c2r/clutter/stack_bowls_three/seed_761954913/progress_000,stack_bowls_three,seed_761954913,c2r,clutter,0.0,0,condition_video,,,,,,,,knn_k1,0.38060060143470764
stage0_full_001,contrastive,c2r/clutter/handover_block/seed_624737248/progress_000,handover_block,seed_624737248,c2r,clutter,0.0,0,condition_video,,,,,,,,knn_k1,0.38234299421310425
stage0_full_001,contrastive,c2r/clutter/hanging_mug/seed_853936167/progress_000,hanging_mug,seed_853936167,c2r,clutter,0.0,0,condition_video,,,,,,,,knn_k1,0.3572995066642761
stage0_full_001,contrastive,c2r/clutter/scan_object/seed_200154928/progress_000,scan_object,seed_200154928,c2r,clutter,0.0,0,condition_video,,,,,,,,knn_k1,0.3064795434474945
stage0_full_001,contrastive,c2r/clutter/lift_pot/seed_36841133/progress_000,lift_pot,seed_36841133,c2r,clutter,0.0,0,condition_video,,,,,,,,knn_k1,0.30154865980148315
stage0_full_001,contrastive,c2r/clutter/put_object_cabinet/seed_213141741/progress_000,put_object_cabinet,seed_213141741,c2r,clutter,0.0,0,condition_video,,,,,,,,knn_k1,0.26344266533851624
stage0_full_001,contrastive,c2r/clutter/stack_blocks_three/seed_885782772/progress_000,stack_blocks_three,seed_885782772,c2r,clutter,0.0,0,condition_video,,,,,,,,knn_k1,0.4124865233898163
stage0_full_001,contrastive,c2r/clutter/place_shoe/seed_148930251/progress_000,place_shoe,seed_148930251,c2r,clutter,0.0,0,condition_video,,,,,,,,knn_k1,0.34118756651878357
stage0_full_001,contrastive,c2r/clutter/adjust_bottle/seed_487447292/progress_000,adjust_bottle,seed_487447292,c2r,clutter,0.0,0,condition_video,,,,,,,,knn_k1,0.3395989239215851
stage0_full_001,contrastive,c2r/clutter/place_mouse_pad/seed_782913939/progress_000,place_mouse_pad,seed_782913939,c2r,clutter,0.0,0,condition_video,,,,,,,,knn_k1,0.35012486577033997
stage0_full_001,contrastive,c2r/clutter/dump_bin_bigbin/seed_48286788/progress_000,dump_bin_bigbin,seed_48286788,c2r,clutter,0.0,0,condition_video,,,,,,,,knn_k1,0.3609771728515625
stage0_full_001,contrastive,c2r/clutter/move_pillbottle_pad/seed_170572259/progress_000,move_pillbottle_pad,seed_170572259,c2r,clutter,0.0,0,condition_video,,,,,,,,knn_k1,0.3901893198490143
stage0_full_001,contrastive,c2r/clutter/pick_dual_bottles/seed_4182488/progress_000,pick_dual_bottles,seed_4182488,c2r,clutter,0.0,0,condition_video,,,,,,,,knn_k1,0.2976117730140686
stage0_full_001,contrastive,c2r/clutter/shake_bottle/seed_509663030/progress_000,shake_bottle,seed_509663030,c2r,clutter,0.0,0,condition_video,,,,,,,,knn_k1,0.4345528483390808
stage0_full_001,contrastive,c2r/clutter/place_fan/seed_847307321/progress_000,place_fan,seed_847307321,c2r,clutter,0.0,0,condition_video,,,,,,,,knn_k1,0.37244006991386414
stage0_full_001,contrastive,c2r/clutter/turn_switch/seed_106540409/progress_000,turn_switch,seed_106540409,c2r,clutter,0.0,0,condition_video,,,,,,,,knn_k1,0.35930919647216797
stage0_full_001,contrastive,c2r/clutter/shake_bottle_horizontally/seed_491429438/progress_000,shake_bottle_horizontally,seed_491429438,c2r,clutter,0.0,0,condition_video,,,,,,,,knn_k1,0.3557063639163971
stage0_full_001,contrastive,c2r/clutter/place_container_plate/seed_594486020/progress_000,place_container_plate,seed_594486020,c2r,clutter,0.0,0,condition_video,,,,,,,,knn_k1,0.36780065298080444
stage0_full_001,contrastive,c2r/clutter/rotate_qrcode/seed_362674036/progress_000,rotate_qrcode,seed_362674036,c2r,clutter,0.0,0,condition_video,,,,,,,,knn_k1,0.3341694474220276
stage0_full_001,contrastive,c2r/clutter/place_object_stand/seed_162697052/progress_000,place_object_stand,seed_162697052,c2r,clutter,0.0,0,condition_video,,,,,,,,knn_k1,0.3160698413848877
stage0_full_001,contrastive,c2r/clutter/put_bottles_dustbin/seed_148690198/progress_000,put_bottles_dustbin,seed_148690198,c2r,clutter,0.0,0,condition_video,,,,,,,,knn_k1,0.4140740931034088
stage0_full_001,contrastive,c2r/clutter/move_stapler_pad/seed_744409618/progress_000,move_stapler_pad,seed_744409618,c2r,clutter,0.0,0,condition_video,,,,,,,,knn_k1,0.3831470310688019
stage0_full_001,contrastive,c2r/clutter/place_burger_fries/seed_303636962/progress_000,place_burger_fries,seed_303636962,c2r,clutter,0.0,0,condition_video,,,,,,,,knn_k1,0.3739628791809082
stage0_full_001,contrastive,c2r/clutter/place_bread_basket/seed_105344671/progress_000,place_bread_basket,seed_105344671,c2r,clutter,0.0,0,condition_video,,,,,,,,knn_k1,0.33845967054367065
stage0_full_001,contrastive,c2r/clutter/pick_diverse_bottles/seed_21321356/progress_000,pick_diverse_bottles,seed_21321356,c2r,clutter,0.0,0,condition_video,,,,,,,,knn_k1,0.30368053913116455
stage0_full_001,contrastive,c2r/clutter/open_microwave/seed_136410473/progress_000,open_microwave,seed_136410473,c2r,clutter,0.0,0,condition_video,,,,,,,,knn_k1,0.3348661959171295
stage0_full_001,contrastive,c2r/clutter/beat_block_hammer/seed_36693999/progress_000,beat_block_hammer,seed_36693999,c2r,clutter,0.0,0,condition_video,,,,,,,,knn_k1,0.33365705609321594
stage0_full_001,contrastive,c2r/clutter/press_stapler/seed_880007787/progress_000,press_stapler,seed_880007787,c2r,clutter,0.0,0,condition_video,,,,,,,,knn_k1,0.3366987705230713
stage0_full_001,contrastive,c2r/clutter/click_bell/seed_539095014/progress_000,click_bell,seed_539095014,c2r,clutter,0.0,0,condition_video,,,,,,,,knn_k1,0.35389843583106995
stage0_full_001,contrastive,c2r/clutter/move_playingcard_away/seed_385288247/progress_000,move_playingcard_away,seed_385288247,c2r,clutter,0.0,0,condition_video,,,,,,,,knn_k1,0.36231258511543274
stage0_full_001,contrastive,c2r/clutter/open_laptop/seed_260421436/progress_000,open_laptop,seed_260421436,c2r,clutter,0.0,0,condition_video,,,,,,,,knn_k1,0.3866126835346222
stage0_full_001,contrastive,c2r/clutter/move_can_pot/seed_445842829/progress_000,move_can_pot,seed_445842829,c2r,clutter,0.0,0,condition_video,,,,,,,,knn_k1,0.3758974075317383
stage0_full_001,contrastive,c2r/clutter/stack_bowls_two/seed_408127787/progress_000,stack_bowls_two,seed_408127787,c2r,clutter,0.0,0,condition_video,,,,,,,,knn_k1,0.3677906095981598
stage0_full_001,contrastive,c2r/clutter/place_a2b_right/seed_298826397/progress_000,place_a2b_right,seed_298826397,c2r,clutter,0.0,0,condition_video,,,,,,,,knn_k1,0.33915621042251587
stage0_full_001,contrastive,c2r/clutter/stamp_seal/seed_748150648/progress_000,stamp_seal,seed_748150648,c2r,clutter,0.0,0,condition_video,,,,,,,,knn_k1,0.3578653931617737
stage0_full_001,contrastive,c2r/clutter/place_object_basket/seed_455727417/progress_000,place_object_basket,seed_455727417,c2r,clutter,0.0,0,condition_video,,,,,,,,knn_k1,0.3874398469924927
stage0_full_001,contrastive,c2r/clutter/handover_mic/seed_27533572/progress_000,handover_mic,seed_27533572,c2r,clutter,0.0,0,condition_video,,,,,,,,knn_k1,0.3270440995693207
stage0_full_001,contrastive,c2r/clutter/place_bread_skillet/seed_470829968/progress_000,place_bread_skillet,seed_470829968,c2r,clutter,0.0,0,condition_video,,,,,,,,knn_k1,0.3274609446525574
stage0_full_001,contrastive,c2r/clutter/stack_blocks_two/seed_193292576/progress_000,stack_blocks_two,seed_193292576,c2r,clutter,0.0,0,condition_video,,,,,,,,knn_k1,0.40359511971473694
stage0_full_001,contrastive,c2r/clutter/place_cans_plasticbox/seed_552905247/progress_000,place_cans_plasticbox,seed_552905247,c2r,clutter,0.0,0,condition_video,,,,,,,,knn_k1,0.3460928201675415
stage0_full_001,contrastive,c2r/clutter/click_alarmclock/seed_257639388/progress_000,click_alarmclock,seed_257639388,c2r,clutter,0.0,0,condition_video,,,,,,,,knn_k1,0.30684590339660645
stage0_full_001,contrastive,c2r/clutter/blocks_ranking_size/seed_676842534/progress_000,blocks_ranking_size,seed_676842534,c2r,clutter,0.0,0,condition_video,,,,,,,,knn_k1,0.4228591024875641
stage0_full_001,contrastive,c2r/clutter/place_phone_stand/seed_560963078/progress_000,place_phone_stand,seed_560963078,c2r,clutter,0.0,0,condition_video,,,,,,,,knn_k1,0.3165784478187561
stage0_full_001,contrastive,c2r/clutter/place_can_basket/seed_578149817/progress_000,place_can_basket,seed_578149817,c2r,clutter,0.0,0,condition_video,,,,,,,,knn_k1,0.3581400513648987
stage0_full_001,contrastive,c2r/clutter/place_object_scale/seed_142945748/progress_000,place_object_scale,seed_142945748,c2r,clutter,0.0,0,condition_video,,,,,,,,knn_k1,0.36686161160469055
stage0_full_001,contrastive,c2r/clutter/place_a2b_left/seed_712001400/progress_000,place_a2b_left,seed_712001400,c2r,clutter,0.0,0,condition_video,,,,,,,,knn_k1,0.36423277854919434
stage0_full_001,contrastive,c2r/clutter/grab_roller/seed_489372951/progress_000,grab_roller,seed_489372951,c2r,clutter,0.0,0,condition_video,,,,,,,,knn_k1,0.2809249758720398
stage0_full_001,contrastive,c2r/clutter/place_dual_shoes/seed_486785621/progress_000,place_dual_shoes,seed_486785621,c2r,clutter,0.0,0,condition_video,,,,,,,,knn_k1,0.27852872014045715
stage0_full_001,contrastive,c2r/clutter/place_empty_cup/seed_270996463/progress_000,place_empty_cup,seed_270996463,c2r,clutter,0.0,0,condition_video,,,,,,,,knn_k1,0.39444246888160706
stage0_full_001,contrastive,c2r/clutter/blocks_ranking_rgb/seed_350545820/progress_000,blocks_ranking_rgb,seed_350545820,c2r,clutter,0.0,0,condition_video,,,,,,,,knn_k1,0.4185912311077118
stage0_full_001,contrastive,aggregate,all,all,c2r,clutter,,0,condition_video,,,,,,,,knn_k1_mean,0.3537131243944168
stage0_full_001,contrastive,aggregate,all,group_split,c2r,clutter,,0,condition_video,,,,,,,,domain_balanced_accuracy,0.5
stage0_full_001,contrastive,aggregate,all,group_split,c2r,clutter,,0,condition_video,,,,,,,,domain_auroc,1.0
stage0_full_001,contrastive,c2r/height/stack_bowls_three/seed_777107145/progress_000,stack_bowls_three,seed_777107145,c2r,height,0.0,0,condition_video,,,,,,,,knn_k1,0.37197884917259216
stage0_full_001,contrastive,c2r/height/handover_block/seed_153931416/progress_000,handover_block,seed_153931416,c2r,height,0.0,0,condition_video,,,,,,,,knn_k1,0.3866066336631775
stage0_full_001,contrastive,c2r/height/hanging_mug/seed_797626889/progress_000,hanging_mug,seed_797626889,c2r,height,0.0,0,condition_video,,,,,,,,knn_k1,0.3559211194515228
stage0_full_001,contrastive,c2r/height/scan_object/seed_86820161/progress_000,scan_object,seed_86820161,c2r,height,0.0,0,condition_video,,,,,,,,knn_k1,0.3075012266635895
stage0_full_001,contrastive,c2r/height/lift_pot/seed_358880989/progress_000,lift_pot,seed_358880989,c2r,height,0.0,0,condition_video,,,,,,,,knn_k1,0.30145514011383057
stage0_full_001,contrastive,c2r/height/put_object_cabinet/seed_579804476/progress_000,put_object_cabinet,seed_579804476,c2r,height,0.0,0,condition_video,,,,,,,,knn_k1,0.2625720500946045
stage0_full_001,contrastive,c2r/height/stack_blocks_three/seed_510834284/progress_000,stack_blocks_three,seed_510834284,c2r,height,0.0,0,condition_video,,,,,,,,knn_k1,0.41371437907218933
stage0_full_001,contrastive,c2r/height/place_shoe/seed_547565528/progress_000,place_shoe,seed_547565528,c2r,height,0.0,0,condition_video,,,,,,,,knn_k1,0.3310261070728302
stage0_full_001,contrastive,c2r/height/adjust_bottle/seed_455908385/progress_000,adjust_bottle,seed_455908385,c2r,height,0.0,0,condition_video,,,,,,,,knn_k1,0.33485493063926697
stage0_full_001,contrastive,c2r/height/place_mouse_pad/seed_747588073/progress_000,place_mouse_pad,seed_747588073,c2r,height,0.0,0,condition_video,,,,,,,,knn_k1,0.3448919355869293
stage0_full_001,contrastive,c2r/height/dump_bin_bigbin/seed_609125485/progress_000,dump_bin_bigbin,seed_609125485,c2r,height,0.0,0,condition_video,,,,,,,,knn_k1,0.3685569763183594
stage0_full_001,contrastive,c2r/height/move_pillbottle_pad/seed_454258712/progress_000,move_pillbottle_pad,seed_454258712,c2r,height,0.0,0,condition_video,,,,,,,,knn_k1,0.39215725660324097
stage0_full_001,contrastive,c2r/height/pick_dual_bottles/seed_625462229/progress_000,pick_dual_bottles,seed_625462229,c2r,height,0.0,0,condition_video,,,,,,,,knn_k1,0.2952405512332916
stage0_full_001,contrastive,c2r/height/shake_bottle/seed_11397417/progress_000,shake_bottle,seed_11397417,c2r,height,0.0,0,condition_video,,,,,,,,knn_k1,0.4288017749786377
stage0_full_001,contrastive,c2r/height/place_fan/seed_562359323/progress_000,place_fan,seed_562359323,c2r,height,0.0,0,condition_video,,,,,,,,knn_k1,0.36942318081855774
stage0_full_001,contrastive,c2r/height/turn_switch/seed_388598700/progress_000,turn_switch,seed_388598700,c2r,height,0.0,0,condition_video,,,,,,,,knn_k1,0.36091312766075134
stage0_full_001,contrastive,c2r/height/shake_bottle_horizontally/seed_506817488/progress_000,shake_bottle_horizontally,seed_506817488,c2r,height,0.0,0,condition_video,,,,,,,,knn_k1,0.3661480247974396
stage0_full_001,contrastive,c2r/height/place_container_plate/seed_661154812/progress_000,place_container_plate,seed_661154812,c2r,height,0.0,0,condition_video,,,,,,,,knn_k1,0.36398226022720337
stage0_full_001,contrastive,c2r/height/rotate_qrcode/seed_391550427/progress_000,rotate_qrcode,seed_391550427,c2r,height,0.0,0,condition_video,,,,,,,,knn_k1,0.3388153612613678
stage0_full_001,contrastive,c2r/height/place_object_stand/seed_520492387/progress_000,place_object_stand,seed_520492387,c2r,height,0.0,0,condition_video,,,,,,,,knn_k1,0.318321168422699
stage0_full_001,contrastive,c2r/height/put_bottles_dustbin/seed_833796020/progress_000,put_bottles_dustbin,seed_833796020,c2r,height,0.0,0,condition_video,,,,,,,,knn_k1,0.4152207374572754
stage0_full_001,contrastive,c2r/height/move_stapler_pad/seed_626979943/progress_000,move_stapler_pad,seed_626979943,c2r,height,0.0,0,condition_video,,,,,,,,knn_k1,0.3841482400894165
stage0_full_001,contrastive,c2r/height/place_burger_fries/seed_44486756/progress_000,place_burger_fries,seed_44486756,c2r,height,0.0,0,condition_video,,,,,,,,knn_k1,0.3448796570301056
stage0_full_001,contrastive,c2r/height/place_bread_basket/seed_769514620/progress_000,place_bread_basket,seed_769514620,c2r,height,0.0,0,condition_video,,,,,,,,knn_k1,0.34592363238334656
stage0_full_001,contrastive,c2r/height/pick_diverse_bottles/seed_202104734/progress_000,pick_diverse_bottles,seed_202104734,c2r,height,0.0,0,condition_video,,,,,,,,knn_k1,0.30067116022109985
stage0_full_001,contrastive,c2r/height/open_microwave/seed_670586037/progress_000,open_microwave,seed_670586037,c2r,height,0.0,0,condition_video,,,,,,,,knn_k1,0.3331945836544037
stage0_full_001,contrastive,c2r/height/beat_block_hammer/seed_146228030/progress_000,beat_block_hammer,seed_146228030,c2r,height,0.0,0,condition_video,,,,,,,,knn_k1,0.33462294936180115
stage0_full_001,contrastive,c2r/height/press_stapler/seed_623879527/progress_000,press_stapler,seed_623879527,c2r,height,0.0,0,condition_video,,,,,,,,knn_k1,0.3449673354625702
stage0_full_001,contrastive,c2r/height/click_bell/seed_576942388/progress_000,click_bell,seed_576942388,c2r,height,0.0,0,condition_video,,,,,,,,knn_k1,0.3609258830547333
stage0_full_001,contrastive,c2r/height/move_playingcard_away/seed_468245999/progress_000,move_playingcard_away,seed_468245999,c2r,height,0.0,0,condition_video,,,,,,,,knn_k1,0.36912551522254944
stage0_full_001,contrastive,c2r/height/open_laptop/seed_273582622/progress_000,open_laptop,seed_273582622,c2r,height,0.0,0,condition_video,,,,,,,,knn_k1,0.3905802071094513
stage0_full_001,contrastive,c2r/height/move_can_pot/seed_285658487/progress_000,move_can_pot,seed_285658487,c2r,height,0.0,0,condition_video,,,,,,,,knn_k1,0.3839544355869293
stage0_full_001,contrastive,c2r/height/stack_bowls_two/seed_116018094/progress_000,stack_bowls_two,seed_116018094,c2r,height,0.0,0,condition_video,,,,,,,,knn_k1,0.36522629857063293
stage0_full_001,contrastive,c2r/height/place_a2b_right/seed_803724289/progress_000,place_a2b_right,seed_803724289,c2r,height,0.0,0,condition_video,,,,,,,,knn_k1,0.35431811213493347
stage0_full_001,contrastive,c2r/height/stamp_seal/seed_391510540/progress_000,stamp_seal,seed_391510540,c2r,height,0.0,0,condition_video,,,,,,,,knn_k1,0.35848936438560486
stage0_full_001,contrastive,c2r/height/place_object_basket/seed_760526045/progress_000,place_object_basket,seed_760526045,c2r,height,0.0,0,condition_video,,,,,,,,knn_k1,0.37136173248291016
stage0_full_001,contrastive,c2r/height/handover_mic/seed_537376167/progress_000,handover_mic,seed_537376167,c2r,height,0.0,0,condition_video,,,,,,,,knn_k1,0.32309234142303467
stage0_full_001,contrastive,c2r/height/place_bread_skillet/seed_394408374/progress_000,place_bread_skillet,seed_394408374,c2r,height,0.0,0,condition_video,,,,,,,,knn_k1,0.3201611042022705
stage0_full_001,contrastive,c2r/height/stack_blocks_two/seed_639631926/progress_000,stack_blocks_two,seed_639631926,c2r,height,0.0,0,condition_video,,,,,,,,knn_k1,0.40308651328086853
stage0_full_001,contrastive,c2r/height/place_cans_plasticbox/seed_514553626/progress_000,place_cans_plasticbox,seed_514553626,c2r,height,0.0,0,condition_video,,,,,,,,knn_k1,0.34803637862205505
stage0_full_001,contrastive,c2r/height/click_alarmclock/seed_789543505/progress_000,click_alarmclock,seed_789543505,c2r,height,0.0,0,condition_video,,,,,,,,knn_k1,0.3134706914424896
stage0_full_001,contrastive,c2r/height/blocks_ranking_size/seed_3661514/progress_000,blocks_ranking_size,seed_3661514,c2r,height,0.0,0,condition_video,,,,,,,,knn_k1,0.42308294773101807
stage0_full_001,contrastive,c2r/height/place_phone_stand/seed_39116909/progress_000,place_phone_stand,seed_39116909,c2r,height,0.0,0,condition_video,,,,,,,,knn_k1,0.3191089332103729
stage0_full_001,contrastive,c2r/height/place_can_basket/seed_788353025/progress_000,place_can_basket,seed_788353025,c2r,height,0.0,0,condition_video,,,,,,,,knn_k1,0.35269004106521606
stage0_full_001,contrastive,c2r/height/place_object_scale/seed_603032508/progress_000,place_object_scale,seed_603032508,c2r,height,0.0,0,condition_video,,,,,,,,knn_k1,0.3652660548686981
stage0_full_001,contrastive,c2r/height/place_a2b_left/seed_240483131/progress_000,place_a2b_left,seed_240483131,c2r,height,0.0,0,condition_video,,,,,,,,knn_k1,0.3587668836116791
stage0_full_001,contrastive,c2r/height/grab_roller/seed_452075745/progress_000,grab_roller,seed_452075745,c2r,height,0.0,0,condition_video,,,,,,,,knn_k1,0.27880027890205383
stage0_full_001,contrastive,c2r/height/place_dual_shoes/seed_890676601/progress_000,place_dual_shoes,seed_890676601,c2r,height,0.0,0,condition_video,,,,,,,,knn_k1,0.2847425639629364
stage0_full_001,contrastive,c2r/height/place_empty_cup/seed_859277454/progress_000,place_empty_cup,seed_859277454,c2r,height,0.0,0,condition_video,,,,,,,,knn_k1,0.3942180275917053
stage0_full_001,contrastive,c2r/height/blocks_ranking_rgb/seed_114117740/progress_000,blocks_ranking_rgb,seed_114117740,c2r,height,0.0,0,condition_video,,,,,,,,knn_k1,0.4204212427139282
stage0_full_001,contrastive,aggregate,all,all,c2r,height,,0,condition_video,,,,,,,,knn_k1_mean,0.35350871801376343
stage0_full_001,contrastive,aggregate,all,group_split,c2r,height,,0,condition_video,,,,,,,,domain_balanced_accuracy,0.5
stage0_full_001,contrastive,aggregate,all,group_split,c2r,height,,0,condition_video,,,,,,,,domain_auroc,1.0
stage0_full_001,contrastive,c2r/light/stack_bowls_three/seed_317869620/progress_000,stack_bowls_three,seed_317869620,c2r,light,0.0,0,condition_video,,,,,,,,knn_k1,0.4498301148414612
stage0_full_001,contrastive,c2r/light/handover_block/seed_879311662/progress_000,handover_block,seed_879311662,c2r,light,0.0,0,condition_video,,,,,,,,knn_k1,0.517079770565033
stage0_full_001,contrastive,c2r/light/hanging_mug/seed_459299139/progress_000,hanging_mug,seed_459299139,c2r,light,0.0,0,condition_video,,,,,,,,knn_k1,0.5003037452697754
stage0_full_001,contrastive,c2r/light/scan_object/seed_289038431/progress_000,scan_object,seed_289038431,c2r,light,0.0,0,condition_video,,,,,,,,knn_k1,0.42272359132766724
stage0_full_001,contrastive,c2r/light/lift_pot/seed_185598812/progress_000,lift_pot,seed_185598812,c2r,light,0.0,0,condition_video,,,,,,,,knn_k1,0.3406248390674591
stage0_full_001,contrastive,c2r/light/put_object_cabinet/seed_644929938/progress_000,put_object_cabinet,seed_644929938,c2r,light,0.0,0,condition_video,,,,,,,,knn_k1,0.33165860176086426
stage0_full_001,contrastive,c2r/light/stack_blocks_three/seed_314814982/progress_000,stack_blocks_three,seed_314814982,c2r,light,0.0,0,condition_video,,,,,,,,knn_k1,0.5554781556129456
stage0_full_001,contrastive,c2r/light/place_shoe/seed_259707623/progress_000,place_shoe,seed_259707623,c2r,light,0.0,0,condition_video,,,,,,,,knn_k1,0.42490944266319275
stage0_full_001,contrastive,c2r/light/adjust_bottle/seed_218427993/progress_000,adjust_bottle,seed_218427993,c2r,light,0.0,0,condition_video,,,,,,,,knn_k1,0.4220142364501953
stage0_full_001,contrastive,c2r/light/place_mouse_pad/seed_866209002/progress_000,place_mouse_pad,seed_866209002,c2r,light,0.0,0,condition_video,,,,,,,,knn_k1,0.48019418120384216
stage0_full_001,contrastive,c2r/light/dump_bin_bigbin/seed_423840151/progress_000,dump_bin_bigbin,seed_423840151,c2r,light,0.0,0,condition_video,,,,,,,,knn_k1,0.4656407833099365
stage0_full_001,contrastive,c2r/light/move_pillbottle_pad/seed_635002489/progress_000,move_pillbottle_pad,seed_635002489,c2r,light,0.0,0,condition_video,,,,,,,,knn_k1,0.5452689528465271
stage0_full_001,contrastive,c2r/light/pick_dual_bottles/seed_7690756/progress_000,pick_dual_bottles,seed_7690756,c2r,light,0.0,0,condition_video,,,,,,,,knn_k1,0.3898361623287201
stage0_full_001,contrastive,c2r/light/shake_bottle/seed_716268860/progress_000,shake_bottle,seed_716268860,c2r,light,0.0,0,condition_video,,,,,,,,knn_k1,0.5759299993515015
stage0_full_001,contrastive,c2r/light/place_fan/seed_519267369/progress_000,place_fan,seed_519267369,c2r,light,0.0,0,condition_video,,,,,,,,knn_k1,0.4955436885356903
stage0_full_001,contrastive,c2r/light/turn_switch/seed_493838736/progress_000,turn_switch,seed_493838736,c2r,light,0.0,0,condition_video,,,,,,,,knn_k1,0.5148525238037109
stage0_full_001,contrastive,c2r/light/shake_bottle_horizontally/seed_497389386/progress_000,shake_bottle_horizontally,seed_497389386,c2r,light,0.0,0,condition_video,,,,,,,,knn_k1,0.4673565626144409
stage0_full_001,contrastive,c2r/light/place_container_plate/seed_252210122/progress_000,place_container_plate,seed_252210122,c2r,light,0.0,0,condition_video,,,,,,,,knn_k1,0.4931237995624542
stage0_full_001,contrastive,c2r/light/rotate_qrcode/seed_24255504/progress_000,rotate_qrcode,seed_24255504,c2r,light,0.0,0,condition_video,,,,,,,,knn_k1,0.49432677030563354
stage0_full_001,contrastive,c2r/light/place_object_stand/seed_603755546/progress_000,place_object_stand,seed_603755546,c2r,light,0.0,0,condition_video,,,,,,,,knn_k1,0.39348524808883667
stage0_full_001,contrastive,c2r/light/put_bottles_dustbin/seed_473207494/progress_000,put_bottles_dustbin,seed_473207494,c2r,light,0.0,0,condition_video,,,,,,,,knn_k1,0.5285689234733582
stage0_full_001,contrastive,c2r/light/move_stapler_pad/seed_724544048/progress_000,move_stapler_pad,seed_724544048,c2r,light,0.0,0,condition_video,,,,,,,,knn_k1,0.6091821789741516
stage0_full_001,contrastive,c2r/light/place_burger_fries/seed_764956105/progress_000,place_burger_fries,seed_764956105,c2r,light,0.0,0,condition_video,,,,,,,,knn_k1,0.4359738826751709
stage0_full_001,contrastive,c2r/light/place_bread_basket/seed_548994270/progress_000,place_bread_basket,seed_548994270,c2r,light,0.0,0,condition_video,,,,,,,,knn_k1,0.4179551303386688
stage0_full_001,contrastive,c2r/light/pick_diverse_bottles/seed_469296516/progress_000,pick_diverse_bottles,seed_469296516,c2r,light,0.0,0,condition_video,,,,,,,,knn_k1,0.3442746698856354
stage0_full_001,contrastive,c2r/light/open_microwave/seed_126026794/progress_000,open_microwave,seed_126026794,c2r,light,0.0,0,condition_video,,,,,,,,knn_k1,0.3881746828556061
stage0_full_001,contrastive,c2r/light/beat_block_hammer/seed_190785939/progress_000,beat_block_hammer,seed_190785939,c2r,light,0.0,0,condition_video,,,,,,,,knn_k1,0.43311968445777893
stage0_full_001,contrastive,c2r/light/press_stapler/seed_645584852/progress_000,press_stapler,seed_645584852,c2r,light,0.0,0,condition_video,,,,,,,,knn_k1,0.44919031858444214
stage0_full_001,contrastive,c2r/light/click_bell/seed_611142223/progress_000,click_bell,seed_611142223,c2r,light,0.0,0,condition_video,,,,,,,,knn_k1,0.44621744751930237
stage0_full_001,contrastive,c2r/light/move_playingcard_away/seed_698951458/progress_000,move_playingcard_away,seed_698951458,c2r,light,0.0,0,condition_video,,,,,,,,knn_k1,0.3937535285949707
stage0_full_001,contrastive,c2r/light/open_laptop/seed_627389206/progress_000,open_laptop,seed_627389206,c2r,light,0.0,0,condition_video,,,,,,,,knn_k1,0.450945109128952
stage0_full_001,contrastive,c2r/light/move_can_pot/seed_248023816/progress_000,move_can_pot,seed_248023816,c2r,light,0.0,0,condition_video,,,,,,,,knn_k1,0.42060649394989014
stage0_full_001,contrastive,c2r/light/stack_bowls_two/seed_656246828/progress_000,stack_bowls_two,seed_656246828,c2r,light,0.0,0,condition_video,,,,,,,,knn_k1,0.47023433446884155
stage0_full_001,contrastive,c2r/light/place_a2b_right/seed_803416018/progress_000,place_a2b_right,seed_803416018,c2r,light,0.0,0,condition_video,,,,,,,,knn_k1,0.4092801809310913
stage0_full_001,contrastive,c2r/light/stamp_seal/seed_203079918/progress_000,stamp_seal,seed_203079918,c2r,light,0.0,0,condition_video,,,,,,,,knn_k1,0.44319066405296326
stage0_full_001,contrastive,c2r/light/place_object_basket/seed_241125908/progress_000,place_object_basket,seed_241125908,c2r,light,0.0,0,condition_video,,,,,,,,knn_k1,0.5231180191040039
stage0_full_001,contrastive,c2r/light/handover_mic/seed_283323218/progress_000,handover_mic,seed_283323218,c2r,light,0.0,0,condition_video,,,,,,,,knn_k1,0.5214707255363464
stage0_full_001,contrastive,c2r/light/place_bread_skillet/seed_156686976/progress_000,place_bread_skillet,seed_156686976,c2r,light,0.0,0,condition_video,,,,,,,,knn_k1,0.3533405363559723
stage0_full_001,contrastive,c2r/light/stack_blocks_two/seed_803532712/progress_000,stack_blocks_two,seed_803532712,c2r,light,0.0,0,condition_video,,,,,,,,knn_k1,0.5616011619567871
stage0_full_001,contrastive,c2r/light/place_cans_plasticbox/seed_577981354/progress_000,place_cans_plasticbox,seed_577981354,c2r,light,0.0,0,condition_video,,,,,,,,knn_k1,0.430528849363327
stage0_full_001,contrastive,c2r/light/click_alarmclock/seed_762866989/progress_000,click_alarmclock,seed_762866989,c2r,light,0.0,0,condition_video,,,,,,,,knn_k1,0.2995155155658722
stage0_full_001,contrastive,c2r/light/blocks_ranking_size/seed_505985753/progress_000,blocks_ranking_size,seed_505985753,c2r,light,0.0,0,condition_video,,,,,,,,knn_k1,0.578666627407074
stage0_full_001,contrastive,c2r/light/place_phone_stand/seed_624751721/progress_000,place_phone_stand,seed_624751721,c2r,light,0.0,0,condition_video,,,,,,,,knn_k1,0.4027772843837738
stage0_full_001,contrastive,c2r/light/place_can_basket/seed_542145302/progress_000,place_can_basket,seed_542145302,c2r,light,0.0,0,condition_video,,,,,,,,knn_k1,0.4000871181488037
stage0_full_001,contrastive,c2r/light/place_object_scale/seed_722575534/progress_000,place_object_scale,seed_722575534,c2r,light,0.0,0,condition_video,,,,,,,,knn_k1,0.5078310370445251
stage0_full_001,contrastive,c2r/light/place_a2b_left/seed_663079132/progress_000,place_a2b_left,seed_663079132,c2r,light,0.0,0,condition_video,,,,,,,,knn_k1,0.42567285895347595
stage0_full_001,contrastive,c2r/light/grab_roller/seed_482689013/progress_000,grab_roller,seed_482689013,c2r,light,0.0,0,condition_video,,,,,,,,knn_k1,0.45563697814941406
stage0_full_001,contrastive,c2r/light/place_dual_shoes/seed_319436374/progress_000,place_dual_shoes,seed_319436374,c2r,light,0.0,0,condition_video,,,,,,,,knn_k1,0.29791343212127686
stage0_full_001,contrastive,c2r/light/place_empty_cup/seed_606914953/progress_000,place_empty_cup,seed_606914953,c2r,light,0.0,0,condition_video,,,,,,,,knn_k1,0.4925655424594879
stage0_full_001,contrastive,c2r/light/blocks_ranking_rgb/seed_339352330/progress_000,blocks_ranking_rgb,seed_339352330,c2r,light,0.0,0,condition_video,,,,,,,,knn_k1,0.4715637266635895
stage0_full_001,contrastive,aggregate,all,all,c2r,light,,0,condition_video,,,,,,,,knn_k1_mean,0.45286275625228883
stage0_full_001,contrastive,aggregate,all,group_split,c2r,light,,0,condition_video,,,,,,,,domain_balanced_accuracy,0.5
stage0_full_001,contrastive,aggregate,all,group_split,c2r,light,,0,condition_video,,,,,,,,domain_auroc,1.0
stage0_full_001,contrastive,c2r/background/stack_bowls_three/seed_27804535/progress_000,stack_bowls_three,seed_27804535,c2r,background,0.0,10,condition_video,,,,,,,,knn_k1,0.2799277603626251
stage0_full_001,contrastive,c2r/background/handover_block/seed_120650234/progress_000,handover_block,seed_120650234,c2r,background,0.0,10,condition_video,,,,,,,,knn_k1,0.2865481972694397
stage0_full_001,contrastive,c2r/background/hanging_mug/seed_538778923/progress_000,hanging_mug,seed_538778923,c2r,background,0.0,10,condition_video,,,,,,,,knn_k1,0.2759134769439697
stage0_full_001,contrastive,c2r/background/scan_object/seed_262761732/progress_000,scan_object,seed_262761732,c2r,background,0.0,10,condition_video,,,,,,,,knn_k1,0.27170783281326294
stage0_full_001,contrastive,c2r/background/lift_pot/seed_710924868/progress_000,lift_pot,seed_710924868,c2r,background,0.0,10,condition_video,,,,,,,,knn_k1,0.23272480070590973
stage0_full_001,contrastive,c2r/background/put_object_cabinet/seed_13370600/progress_000,put_object_cabinet,seed_13370600,c2r,background,0.0,10,condition_video,,,,,,,,knn_k1,0.26543548703193665
stage0_full_001,contrastive,c2r/background/stack_blocks_three/seed_822087810/progress_000,stack_blocks_three,seed_822087810,c2r,background,0.0,10,condition_video,,,,,,,,knn_k1,0.2855081260204315
stage0_full_001,contrastive,c2r/background/place_shoe/seed_676166693/progress_000,place_shoe,seed_676166693,c2r,background,0.0,10,condition_video,,,,,,,,knn_k1,0.2353256195783615
stage0_full_001,contrastive,c2r/background/adjust_bottle/seed_863397555/progress_000,adjust_bottle,seed_863397555,c2r,background,0.0,10,condition_video,,,,,,,,knn_k1,0.22563737630844116
stage0_full_001,contrastive,c2r/background/place_mouse_pad/seed_457852611/progress_000,place_mouse_pad,seed_457852611,c2r,background,0.0,10,condition_video,,,,,,,,knn_k1,0.22733741998672485
stage0_full_001,contrastive,c2r/background/dump_bin_bigbin/seed_773111305/progress_000,dump_bin_bigbin,seed_773111305,c2r,background,0.0,10,condition_video,,,,,,,,knn_k1,0.24300497770309448
stage0_full_001,contrastive,c2r/background/move_pillbottle_pad/seed_568983342/progress_000,move_pillbottle_pad,seed_568983342,c2r,background,0.0,10,condition_video,,,,,,,,knn_k1,0.23734359443187714
stage0_full_001,contrastive,c2r/background/pick_dual_bottles/seed_117166061/progress_000,pick_dual_bottles,seed_117166061,c2r,background,0.0,10,condition_video,,,,,,,,knn_k1,0.262286514043808
stage0_full_001,contrastive,c2r/background/shake_bottle/seed_331965946/progress_000,shake_bottle,seed_331965946,c2r,background,0.0,10,condition_video,,,,,,,,knn_k1,0.2938184440135956
stage0_full_001,contrastive,c2r/background/place_fan/seed_543070044/progress_000,place_fan,seed_543070044,c2r,background,0.0,10,condition_video,,,,,,,,knn_k1,0.23797102272510529
stage0_full_001,contrastive,c2r/background/turn_switch/seed_489873751/progress_000,turn_switch,seed_489873751,c2r,background,0.0,10,condition_video,,,,,,,,knn_k1,0.2138351947069168
stage0_full_001,contrastive,c2r/background/shake_bottle_horizontally/seed_319358196/progress_000,shake_bottle_horizontally,seed_319358196,c2r,background,0.0,10,condition_video,,,,,,,,knn_k1,0.28767359256744385
stage0_full_001,contrastive,c2r/background/place_container_plate/seed_14431598/progress_000,place_container_plate,seed_14431598,c2r,background,0.0,10,condition_video,,,,,,,,knn_k1,0.22585183382034302
stage0_full_001,contrastive,c2r/background/rotate_qrcode/seed_372345110/progress_000,rotate_qrcode,seed_372345110,c2r,background,0.0,10,condition_video,,,,,,,,knn_k1,0.22967445850372314
stage0_full_001,contrastive,c2r/background/place_object_stand/seed_715864988/progress_000,place_object_stand,seed_715864988,c2r,background,0.0,10,condition_video,,,,,,,,knn_k1,0.21025297045707703
stage0_full_001,contrastive,c2r/background/put_bottles_dustbin/seed_455479075/progress_000,put_bottles_dustbin,seed_455479075,c2r,background,0.0,10,condition_video,,,,,,,,knn_k1,0.3270597755908966
stage0_full_001,contrastive,c2r/background/move_stapler_pad/seed_453776751/progress_000,move_stapler_pad,seed_453776751,c2r,background,0.0,10,condition_video,,,,,,,,knn_k1,0.2308160364627838
stage0_full_001,contrastive,c2r/background/place_burger_fries/seed_165469501/progress_000,place_burger_fries,seed_165469501,c2r,background,0.0,10,condition_video,,,,,,,,knn_k1,0.26727235317230225
stage0_full_001,contrastive,c2r/background/place_bread_basket/seed_490234398/progress_000,place_bread_basket,seed_490234398,c2r,background,0.0,10,condition_video,,,,,,,,knn_k1,0.2672041952610016
stage0_full_001,contrastive,c2r/background/pick_diverse_bottles/seed_886697844/progress_000,pick_diverse_bottles,seed_886697844,c2r,background,0.0,10,condition_video,,,,,,,,knn_k1,0.2751794457435608
stage0_full_001,contrastive,c2r/background/open_microwave/seed_443701932/progress_000,open_microwave,seed_443701932,c2r,background,0.0,10,condition_video,,,,,,,,knn_k1,0.2814754843711853
stage0_full_001,contrastive,c2r/background/beat_block_hammer/seed_797298394/progress_000,beat_block_hammer,seed_797298394,c2r,background,0.0,10,condition_video,,,,,,,,knn_k1,0.2214134931564331
stage0_full_001,contrastive,c2r/background/press_stapler/seed_262831721/progress_000,press_stapler,seed_262831721,c2r,background,0.0,10,condition_video,,,,,,,,knn_k1,0.22200573980808258
stage0_full_001,contrastive,c2r/background/click_bell/seed_748992159/progress_000,click_bell,seed_748992159,c2r,background,0.0,10,condition_video,,,,,,,,knn_k1,0.20269761979579926
stage0_full_001,contrastive,c2r/background/move_playingcard_away/seed_114732817/progress_000,move_playingcard_away,seed_114732817,c2r,background,0.0,10,condition_video,,,,,,,,knn_k1,0.21862229704856873
stage0_full_001,contrastive,c2r/background/open_laptop/seed_121410776/progress_000,open_laptop,seed_121410776,c2r,background,0.0,10,condition_video,,,,,,,,knn_k1,0.25484147667884827
stage0_full_001,contrastive,c2r/background/move_can_pot/seed_600430797/progress_000,move_can_pot,seed_600430797,c2r,background,0.0,10,condition_video,,,,,,,,knn_k1,0.23976530134677887
stage0_full_001,contrastive,c2r/background/stack_bowls_two/seed_444040936/progress_000,stack_bowls_two,seed_444040936,c2r,background,0.0,10,condition_video,,,,,,,,knn_k1,0.2537528872489929
stage0_full_001,contrastive,c2r/background/place_a2b_right/seed_550624350/progress_000,place_a2b_right,seed_550624350,c2r,background,0.0,10,condition_video,,,,,,,,knn_k1,0.2308351695537567
stage0_full_001,contrastive,c2r/background/stamp_seal/seed_373032052/progress_000,stamp_seal,seed_373032052,c2r,background,0.0,10,condition_video,,,,,,,,knn_k1,0.22876179218292236
stage0_full_001,contrastive,c2r/background/place_object_basket/seed_13972055/progress_000,place_object_basket,seed_13972055,c2r,background,0.0,10,condition_video,,,,,,,,knn_k1,0.2524300217628479
stage0_full_001,contrastive,c2r/background/handover_mic/seed_791372736/progress_000,handover_mic,seed_791372736,c2r,background,0.0,10,condition_video,,,,,,,,knn_k1,0.25039127469062805
stage0_full_001,contrastive,c2r/background/place_bread_skillet/seed_682411729/progress_000,place_bread_skillet,seed_682411729,c2r,background,0.0,10,condition_video,,,,,,,,knn_k1,0.2536470293998718
stage0_full_001,contrastive,c2r/background/stack_blocks_two/seed_325046254/progress_000,stack_blocks_two,seed_325046254,c2r,background,0.0,10,condition_video,,,,,,,,knn_k1,0.26511555910110474
stage0_full_001,contrastive,c2r/background/place_cans_plasticbox/seed_851474539/progress_000,place_cans_plasticbox,seed_851474539,c2r,background,0.0,10,condition_video,,,,,,,,knn_k1,0.2834935188293457
stage0_full_001,contrastive,c2r/background/click_alarmclock/seed_597249174/progress_000,click_alarmclock,seed_597249174,c2r,background,0.0,10,condition_video,,,,,,,,knn_k1,0.193006232380867
stage0_full_001,contrastive,c2r/background/blocks_ranking_size/seed_483186537/progress_000,blocks_ranking_size,seed_483186537,c2r,background,0.0,10,condition_video,,,,,,,,knn_k1,0.29720184206962585
stage0_full_001,contrastive,c2r/background/place_phone_stand/seed_844715882/progress_000,place_phone_stand,seed_844715882,c2r,background,0.0,10,condition_video,,,,,,,,knn_k1,0.21603132784366608
stage0_full_001,contrastive,c2r/background/place_can_basket/seed_873890208/progress_000,place_can_basket,seed_873890208,c2r,background,0.0,10,condition_video,,,,,,,,knn_k1,0.2677744925022125
stage0_full_001,contrastive,c2r/background/place_object_scale/seed_28989601/progress_000,place_object_scale,seed_28989601,c2r,background,0.0,10,condition_video,,,,,,,,knn_k1,0.2251838743686676
stage0_full_001,contrastive,c2r/background/place_a2b_left/seed_494714106/progress_000,place_a2b_left,seed_494714106,c2r,background,0.0,10,condition_video,,,,,,,,knn_k1,0.23015768826007843
stage0_full_001,contrastive,c2r/background/grab_roller/seed_274067892/progress_000,grab_roller,seed_274067892,c2r,background,0.0,10,condition_video,,,,,,,,knn_k1,0.22989244759082794
stage0_full_001,contrastive,c2r/background/place_dual_shoes/seed_100946921/progress_000,place_dual_shoes,seed_100946921,c2r,background,0.0,10,condition_video,,,,,,,,knn_k1,0.2721569836139679
stage0_full_001,contrastive,c2r/background/place_empty_cup/seed_66017520/progress_000,place_empty_cup,seed_66017520,c2r,background,0.0,10,condition_video,,,,,,,,knn_k1,0.23382757604122162
stage0_full_001,contrastive,c2r/background/blocks_ranking_rgb/seed_392877897/progress_000,blocks_ranking_rgb,seed_392877897,c2r,background,0.0,10,condition_video,,,,,,,,knn_k1,0.29388365149497986
stage0_full_001,contrastive,aggregate,all,all,c2r,background,,10,condition_video,,,,,,,,knn_k1_mean,0.25027350574731827
stage0_full_001,contrastive,aggregate,all,group_split,c2r,background,,10,condition_video,,,,,,,,domain_balanced_accuracy,0.5
stage0_full_001,contrastive,aggregate,all,group_split,c2r,background,,10,condition_video,,,,,,,,domain_auroc,1.0
stage0_full_001,contrastive,c2r/clutter/stack_bowls_three/seed_761954913/progress_000,stack_bowls_three,seed_761954913,c2r,clutter,0.0,10,condition_video,,,,,,,,knn_k1,0.28002434968948364
stage0_full_001,contrastive,c2r/clutter/handover_block/seed_624737248/progress_000,handover_block,seed_624737248,c2r,clutter,0.0,10,condition_video,,,,,,,,knn_k1,0.2874360978603363
stage0_full_001,contrastive,c2r/clutter/hanging_mug/seed_853936167/progress_000,hanging_mug,seed_853936167,c2r,clutter,0.0,10,condition_video,,,,,,,,knn_k1,0.2759720981121063
stage0_full_001,contrastive,c2r/clutter/scan_object/seed_200154928/progress_000,scan_object,seed_200154928,c2r,clutter,0.0,10,condition_video,,,,,,,,knn_k1,0.27099499106407166
stage0_full_001,contrastive,c2r/clutter/lift_pot/seed_36841133/progress_000,lift_pot,seed_36841133,c2r,clutter,0.0,10,condition_video,,,,,,,,knn_k1,0.23311270773410797
stage0_full_001,contrastive,c2r/clutter/put_object_cabinet/seed_213141741/progress_000,put_object_cabinet,seed_213141741,c2r,clutter,0.0,10,condition_video,,,,,,,,knn_k1,0.2643502354621887
stage0_full_001,contrastive,c2r/clutter/stack_blocks_three/seed_885782772/progress_000,stack_blocks_three,seed_885782772,c2r,clutter,0.0,10,condition_video,,,,,,,,knn_k1,0.2847857177257538
stage0_full_001,contrastive,c2r/clutter/place_shoe/seed_148930251/progress_000,place_shoe,seed_148930251,c2r,clutter,0.0,10,condition_video,,,,,,,,knn_k1,0.23666629195213318
stage0_full_001,contrastive,c2r/clutter/adjust_bottle/seed_487447292/progress_000,adjust_bottle,seed_487447292,c2r,clutter,0.0,10,condition_video,,,,,,,,knn_k1,0.22586943209171295
stage0_full_001,contrastive,c2r/clutter/place_mouse_pad/seed_782913939/progress_000,place_mouse_pad,seed_782913939,c2r,clutter,0.0,10,condition_video,,,,,,,,knn_k1,0.22753754258155823
stage0_full_001,contrastive,c2r/clutter/dump_bin_bigbin/seed_48286788/progress_000,dump_bin_bigbin,seed_48286788,c2r,clutter,0.0,10,condition_video,,,,,,,,knn_k1,0.241160586476326
stage0_full_001,contrastive,c2r/clutter/move_pillbottle_pad/seed_170572259/progress_000,move_pillbottle_pad,seed_170572259,c2r,clutter,0.0,10,condition_video,,,,,,,,knn_k1,0.23760998249053955
stage0_full_001,contrastive,c2r/clutter/pick_dual_bottles/seed_4182488/progress_000,pick_dual_bottles,seed_4182488,c2r,clutter,0.0,10,condition_video,,,,,,,,knn_k1,0.2614065706729889
stage0_full_001,contrastive,c2r/clutter/shake_bottle/seed_509663030/progress_000,shake_bottle,seed_509663030,c2r,clutter,0.0,10,condition_video,,,,,,,,knn_k1,0.2942656874656677
stage0_full_001,contrastive,c2r/clutter/place_fan/seed_847307321/progress_000,place_fan,seed_847307321,c2r,clutter,0.0,10,condition_video,,,,,,,,knn_k1,0.23623937368392944
stage0_full_001,contrastive,c2r/clutter/turn_switch/seed_106540409/progress_000,turn_switch,seed_106540409,c2r,clutter,0.0,10,condition_video,,,,,,,,knn_k1,0.21532468497753143
stage0_full_001,contrastive,c2r/clutter/shake_bottle_horizontally/seed_491429438/progress_000,shake_bottle_horizontally,seed_491429438,c2r,clutter,0.0,10,condition_video,,,,,,,,knn_k1,0.28477662801742554
stage0_full_001,contrastive,c2r/clutter/place_container_plate/seed_594486020/progress_000,place_container_plate,seed_594486020,c2r,clutter,0.0,10,condition_video,,,,,,,,knn_k1,0.225748673081398
stage0_full_001,contrastive,c2r/clutter/rotate_qrcode/seed_362674036/progress_000,rotate_qrcode,seed_362674036,c2r,clutter,0.0,10,condition_video,,,,,,,,knn_k1,0.23079438507556915
stage0_full_001,contrastive,c2r/clutter/place_object_stand/seed_162697052/progress_000,place_object_stand,seed_162697052,c2r,clutter,0.0,10,condition_video,,,,,,,,knn_k1,0.2092539519071579
stage0_full_001,contrastive,c2r/clutter/put_bottles_dustbin/seed_148690198/progress_000,put_bottles_dustbin,seed_148690198,c2r,clutter,0.0,10,condition_video,,,,,,,,knn_k1,0.3229576647281647
stage0_full_001,contrastive,c2r/clutter/move_stapler_pad/seed_744409618/progress_000,move_stapler_pad,seed_744409618,c2r,clutter,0.0,10,condition_video,,,,,,,,knn_k1,0.22998927533626556
stage0_full_001,contrastive,c2r/clutter/place_burger_fries/seed_303636962/progress_000,place_burger_fries,seed_303636962,c2r,clutter,0.0,10,condition_video,,,,,,,,knn_k1,0.2664693295955658
stage0_full_001,contrastive,c2r/clutter/place_bread_basket/seed_105344671/progress_000,place_bread_basket,seed_105344671,c2r,clutter,0.0,10,condition_video,,,,,,,,knn_k1,0.265105664730072
stage0_full_001,contrastive,c2r/clutter/pick_diverse_bottles/seed_21321356/progress_000,pick_diverse_bottles,seed_21321356,c2r,clutter,0.0,10,condition_video,,,,,,,,knn_k1,0.2707436978816986
stage0_full_001,contrastive,c2r/clutter/open_microwave/seed_136410473/progress_000,open_microwave,seed_136410473,c2r,clutter,0.0,10,condition_video,,,,,,,,knn_k1,0.28070521354675293
stage0_full_001,contrastive,c2r/clutter/beat_block_hammer/seed_36693999/progress_000,beat_block_hammer,seed_36693999,c2r,clutter,0.0,10,condition_video,,,,,,,,knn_k1,0.22196714580059052
stage0_full_001,contrastive,c2r/clutter/press_stapler/seed_880007787/progress_000,press_stapler,seed_880007787,c2r,clutter,0.0,10,condition_video,,,,,,,,knn_k1,0.2223781794309616
stage0_full_001,contrastive,c2r/clutter/click_bell/seed_539095014/progress_000,click_bell,seed_539095014,c2r,clutter,0.0,10,condition_video,,,,,,,,knn_k1,0.2026420384645462
stage0_full_001,contrastive,c2r/clutter/move_playingcard_away/seed_385288247/progress_000,move_playingcard_away,seed_385288247,c2r,clutter,0.0,10,condition_video,,,,,,,,knn_k1,0.2178986668586731
stage0_full_001,contrastive,c2r/clutter/open_laptop/seed_260421436/progress_000,open_laptop,seed_260421436,c2r,clutter,0.0,10,condition_video,,,,,,,,knn_k1,0.2569635510444641
stage0_full_001,contrastive,c2r/clutter/move_can_pot/seed_445842829/progress_000,move_can_pot,seed_445842829,c2r,clutter,0.0,10,condition_video,,,,,,,,knn_k1,0.23731675744056702
stage0_full_001,contrastive,c2r/clutter/stack_bowls_two/seed_408127787/progress_000,stack_bowls_two,seed_408127787,c2r,clutter,0.0,10,condition_video,,,,,,,,knn_k1,0.25592198967933655
stage0_full_001,contrastive,c2r/clutter/place_a2b_right/seed_298826397/progress_000,place_a2b_right,seed_298826397,c2r,clutter,0.0,10,condition_video,,,,,,,,knn_k1,0.23109352588653564
stage0_full_001,contrastive,c2r/clutter/stamp_seal/seed_748150648/progress_000,stamp_seal,seed_748150648,c2r,clutter,0.0,10,condition_video,,,,,,,,knn_k1,0.22814390063285828
stage0_full_001,contrastive,c2r/clutter/place_object_basket/seed_455727417/progress_000,place_object_basket,seed_455727417,c2r,clutter,0.0,10,condition_video,,,,,,,,knn_k1,0.2601543664932251
stage0_full_001,contrastive,c2r/clutter/handover_mic/seed_27533572/progress_000,handover_mic,seed_27533572,c2r,clutter,0.0,10,condition_video,,,,,,,,knn_k1,0.24925826489925385
stage0_full_001,contrastive,c2r/clutter/place_bread_skillet/seed_470829968/progress_000,place_bread_skillet,seed_470829968,c2r,clutter,0.0,10,condition_video,,,,,,,,knn_k1,0.25094345211982727
stage0_full_001,contrastive,c2r/clutter/stack_blocks_two/seed_193292576/progress_000,stack_blocks_two,seed_193292576,c2r,clutter,0.0,10,condition_video,,,,,,,,knn_k1,0.26582837104797363
stage0_full_001,contrastive,c2r/clutter/place_cans_plasticbox/seed_552905247/progress_000,place_cans_plasticbox,seed_552905247,c2r,clutter,0.0,10,condition_video,,,,,,,,knn_k1,0.28451499342918396
stage0_full_001,contrastive,c2r/clutter/click_alarmclock/seed_257639388/progress_000,click_alarmclock,seed_257639388,c2r,clutter,0.0,10,condition_video,,,,,,,,knn_k1,0.19225488603115082
stage0_full_001,contrastive,c2r/clutter/blocks_ranking_size/seed_676842534/progress_000,blocks_ranking_size,seed_676842534,c2r,clutter,0.0,10,condition_video,,,,,,,,knn_k1,0.2978397309780121
stage0_full_001,contrastive,c2r/clutter/place_phone_stand/seed_560963078/progress_000,place_phone_stand,seed_560963078,c2r,clutter,0.0,10,condition_video,,,,,,,,knn_k1,0.21583038568496704
stage0_full_001,contrastive,c2r/clutter/place_can_basket/seed_578149817/progress_000,place_can_basket,seed_578149817,c2r,clutter,0.0,10,condition_video,,,,,,,,knn_k1,0.2582310140132904
stage0_full_001,contrastive,c2r/clutter/place_object_scale/seed_142945748/progress_000,place_object_scale,seed_142945748,c2r,clutter,0.0,10,condition_video,,,,,,,,knn_k1,0.22706195712089539
stage0_full_001,contrastive,c2r/clutter/place_a2b_left/seed_712001400/progress_000,place_a2b_left,seed_712001400,c2r,clutter,0.0,10,condition_video,,,,,,,,knn_k1,0.23149676620960236
stage0_full_001,contrastive,c2r/clutter/grab_roller/seed_489372951/progress_000,grab_roller,seed_489372951,c2r,clutter,0.0,10,condition_video,,,,,,,,knn_k1,0.2304753214120865
stage0_full_001,contrastive,c2r/clutter/place_dual_shoes/seed_486785621/progress_000,place_dual_shoes,seed_486785621,c2r,clutter,0.0,10,condition_video,,,,,,,,knn_k1,0.27337637543678284
stage0_full_001,contrastive,c2r/clutter/place_empty_cup/seed_270996463/progress_000,place_empty_cup,seed_270996463,c2r,clutter,0.0,10,condition_video,,,,,,,,knn_k1,0.23081468045711517
stage0_full_001,contrastive,c2r/clutter/blocks_ranking_rgb/seed_350545820/progress_000,blocks_ranking_rgb,seed_350545820,c2r,clutter,0.0,10,condition_video,,,,,,,,knn_k1,0.29317089915275574
stage0_full_001,contrastive,aggregate,all,all,c2r,clutter,,10,condition_video,,,,,,,,knn_k1_mean,0.24989756107330321
stage0_full_001,contrastive,aggregate,all,group_split,c2r,clutter,,10,condition_video,,,,,,,,domain_balanced_accuracy,0.5
stage0_full_001,contrastive,aggregate,all,group_split,c2r,clutter,,10,condition_video,,,,,,,,domain_auroc,1.0
stage0_full_001,contrastive,c2r/height/stack_bowls_three/seed_777107145/progress_000,stack_bowls_three,seed_777107145,c2r,height,0.0,10,condition_video,,,,,,,,knn_k1,0.27849751710891724
stage0_full_001,contrastive,c2r/height/handover_block/seed_153931416/progress_000,handover_block,seed_153931416,c2r,height,0.0,10,condition_video,,,,,,,,knn_k1,0.2894628345966339
stage0_full_001,contrastive,c2r/height/hanging_mug/seed_797626889/progress_000,hanging_mug,seed_797626889,c2r,height,0.0,10,condition_video,,,,,,,,knn_k1,0.277704119682312
stage0_full_001,contrastive,c2r/height/scan_object/seed_86820161/progress_000,scan_object,seed_86820161,c2r,height,0.0,10,condition_video,,,,,,,,knn_k1,0.274939626455307
stage0_full_001,contrastive,c2r/height/lift_pot/seed_358880989/progress_000,lift_pot,seed_358880989,c2r,height,0.0,10,condition_video,,,,,,,,knn_k1,0.2317550629377365
stage0_full_001,contrastive,c2r/height/put_object_cabinet/seed_579804476/progress_000,put_object_cabinet,seed_579804476,c2r,height,0.0,10,condition_video,,,,,,,,knn_k1,0.2633548378944397
stage0_full_001,contrastive,c2r/height/stack_blocks_three/seed_510834284/progress_000,stack_blocks_three,seed_510834284,c2r,height,0.0,10,condition_video,,,,,,,,knn_k1,0.2851870656013489
stage0_full_001,contrastive,c2r/height/place_shoe/seed_547565528/progress_000,place_shoe,seed_547565528,c2r,height,0.0,10,condition_video,,,,,,,,knn_k1,0.23334521055221558
stage0_full_001,contrastive,c2r/height/adjust_bottle/seed_455908385/progress_000,adjust_bottle,seed_455908385,c2r,height,0.0,10,condition_video,,,,,,,,knn_k1,0.22496896982192993
stage0_full_001,contrastive,c2r/height/place_mouse_pad/seed_747588073/progress_000,place_mouse_pad,seed_747588073,c2r,height,0.0,10,condition_video,,,,,,,,knn_k1,0.2287159562110901
stage0_full_001,contrastive,c2r/height/dump_bin_bigbin/seed_609125485/progress_000,dump_bin_bigbin,seed_609125485,c2r,height,0.0,10,condition_video,,,,,,,,knn_k1,0.2470645159482956
stage0_full_001,contrastive,c2r/height/move_pillbottle_pad/seed_454258712/progress_000,move_pillbottle_pad,seed_454258712,c2r,height,0.0,10,condition_video,,,,,,,,knn_k1,0.24387295544147491
stage0_full_001,contrastive,c2r/height/pick_dual_bottles/seed_625462229/progress_000,pick_dual_bottles,seed_625462229,c2r,height,0.0,10,condition_video,,,,,,,,knn_k1,0.25860196352005005
stage0_full_001,contrastive,c2r/height/shake_bottle/seed_11397417/progress_000,shake_bottle,seed_11397417,c2r,height,0.0,10,condition_video,,,,,,,,knn_k1,0.29199737310409546
stage0_full_001,contrastive,c2r/height/place_fan/seed_562359323/progress_000,place_fan,seed_562359323,c2r,height,0.0,10,condition_video,,,,,,,,knn_k1,0.23381778597831726
stage0_full_001,contrastive,c2r/height/turn_switch/seed_388598700/progress_000,turn_switch,seed_388598700,c2r,height,0.0,10,condition_video,,,,,,,,knn_k1,0.21984726190567017
stage0_full_001,contrastive,c2r/height/shake_bottle_horizontally/seed_506817488/progress_000,shake_bottle_horizontally,seed_506817488,c2r,height,0.0,10,condition_video,,,,,,,,knn_k1,0.2919039726257324
stage0_full_001,contrastive,c2r/height/place_container_plate/seed_661154812/progress_000,place_container_plate,seed_661154812,c2r,height,0.0,10,condition_video,,,,,,,,knn_k1,0.22745749354362488
stage0_full_001,contrastive,c2r/height/rotate_qrcode/seed_391550427/progress_000,rotate_qrcode,seed_391550427,c2r,height,0.0,10,condition_video,,,,,,,,knn_k1,0.22821615636348724
stage0_full_001,contrastive,c2r/height/place_object_stand/seed_520492387/progress_000,place_object_stand,seed_520492387,c2r,height,0.0,10,condition_video,,,,,,,,knn_k1,0.21686288714408875
stage0_full_001,contrastive,c2r/height/put_bottles_dustbin/seed_833796020/progress_000,put_bottles_dustbin,seed_833796020,c2r,height,0.0,10,condition_video,,,,,,,,knn_k1,0.32348865270614624
stage0_full_001,contrastive,c2r/height/move_stapler_pad/seed_626979943/progress_000,move_stapler_pad,seed_626979943,c2r,height,0.0,10,condition_video,,,,,,,,knn_k1,0.2326250672340393
stage0_full_001,contrastive,c2r/height/place_burger_fries/seed_44486756/progress_000,place_burger_fries,seed_44486756,c2r,height,0.0,10,condition_video,,,,,,,,knn_k1,0.2585741877555847
stage0_full_001,contrastive,c2r/height/place_bread_basket/seed_769514620/progress_000,place_bread_basket,seed_769514620,c2r,height,0.0,10,condition_video,,,,,,,,knn_k1,0.2711014151573181
stage0_full_001,contrastive,c2r/height/pick_diverse_bottles/seed_202104734/progress_000,pick_diverse_bottles,seed_202104734,c2r,height,0.0,10,condition_video,,,,,,,,knn_k1,0.2727073132991791
stage0_full_001,contrastive,c2r/height/open_microwave/seed_670586037/progress_000,open_microwave,seed_670586037,c2r,height,0.0,10,condition_video,,,,,,,,knn_k1,0.28261661529541016
stage0_full_001,contrastive,c2r/height/beat_block_hammer/seed_146228030/progress_000,beat_block_hammer,seed_146228030,c2r,height,0.0,10,condition_video,,,,,,,,knn_k1,0.22217288613319397
stage0_full_001,contrastive,c2r/height/press_stapler/seed_623879527/progress_000,press_stapler,seed_623879527,c2r,height,0.0,10,condition_video,,,,,,,,knn_k1,0.22614246606826782
stage0_full_001,contrastive,c2r/height/click_bell/seed_576942388/progress_000,click_bell,seed_576942388,c2r,height,0.0,10,condition_video,,,,,,,,knn_k1,0.20817553997039795
stage0_full_001,contrastive,c2r/height/move_playingcard_away/seed_468245999/progress_000,move_playingcard_away,seed_468245999,c2r,height,0.0,10,condition_video,,,,,,,,knn_k1,0.22234764695167542
stage0_full_001,contrastive,c2r/height/open_laptop/seed_273582622/progress_000,open_laptop,seed_273582622,c2r,height,0.0,10,condition_video,,,,,,,,knn_k1,0.2602177560329437
stage0_full_001,contrastive,c2r/height/move_can_pot/seed_285658487/progress_000,move_can_pot,seed_285658487,c2r,height,0.0,10,condition_video,,,,,,,,knn_k1,0.24259094893932343
stage0_full_001,contrastive,c2r/height/stack_bowls_two/seed_116018094/progress_000,stack_bowls_two,seed_116018094,c2r,height,0.0,10,condition_video,,,,,,,,knn_k1,0.2542470395565033
stage0_full_001,contrastive,c2r/height/place_a2b_right/seed_803724289/progress_000,place_a2b_right,seed_803724289,c2r,height,0.0,10,condition_video,,,,,,,,knn_k1,0.236587792634964
stage0_full_001,contrastive,c2r/height/stamp_seal/seed_391510540/progress_000,stamp_seal,seed_391510540,c2r,height,0.0,10,condition_video,,,,,,,,knn_k1,0.2303149402141571
stage0_full_001,contrastive,c2r/height/place_object_basket/seed_760526045/progress_000,place_object_basket,seed_760526045,c2r,height,0.0,10,condition_video,,,,,,,,knn_k1,0.2526138424873352
stage0_full_001,contrastive,c2r/height/handover_mic/seed_537376167/progress_000,handover_mic,seed_537376167,c2r,height,0.0,10,condition_video,,,,,,,,knn_k1,0.25211408734321594
stage0_full_001,contrastive,c2r/height/place_bread_skillet/seed_394408374/progress_000,place_bread_skillet,seed_394408374,c2r,height,0.0,10,condition_video,,,,,,,,knn_k1,0.25090548396110535
stage0_full_001,contrastive,c2r/height/stack_blocks_two/seed_639631926/progress_000,stack_blocks_two,seed_639631926,c2r,height,0.0,10,condition_video,,,,,,,,knn_k1,0.2651197612285614
stage0_full_001,contrastive,c2r/height/place_cans_plasticbox/seed_514553626/progress_000,place_cans_plasticbox,seed_514553626,c2r,height,0.0,10,condition_video,,,,,,,,knn_k1,0.2842433750629425
stage0_full_001,contrastive,c2r/height/click_alarmclock/seed_789543505/progress_000,click_alarmclock,seed_789543505,c2r,height,0.0,10,condition_video,,,,,,,,knn_k1,0.20020103454589844
stage0_full_001,contrastive,c2r/height/blocks_ranking_size/seed_3661514/progress_000,blocks_ranking_size,seed_3661514,c2r,height,0.0,10,condition_video,,,,,,,,knn_k1,0.29791828989982605
stage0_full_001,contrastive,c2r/height/place_phone_stand/seed_39116909/progress_000,place_phone_stand,seed_39116909,c2r,height,0.0,10,condition_video,,,,,,,,knn_k1,0.21630430221557617
stage0_full_001,contrastive,c2r/height/place_can_basket/seed_788353025/progress_000,place_can_basket,seed_788353025,c2r,height,0.0,10,condition_video,,,,,,,,knn_k1,0.257049024105072
stage0_full_001,contrastive,c2r/height/place_object_scale/seed_603032508/progress_000,place_object_scale,seed_603032508,c2r,height,0.0,10,condition_video,,,,,,,,knn_k1,0.228986456990242
stage0_full_001,contrastive,c2r/height/place_a2b_left/seed_240483131/progress_000,place_a2b_left,seed_240483131,c2r,height,0.0,10,condition_video,,,,,,,,knn_k1,0.22971047461032867
stage0_full_001,contrastive,c2r/height/grab_roller/seed_452075745/progress_000,grab_roller,seed_452075745,c2r,height,0.0,10,condition_video,,,,,,,,knn_k1,0.23021523654460907
stage0_full_001,contrastive,c2r/height/place_dual_shoes/seed_890676601/progress_000,place_dual_shoes,seed_890676601,c2r,height,0.0,10,condition_video,,,,,,,,knn_k1,0.2703225016593933
stage0_full_001,contrastive,c2r/height/place_empty_cup/seed_859277454/progress_000,place_empty_cup,seed_859277454,c2r,height,0.0,10,condition_video,,,,,,,,knn_k1,0.2323816865682602
stage0_full_001,contrastive,c2r/height/blocks_ranking_rgb/seed_114117740/progress_000,blocks_ranking_rgb,seed_114117740,c2r,height,0.0,10,condition_video,,,,,,,,knn_k1,0.29684504866600037
stage0_full_001,contrastive,aggregate,all,all,c2r,height,,10,condition_video,,,,,,,,knn_k1_mean,0.25112828880548477
stage0_full_001,contrastive,aggregate,all,group_split,c2r,height,,10,condition_video,,,,,,,,domain_balanced_accuracy,0.5
stage0_full_001,contrastive,aggregate,all,group_split,c2r,height,,10,condition_video,,,,,,,,domain_auroc,1.0
stage0_full_001,contrastive,c2r/light/stack_bowls_three/seed_317869620/progress_000,stack_bowls_three,seed_317869620,c2r,light,0.0,10,condition_video,,,,,,,,knn_k1,0.3298324644565582
stage0_full_001,contrastive,c2r/light/handover_block/seed_879311662/progress_000,handover_block,seed_879311662,c2r,light,0.0,10,condition_video,,,,,,,,knn_k1,0.3777373731136322
stage0_full_001,contrastive,c2r/light/hanging_mug/seed_459299139/progress_000,hanging_mug,seed_459299139,c2r,light,0.0,10,condition_video,,,,,,,,knn_k1,0.3535446524620056
stage0_full_001,contrastive,c2r/light/scan_object/seed_289038431/progress_000,scan_object,seed_289038431,c2r,light,0.0,10,condition_video,,,,,,,,knn_k1,0.3202161490917206
stage0_full_001,contrastive,c2r/light/lift_pot/seed_185598812/progress_000,lift_pot,seed_185598812,c2r,light,0.0,10,condition_video,,,,,,,,knn_k1,0.24448785185813904
stage0_full_001,contrastive,c2r/light/put_object_cabinet/seed_644929938/progress_000,put_object_cabinet,seed_644929938,c2r,light,0.0,10,condition_video,,,,,,,,knn_k1,0.30531206727027893
stage0_full_001,contrastive,c2r/light/stack_blocks_three/seed_314814982/progress_000,stack_blocks_three,seed_314814982,c2r,light,0.0,10,condition_video,,,,,,,,knn_k1,0.3477020263671875
stage0_full_001,contrastive,c2r/light/place_shoe/seed_259707623/progress_000,place_shoe,seed_259707623,c2r,light,0.0,10,condition_video,,,,,,,,knn_k1,0.29312124848365784
stage0_full_001,contrastive,c2r/light/adjust_bottle/seed_218427993/progress_000,adjust_bottle,seed_218427993,c2r,light,0.0,10,condition_video,,,,,,,,knn_k1,0.26642560958862305
stage0_full_001,contrastive,c2r/light/place_mouse_pad/seed_866209002/progress_000,place_mouse_pad,seed_866209002,c2r,light,0.0,10,condition_video,,,,,,,,knn_k1,0.3050181269645691
stage0_full_001,contrastive,c2r/light/dump_bin_bigbin/seed_423840151/progress_000,dump_bin_bigbin,seed_423840151,c2r,light,0.0,10,condition_video,,,,,,,,knn_k1,0.3271193504333496
stage0_full_001,contrastive,c2r/light/move_pillbottle_pad/seed_635002489/progress_000,move_pillbottle_pad,seed_635002489,c2r,light,0.0,10,condition_video,,,,,,,,knn_k1,0.33356985449790955
stage0_full_001,contrastive,c2r/light/pick_dual_bottles/seed_7690756/progress_000,pick_dual_bottles,seed_7690756,c2r,light,0.0,10,condition_video,,,,,,,,knn_k1,0.30410799384117126
stage0_full_001,contrastive,c2r/light/shake_bottle/seed_716268860/progress_000,shake_bottle,seed_716268860,c2r,light,0.0,10,condition_video,,,,,,,,knn_k1,0.364721417427063
stage0_full_001,contrastive,c2r/light/place_fan/seed_519267369/progress_000,place_fan,seed_519267369,c2r,light,0.0,10,condition_video,,,,,,,,knn_k1,0.30475085973739624
stage0_full_001,contrastive,c2r/light/turn_switch/seed_493838736/progress_000,turn_switch,seed_493838736,c2r,light,0.0,10,condition_video,,,,,,,,knn_k1,0.33124497532844543
stage0_full_001,contrastive,c2r/light/shake_bottle_horizontally/seed_497389386/progress_000,shake_bottle_horizontally,seed_497389386,c2r,light,0.0,10,condition_video,,,,,,,,knn_k1,0.34407415986061096
stage0_full_001,contrastive,c2r/light/place_container_plate/seed_252210122/progress_000,place_container_plate,seed_252210122,c2r,light,0.0,10,condition_video,,,,,,,,knn_k1,0.3244958221912384
stage0_full_001,contrastive,c2r/light/rotate_qrcode/seed_24255504/progress_000,rotate_qrcode,seed_24255504,c2r,light,0.0,10,condition_video,,,,,,,,knn_k1,0.332396924495697
stage0_full_001,contrastive,c2r/light/place_object_stand/seed_603755546/progress_000,place_object_stand,seed_603755546,c2r,light,0.0,10,condition_video,,,,,,,,knn_k1,0.24562960863113403
stage0_full_001,contrastive,c2r/light/put_bottles_dustbin/seed_473207494/progress_000,put_bottles_dustbin,seed_473207494,c2r,light,0.0,10,condition_video,,,,,,,,knn_k1,0.38395771384239197
stage0_full_001,contrastive,c2r/light/move_stapler_pad/seed_724544048/progress_000,move_stapler_pad,seed_724544048,c2r,light,0.0,10,condition_video,,,,,,,,knn_k1,0.36254191398620605
stage0_full_001,contrastive,c2r/light/place_burger_fries/seed_764956105/progress_000,place_burger_fries,seed_764956105,c2r,light,0.0,10,condition_video,,,,,,,,knn_k1,0.3115849196910858
stage0_full_001,contrastive,c2r/light/place_bread_basket/seed_548994270/progress_000,place_bread_basket,seed_548994270,c2r,light,0.0,10,condition_video,,,,,,,,knn_k1,0.3082122802734375
stage0_full_001,contrastive,c2r/light/pick_diverse_bottles/seed_469296516/progress_000,pick_diverse_bottles,seed_469296516,c2r,light,0.0,10,condition_video,,,,,,,,knn_k1,0.3117084801197052
stage0_full_001,contrastive,c2r/light/open_microwave/seed_126026794/progress_000,open_microwave,seed_126026794,c2r,light,0.0,10,condition_video,,,,,,,,knn_k1,0.34441840648651123
stage0_full_001,contrastive,c2r/light/beat_block_hammer/seed_190785939/progress_000,beat_block_hammer,seed_190785939,c2r,light,0.0,10,condition_video,,,,,,,,knn_k1,0.3083042502403259
stage0_full_001,contrastive,c2r/light/press_stapler/seed_645584852/progress_000,press_stapler,seed_645584852,c2r,light,0.0,10,condition_video,,,,,,,,knn_k1,0.30398204922676086
stage0_full_001,contrastive,c2r/light/click_bell/seed_611142223/progress_000,click_bell,seed_611142223,c2r,light,0.0,10,condition_video,,,,,,,,knn_k1,0.2614617645740509
stage0_full_001,contrastive,c2r/light/move_playingcard_away/seed_698951458/progress_000,move_playingcard_away,seed_698951458,c2r,light,0.0,10,condition_video,,,,,,,,knn_k1,0.24244347214698792
stage0_full_001,contrastive,c2r/light/open_laptop/seed_627389206/progress_000,open_laptop,seed_627389206,c2r,light,0.0,10,condition_video,,,,,,,,knn_k1,0.2812272906303406
stage0_full_001,contrastive,c2r/light/move_can_pot/seed_248023816/progress_000,move_can_pot,seed_248023816,c2r,light,0.0,10,condition_video,,,,,,,,knn_k1,0.2966826856136322
stage0_full_001,contrastive,c2r/light/stack_bowls_two/seed_656246828/progress_000,stack_bowls_two,seed_656246828,c2r,light,0.0,10,condition_video,,,,,,,,knn_k1,0.31380927562713623
stage0_full_001,contrastive,c2r/light/place_a2b_right/seed_803416018/progress_000,place_a2b_right,seed_803416018,c2r,light,0.0,10,condition_video,,,,,,,,knn_k1,0.2733258008956909
stage0_full_001,contrastive,c2r/light/stamp_seal/seed_203079918/progress_000,stamp_seal,seed_203079918,c2r,light,0.0,10,condition_video,,,,,,,,knn_k1,0.2832123935222626
stage0_full_001,contrastive,c2r/light/place_object_basket/seed_241125908/progress_000,place_object_basket,seed_241125908,c2r,light,0.0,10,condition_video,,,,,,,,knn_k1,0.3496376872062683
stage0_full_001,contrastive,c2r/light/handover_mic/seed_283323218/progress_000,handover_mic,seed_283323218,c2r,light,0.0,10,condition_video,,,,,,,,knn_k1,0.36876288056373596
stage0_full_001,contrastive,c2r/light/place_bread_skillet/seed_156686976/progress_000,place_bread_skillet,seed_156686976,c2r,light,0.0,10,condition_video,,,,,,,,knn_k1,0.274452269077301
stage0_full_001,contrastive,c2r/light/stack_blocks_two/seed_803532712/progress_000,stack_blocks_two,seed_803532712,c2r,light,0.0,10,condition_video,,,,,,,,knn_k1,0.3619462549686432
stage0_full_001,contrastive,c2r/light/place_cans_plasticbox/seed_577981354/progress_000,place_cans_plasticbox,seed_577981354,c2r,light,0.0,10,condition_video,,,,,,,,knn_k1,0.3240260183811188
stage0_full_001,contrastive,c2r/light/click_alarmclock/seed_762866989/progress_000,click_alarmclock,seed_762866989,c2r,light,0.0,10,condition_video,,,,,,,,knn_k1,0.19799497723579407
stage0_full_001,contrastive,c2r/light/blocks_ranking_size/seed_505985753/progress_000,blocks_ranking_size,seed_505985753,c2r,light,0.0,10,condition_video,,,,,,,,knn_k1,0.38313373923301697
stage0_full_001,contrastive,c2r/light/place_phone_stand/seed_624751721/progress_000,place_phone_stand,seed_624751721,c2r,light,0.0,10,condition_video,,,,,,,,knn_k1,0.2897648811340332
stage0_full_001,contrastive,c2r/light/place_can_basket/seed_542145302/progress_000,place_can_basket,seed_542145302,c2r,light,0.0,10,condition_video,,,,,,,,knn_k1,0.2851540148258209
stage0_full_001,contrastive,c2r/light/place_object_scale/seed_722575534/progress_000,place_object_scale,seed_722575534,c2r,light,0.0,10,condition_video,,,,,,,,knn_k1,0.2882462739944458
stage0_full_001,contrastive,c2r/light/place_a2b_left/seed_663079132/progress_000,place_a2b_left,seed_663079132,c2r,light,0.0,10,condition_video,,,,,,,,knn_k1,0.25733527541160583
stage0_full_001,contrastive,c2r/light/grab_roller/seed_482689013/progress_000,grab_roller,seed_482689013,c2r,light,0.0,10,condition_video,,,,,,,,knn_k1,0.3368350863456726
stage0_full_001,contrastive,c2r/light/place_dual_shoes/seed_319436374/progress_000,place_dual_shoes,seed_319436374,c2r,light,0.0,10,condition_video,,,,,,,,knn_k1,0.2769595682621002
stage0_full_001,contrastive,c2r/light/place_empty_cup/seed_606914953/progress_000,place_empty_cup,seed_606914953,c2r,light,0.0,10,condition_video,,,,,,,,knn_k1,0.2737736403942108
stage0_full_001,contrastive,c2r/light/blocks_ranking_rgb/seed_339352330/progress_000,blocks_ranking_rgb,seed_339352330,c2r,light,0.0,10,condition_video,,,,,,,,knn_k1,0.3352733850479126
stage0_full_001,contrastive,aggregate,all,all,c2r,light,,10,condition_video,,,,,,,,knn_k1_mean,0.31091354370117186
stage0_full_001,contrastive,aggregate,all,group_split,c2r,light,,10,condition_video,,,,,,,,domain_balanced_accuracy,0.5
stage0_full_001,contrastive,aggregate,all,group_split,c2r,light,,10,condition_video,,,,,,,,domain_auroc,1.0
stage0_full_001,contrastive,c2r/background/stack_bowls_three/seed_27804535/progress_000,stack_bowls_three,seed_27804535,c2r,background,0.0,19,condition_video,,,,,,,,knn_k1,0.32150647044181824
stage0_full_001,contrastive,c2r/background/handover_block/seed_120650234/progress_000,handover_block,seed_120650234,c2r,background,0.0,19,condition_video,,,,,,,,knn_k1,0.31709858775138855
stage0_full_001,contrastive,c2r/background/hanging_mug/seed_538778923/progress_000,hanging_mug,seed_538778923,c2r,background,0.0,19,condition_video,,,,,,,,knn_k1,0.30915871262550354
stage0_full_001,contrastive,c2r/background/scan_object/seed_262761732/progress_000,scan_object,seed_262761732,c2r,background,0.0,19,condition_video,,,,,,,,knn_k1,0.30694836378097534
stage0_full_001,contrastive,c2r/background/lift_pot/seed_710924868/progress_000,lift_pot,seed_710924868,c2r,background,0.0,19,condition_video,,,,,,,,knn_k1,0.2727128863334656
stage0_full_001,contrastive,c2r/background/put_object_cabinet/seed_13370600/progress_000,put_object_cabinet,seed_13370600,c2r,background,0.0,19,condition_video,,,,,,,,knn_k1,0.31209030747413635
stage0_full_001,contrastive,c2r/background/stack_blocks_three/seed_822087810/progress_000,stack_blocks_three,seed_822087810,c2r,background,0.0,19,condition_video,,,,,,,,knn_k1,0.33212316036224365
stage0_full_001,contrastive,c2r/background/place_shoe/seed_676166693/progress_000,place_shoe,seed_676166693,c2r,background,0.0,19,condition_video,,,,,,,,knn_k1,0.2952246367931366
stage0_full_001,contrastive,c2r/background/adjust_bottle/seed_863397555/progress_000,adjust_bottle,seed_863397555,c2r,background,0.0,19,condition_video,,,,,,,,knn_k1,0.2678394615650177
stage0_full_001,contrastive,c2r/background/place_mouse_pad/seed_457852611/progress_000,place_mouse_pad,seed_457852611,c2r,background,0.0,19,condition_video,,,,,,,,knn_k1,0.29935529828071594
stage0_full_001,contrastive,c2r/background/dump_bin_bigbin/seed_773111305/progress_000,dump_bin_bigbin,seed_773111305,c2r,background,0.0,19,condition_video,,,,,,,,knn_k1,0.3031831979751587
stage0_full_001,contrastive,c2r/background/move_pillbottle_pad/seed_568983342/progress_000,move_pillbottle_pad,seed_568983342,c2r,background,0.0,19,condition_video,,,,,,,,knn_k1,0.2886829078197479
stage0_full_001,contrastive,c2r/background/pick_dual_bottles/seed_117166061/progress_000,pick_dual_bottles,seed_117166061,c2r,background,0.0,19,condition_video,,,,,,,,knn_k1,0.29588907957077026
stage0_full_001,contrastive,c2r/background/shake_bottle/seed_331965946/progress_000,shake_bottle,seed_331965946,c2r,background,0.0,19,condition_video,,,,,,,,knn_k1,0.3605079650878906
stage0_full_001,contrastive,c2r/background/place_fan/seed_543070044/progress_000,place_fan,seed_543070044,c2r,background,0.0,19,condition_video,,,,,,,,knn_k1,0.2879708409309387
stage0_full_001,contrastive,c2r/background/turn_switch/seed_489873751/progress_000,turn_switch,seed_489873751,c2r,background,0.0,19,condition_video,,,,,,,,knn_k1,0.2777326703071594
stage0_full_001,contrastive,c2r/background/shake_bottle_horizontally/seed_319358196/progress_000,shake_bottle_horizontally,seed_319358196,c2r,background,0.0,19,condition_video,,,,,,,,knn_k1,0.352306067943573
stage0_full_001,contrastive,c2r/background/place_container_plate/seed_14431598/progress_000,place_container_plate,seed_14431598,c2r,background,0.0,19,condition_video,,,,,,,,knn_k1,0.28174489736557007
stage0_full_001,contrastive,c2r/background/rotate_qrcode/seed_372345110/progress_000,rotate_qrcode,seed_372345110,c2r,background,0.0,19,condition_video,,,,,,,,knn_k1,0.3066956400871277
stage0_full_001,contrastive,c2r/background/place_object_stand/seed_715864988/progress_000,place_object_stand,seed_715864988,c2r,background,0.0,19,condition_video,,,,,,,,knn_k1,0.26223111152648926
stage0_full_001,contrastive,c2r/background/put_bottles_dustbin/seed_455479075/progress_000,put_bottles_dustbin,seed_455479075,c2r,background,0.0,19,condition_video,,,,,,,,knn_k1,0.3623053729534149
stage0_full_001,contrastive,c2r/background/move_stapler_pad/seed_453776751/progress_000,move_stapler_pad,seed_453776751,c2r,background,0.0,19,condition_video,,,,,,,,knn_k1,0.2908313572406769
stage0_full_001,contrastive,c2r/background/place_burger_fries/seed_165469501/progress_000,place_burger_fries,seed_165469501,c2r,background,0.0,19,condition_video,,,,,,,,knn_k1,0.31777650117874146
stage0_full_001,contrastive,c2r/background/place_bread_basket/seed_490234398/progress_000,place_bread_basket,seed_490234398,c2r,background,0.0,19,condition_video,,,,,,,,knn_k1,0.3059631586074829
stage0_full_001,contrastive,c2r/background/pick_diverse_bottles/seed_886697844/progress_000,pick_diverse_bottles,seed_886697844,c2r,background,0.0,19,condition_video,,,,,,,,knn_k1,0.3015431761741638
stage0_full_001,contrastive,c2r/background/open_microwave/seed_443701932/progress_000,open_microwave,seed_443701932,c2r,background,0.0,19,condition_video,,,,,,,,knn_k1,0.3579871952533722
stage0_full_001,contrastive,c2r/background/beat_block_hammer/seed_797298394/progress_000,beat_block_hammer,seed_797298394,c2r,background,0.0,19,condition_video,,,,,,,,knn_k1,0.26752111315727234
stage0_full_001,contrastive,c2r/background/press_stapler/seed_262831721/progress_000,press_stapler,seed_262831721,c2r,background,0.0,19,condition_video,,,,,,,,knn_k1,0.2773560881614685
stage0_full_001,contrastive,c2r/background/click_bell/seed_748992159/progress_000,click_bell,seed_748992159,c2r,background,0.0,19,condition_video,,,,,,,,knn_k1,0.2584088146686554
stage0_full_001,contrastive,c2r/background/move_playingcard_away/seed_114732817/progress_000,move_playingcard_away,seed_114732817,c2r,background,0.0,19,condition_video,,,,,,,,knn_k1,0.28103768825531006
stage0_full_001,contrastive,c2r/background/open_laptop/seed_121410776/progress_000,open_laptop,seed_121410776,c2r,background,0.0,19,condition_video,,,,,,,,knn_k1,0.3176211416721344
stage0_full_001,contrastive,c2r/background/move_can_pot/seed_600430797/progress_000,move_can_pot,seed_600430797,c2r,background,0.0,19,condition_video,,,,,,,,knn_k1,0.30550169944763184
stage0_full_001,contrastive,c2r/background/stack_bowls_two/seed_444040936/progress_000,stack_bowls_two,seed_444040936,c2r,background,0.0,19,condition_video,,,,,,,,knn_k1,0.29777461290359497
stage0_full_001,contrastive,c2r/background/place_a2b_right/seed_550624350/progress_000,place_a2b_right,seed_550624350,c2r,background,0.0,19,condition_video,,,,,,,,knn_k1,0.28540265560150146
stage0_full_001,contrastive,c2r/background/stamp_seal/seed_373032052/progress_000,stamp_seal,seed_373032052,c2r,background,0.0,19,condition_video,,,,,,,,knn_k1,0.2779933512210846
stage0_full_001,contrastive,c2r/background/place_object_basket/seed_13972055/progress_000,place_object_basket,seed_13972055,c2r,background,0.0,19,condition_video,,,,,,,,knn_k1,0.30406543612480164
stage0_full_001,contrastive,c2r/background/handover_mic/seed_791372736/progress_000,handover_mic,seed_791372736,c2r,background,0.0,19,condition_video,,,,,,,,knn_k1,0.2980897128582001
stage0_full_001,contrastive,c2r/background/place_bread_skillet/seed_682411729/progress_000,place_bread_skillet,seed_682411729,c2r,background,0.0,19,condition_video,,,,,,,,knn_k1,0.2984224557876587
stage0_full_001,contrastive,c2r/background/stack_blocks_two/seed_325046254/progress_000,stack_blocks_two,seed_325046254,c2r,background,0.0,19,condition_video,,,,,,,,knn_k1,0.3121141791343689
stage0_full_001,contrastive,c2r/background/place_cans_plasticbox/seed_851474539/progress_000,place_cans_plasticbox,seed_851474539,c2r,background,0.0,19,condition_video,,,,,,,,knn_k1,0.31589534878730774
stage0_full_001,contrastive,c2r/background/click_alarmclock/seed_597249174/progress_000,click_alarmclock,seed_597249174,c2r,background,0.0,19,condition_video,,,,,,,,knn_k1,0.23540249466896057
stage0_full_001,contrastive,c2r/background/blocks_ranking_size/seed_483186537/progress_000,blocks_ranking_size,seed_483186537,c2r,background,0.0,19,condition_video,,,,,,,,knn_k1,0.3371426463127136
stage0_full_001,contrastive,c2r/background/place_phone_stand/seed_844715882/progress_000,place_phone_stand,seed_844715882,c2r,background,0.0,19,condition_video,,,,,,,,knn_k1,0.2670714855194092
stage0_full_001,contrastive,c2r/background/place_can_basket/seed_873890208/progress_000,place_can_basket,seed_873890208,c2r,background,0.0,19,condition_video,,,,,,,,knn_k1,0.31651240587234497
stage0_full_001,contrastive,c2r/background/place_object_scale/seed_28989601/progress_000,place_object_scale,seed_28989601,c2r,background,0.0,19,condition_video,,,,,,,,knn_k1,0.2766880691051483
stage0_full_001,contrastive,c2r/background/place_a2b_left/seed_494714106/progress_000,place_a2b_left,seed_494714106,c2r,background,0.0,19,condition_video,,,,,,,,knn_k1,0.2866079807281494
stage0_full_001,contrastive,c2r/background/grab_roller/seed_274067892/progress_000,grab_roller,seed_274067892,c2r,background,0.0,19,condition_video,,,,,,,,knn_k1,0.27035945653915405
stage0_full_001,contrastive,c2r/background/place_dual_shoes/seed_100946921/progress_000,place_dual_shoes,seed_100946921,c2r,background,0.0,19,condition_video,,,,,,,,knn_k1,0.3187800347805023
stage0_full_001,contrastive,c2r/background/place_empty_cup/seed_66017520/progress_000,place_empty_cup,seed_66017520,c2r,background,0.0,19,condition_video,,,,,,,,knn_k1,0.2975657880306244
stage0_full_001,contrastive,c2r/background/blocks_ranking_rgb/seed_392877897/progress_000,blocks_ranking_rgb,seed_392877897,c2r,background,0.0,19,condition_video,,,,,,,,knn_k1,0.3352479040622711
stage0_full_001,contrastive,aggregate,all,all,c2r,background,,19,condition_video,,,,,,,,knn_k1_mean,0.30051983177661895
stage0_full_001,contrastive,aggregate,all,group_split,c2r,background,,19,condition_video,,,,,,,,domain_balanced_accuracy,0.5
stage0_full_001,contrastive,aggregate,all,group_split,c2r,background,,19,condition_video,,,,,,,,domain_auroc,1.0
stage0_full_001,contrastive,c2r/clutter/stack_bowls_three/seed_761954913/progress_000,stack_bowls_three,seed_761954913,c2r,clutter,0.0,19,condition_video,,,,,,,,knn_k1,0.3195290267467499
stage0_full_001,contrastive,c2r/clutter/handover_block/seed_624737248/progress_000,handover_block,seed_624737248,c2r,clutter,0.0,19,condition_video,,,,,,,,knn_k1,0.3178841769695282
stage0_full_001,contrastive,c2r/clutter/hanging_mug/seed_853936167/progress_000,hanging_mug,seed_853936167,c2r,clutter,0.0,19,condition_video,,,,,,,,knn_k1,0.3097080886363983
stage0_full_001,contrastive,c2r/clutter/scan_object/seed_200154928/progress_000,scan_object,seed_200154928,c2r,clutter,0.0,19,condition_video,,,,,,,,knn_k1,0.3057813048362732
stage0_full_001,contrastive,c2r/clutter/lift_pot/seed_36841133/progress_000,lift_pot,seed_36841133,c2r,clutter,0.0,19,condition_video,,,,,,,,knn_k1,0.27405521273612976
stage0_full_001,contrastive,c2r/clutter/put_object_cabinet/seed_213141741/progress_000,put_object_cabinet,seed_213141741,c2r,clutter,0.0,19,condition_video,,,,,,,,knn_k1,0.3095420300960541
stage0_full_001,contrastive,c2r/clutter/stack_blocks_three/seed_885782772/progress_000,stack_blocks_three,seed_885782772,c2r,clutter,0.0,19,condition_video,,,,,,,,knn_k1,0.33337119221687317
stage0_full_001,contrastive,c2r/clutter/place_shoe/seed_148930251/progress_000,place_shoe,seed_148930251,c2r,clutter,0.0,19,condition_video,,,,,,,,knn_k1,0.29567891359329224
stage0_full_001,contrastive,c2r/clutter/adjust_bottle/seed_487447292/progress_000,adjust_bottle,seed_487447292,c2r,clutter,0.0,19,condition_video,,,,,,,,knn_k1,0.26909106969833374
stage0_full_001,contrastive,c2r/clutter/place_mouse_pad/seed_782913939/progress_000,place_mouse_pad,seed_782913939,c2r,clutter,0.0,19,condition_video,,,,,,,,knn_k1,0.3006950914859772
stage0_full_001,contrastive,c2r/clutter/dump_bin_bigbin/seed_48286788/progress_000,dump_bin_bigbin,seed_48286788,c2r,clutter,0.0,19,condition_video,,,,,,,,knn_k1,0.30261096358299255
stage0_full_001,contrastive,c2r/clutter/move_pillbottle_pad/seed_170572259/progress_000,move_pillbottle_pad,seed_170572259,c2r,clutter,0.0,19,condition_video,,,,,,,,knn_k1,0.29145288467407227
stage0_full_001,contrastive,c2r/clutter/pick_dual_bottles/seed_4182488/progress_000,pick_dual_bottles,seed_4182488,c2r,clutter,0.0,19,condition_video,,,,,,,,knn_k1,0.2956429123878479
stage0_full_001,contrastive,c2r/clutter/shake_bottle/seed_509663030/progress_000,shake_bottle,seed_509663030,c2r,clutter,0.0,19,condition_video,,,,,,,,knn_k1,0.35761213302612305
stage0_full_001,contrastive,c2r/clutter/place_fan/seed_847307321/progress_000,place_fan,seed_847307321,c2r,clutter,0.0,19,condition_video,,,,,,,,knn_k1,0.2868861258029938
stage0_full_001,contrastive,c2r/clutter/turn_switch/seed_106540409/progress_000,turn_switch,seed_106540409,c2r,clutter,0.0,19,condition_video,,,,,,,,knn_k1,0.2807251513004303
stage0_full_001,contrastive,c2r/clutter/shake_bottle_horizontally/seed_491429438/progress_000,shake_bottle_horizontally,seed_491429438,c2r,clutter,0.0,19,condition_video,,,,,,,,knn_k1,0.3530462086200714
stage0_full_001,contrastive,c2r/clutter/place_container_plate/seed_594486020/progress_000,place_container_plate,seed_594486020,c2r,clutter,0.0,19,condition_video,,,,,,,,knn_k1,0.2821391522884369
stage0_full_001,contrastive,c2r/clutter/rotate_qrcode/seed_362674036/progress_000,rotate_qrcode,seed_362674036,c2r,clutter,0.0,19,condition_video,,,,,,,,knn_k1,0.29793742299079895
stage0_full_001,contrastive,c2r/clutter/place_object_stand/seed_162697052/progress_000,place_object_stand,seed_162697052,c2r,clutter,0.0,19,condition_video,,,,,,,,knn_k1,0.2623762786388397
stage0_full_001,contrastive,c2r/clutter/put_bottles_dustbin/seed_148690198/progress_000,put_bottles_dustbin,seed_148690198,c2r,clutter,0.0,19,condition_video,,,,,,,,knn_k1,0.352717787027359
stage0_full_001,contrastive,c2r/clutter/move_stapler_pad/seed_744409618/progress_000,move_stapler_pad,seed_744409618,c2r,clutter,0.0,19,condition_video,,,,,,,,knn_k1,0.2886821925640106
stage0_full_001,contrastive,c2r/clutter/place_burger_fries/seed_303636962/progress_000,place_burger_fries,seed_303636962,c2r,clutter,0.0,19,condition_video,,,,,,,,knn_k1,0.31565141677856445
stage0_full_001,contrastive,c2r/clutter/place_bread_basket/seed_105344671/progress_000,place_bread_basket,seed_105344671,c2r,clutter,0.0,19,condition_video,,,,,,,,knn_k1,0.3054904639720917
stage0_full_001,contrastive,c2r/clutter/pick_diverse_bottles/seed_21321356/progress_000,pick_diverse_bottles,seed_21321356,c2r,clutter,0.0,19,condition_video,,,,,,,,knn_k1,0.30098259449005127
stage0_full_001,contrastive,c2r/clutter/open_microwave/seed_136410473/progress_000,open_microwave,seed_136410473,c2r,clutter,0.0,19,condition_video,,,,,,,,knn_k1,0.3564612865447998
stage0_full_001,contrastive,c2r/clutter/beat_block_hammer/seed_36693999/progress_000,beat_block_hammer,seed_36693999,c2r,clutter,0.0,19,condition_video,,,,,,,,knn_k1,0.2677552103996277
stage0_full_001,contrastive,c2r/clutter/press_stapler/seed_880007787/progress_000,press_stapler,seed_880007787,c2r,clutter,0.0,19,condition_video,,,,,,,,knn_k1,0.27972495555877686
stage0_full_001,contrastive,c2r/clutter/click_bell/seed_539095014/progress_000,click_bell,seed_539095014,c2r,clutter,0.0,19,condition_video,,,,,,,,knn_k1,0.2575241029262543
stage0_full_001,contrastive,c2r/clutter/move_playingcard_away/seed_385288247/progress_000,move_playingcard_away,seed_385288247,c2r,clutter,0.0,19,condition_video,,,,,,,,knn_k1,0.28017309308052063
stage0_full_001,contrastive,c2r/clutter/open_laptop/seed_260421436/progress_000,open_laptop,seed_260421436,c2r,clutter,0.0,19,condition_video,,,,,,,,knn_k1,0.3179408609867096
stage0_full_001,contrastive,c2r/clutter/move_can_pot/seed_445842829/progress_000,move_can_pot,seed_445842829,c2r,clutter,0.0,19,condition_video,,,,,,,,knn_k1,0.3040699362754822
stage0_full_001,contrastive,c2r/clutter/stack_bowls_two/seed_408127787/progress_000,stack_bowls_two,seed_408127787,c2r,clutter,0.0,19,condition_video,,,,,,,,knn_k1,0.30117759108543396
stage0_full_001,contrastive,c2r/clutter/place_a2b_right/seed_298826397/progress_000,place_a2b_right,seed_298826397,c2r,clutter,0.0,19,condition_video,,,,,,,,knn_k1,0.28356844186782837
stage0_full_001,contrastive,c2r/clutter/stamp_seal/seed_748150648/progress_000,stamp_seal,seed_748150648,c2r,clutter,0.0,19,condition_video,,,,,,,,knn_k1,0.2783491611480713
stage0_full_001,contrastive,c2r/clutter/place_object_basket/seed_455727417/progress_000,place_object_basket,seed_455727417,c2r,clutter,0.0,19,condition_video,,,,,,,,knn_k1,0.3120395243167877
stage0_full_001,contrastive,c2r/clutter/handover_mic/seed_27533572/progress_000,handover_mic,seed_27533572,c2r,clutter,0.0,19,condition_video,,,,,,,,knn_k1,0.29518842697143555
stage0_full_001,contrastive,c2r/clutter/place_bread_skillet/seed_470829968/progress_000,place_bread_skillet,seed_470829968,c2r,clutter,0.0,19,condition_video,,,,,,,,knn_k1,0.29275715351104736
stage0_full_001,contrastive,c2r/clutter/stack_blocks_two/seed_193292576/progress_000,stack_blocks_two,seed_193292576,c2r,clutter,0.0,19,condition_video,,,,,,,,knn_k1,0.31799471378326416
stage0_full_001,contrastive,c2r/clutter/place_cans_plasticbox/seed_552905247/progress_000,place_cans_plasticbox,seed_552905247,c2r,clutter,0.0,19,condition_video,,,,,,,,knn_k1,0.31658780574798584
stage0_full_001,contrastive,c2r/clutter/click_alarmclock/seed_257639388/progress_000,click_alarmclock,seed_257639388,c2r,clutter,0.0,19,condition_video,,,,,,,,knn_k1,0.2349148839712143
stage0_full_001,contrastive,c2r/clutter/blocks_ranking_size/seed_676842534/progress_000,blocks_ranking_size,seed_676842534,c2r,clutter,0.0,19,condition_video,,,,,,,,knn_k1,0.33689799904823303
stage0_full_001,contrastive,c2r/clutter/place_phone_stand/seed_560963078/progress_000,place_phone_stand,seed_560963078,c2r,clutter,0.0,19,condition_video,,,,,,,,knn_k1,0.2677645981311798
stage0_full_001,contrastive,c2r/clutter/place_can_basket/seed_578149817/progress_000,place_can_basket,seed_578149817,c2r,clutter,0.0,19,condition_video,,,,,,,,knn_k1,0.2999475300312042
stage0_full_001,contrastive,c2r/clutter/place_object_scale/seed_142945748/progress_000,place_object_scale,seed_142945748,c2r,clutter,0.0,19,condition_video,,,,,,,,knn_k1,0.2793450355529785
stage0_full_001,contrastive,c2r/clutter/place_a2b_left/seed_712001400/progress_000,place_a2b_left,seed_712001400,c2r,clutter,0.0,19,condition_video,,,,,,,,knn_k1,0.2856671214103699
stage0_full_001,contrastive,c2r/clutter/grab_roller/seed_489372951/progress_000,grab_roller,seed_489372951,c2r,clutter,0.0,19,condition_video,,,,,,,,knn_k1,0.2715587317943573
stage0_full_001,contrastive,c2r/clutter/place_dual_shoes/seed_486785621/progress_000,place_dual_shoes,seed_486785621,c2r,clutter,0.0,19,condition_video,,,,,,,,knn_k1,0.32133588194847107
stage0_full_001,contrastive,c2r/clutter/place_empty_cup/seed_270996463/progress_000,place_empty_cup,seed_270996463,c2r,clutter,0.0,19,condition_video,,,,,,,,knn_k1,0.2928173840045929
stage0_full_001,contrastive,c2r/clutter/blocks_ranking_rgb/seed_350545820/progress_000,blocks_ranking_rgb,seed_350545820,c2r,clutter,0.0,19,condition_video,,,,,,,,knn_k1,0.3402007520198822
stage0_full_001,contrastive,aggregate,all,all,c2r,clutter,,19,condition_video,,,,,,,,knn_k1_mean,0.30002103954553605
stage0_full_001,contrastive,aggregate,all,group_split,c2r,clutter,,19,condition_video,,,,,,,,domain_balanced_accuracy,0.5
stage0_full_001,contrastive,aggregate,all,group_split,c2r,clutter,,19,condition_video,,,,,,,,domain_auroc,1.0
stage0_full_001,contrastive,c2r/height/stack_bowls_three/seed_777107145/progress_000,stack_bowls_three,seed_777107145,c2r,height,0.0,19,condition_video,,,,,,,,knn_k1,0.31941673159599304
stage0_full_001,contrastive,c2r/height/handover_block/seed_153931416/progress_000,handover_block,seed_153931416,c2r,height,0.0,19,condition_video,,,,,,,,knn_k1,0.3201757073402405
stage0_full_001,contrastive,c2r/height/hanging_mug/seed_797626889/progress_000,hanging_mug,seed_797626889,c2r,height,0.0,19,condition_video,,,,,,,,knn_k1,0.31053197383880615
stage0_full_001,contrastive,c2r/height/scan_object/seed_86820161/progress_000,scan_object,seed_86820161,c2r,height,0.0,19,condition_video,,,,,,,,knn_k1,0.3103342056274414
stage0_full_001,contrastive,c2r/height/lift_pot/seed_358880989/progress_000,lift_pot,seed_358880989,c2r,height,0.0,19,condition_video,,,,,,,,knn_k1,0.2719194293022156
stage0_full_001,contrastive,c2r/height/put_object_cabinet/seed_579804476/progress_000,put_object_cabinet,seed_579804476,c2r,height,0.0,19,condition_video,,,,,,,,knn_k1,0.3077004551887512
stage0_full_001,contrastive,c2r/height/stack_blocks_three/seed_510834284/progress_000,stack_blocks_three,seed_510834284,c2r,height,0.0,19,condition_video,,,,,,,,knn_k1,0.3334825038909912
stage0_full_001,contrastive,c2r/height/place_shoe/seed_547565528/progress_000,place_shoe,seed_547565528,c2r,height,0.0,19,condition_video,,,,,,,,knn_k1,0.2951030731201172
stage0_full_001,contrastive,c2r/height/adjust_bottle/seed_455908385/progress_000,adjust_bottle,seed_455908385,c2r,height,0.0,19,condition_video,,,,,,,,knn_k1,0.26661553978919983
stage0_full_001,contrastive,c2r/height/place_mouse_pad/seed_747588073/progress_000,place_mouse_pad,seed_747588073,c2r,height,0.0,19,condition_video,,,,,,,,knn_k1,0.3044332265853882
stage0_full_001,contrastive,c2r/height/dump_bin_bigbin/seed_609125485/progress_000,dump_bin_bigbin,seed_609125485,c2r,height,0.0,19,condition_video,,,,,,,,knn_k1,0.307871550321579
stage0_full_001,contrastive,c2r/height/move_pillbottle_pad/seed_454258712/progress_000,move_pillbottle_pad,seed_454258712,c2r,height,0.0,19,condition_video,,,,,,,,knn_k1,0.2978094220161438
stage0_full_001,contrastive,c2r/height/pick_dual_bottles/seed_625462229/progress_000,pick_dual_bottles,seed_625462229,c2r,height,0.0,19,condition_video,,,,,,,,knn_k1,0.29212260246276855
stage0_full_001,contrastive,c2r/height/shake_bottle/seed_11397417/progress_000,shake_bottle,seed_11397417,c2r,height,0.0,19,condition_video,,,,,,,,knn_k1,0.3606872856616974
stage0_full_001,contrastive,c2r/height/place_fan/seed_562359323/progress_000,place_fan,seed_562359323,c2r,height,0.0,19,condition_video,,,,,,,,knn_k1,0.28526511788368225
stage0_full_001,contrastive,c2r/height/turn_switch/seed_388598700/progress_000,turn_switch,seed_388598700,c2r,height,0.0,19,condition_video,,,,,,,,knn_k1,0.28525760769844055
stage0_full_001,contrastive,c2r/height/shake_bottle_horizontally/seed_506817488/progress_000,shake_bottle_horizontally,seed_506817488,c2r,height,0.0,19,condition_video,,,,,,,,knn_k1,0.35704469680786133
stage0_full_001,contrastive,c2r/height/place_container_plate/seed_661154812/progress_000,place_container_plate,seed_661154812,c2r,height,0.0,19,condition_video,,,,,,,,knn_k1,0.28314101696014404
stage0_full_001,contrastive,c2r/height/rotate_qrcode/seed_391550427/progress_000,rotate_qrcode,seed_391550427,c2r,height,0.0,19,condition_video,,,,,,,,knn_k1,0.28721705079078674
stage0_full_001,contrastive,c2r/height/place_object_stand/seed_520492387/progress_000,place_object_stand,seed_520492387,c2r,height,0.0,19,condition_video,,,,,,,,knn_k1,0.27050408720970154
stage0_full_001,contrastive,c2r/height/put_bottles_dustbin/seed_833796020/progress_000,put_bottles_dustbin,seed_833796020,c2r,height,0.0,19,condition_video,,,,,,,,knn_k1,0.35508865118026733
stage0_full_001,contrastive,c2r/height/move_stapler_pad/seed_626979943/progress_000,move_stapler_pad,seed_626979943,c2r,height,0.0,19,condition_video,,,,,,,,knn_k1,0.2903498113155365
stage0_full_001,contrastive,c2r/height/place_burger_fries/seed_44486756/progress_000,place_burger_fries,seed_44486756,c2r,height,0.0,19,condition_video,,,,,,,,knn_k1,0.3071531057357788
stage0_full_001,contrastive,c2r/height/place_bread_basket/seed_769514620/progress_000,place_bread_basket,seed_769514620,c2r,height,0.0,19,condition_video,,,,,,,,knn_k1,0.31140226125717163
stage0_full_001,contrastive,c2r/height/pick_diverse_bottles/seed_202104734/progress_000,pick_diverse_bottles,seed_202104734,c2r,height,0.0,19,condition_video,,,,,,,,knn_k1,0.2999982535839081
stage0_full_001,contrastive,c2r/height/open_microwave/seed_670586037/progress_000,open_microwave,seed_670586037,c2r,height,0.0,19,condition_video,,,,,,,,knn_k1,0.3577471375465393
stage0_full_001,contrastive,c2r/height/beat_block_hammer/seed_146228030/progress_000,beat_block_hammer,seed_146228030,c2r,height,0.0,19,condition_video,,,,,,,,knn_k1,0.2667861878871918
stage0_full_001,contrastive,c2r/height/press_stapler/seed_623879527/progress_000,press_stapler,seed_623879527,c2r,height,0.0,19,condition_video,,,,,,,,knn_k1,0.27935361862182617
stage0_full_001,contrastive,c2r/height/click_bell/seed_576942388/progress_000,click_bell,seed_576942388,c2r,height,0.0,19,condition_video,,,,,,,,knn_k1,0.2603089213371277
stage0_full_001,contrastive,c2r/height/move_playingcard_away/seed_468245999/progress_000,move_playingcard_away,seed_468245999,c2r,height,0.0,19,condition_video,,,,,,,,knn_k1,0.28474417328834534
stage0_full_001,contrastive,c2r/height/open_laptop/seed_273582622/progress_000,open_laptop,seed_273582622,c2r,height,0.0,19,condition_video,,,,,,,,knn_k1,0.32113513350486755
stage0_full_001,contrastive,c2r/height/move_can_pot/seed_285658487/progress_000,move_can_pot,seed_285658487,c2r,height,0.0,19,condition_video,,,,,,,,knn_k1,0.30641284584999084
stage0_full_001,contrastive,c2r/height/stack_bowls_two/seed_116018094/progress_000,stack_bowls_two,seed_116018094,c2r,height,0.0,19,condition_video,,,,,,,,knn_k1,0.2996757924556732
stage0_full_001,contrastive,c2r/height/place_a2b_right/seed_803724289/progress_000,place_a2b_right,seed_803724289,c2r,height,0.0,19,condition_video,,,,,,,,knn_k1,0.2864064574241638
stage0_full_001,contrastive,c2r/height/stamp_seal/seed_391510540/progress_000,stamp_seal,seed_391510540,c2r,height,0.0,19,condition_video,,,,,,,,knn_k1,0.2790002226829529
stage0_full_001,contrastive,c2r/height/place_object_basket/seed_760526045/progress_000,place_object_basket,seed_760526045,c2r,height,0.0,19,condition_video,,,,,,,,knn_k1,0.303543359041214
stage0_full_001,contrastive,c2r/height/handover_mic/seed_537376167/progress_000,handover_mic,seed_537376167,c2r,height,0.0,19,condition_video,,,,,,,,knn_k1,0.3018089532852173
stage0_full_001,contrastive,c2r/height/place_bread_skillet/seed_394408374/progress_000,place_bread_skillet,seed_394408374,c2r,height,0.0,19,condition_video,,,,,,,,knn_k1,0.2915494441986084
stage0_full_001,contrastive,c2r/height/stack_blocks_two/seed_639631926/progress_000,stack_blocks_two,seed_639631926,c2r,height,0.0,19,condition_video,,,,,,,,knn_k1,0.312051922082901
stage0_full_001,contrastive,c2r/height/place_cans_plasticbox/seed_514553626/progress_000,place_cans_plasticbox,seed_514553626,c2r,height,0.0,19,condition_video,,,,,,,,knn_k1,0.3156324625015259
stage0_full_001,contrastive,c2r/height/click_alarmclock/seed_789543505/progress_000,click_alarmclock,seed_789543505,c2r,height,0.0,19,condition_video,,,,,,,,knn_k1,0.243075892329216
stage0_full_001,contrastive,c2r/height/blocks_ranking_size/seed_3661514/progress_000,blocks_ranking_size,seed_3661514,c2r,height,0.0,19,condition_video,,,,,,,,knn_k1,0.3357560634613037
stage0_full_001,contrastive,c2r/height/place_phone_stand/seed_39116909/progress_000,place_phone_stand,seed_39116909,c2r,height,0.0,19,condition_video,,,,,,,,knn_k1,0.26861482858657837
stage0_full_001,contrastive,c2r/height/place_can_basket/seed_788353025/progress_000,place_can_basket,seed_788353025,c2r,height,0.0,19,condition_video,,,,,,,,knn_k1,0.2960858643054962
stage0_full_001,contrastive,c2r/height/place_object_scale/seed_603032508/progress_000,place_object_scale,seed_603032508,c2r,height,0.0,19,condition_video,,,,,,,,knn_k1,0.2808370888233185
stage0_full_001,contrastive,c2r/height/place_a2b_left/seed_240483131/progress_000,place_a2b_left,seed_240483131,c2r,height,0.0,19,condition_video,,,,,,,,knn_k1,0.28546783328056335
stage0_full_001,contrastive,c2r/height/grab_roller/seed_452075745/progress_000,grab_roller,seed_452075745,c2r,height,0.0,19,condition_video,,,,,,,,knn_k1,0.27185294032096863
stage0_full_001,contrastive,c2r/height/place_dual_shoes/seed_890676601/progress_000,place_dual_shoes,seed_890676601,c2r,height,0.0,19,condition_video,,,,,,,,knn_k1,0.31615740060806274
stage0_full_001,contrastive,c2r/height/place_empty_cup/seed_859277454/progress_000,place_empty_cup,seed_859277454,c2r,height,0.0,19,condition_video,,,,,,,,knn_k1,0.29343780875205994
stage0_full_001,contrastive,c2r/height/blocks_ranking_rgb/seed_114117740/progress_000,blocks_ranking_rgb,seed_114117740,c2r,height,0.0,19,condition_video,,,,,,,,knn_k1,0.3420979976654053
stage0_full_001,contrastive,aggregate,all,all,c2r,height,,19,condition_video,,,,,,,,knn_k1_mean,0.3006033143401146
stage0_full_001,contrastive,aggregate,all,group_split,c2r,height,,19,condition_video,,,,,,,,domain_balanced_accuracy,0.5
stage0_full_001,contrastive,aggregate,all,group_split,c2r,height,,19,condition_video,,,,,,,,domain_auroc,1.0
stage0_full_001,contrastive,c2r/light/stack_bowls_three/seed_317869620/progress_000,stack_bowls_three,seed_317869620,c2r,light,0.0,19,condition_video,,,,,,,,knn_k1,0.37720367312431335
stage0_full_001,contrastive,c2r/light/handover_block/seed_879311662/progress_000,handover_block,seed_879311662,c2r,light,0.0,19,condition_video,,,,,,,,knn_k1,0.42925071716308594
stage0_full_001,contrastive,c2r/light/hanging_mug/seed_459299139/progress_000,hanging_mug,seed_459299139,c2r,light,0.0,19,condition_video,,,,,,,,knn_k1,0.3956203758716583
stage0_full_001,contrastive,c2r/light/scan_object/seed_289038431/progress_000,scan_object,seed_289038431,c2r,light,0.0,19,condition_video,,,,,,,,knn_k1,0.36762961745262146
stage0_full_001,contrastive,c2r/light/lift_pot/seed_185598812/progress_000,lift_pot,seed_185598812,c2r,light,0.0,19,condition_video,,,,,,,,knn_k1,0.2885126769542694
stage0_full_001,contrastive,c2r/light/put_object_cabinet/seed_644929938/progress_000,put_object_cabinet,seed_644929938,c2r,light,0.0,19,condition_video,,,,,,,,knn_k1,0.35776689648628235
stage0_full_001,contrastive,c2r/light/stack_blocks_three/seed_314814982/progress_000,stack_blocks_three,seed_314814982,c2r,light,0.0,19,condition_video,,,,,,,,knn_k1,0.40715527534484863
stage0_full_001,contrastive,c2r/light/place_shoe/seed_259707623/progress_000,place_shoe,seed_259707623,c2r,light,0.0,19,condition_video,,,,,,,,knn_k1,0.36944323778152466
stage0_full_001,contrastive,c2r/light/adjust_bottle/seed_218427993/progress_000,adjust_bottle,seed_218427993,c2r,light,0.0,19,condition_video,,,,,,,,knn_k1,0.3272228538990021
stage0_full_001,contrastive,c2r/light/place_mouse_pad/seed_866209002/progress_000,place_mouse_pad,seed_866209002,c2r,light,0.0,19,condition_video,,,,,,,,knn_k1,0.3852075934410095
stage0_full_001,contrastive,c2r/light/dump_bin_bigbin/seed_423840151/progress_000,dump_bin_bigbin,seed_423840151,c2r,light,0.0,19,condition_video,,,,,,,,knn_k1,0.40117326378822327
stage0_full_001,contrastive,c2r/light/move_pillbottle_pad/seed_635002489/progress_000,move_pillbottle_pad,seed_635002489,c2r,light,0.0,19,condition_video,,,,,,,,knn_k1,0.40466976165771484
stage0_full_001,contrastive,c2r/light/pick_dual_bottles/seed_7690756/progress_000,pick_dual_bottles,seed_7690756,c2r,light,0.0,19,condition_video,,,,,,,,knn_k1,0.3439560532569885
stage0_full_001,contrastive,c2r/light/shake_bottle/seed_716268860/progress_000,shake_bottle,seed_716268860,c2r,light,0.0,19,condition_video,,,,,,,,knn_k1,0.44554367661476135
stage0_full_001,contrastive,c2r/light/place_fan/seed_519267369/progress_000,place_fan,seed_519267369,c2r,light,0.0,19,condition_video,,,,,,,,knn_k1,0.36845430731773376
stage0_full_001,contrastive,c2r/light/turn_switch/seed_493838736/progress_000,turn_switch,seed_493838736,c2r,light,0.0,19,condition_video,,,,,,,,knn_k1,0.4177752733230591
stage0_full_001,contrastive,c2r/light/shake_bottle_horizontally/seed_497389386/progress_000,shake_bottle_horizontally,seed_497389386,c2r,light,0.0,19,condition_video,,,,,,,,knn_k1,0.4126124680042267
stage0_full_001,contrastive,c2r/light/place_container_plate/seed_252210122/progress_000,place_container_plate,seed_252210122,c2r,light,0.0,19,condition_video,,,,,,,,knn_k1,0.40401285886764526
stage0_full_001,contrastive,c2r/light/rotate_qrcode/seed_24255504/progress_000,rotate_qrcode,seed_24255504,c2r,light,0.0,19,condition_video,,,,,,,,knn_k1,0.4142892360687256
stage0_full_001,contrastive,c2r/light/place_object_stand/seed_603755546/progress_000,place_object_stand,seed_603755546,c2r,light,0.0,19,condition_video,,,,,,,,knn_k1,0.30575183033943176
stage0_full_001,contrastive,c2r/light/put_bottles_dustbin/seed_473207494/progress_000,put_bottles_dustbin,seed_473207494,c2r,light,0.0,19,condition_video,,,,,,,,knn_k1,0.4265649914741516
stage0_full_001,contrastive,c2r/light/move_stapler_pad/seed_724544048/progress_000,move_stapler_pad,seed_724544048,c2r,light,0.0,19,condition_video,,,,,,,,knn_k1,0.45549866557121277
stage0_full_001,contrastive,c2r/light/place_burger_fries/seed_764956105/progress_000,place_burger_fries,seed_764956105,c2r,light,0.0,19,condition_video,,,,,,,,knn_k1,0.3761291205883026
stage0_full_001,contrastive,c2r/light/place_bread_basket/seed_548994270/progress_000,place_bread_basket,seed_548994270,c2r,light,0.0,19,condition_video,,,,,,,,knn_k1,0.35641929507255554
stage0_full_001,contrastive,c2r/light/pick_diverse_bottles/seed_469296516/progress_000,pick_diverse_bottles,seed_469296516,c2r,light,0.0,19,condition_video,,,,,,,,knn_k1,0.3473140001296997
stage0_full_001,contrastive,c2r/light/open_microwave/seed_126026794/progress_000,open_microwave,seed_126026794,c2r,light,0.0,19,condition_video,,,,,,,,knn_k1,0.42327314615249634
stage0_full_001,contrastive,c2r/light/beat_block_hammer/seed_190785939/progress_000,beat_block_hammer,seed_190785939,c2r,light,0.0,19,condition_video,,,,,,,,knn_k1,0.38742929697036743
stage0_full_001,contrastive,c2r/light/press_stapler/seed_645584852/progress_000,press_stapler,seed_645584852,c2r,light,0.0,19,condition_video,,,,,,,,knn_k1,0.3629671037197113
stage0_full_001,contrastive,c2r/light/click_bell/seed_611142223/progress_000,click_bell,seed_611142223,c2r,light,0.0,19,condition_video,,,,,,,,knn_k1,0.32774779200553894
stage0_full_001,contrastive,c2r/light/move_playingcard_away/seed_698951458/progress_000,move_playingcard_away,seed_698951458,c2r,light,0.0,19,condition_video,,,,,,,,knn_k1,0.29664599895477295
stage0_full_001,contrastive,c2r/light/open_laptop/seed_627389206/progress_000,open_laptop,seed_627389206,c2r,light,0.0,19,condition_video,,,,,,,,knn_k1,0.34617143869400024
stage0_full_001,contrastive,c2r/light/move_can_pot/seed_248023816/progress_000,move_can_pot,seed_248023816,c2r,light,0.0,19,condition_video,,,,,,,,knn_k1,0.36696428060531616
stage0_full_001,contrastive,c2r/light/stack_bowls_two/seed_656246828/progress_000,stack_bowls_two,seed_656246828,c2r,light,0.0,19,condition_video,,,,,,,,knn_k1,0.382272332906723
stage0_full_001,contrastive,c2r/light/place_a2b_right/seed_803416018/progress_000,place_a2b_right,seed_803416018,c2r,light,0.0,19,condition_video,,,,,,,,knn_k1,0.32872676849365234
stage0_full_001,contrastive,c2r/light/stamp_seal/seed_203079918/progress_000,stamp_seal,seed_203079918,c2r,light,0.0,19,condition_video,,,,,,,,knn_k1,0.3337908089160919
stage0_full_001,contrastive,c2r/light/place_object_basket/seed_241125908/progress_000,place_object_basket,seed_241125908,c2r,light,0.0,19,condition_video,,,,,,,,knn_k1,0.42848750948905945
stage0_full_001,contrastive,c2r/light/handover_mic/seed_283323218/progress_000,handover_mic,seed_283323218,c2r,light,0.0,19,condition_video,,,,,,,,knn_k1,0.4346790313720703
stage0_full_001,contrastive,c2r/light/place_bread_skillet/seed_156686976/progress_000,place_bread_skillet,seed_156686976,c2r,light,0.0,19,condition_video,,,,,,,,knn_k1,0.3183021545410156
stage0_full_001,contrastive,c2r/light/stack_blocks_two/seed_803532712/progress_000,stack_blocks_two,seed_803532712,c2r,light,0.0,19,condition_video,,,,,,,,knn_k1,0.4302019476890564
stage0_full_001,contrastive,c2r/light/place_cans_plasticbox/seed_577981354/progress_000,place_cans_plasticbox,seed_577981354,c2r,light,0.0,19,condition_video,,,,,,,,knn_k1,0.38526737689971924
stage0_full_001,contrastive,c2r/light/click_alarmclock/seed_762866989/progress_000,click_alarmclock,seed_762866989,c2r,light,0.0,19,condition_video,,,,,,,,knn_k1,0.243896484375
stage0_full_001,contrastive,c2r/light/blocks_ranking_size/seed_505985753/progress_000,blocks_ranking_size,seed_505985753,c2r,light,0.0,19,condition_video,,,,,,,,knn_k1,0.4435894787311554
stage0_full_001,contrastive,c2r/light/place_phone_stand/seed_624751721/progress_000,place_phone_stand,seed_624751721,c2r,light,0.0,19,condition_video,,,,,,,,knn_k1,0.35537731647491455
stage0_full_001,contrastive,c2r/light/place_can_basket/seed_542145302/progress_000,place_can_basket,seed_542145302,c2r,light,0.0,19,condition_video,,,,,,,,knn_k1,0.3316490352153778
stage0_full_001,contrastive,c2r/light/place_object_scale/seed_722575534/progress_000,place_object_scale,seed_722575534,c2r,light,0.0,19,condition_video,,,,,,,,knn_k1,0.35977253317832947
stage0_full_001,contrastive,c2r/light/place_a2b_left/seed_663079132/progress_000,place_a2b_left,seed_663079132,c2r,light,0.0,19,condition_video,,,,,,,,knn_k1,0.31133654713630676
stage0_full_001,contrastive,c2r/light/grab_roller/seed_482689013/progress_000,grab_roller,seed_482689013,c2r,light,0.0,19,condition_video,,,,,,,,knn_k1,0.39067724347114563
stage0_full_001,contrastive,c2r/light/place_dual_shoes/seed_319436374/progress_000,place_dual_shoes,seed_319436374,c2r,light,0.0,19,condition_video,,,,,,,,knn_k1,0.325249046087265
stage0_full_001,contrastive,c2r/light/place_empty_cup/seed_606914953/progress_000,place_empty_cup,seed_606914953,c2r,light,0.0,19,condition_video,,,,,,,,knn_k1,0.3411099314689636
stage0_full_001,contrastive,c2r/light/blocks_ranking_rgb/seed_339352330/progress_000,blocks_ranking_rgb,seed_339352330,c2r,light,0.0,19,condition_video,,,,,,,,knn_k1,0.3785178065299988
stage0_full_001,contrastive,aggregate,all,all,c2r,light,,19,condition_video,,,,,,,,knn_k1_mean,0.37238560259342196
stage0_full_001,contrastive,aggregate,all,group_split,c2r,light,,19,condition_video,,,,,,,,domain_balanced_accuracy,0.5
stage0_full_001,contrastive,aggregate,all,group_split,c2r,light,,19,condition_video,,,,,,,,domain_auroc,1.0
stage0_full_001,contrastive,c2r/background/stack_bowls_three/seed_27804535/progress_000,stack_bowls_three,seed_27804535,c2r,background,0.0,29,condition_video,,,,,,,,knn_k1,0.41818687319755554
stage0_full_001,contrastive,c2r/background/handover_block/seed_120650234/progress_000,handover_block,seed_120650234,c2r,background,0.0,29,condition_video,,,,,,,,knn_k1,0.40701693296432495
stage0_full_001,contrastive,c2r/background/hanging_mug/seed_538778923/progress_000,hanging_mug,seed_538778923,c2r,background,0.0,29,condition_video,,,,,,,,knn_k1,0.41762956976890564
stage0_full_001,contrastive,c2r/background/scan_object/seed_262761732/progress_000,scan_object,seed_262761732,c2r,background,0.0,29,condition_video,,,,,,,,knn_k1,0.41576021909713745
stage0_full_001,contrastive,c2r/background/lift_pot/seed_710924868/progress_000,lift_pot,seed_710924868,c2r,background,0.0,29,condition_video,,,,,,,,knn_k1,0.3825324773788452
stage0_full_001,contrastive,c2r/background/put_object_cabinet/seed_13370600/progress_000,put_object_cabinet,seed_13370600,c2r,background,0.0,29,condition_video,,,,,,,,knn_k1,0.36427041888237
stage0_full_001,contrastive,c2r/background/stack_blocks_three/seed_822087810/progress_000,stack_blocks_three,seed_822087810,c2r,background,0.0,29,condition_video,,,,,,,,knn_k1,0.45696842670440674
stage0_full_001,contrastive,c2r/background/place_shoe/seed_676166693/progress_000,place_shoe,seed_676166693,c2r,background,0.0,29,condition_video,,,,,,,,knn_k1,0.3975849151611328
stage0_full_001,contrastive,c2r/background/adjust_bottle/seed_863397555/progress_000,adjust_bottle,seed_863397555,c2r,background,0.0,29,condition_video,,,,,,,,knn_k1,0.3901676833629608
stage0_full_001,contrastive,c2r/background/place_mouse_pad/seed_457852611/progress_000,place_mouse_pad,seed_457852611,c2r,background,0.0,29,condition_video,,,,,,,,knn_k1,0.4037967622280121
stage0_full_001,contrastive,c2r/background/dump_bin_bigbin/seed_773111305/progress_000,dump_bin_bigbin,seed_773111305,c2r,background,0.0,29,condition_video,,,,,,,,knn_k1,0.3852182626724243
stage0_full_001,contrastive,c2r/background/move_pillbottle_pad/seed_568983342/progress_000,move_pillbottle_pad,seed_568983342,c2r,background,0.0,29,condition_video,,,,,,,,knn_k1,0.3937144875526428
stage0_full_001,contrastive,c2r/background/pick_dual_bottles/seed_117166061/progress_000,pick_dual_bottles,seed_117166061,c2r,background,0.0,29,condition_video,,,,,,,,knn_k1,0.38161423802375793
stage0_full_001,contrastive,c2r/background/shake_bottle/seed_331965946/progress_000,shake_bottle,seed_331965946,c2r,background,0.0,29,condition_video,,,,,,,,knn_k1,0.42644068598747253
stage0_full_001,contrastive,c2r/background/place_fan/seed_543070044/progress_000,place_fan,seed_543070044,c2r,background,0.0,29,condition_video,,,,,,,,knn_k1,0.40287601947784424
stage0_full_001,contrastive,c2r/background/turn_switch/seed_489873751/progress_000,turn_switch,seed_489873751,c2r,background,0.0,29,condition_video,,,,,,,,knn_k1,0.3666549026966095
stage0_full_001,contrastive,c2r/background/shake_bottle_horizontally/seed_319358196/progress_000,shake_bottle_horizontally,seed_319358196,c2r,background,0.0,29,condition_video,,,,,,,,knn_k1,0.42196568846702576
stage0_full_001,contrastive,c2r/background/place_container_plate/seed_14431598/progress_000,place_container_plate,seed_14431598,c2r,background,0.0,29,condition_video,,,,,,,,knn_k1,0.3903871774673462
stage0_full_001,contrastive,c2r/background/rotate_qrcode/seed_372345110/progress_000,rotate_qrcode,seed_372345110,c2r,background,0.0,29,condition_video,,,,,,,,knn_k1,0.4089319705963135
stage0_full_001,contrastive,c2r/background/place_object_stand/seed_715864988/progress_000,place_object_stand,seed_715864988,c2r,background,0.0,29,condition_video,,,,,,,,knn_k1,0.36729106307029724
stage0_full_001,contrastive,c2r/background/put_bottles_dustbin/seed_455479075/progress_000,put_bottles_dustbin,seed_455479075,c2r,background,0.0,29,condition_video,,,,,,,,knn_k1,0.3946636915206909
stage0_full_001,contrastive,c2r/background/move_stapler_pad/seed_453776751/progress_000,move_stapler_pad,seed_453776751,c2r,background,0.0,29,condition_video,,,,,,,,knn_k1,0.4039776027202606
stage0_full_001,contrastive,c2r/background/place_burger_fries/seed_165469501/progress_000,place_burger_fries,seed_165469501,c2r,background,0.0,29,condition_video,,,,,,,,knn_k1,0.39504292607307434
stage0_full_001,contrastive,c2r/background/place_bread_basket/seed_490234398/progress_000,place_bread_basket,seed_490234398,c2r,background,0.0,29,condition_video,,,,,,,,knn_k1,0.4100111424922943
stage0_full_001,contrastive,c2r/background/pick_diverse_bottles/seed_886697844/progress_000,pick_diverse_bottles,seed_886697844,c2r,background,0.0,29,condition_video,,,,,,,,knn_k1,0.3869948983192444
stage0_full_001,contrastive,c2r/background/open_microwave/seed_443701932/progress_000,open_microwave,seed_443701932,c2r,background,0.0,29,condition_video,,,,,,,,knn_k1,0.4180246889591217
stage0_full_001,contrastive,c2r/background/beat_block_hammer/seed_797298394/progress_000,beat_block_hammer,seed_797298394,c2r,background,0.0,29,condition_video,,,,,,,,knn_k1,0.3843631148338318
stage0_full_001,contrastive,c2r/background/press_stapler/seed_262831721/progress_000,press_stapler,seed_262831721,c2r,background,0.0,29,condition_video,,,,,,,,knn_k1,0.38623353838920593
stage0_full_001,contrastive,c2r/background/click_bell/seed_748992159/progress_000,click_bell,seed_748992159,c2r,background,0.0,29,condition_video,,,,,,,,knn_k1,0.36095350980758667
stage0_full_001,contrastive,c2r/background/move_playingcard_away/seed_114732817/progress_000,move_playingcard_away,seed_114732817,c2r,background,0.0,29,condition_video,,,,,,,,knn_k1,0.3967147171497345
stage0_full_001,contrastive,c2r/background/open_laptop/seed_121410776/progress_000,open_laptop,seed_121410776,c2r,background,0.0,29,condition_video,,,,,,,,knn_k1,0.4105229675769806
stage0_full_001,contrastive,c2r/background/move_can_pot/seed_600430797/progress_000,move_can_pot,seed_600430797,c2r,background,0.0,29,condition_video,,,,,,,,knn_k1,0.3808104395866394
stage0_full_001,contrastive,c2r/background/stack_bowls_two/seed_444040936/progress_000,stack_bowls_two,seed_444040936,c2r,background,0.0,29,condition_video,,,,,,,,knn_k1,0.4133369028568268
stage0_full_001,contrastive,c2r/background/place_a2b_right/seed_550624350/progress_000,place_a2b_right,seed_550624350,c2r,background,0.0,29,condition_video,,,,,,,,knn_k1,0.3972478210926056
stage0_full_001,contrastive,c2r/background/stamp_seal/seed_373032052/progress_000,stamp_seal,seed_373032052,c2r,background,0.0,29,condition_video,,,,,,,,knn_k1,0.3985755443572998
stage0_full_001,contrastive,c2r/background/place_object_basket/seed_13972055/progress_000,place_object_basket,seed_13972055,c2r,background,0.0,29,condition_video,,,,,,,,knn_k1,0.3912903964519501
stage0_full_001,contrastive,c2r/background/handover_mic/seed_791372736/progress_000,handover_mic,seed_791372736,c2r,background,0.0,29,condition_video,,,,,,,,knn_k1,0.41794613003730774
stage0_full_001,contrastive,c2r/background/place_bread_skillet/seed_682411729/progress_000,place_bread_skillet,seed_682411729,c2r,background,0.0,29,condition_video,,,,,,,,knn_k1,0.40552350878715515
stage0_full_001,contrastive,c2r/background/stack_blocks_two/seed_325046254/progress_000,stack_blocks_two,seed_325046254,c2r,background,0.0,29,condition_video,,,,,,,,knn_k1,0.43883371353149414
stage0_full_001,contrastive,c2r/background/place_cans_plasticbox/seed_851474539/progress_000,place_cans_plasticbox,seed_851474539,c2r,background,0.0,29,condition_video,,,,,,,,knn_k1,0.423309862613678
stage0_full_001,contrastive,c2r/background/click_alarmclock/seed_597249174/progress_000,click_alarmclock,seed_597249174,c2r,background,0.0,29,condition_video,,,,,,,,knn_k1,0.3319309651851654
stage0_full_001,contrastive,c2r/background/blocks_ranking_size/seed_483186537/progress_000,blocks_ranking_size,seed_483186537,c2r,background,0.0,29,condition_video,,,,,,,,knn_k1,0.4600604474544525
stage0_full_001,contrastive,c2r/background/place_phone_stand/seed_844715882/progress_000,place_phone_stand,seed_844715882,c2r,background,0.0,29,condition_video,,,,,,,,knn_k1,0.3736497163772583
stage0_full_001,contrastive,c2r/background/place_can_basket/seed_873890208/progress_000,place_can_basket,seed_873890208,c2r,background,0.0,29,condition_video,,,,,,,,knn_k1,0.3986949622631073
stage0_full_001,contrastive,c2r/background/place_object_scale/seed_28989601/progress_000,place_object_scale,seed_28989601,c2r,background,0.0,29,condition_video,,,,,,,,knn_k1,0.3971651494503021
stage0_full_001,contrastive,c2r/background/place_a2b_left/seed_494714106/progress_000,place_a2b_left,seed_494714106,c2r,background,0.0,29,condition_video,,,,,,,,knn_k1,0.3957827091217041
stage0_full_001,contrastive,c2r/background/grab_roller/seed_274067892/progress_000,grab_roller,seed_274067892,c2r,background,0.0,29,condition_video,,,,,,,,knn_k1,0.38620805740356445
stage0_full_001,contrastive,c2r/background/place_dual_shoes/seed_100946921/progress_000,place_dual_shoes,seed_100946921,c2r,background,0.0,29,condition_video,,,,,,,,knn_k1,0.37373894453048706
stage0_full_001,contrastive,c2r/background/place_empty_cup/seed_66017520/progress_000,place_empty_cup,seed_66017520,c2r,background,0.0,29,condition_video,,,,,,,,knn_k1,0.3994225263595581
stage0_full_001,contrastive,c2r/background/blocks_ranking_rgb/seed_392877897/progress_000,blocks_ranking_rgb,seed_392877897,c2r,background,0.0,29,condition_video,,,,,,,,knn_k1,0.45764636993408203
stage0_full_001,contrastive,aggregate,all,all,c2r,background,,29,condition_video,,,,,,,,knn_k1_mean,0.399753714799881
stage0_full_001,contrastive,aggregate,all,group_split,c2r,background,,29,condition_video,,,,,,,,domain_balanced_accuracy,0.5
stage0_full_001,contrastive,aggregate,all,group_split,c2r,background,,29,condition_video,,,,,,,,domain_auroc,1.0
stage0_full_001,contrastive,c2r/clutter/stack_bowls_three/seed_761954913/progress_000,stack_bowls_three,seed_761954913,c2r,clutter,0.0,29,condition_video,,,,,,,,knn_k1,0.4130966067314148
stage0_full_001,contrastive,c2r/clutter/handover_block/seed_624737248/progress_000,handover_block,seed_624737248,c2r,clutter,0.0,29,condition_video,,,,,,,,knn_k1,0.40948110818862915
stage0_full_001,contrastive,c2r/clutter/hanging_mug/seed_853936167/progress_000,hanging_mug,seed_853936167,c2r,clutter,0.0,29,condition_video,,,,,,,,knn_k1,0.41336989402770996
stage0_full_001,contrastive,c2r/clutter/scan_object/seed_200154928/progress_000,scan_object,seed_200154928,c2r,clutter,0.0,29,condition_video,,,,,,,,knn_k1,0.41521570086479187
stage0_full_001,contrastive,c2r/clutter/lift_pot/seed_36841133/progress_000,lift_pot,seed_36841133,c2r,clutter,0.0,29,condition_video,,,,,,,,knn_k1,0.38333871960639954
stage0_full_001,contrastive,c2r/clutter/put_object_cabinet/seed_213141741/progress_000,put_object_cabinet,seed_213141741,c2r,clutter,0.0,29,condition_video,,,,,,,,knn_k1,0.363243043422699
stage0_full_001,contrastive,c2r/clutter/stack_blocks_three/seed_885782772/progress_000,stack_blocks_three,seed_885782772,c2r,clutter,0.0,29,condition_video,,,,,,,,knn_k1,0.45737168192863464
stage0_full_001,contrastive,c2r/clutter/place_shoe/seed_148930251/progress_000,place_shoe,seed_148930251,c2r,clutter,0.0,29,condition_video,,,,,,,,knn_k1,0.39642268419265747
stage0_full_001,contrastive,c2r/clutter/adjust_bottle/seed_487447292/progress_000,adjust_bottle,seed_487447292,c2r,clutter,0.0,29,condition_video,,,,,,,,knn_k1,0.3932778239250183
stage0_full_001,contrastive,c2r/clutter/place_mouse_pad/seed_782913939/progress_000,place_mouse_pad,seed_782913939,c2r,clutter,0.0,29,condition_video,,,,,,,,knn_k1,0.40404969453811646
stage0_full_001,contrastive,c2r/clutter/dump_bin_bigbin/seed_48286788/progress_000,dump_bin_bigbin,seed_48286788,c2r,clutter,0.0,29,condition_video,,,,,,,,knn_k1,0.3855580985546112
stage0_full_001,contrastive,c2r/clutter/move_pillbottle_pad/seed_170572259/progress_000,move_pillbottle_pad,seed_170572259,c2r,clutter,0.0,29,condition_video,,,,,,,,knn_k1,0.39126986265182495
stage0_full_001,contrastive,c2r/clutter/pick_dual_bottles/seed_4182488/progress_000,pick_dual_bottles,seed_4182488,c2r,clutter,0.0,29,condition_video,,,,,,,,knn_k1,0.3824525475502014
stage0_full_001,contrastive,c2r/clutter/shake_bottle/seed_509663030/progress_000,shake_bottle,seed_509663030,c2r,clutter,0.0,29,condition_video,,,,,,,,knn_k1,0.4275485575199127
stage0_full_001,contrastive,c2r/clutter/place_fan/seed_847307321/progress_000,place_fan,seed_847307321,c2r,clutter,0.0,29,condition_video,,,,,,,,knn_k1,0.40327683091163635
stage0_full_001,contrastive,c2r/clutter/turn_switch/seed_106540409/progress_000,turn_switch,seed_106540409,c2r,clutter,0.0,29,condition_video,,,,,,,,knn_k1,0.36346063017845154
stage0_full_001,contrastive,c2r/clutter/shake_bottle_horizontally/seed_491429438/progress_000,shake_bottle_horizontally,seed_491429438,c2r,clutter,0.0,29,condition_video,,,,,,,,knn_k1,0.42458173632621765
stage0_full_001,contrastive,c2r/clutter/place_container_plate/seed_594486020/progress_000,place_container_plate,seed_594486020,c2r,clutter,0.0,29,condition_video,,,,,,,,knn_k1,0.3879711329936981
stage0_full_001,contrastive,c2r/clutter/rotate_qrcode/seed_362674036/progress_000,rotate_qrcode,seed_362674036,c2r,clutter,0.0,29,condition_video,,,,,,,,knn_k1,0.3973628580570221
stage0_full_001,contrastive,c2r/clutter/place_object_stand/seed_162697052/progress_000,place_object_stand,seed_162697052,c2r,clutter,0.0,29,condition_video,,,,,,,,knn_k1,0.36630260944366455
stage0_full_001,contrastive,c2r/clutter/put_bottles_dustbin/seed_148690198/progress_000,put_bottles_dustbin,seed_148690198,c2r,clutter,0.0,29,condition_video,,,,,,,,knn_k1,0.39482223987579346
stage0_full_001,contrastive,c2r/clutter/move_stapler_pad/seed_744409618/progress_000,move_stapler_pad,seed_744409618,c2r,clutter,0.0,29,condition_video,,,,,,,,knn_k1,0.40375348925590515
stage0_full_001,contrastive,c2r/clutter/place_burger_fries/seed_303636962/progress_000,place_burger_fries,seed_303636962,c2r,clutter,0.0,29,condition_video,,,,,,,,knn_k1,0.3889366686344147
stage0_full_001,contrastive,c2r/clutter/place_bread_basket/seed_105344671/progress_000,place_bread_basket,seed_105344671,c2r,clutter,0.0,29,condition_video,,,,,,,,knn_k1,0.4165496826171875
stage0_full_001,contrastive,c2r/clutter/pick_diverse_bottles/seed_21321356/progress_000,pick_diverse_bottles,seed_21321356,c2r,clutter,0.0,29,condition_video,,,,,,,,knn_k1,0.37230968475341797
stage0_full_001,contrastive,c2r/clutter/open_microwave/seed_136410473/progress_000,open_microwave,seed_136410473,c2r,clutter,0.0,29,condition_video,,,,,,,,knn_k1,0.4111117124557495
stage0_full_001,contrastive,c2r/clutter/beat_block_hammer/seed_36693999/progress_000,beat_block_hammer,seed_36693999,c2r,clutter,0.0,29,condition_video,,,,,,,,knn_k1,0.38522082567214966
stage0_full_001,contrastive,c2r/clutter/press_stapler/seed_880007787/progress_000,press_stapler,seed_880007787,c2r,clutter,0.0,29,condition_video,,,,,,,,knn_k1,0.3877030313014984
stage0_full_001,contrastive,c2r/clutter/click_bell/seed_539095014/progress_000,click_bell,seed_539095014,c2r,clutter,0.0,29,condition_video,,,,,,,,knn_k1,0.36066025495529175
stage0_full_001,contrastive,c2r/clutter/move_playingcard_away/seed_385288247/progress_000,move_playingcard_away,seed_385288247,c2r,clutter,0.0,29,condition_video,,,,,,,,knn_k1,0.3954758048057556
stage0_full_001,contrastive,c2r/clutter/open_laptop/seed_260421436/progress_000,open_laptop,seed_260421436,c2r,clutter,0.0,29,condition_video,,,,,,,,knn_k1,0.4125654995441437
stage0_full_001,contrastive,c2r/clutter/move_can_pot/seed_445842829/progress_000,move_can_pot,seed_445842829,c2r,clutter,0.0,29,condition_video,,,,,,,,knn_k1,0.38219159841537476
stage0_full_001,contrastive,c2r/clutter/stack_bowls_two/seed_408127787/progress_000,stack_bowls_two,seed_408127787,c2r,clutter,0.0,29,condition_video,,,,,,,,knn_k1,0.41837096214294434
stage0_full_001,contrastive,c2r/clutter/place_a2b_right/seed_298826397/progress_000,place_a2b_right,seed_298826397,c2r,clutter,0.0,29,condition_video,,,,,,,,knn_k1,0.39917707443237305
stage0_full_001,contrastive,c2r/clutter/stamp_seal/seed_748150648/progress_000,stamp_seal,seed_748150648,c2r,clutter,0.0,29,condition_video,,,,,,,,knn_k1,0.4011026620864868
stage0_full_001,contrastive,c2r/clutter/place_object_basket/seed_455727417/progress_000,place_object_basket,seed_455727417,c2r,clutter,0.0,29,condition_video,,,,,,,,knn_k1,0.39769309759140015
stage0_full_001,contrastive,c2r/clutter/handover_mic/seed_27533572/progress_000,handover_mic,seed_27533572,c2r,clutter,0.0,29,condition_video,,,,,,,,knn_k1,0.4163498282432556
stage0_full_001,contrastive,c2r/clutter/place_bread_skillet/seed_470829968/progress_000,place_bread_skillet,seed_470829968,c2r,clutter,0.0,29,condition_video,,,,,,,,knn_k1,0.3968563973903656
stage0_full_001,contrastive,c2r/clutter/stack_blocks_two/seed_193292576/progress_000,stack_blocks_two,seed_193292576,c2r,clutter,0.0,29,condition_video,,,,,,,,knn_k1,0.44020017981529236
stage0_full_001,contrastive,c2r/clutter/place_cans_plasticbox/seed_552905247/progress_000,place_cans_plasticbox,seed_552905247,c2r,clutter,0.0,29,condition_video,,,,,,,,knn_k1,0.4234045445919037
stage0_full_001,contrastive,c2r/clutter/click_alarmclock/seed_257639388/progress_000,click_alarmclock,seed_257639388,c2r,clutter,0.0,29,condition_video,,,,,,,,knn_k1,0.3273560404777527
stage0_full_001,contrastive,c2r/clutter/blocks_ranking_size/seed_676842534/progress_000,blocks_ranking_size,seed_676842534,c2r,clutter,0.0,29,condition_video,,,,,,,,knn_k1,0.46395209431648254
stage0_full_001,contrastive,c2r/clutter/place_phone_stand/seed_560963078/progress_000,place_phone_stand,seed_560963078,c2r,clutter,0.0,29,condition_video,,,,,,,,knn_k1,0.37122637033462524
stage0_full_001,contrastive,c2r/clutter/place_can_basket/seed_578149817/progress_000,place_can_basket,seed_578149817,c2r,clutter,0.0,29,condition_video,,,,,,,,knn_k1,0.38888445496559143
stage0_full_001,contrastive,c2r/clutter/place_object_scale/seed_142945748/progress_000,place_object_scale,seed_142945748,c2r,clutter,0.0,29,condition_video,,,,,,,,knn_k1,0.398701012134552
stage0_full_001,contrastive,c2r/clutter/place_a2b_left/seed_712001400/progress_000,place_a2b_left,seed_712001400,c2r,clutter,0.0,29,condition_video,,,,,,,,knn_k1,0.3996836245059967
stage0_full_001,contrastive,c2r/clutter/grab_roller/seed_489372951/progress_000,grab_roller,seed_489372951,c2r,clutter,0.0,29,condition_video,,,,,,,,knn_k1,0.3855876624584198
stage0_full_001,contrastive,c2r/clutter/place_dual_shoes/seed_486785621/progress_000,place_dual_shoes,seed_486785621,c2r,clutter,0.0,29,condition_video,,,,,,,,knn_k1,0.37479251623153687
stage0_full_001,contrastive,c2r/clutter/place_empty_cup/seed_270996463/progress_000,place_empty_cup,seed_270996463,c2r,clutter,0.0,29,condition_video,,,,,,,,knn_k1,0.3992089629173279
stage0_full_001,contrastive,c2r/clutter/blocks_ranking_rgb/seed_350545820/progress_000,blocks_ranking_rgb,seed_350545820,c2r,clutter,0.0,29,condition_video,,,,,,,,knn_k1,0.4626217186450958
stage0_full_001,contrastive,aggregate,all,all,c2r,clutter,,29,condition_video,,,,,,,,knn_k1_mean,0.3991024303436279
stage0_full_001,contrastive,aggregate,all,group_split,c2r,clutter,,29,condition_video,,,,,,,,domain_balanced_accuracy,0.5
stage0_full_001,contrastive,aggregate,all,group_split,c2r,clutter,,29,condition_video,,,,,,,,domain_auroc,1.0
stage0_full_001,contrastive,c2r/height/stack_bowls_three/seed_777107145/progress_000,stack_bowls_three,seed_777107145,c2r,height,0.0,29,condition_video,,,,,,,,knn_k1,0.4111662805080414
stage0_full_001,contrastive,c2r/height/handover_block/seed_153931416/progress_000,handover_block,seed_153931416,c2r,height,0.0,29,condition_video,,,,,,,,knn_k1,0.40201064944267273
stage0_full_001,contrastive,c2r/height/hanging_mug/seed_797626889/progress_000,hanging_mug,seed_797626889,c2r,height,0.0,29,condition_video,,,,,,,,knn_k1,0.4053465723991394
stage0_full_001,contrastive,c2r/height/scan_object/seed_86820161/progress_000,scan_object,seed_86820161,c2r,height,0.0,29,condition_video,,,,,,,,knn_k1,0.4081096649169922
stage0_full_001,contrastive,c2r/height/lift_pot/seed_358880989/progress_000,lift_pot,seed_358880989,c2r,height,0.0,29,condition_video,,,,,,,,knn_k1,0.38118070363998413
stage0_full_001,contrastive,c2r/height/put_object_cabinet/seed_579804476/progress_000,put_object_cabinet,seed_579804476,c2r,height,0.0,29,condition_video,,,,,,,,knn_k1,0.3621663749217987
stage0_full_001,contrastive,c2r/height/stack_blocks_three/seed_510834284/progress_000,stack_blocks_three,seed_510834284,c2r,height,0.0,29,condition_video,,,,,,,,knn_k1,0.45651736855506897
stage0_full_001,contrastive,c2r/height/place_shoe/seed_547565528/progress_000,place_shoe,seed_547565528,c2r,height,0.0,29,condition_video,,,,,,,,knn_k1,0.4033239185810089
stage0_full_001,contrastive,c2r/height/adjust_bottle/seed_455908385/progress_000,adjust_bottle,seed_455908385,c2r,height,0.0,29,condition_video,,,,,,,,knn_k1,0.3816445469856262
stage0_full_001,contrastive,c2r/height/place_mouse_pad/seed_747588073/progress_000,place_mouse_pad,seed_747588073,c2r,height,0.0,29,condition_video,,,,,,,,knn_k1,0.4052439033985138
stage0_full_001,contrastive,c2r/height/dump_bin_bigbin/seed_609125485/progress_000,dump_bin_bigbin,seed_609125485,c2r,height,0.0,29,condition_video,,,,,,,,knn_k1,0.3771571218967438
stage0_full_001,contrastive,c2r/height/move_pillbottle_pad/seed_454258712/progress_000,move_pillbottle_pad,seed_454258712,c2r,height,0.0,29,condition_video,,,,,,,,knn_k1,0.390953928232193
stage0_full_001,contrastive,c2r/height/pick_dual_bottles/seed_625462229/progress_000,pick_dual_bottles,seed_625462229,c2r,height,0.0,29,condition_video,,,,,,,,knn_k1,0.370573490858078
stage0_full_001,contrastive,c2r/height/shake_bottle/seed_11397417/progress_000,shake_bottle,seed_11397417,c2r,height,0.0,29,condition_video,,,,,,,,knn_k1,0.41945531964302063
stage0_full_001,contrastive,c2r/height/place_fan/seed_562359323/progress_000,place_fan,seed_562359323,c2r,height,0.0,29,condition_video,,,,,,,,knn_k1,0.392311692237854
stage0_full_001,contrastive,c2r/height/turn_switch/seed_388598700/progress_000,turn_switch,seed_388598700,c2r,height,0.0,29,condition_video,,,,,,,,knn_k1,0.3631839156150818
stage0_full_001,contrastive,c2r/height/shake_bottle_horizontally/seed_506817488/progress_000,shake_bottle_horizontally,seed_506817488,c2r,height,0.0,29,condition_video,,,,,,,,knn_k1,0.41113585233688354
stage0_full_001,contrastive,c2r/height/place_container_plate/seed_661154812/progress_000,place_container_plate,seed_661154812,c2r,height,0.0,29,condition_video,,,,,,,,knn_k1,0.3835698366165161
stage0_full_001,contrastive,c2r/height/rotate_qrcode/seed_391550427/progress_000,rotate_qrcode,seed_391550427,c2r,height,0.0,29,condition_video,,,,,,,,knn_k1,0.38172441720962524
stage0_full_001,contrastive,c2r/height/place_object_stand/seed_520492387/progress_000,place_object_stand,seed_520492387,c2r,height,0.0,29,condition_video,,,,,,,,knn_k1,0.3651071786880493
stage0_full_001,contrastive,c2r/height/put_bottles_dustbin/seed_833796020/progress_000,put_bottles_dustbin,seed_833796020,c2r,height,0.0,29,condition_video,,,,,,,,knn_k1,0.3910160958766937
stage0_full_001,contrastive,c2r/height/move_stapler_pad/seed_626979943/progress_000,move_stapler_pad,seed_626979943,c2r,height,0.0,29,condition_video,,,,,,,,knn_k1,0.39339521527290344
stage0_full_001,contrastive,c2r/height/place_burger_fries/seed_44486756/progress_000,place_burger_fries,seed_44486756,c2r,height,0.0,29,condition_video,,,,,,,,knn_k1,0.39952534437179565
stage0_full_001,contrastive,c2r/height/place_bread_basket/seed_769514620/progress_000,place_bread_basket,seed_769514620,c2r,height,0.0,29,condition_video,,,,,,,,knn_k1,0.40991610288619995
stage0_full_001,contrastive,c2r/height/pick_diverse_bottles/seed_202104734/progress_000,pick_diverse_bottles,seed_202104734,c2r,height,0.0,29,condition_video,,,,,,,,knn_k1,0.37295711040496826
stage0_full_001,contrastive,c2r/height/open_microwave/seed_670586037/progress_000,open_microwave,seed_670586037,c2r,height,0.0,29,condition_video,,,,,,,,knn_k1,0.40943461656570435
stage0_full_001,contrastive,c2r/height/beat_block_hammer/seed_146228030/progress_000,beat_block_hammer,seed_146228030,c2r,height,0.0,29,condition_video,,,,,,,,knn_k1,0.3779850900173187
stage0_full_001,contrastive,c2r/height/press_stapler/seed_623879527/progress_000,press_stapler,seed_623879527,c2r,height,0.0,29,condition_video,,,,,,,,knn_k1,0.3732875883579254
stage0_full_001,contrastive,c2r/height/click_bell/seed_576942388/progress_000,click_bell,seed_576942388,c2r,height,0.0,29,condition_video,,,,,,,,knn_k1,0.354082852602005
stage0_full_001,contrastive,c2r/height/move_playingcard_away/seed_468245999/progress_000,move_playingcard_away,seed_468245999,c2r,height,0.0,29,condition_video,,,,,,,,knn_k1,0.38301998376846313
stage0_full_001,contrastive,c2r/height/open_laptop/seed_273582622/progress_000,open_laptop,seed_273582622,c2r,height,0.0,29,condition_video,,,,,,,,knn_k1,0.40151241421699524
stage0_full_001,contrastive,c2r/height/move_can_pot/seed_285658487/progress_000,move_can_pot,seed_285658487,c2r,height,0.0,29,condition_video,,,,,,,,knn_k1,0.37456566095352173
stage0_full_001,contrastive,c2r/height/stack_bowls_two/seed_116018094/progress_000,stack_bowls_two,seed_116018094,c2r,height,0.0,29,condition_video,,,,,,,,knn_k1,0.41648662090301514
stage0_full_001,contrastive,c2r/height/place_a2b_right/seed_803724289/progress_000,place_a2b_right,seed_803724289,c2r,height,0.0,29,condition_video,,,,,,,,knn_k1,0.37707388401031494
stage0_full_001,contrastive,c2r/height/stamp_seal/seed_391510540/progress_000,stamp_seal,seed_391510540,c2r,height,0.0,29,condition_video,,,,,,,,knn_k1,0.3891420066356659
stage0_full_001,contrastive,c2r/height/place_object_basket/seed_760526045/progress_000,place_object_basket,seed_760526045,c2r,height,0.0,29,condition_video,,,,,,,,knn_k1,0.3872843086719513
stage0_full_001,contrastive,c2r/height/handover_mic/seed_537376167/progress_000,handover_mic,seed_537376167,c2r,height,0.0,29,condition_video,,,,,,,,knn_k1,0.40443792939186096
stage0_full_001,contrastive,c2r/height/place_bread_skillet/seed_394408374/progress_000,place_bread_skillet,seed_394408374,c2r,height,0.0,29,condition_video,,,,,,,,knn_k1,0.38539472222328186
stage0_full_001,contrastive,c2r/height/stack_blocks_two/seed_639631926/progress_000,stack_blocks_two,seed_639631926,c2r,height,0.0,29,condition_video,,,,,,,,knn_k1,0.4311753511428833
stage0_full_001,contrastive,c2r/height/place_cans_plasticbox/seed_514553626/progress_000,place_cans_plasticbox,seed_514553626,c2r,height,0.0,29,condition_video,,,,,,,,knn_k1,0.41113901138305664
stage0_full_001,contrastive,c2r/height/click_alarmclock/seed_789543505/progress_000,click_alarmclock,seed_789543505,c2r,height,0.0,29,condition_video,,,,,,,,knn_k1,0.3263724148273468
stage0_full_001,contrastive,c2r/height/blocks_ranking_size/seed_3661514/progress_000,blocks_ranking_size,seed_3661514,c2r,height,0.0,29,condition_video,,,,,,,,knn_k1,0.45901724696159363
stage0_full_001,contrastive,c2r/height/place_phone_stand/seed_39116909/progress_000,place_phone_stand,seed_39116909,c2r,height,0.0,29,condition_video,,,,,,,,knn_k1,0.36719274520874023
stage0_full_001,contrastive,c2r/height/place_can_basket/seed_788353025/progress_000,place_can_basket,seed_788353025,c2r,height,0.0,29,condition_video,,,,,,,,knn_k1,0.381476491689682
stage0_full_001,contrastive,c2r/height/place_object_scale/seed_603032508/progress_000,place_object_scale,seed_603032508,c2r,height,0.0,29,condition_video,,,,,,,,knn_k1,0.39449384808540344
stage0_full_001,contrastive,c2r/height/place_a2b_left/seed_240483131/progress_000,place_a2b_left,seed_240483131,c2r,height,0.0,29,condition_video,,,,,,,,knn_k1,0.3909554183483124
stage0_full_001,contrastive,c2r/height/grab_roller/seed_452075745/progress_000,grab_roller,seed_452075745,c2r,height,0.0,29,condition_video,,,,,,,,knn_k1,0.3790404200553894
stage0_full_001,contrastive,c2r/height/place_dual_shoes/seed_890676601/progress_000,place_dual_shoes,seed_890676601,c2r,height,0.0,29,condition_video,,,,,,,,knn_k1,0.36524176597595215
stage0_full_001,contrastive,c2r/height/place_empty_cup/seed_859277454/progress_000,place_empty_cup,seed_859277454,c2r,height,0.0,29,condition_video,,,,,,,,knn_k1,0.3924414813518524
stage0_full_001,contrastive,c2r/height/blocks_ranking_rgb/seed_114117740/progress_000,blocks_ranking_rgb,seed_114117740,c2r,height,0.0,29,condition_video,,,,,,,,knn_k1,0.4503750205039978
stage0_full_001,contrastive,aggregate,all,all,c2r,height,,29,condition_video,,,,,,,,knn_k1_mean,0.39242642998695376
stage0_full_001,contrastive,aggregate,all,group_split,c2r,height,,29,condition_video,,,,,,,,domain_balanced_accuracy,0.5
stage0_full_001,contrastive,aggregate,all,group_split,c2r,height,,29,condition_video,,,,,,,,domain_auroc,1.0
stage0_full_001,contrastive,c2r/light/stack_bowls_three/seed_317869620/progress_000,stack_bowls_three,seed_317869620,c2r,light,0.0,29,condition_video,,,,,,,,knn_k1,0.43359482288360596
stage0_full_001,contrastive,c2r/light/handover_block/seed_879311662/progress_000,handover_block,seed_879311662,c2r,light,0.0,29,condition_video,,,,,,,,knn_k1,0.4855009615421295
stage0_full_001,contrastive,c2r/light/hanging_mug/seed_459299139/progress_000,hanging_mug,seed_459299139,c2r,light,0.0,29,condition_video,,,,,,,,knn_k1,0.41866710782051086
stage0_full_001,contrastive,c2r/light/scan_object/seed_289038431/progress_000,scan_object,seed_289038431,c2r,light,0.0,29,condition_video,,,,,,,,knn_k1,0.3967782258987427
stage0_full_001,contrastive,c2r/light/lift_pot/seed_185598812/progress_000,lift_pot,seed_185598812,c2r,light,0.0,29,condition_video,,,,,,,,knn_k1,0.3581080436706543
stage0_full_001,contrastive,c2r/light/put_object_cabinet/seed_644929938/progress_000,put_object_cabinet,seed_644929938,c2r,light,0.0,29,condition_video,,,,,,,,knn_k1,0.38621780276298523
stage0_full_001,contrastive,c2r/light/stack_blocks_three/seed_314814982/progress_000,stack_blocks_three,seed_314814982,c2r,light,0.0,29,condition_video,,,,,,,,knn_k1,0.4421168267726898
stage0_full_001,contrastive,c2r/light/place_shoe/seed_259707623/progress_000,place_shoe,seed_259707623,c2r,light,0.0,29,condition_video,,,,,,,,knn_k1,0.44496041536331177
stage0_full_001,contrastive,c2r/light/adjust_bottle/seed_218427993/progress_000,adjust_bottle,seed_218427993,c2r,light,0.0,29,condition_video,,,,,,,,knn_k1,0.40226319432258606
stage0_full_001,contrastive,c2r/light/place_mouse_pad/seed_866209002/progress_000,place_mouse_pad,seed_866209002,c2r,light,0.0,29,condition_video,,,,,,,,knn_k1,0.4686715602874756
stage0_full_001,contrastive,c2r/light/dump_bin_bigbin/seed_423840151/progress_000,dump_bin_bigbin,seed_423840151,c2r,light,0.0,29,condition_video,,,,,,,,knn_k1,0.4352870285511017
stage0_full_001,contrastive,c2r/light/move_pillbottle_pad/seed_635002489/progress_000,move_pillbottle_pad,seed_635002489,c2r,light,0.0,29,condition_video,,,,,,,,knn_k1,0.46351027488708496
stage0_full_001,contrastive,c2r/light/pick_dual_bottles/seed_7690756/progress_000,pick_dual_bottles,seed_7690756,c2r,light,0.0,29,condition_video,,,,,,,,knn_k1,0.3785560727119446
stage0_full_001,contrastive,c2r/light/shake_bottle/seed_716268860/progress_000,shake_bottle,seed_716268860,c2r,light,0.0,29,condition_video,,,,,,,,knn_k1,0.4535530209541321
stage0_full_001,contrastive,c2r/light/place_fan/seed_519267369/progress_000,place_fan,seed_519267369,c2r,light,0.0,29,condition_video,,,,,,,,knn_k1,0.4283439815044403
stage0_full_001,contrastive,c2r/light/turn_switch/seed_493838736/progress_000,turn_switch,seed_493838736,c2r,light,0.0,29,condition_video,,,,,,,,knn_k1,0.4653565287590027
stage0_full_001,contrastive,c2r/light/shake_bottle_horizontally/seed_497389386/progress_000,shake_bottle_horizontally,seed_497389386,c2r,light,0.0,29,condition_video,,,,,,,,knn_k1,0.44895434379577637
stage0_full_001,contrastive,c2r/light/place_container_plate/seed_252210122/progress_000,place_container_plate,seed_252210122,c2r,light,0.0,29,condition_video,,,,,,,,knn_k1,0.4980906844139099
stage0_full_001,contrastive,c2r/light/rotate_qrcode/seed_24255504/progress_000,rotate_qrcode,seed_24255504,c2r,light,0.0,29,condition_video,,,,,,,,knn_k1,0.5028825402259827
stage0_full_001,contrastive,c2r/light/place_object_stand/seed_603755546/progress_000,place_object_stand,seed_603755546,c2r,light,0.0,29,condition_video,,,,,,,,knn_k1,0.3605501651763916
stage0_full_001,contrastive,c2r/light/put_bottles_dustbin/seed_473207494/progress_000,put_bottles_dustbin,seed_473207494,c2r,light,0.0,29,condition_video,,,,,,,,knn_k1,0.40980517864227295
stage0_full_001,contrastive,c2r/light/move_stapler_pad/seed_724544048/progress_000,move_stapler_pad,seed_724544048,c2r,light,0.0,29,condition_video,,,,,,,,knn_k1,0.4946635365486145
stage0_full_001,contrastive,c2r/light/place_burger_fries/seed_764956105/progress_000,place_burger_fries,seed_764956105,c2r,light,0.0,29,condition_video,,,,,,,,knn_k1,0.4347403943538666
stage0_full_001,contrastive,c2r/light/place_bread_basket/seed_548994270/progress_000,place_bread_basket,seed_548994270,c2r,light,0.0,29,condition_video,,,,,,,,knn_k1,0.43022674322128296
stage0_full_001,contrastive,c2r/light/pick_diverse_bottles/seed_469296516/progress_000,pick_diverse_bottles,seed_469296516,c2r,light,0.0,29,condition_video,,,,,,,,knn_k1,0.4188288748264313
stage0_full_001,contrastive,c2r/light/open_microwave/seed_126026794/progress_000,open_microwave,seed_126026794,c2r,light,0.0,29,condition_video,,,,,,,,knn_k1,0.4887637197971344
stage0_full_001,contrastive,c2r/light/beat_block_hammer/seed_190785939/progress_000,beat_block_hammer,seed_190785939,c2r,light,0.0,29,condition_video,,,,,,,,knn_k1,0.4801620841026306
stage0_full_001,contrastive,c2r/light/press_stapler/seed_645584852/progress_000,press_stapler,seed_645584852,c2r,light,0.0,29,condition_video,,,,,,,,knn_k1,0.4378588795661926
stage0_full_001,contrastive,c2r/light/click_bell/seed_611142223/progress_000,click_bell,seed_611142223,c2r,light,0.0,29,condition_video,,,,,,,,knn_k1,0.3983178734779358
stage0_full_001,contrastive,c2r/light/move_playingcard_away/seed_698951458/progress_000,move_playingcard_away,seed_698951458,c2r,light,0.0,29,condition_video,,,,,,,,knn_k1,0.39944395422935486
stage0_full_001,contrastive,c2r/light/open_laptop/seed_627389206/progress_000,open_laptop,seed_627389206,c2r,light,0.0,29,condition_video,,,,,,,,knn_k1,0.40017178654670715
stage0_full_001,contrastive,c2r/light/move_can_pot/seed_248023816/progress_000,move_can_pot,seed_248023816,c2r,light,0.0,29,condition_video,,,,,,,,knn_k1,0.45184358954429626
stage0_full_001,contrastive,c2r/light/stack_bowls_two/seed_656246828/progress_000,stack_bowls_two,seed_656246828,c2r,light,0.0,29,condition_video,,,,,,,,knn_k1,0.4619850814342499
stage0_full_001,contrastive,c2r/light/place_a2b_right/seed_803416018/progress_000,place_a2b_right,seed_803416018,c2r,light,0.0,29,condition_video,,,,,,,,knn_k1,0.405910849571228
stage0_full_001,contrastive,c2r/light/stamp_seal/seed_203079918/progress_000,stamp_seal,seed_203079918,c2r,light,0.0,29,condition_video,,,,,,,,knn_k1,0.4260532855987549
stage0_full_001,contrastive,c2r/light/place_object_basket/seed_241125908/progress_000,place_object_basket,seed_241125908,c2r,light,0.0,29,condition_video,,,,,,,,knn_k1,0.4675392508506775
stage0_full_001,contrastive,c2r/light/handover_mic/seed_283323218/progress_000,handover_mic,seed_283323218,c2r,light,0.0,29,condition_video,,,,,,,,knn_k1,0.5082395076751709
stage0_full_001,contrastive,c2r/light/place_bread_skillet/seed_156686976/progress_000,place_bread_skillet,seed_156686976,c2r,light,0.0,29,condition_video,,,,,,,,knn_k1,0.4188036322593689
stage0_full_001,contrastive,c2r/light/stack_blocks_two/seed_803532712/progress_000,stack_blocks_two,seed_803532712,c2r,light,0.0,29,condition_video,,,,,,,,knn_k1,0.5078794956207275
stage0_full_001,contrastive,c2r/light/place_cans_plasticbox/seed_577981354/progress_000,place_cans_plasticbox,seed_577981354,c2r,light,0.0,29,condition_video,,,,,,,,knn_k1,0.4334675371646881
stage0_full_001,contrastive,c2r/light/click_alarmclock/seed_762866989/progress_000,click_alarmclock,seed_762866989,c2r,light,0.0,29,condition_video,,,,,,,,knn_k1,0.34201088547706604
stage0_full_001,contrastive,c2r/light/blocks_ranking_size/seed_505985753/progress_000,blocks_ranking_size,seed_505985753,c2r,light,0.0,29,condition_video,,,,,,,,knn_k1,0.49482426047325134
stage0_full_001,contrastive,c2r/light/place_phone_stand/seed_624751721/progress_000,place_phone_stand,seed_624751721,c2r,light,0.0,29,condition_video,,,,,,,,knn_k1,0.45113980770111084
stage0_full_001,contrastive,c2r/light/place_can_basket/seed_542145302/progress_000,place_can_basket,seed_542145302,c2r,light,0.0,29,condition_video,,,,,,,,knn_k1,0.39118969440460205
stage0_full_001,contrastive,c2r/light/place_object_scale/seed_722575534/progress_000,place_object_scale,seed_722575534,c2r,light,0.0,29,condition_video,,,,,,,,knn_k1,0.39857810735702515
stage0_full_001,contrastive,c2r/light/place_a2b_left/seed_663079132/progress_000,place_a2b_left,seed_663079132,c2r,light,0.0,29,condition_video,,,,,,,,knn_k1,0.3875081241130829
stage0_full_001,contrastive,c2r/light/grab_roller/seed_482689013/progress_000,grab_roller,seed_482689013,c2r,light,0.0,29,condition_video,,,,,,,,knn_k1,0.48801231384277344
stage0_full_001,contrastive,c2r/light/place_dual_shoes/seed_319436374/progress_000,place_dual_shoes,seed_319436374,c2r,light,0.0,29,condition_video,,,,,,,,knn_k1,0.358900249004364
stage0_full_001,contrastive,c2r/light/place_empty_cup/seed_606914953/progress_000,place_empty_cup,seed_606914953,c2r,light,0.0,29,condition_video,,,,,,,,knn_k1,0.3962782025337219
stage0_full_001,contrastive,c2r/light/blocks_ranking_rgb/seed_339352330/progress_000,blocks_ranking_rgb,seed_339352330,c2r,light,0.0,29,condition_video,,,,,,,,knn_k1,0.4963451623916626
stage0_full_001,contrastive,aggregate,all,all,c2r,light,,29,condition_video,,,,,,,,knn_k1_mean,0.4350291132926941
stage0_full_001,contrastive,aggregate,all,group_split,c2r,light,,29,condition_video,,,,,,,,domain_balanced_accuracy,0.5
stage0_full_001,contrastive,aggregate,all,group_split,c2r,light,,29,condition_video,,,,,,,,domain_auroc,1.0
stage0_full_001,base,aggregate,all,all,c2r,background,,0,condition_video,,,,,,,,delta_vs_base/knn_k1,0.0
stage0_full_001,base,aggregate,all,all,c2r,background,,0,condition_video,,,,,,,,delta_vs_base/balanced_accuracy,0.0
stage0_full_001,base,aggregate,all,all,c2r,background,,0,condition_video,,,,,,,,delta_vs_base/auroc,0.0
stage0_full_001,base,aggregate,all,all,c2r,clutter,,0,condition_video,,,,,,,,delta_vs_base/knn_k1,0.0
stage0_full_001,base,aggregate,all,all,c2r,clutter,,0,condition_video,,,,,,,,delta_vs_base/balanced_accuracy,0.0
stage0_full_001,base,aggregate,all,all,c2r,clutter,,0,condition_video,,,,,,,,delta_vs_base/auroc,0.0
stage0_full_001,base,aggregate,all,all,c2r,height,,0,condition_video,,,,,,,,delta_vs_base/knn_k1,0.0
stage0_full_001,base,aggregate,all,all,c2r,height,,0,condition_video,,,,,,,,delta_vs_base/balanced_accuracy,0.0
stage0_full_001,base,aggregate,all,all,c2r,height,,0,condition_video,,,,,,,,delta_vs_base/auroc,0.0
stage0_full_001,base,aggregate,all,all,c2r,light,,0,condition_video,,,,,,,,delta_vs_base/knn_k1,0.0
stage0_full_001,base,aggregate,all,all,c2r,light,,0,condition_video,,,,,,,,delta_vs_base/balanced_accuracy,0.0
stage0_full_001,base,aggregate,all,all,c2r,light,,0,condition_video,,,,,,,,delta_vs_base/auroc,0.0
stage0_full_001,base,aggregate,all,all,c2r,background,,10,condition_video,,,,,,,,delta_vs_base/knn_k1,0.0
stage0_full_001,base,aggregate,all,all,c2r,background,,10,condition_video,,,,,,,,delta_vs_base/balanced_accuracy,0.0
stage0_full_001,base,aggregate,all,all,c2r,background,,10,condition_video,,,,,,,,delta_vs_base/auroc,0.0
stage0_full_001,base,aggregate,all,all,c2r,clutter,,10,condition_video,,,,,,,,delta_vs_base/knn_k1,0.0
stage0_full_001,base,aggregate,all,all,c2r,clutter,,10,condition_video,,,,,,,,delta_vs_base/balanced_accuracy,0.0
stage0_full_001,base,aggregate,all,all,c2r,clutter,,10,condition_video,,,,,,,,delta_vs_base/auroc,0.0
stage0_full_001,base,aggregate,all,all,c2r,height,,10,condition_video,,,,,,,,delta_vs_base/knn_k1,0.0
stage0_full_001,base,aggregate,all,all,c2r,height,,10,condition_video,,,,,,,,delta_vs_base/balanced_accuracy,0.0
stage0_full_001,base,aggregate,all,all,c2r,height,,10,condition_video,,,,,,,,delta_vs_base/auroc,0.0
stage0_full_001,base,aggregate,all,all,c2r,light,,10,condition_video,,,,,,,,delta_vs_base/knn_k1,0.0
stage0_full_001,base,aggregate,all,all,c2r,light,,10,condition_video,,,,,,,,delta_vs_base/balanced_accuracy,0.0
stage0_full_001,base,aggregate,all,all,c2r,light,,10,condition_video,,,,,,,,delta_vs_base/auroc,0.0
stage0_full_001,base,aggregate,all,all,c2r,background,,19,condition_video,,,,,,,,delta_vs_base/knn_k1,0.0
stage0_full_001,base,aggregate,all,all,c2r,background,,19,condition_video,,,,,,,,delta_vs_base/balanced_accuracy,0.0
stage0_full_001,base,aggregate,all,all,c2r,background,,19,condition_video,,,,,,,,delta_vs_base/auroc,0.0
stage0_full_001,base,aggregate,all,all,c2r,clutter,,19,condition_video,,,,,,,,delta_vs_base/knn_k1,0.0
stage0_full_001,base,aggregate,all,all,c2r,clutter,,19,condition_video,,,,,,,,delta_vs_base/balanced_accuracy,0.0
stage0_full_001,base,aggregate,all,all,c2r,clutter,,19,condition_video,,,,,,,,delta_vs_base/auroc,0.0
stage0_full_001,base,aggregate,all,all,c2r,height,,19,condition_video,,,,,,,,delta_vs_base/knn_k1,0.0
stage0_full_001,base,aggregate,all,all,c2r,height,,19,condition_video,,,,,,,,delta_vs_base/balanced_accuracy,0.0
stage0_full_001,base,aggregate,all,all,c2r,height,,19,condition_video,,,,,,,,delta_vs_base/auroc,0.0
stage0_full_001,base,aggregate,all,all,c2r,light,,19,condition_video,,,,,,,,delta_vs_base/knn_k1,0.0
stage0_full_001,base,aggregate,all,all,c2r,light,,19,condition_video,,,,,,,,delta_vs_base/balanced_accuracy,0.0
stage0_full_001,base,aggregate,all,all,c2r,light,,19,condition_video,,,,,,,,delta_vs_base/auroc,0.0
stage0_full_001,base,aggregate,all,all,c2r,background,,29,condition_video,,,,,,,,delta_vs_base/knn_k1,0.0
stage0_full_001,base,aggregate,all,all,c2r,background,,29,condition_video,,,,,,,,delta_vs_base/balanced_accuracy,0.0
stage0_full_001,base,aggregate,all,all,c2r,background,,29,condition_video,,,,,,,,delta_vs_base/auroc,0.0
stage0_full_001,base,aggregate,all,all,c2r,clutter,,29,condition_video,,,,,,,,delta_vs_base/knn_k1,0.0
stage0_full_001,base,aggregate,all,all,c2r,clutter,,29,condition_video,,,,,,,,delta_vs_base/balanced_accuracy,0.0
stage0_full_001,base,aggregate,all,all,c2r,clutter,,29,condition_video,,,,,,,,delta_vs_base/auroc,0.0
stage0_full_001,base,aggregate,all,all,c2r,height,,29,condition_video,,,,,,,,delta_vs_base/knn_k1,0.0
stage0_full_001,base,aggregate,all,all,c2r,height,,29,condition_video,,,,,,,,delta_vs_base/balanced_accuracy,0.0
stage0_full_001,base,aggregate,all,all,c2r,height,,29,condition_video,,,,,,,,delta_vs_base/auroc,0.0
stage0_full_001,base,aggregate,all,all,c2r,light,,29,condition_video,,,,,,,,delta_vs_base/knn_k1,0.0
stage0_full_001,base,aggregate,all,all,c2r,light,,29,condition_video,,,,,,,,delta_vs_base/balanced_accuracy,0.0
stage0_full_001,base,aggregate,all,all,c2r,light,,29,condition_video,,,,,,,,delta_vs_base/auroc,0.0
stage0_full_001,clean,aggregate,all,all,c2r,background,,0,condition_video,,,,,,,,delta_vs_base/knn_k1,-0.04206294775009156
stage0_full_001,clean,aggregate,all,all,c2r,background,,0,condition_video,,,,,,,,delta_vs_base/balanced_accuracy,0.0
stage0_full_001,clean,aggregate,all,all,c2r,background,,0,condition_video,,,,,,,,delta_vs_base/auroc,0.0
stage0_full_001,clean,aggregate,all,all,c2r,clutter,,0,condition_video,,,,,,,,delta_vs_base/knn_k1,-0.04199177145957944
stage0_full_001,clean,aggregate,all,all,c2r,clutter,,0,condition_video,,,,,,,,delta_vs_base/balanced_accuracy,0.0
stage0_full_001,clean,aggregate,all,all,c2r,clutter,,0,condition_video,,,,,,,,delta_vs_base/auroc,0.0
stage0_full_001,clean,aggregate,all,all,c2r,height,,0,condition_video,,,,,,,,delta_vs_base/knn_k1,-0.04292728602886203
stage0_full_001,clean,aggregate,all,all,c2r,height,,0,condition_video,,,,,,,,delta_vs_base/balanced_accuracy,0.0
stage0_full_001,clean,aggregate,all,all,c2r,height,,0,condition_video,,,,,,,,delta_vs_base/auroc,0.0
stage0_full_001,clean,aggregate,all,all,c2r,light,,0,condition_video,,,,,,,,delta_vs_base/knn_k1,-0.06597305178642271
stage0_full_001,clean,aggregate,all,all,c2r,light,,0,condition_video,,,,,,,,delta_vs_base/balanced_accuracy,0.0
stage0_full_001,clean,aggregate,all,all,c2r,light,,0,condition_video,,,,,,,,delta_vs_base/auroc,0.0
stage0_full_001,clean,aggregate,all,all,c2r,background,,10,condition_video,,,,,,,,delta_vs_base/knn_k1,-0.27171459138393395
stage0_full_001,clean,aggregate,all,all,c2r,background,,10,condition_video,,,,,,,,delta_vs_base/balanced_accuracy,0.0
stage0_full_001,clean,aggregate,all,all,c2r,background,,10,condition_video,,,,,,,,delta_vs_base/auroc,0.0
stage0_full_001,clean,aggregate,all,all,c2r,clutter,,10,condition_video,,,,,,,,delta_vs_base/knn_k1,-0.27067123234272006
stage0_full_001,clean,aggregate,all,all,c2r,clutter,,10,condition_video,,,,,,,,delta_vs_base/balanced_accuracy,0.0
stage0_full_001,clean,aggregate,all,all,c2r,clutter,,10,condition_video,,,,,,,,delta_vs_base/auroc,0.0
stage0_full_001,clean,aggregate,all,all,c2r,height,,10,condition_video,,,,,,,,delta_vs_base/knn_k1,-0.27514430254697797
stage0_full_001,clean,aggregate,all,all,c2r,height,,10,condition_video,,,,,,,,delta_vs_base/balanced_accuracy,0.0
stage0_full_001,clean,aggregate,all,all,c2r,height,,10,condition_video,,,,,,,,delta_vs_base/auroc,0.0
stage0_full_001,clean,aggregate,all,all,c2r,light,,10,condition_video,,,,,,,,delta_vs_base/knn_k1,-0.30598737150430677
stage0_full_001,clean,aggregate,all,all,c2r,light,,10,condition_video,,,,,,,,delta_vs_base/balanced_accuracy,0.0
stage0_full_001,clean,aggregate,all,all,c2r,light,,10,condition_video,,,,,,,,delta_vs_base/auroc,0.0
stage0_full_001,clean,aggregate,all,all,c2r,background,,19,condition_video,,,,,,,,delta_vs_base/knn_k1,-0.111116169989109
stage0_full_001,clean,aggregate,all,all,c2r,background,,19,condition_video,,,,,,,,delta_vs_base/balanced_accuracy,0.0
stage0_full_001,clean,aggregate,all,all,c2r,background,,19,condition_video,,,,,,,,delta_vs_base/auroc,0.0
stage0_full_001,clean,aggregate,all,all,c2r,clutter,,19,condition_video,,,,,,,,delta_vs_base/knn_k1,-0.11091830849647522
stage0_full_001,clean,aggregate,all,all,c2r,clutter,,19,condition_video,,,,,,,,delta_vs_base/balanced_accuracy,0.0
stage0_full_001,clean,aggregate,all,all,c2r,clutter,,19,condition_video,,,,,,,,delta_vs_base/auroc,0.0
stage0_full_001,clean,aggregate,all,all,c2r,height,,19,condition_video,,,,,,,,delta_vs_base/knn_k1,-0.10916007369756697
stage0_full_001,clean,aggregate,all,all,c2r,height,,19,condition_video,,,,,,,,delta_vs_base/balanced_accuracy,0.0
stage0_full_001,clean,aggregate,all,all,c2r,height,,19,condition_video,,,,,,,,delta_vs_base/auroc,0.0
stage0_full_001,clean,aggregate,all,all,c2r,light,,19,condition_video,,,,,,,,delta_vs_base/knn_k1,-0.10879528135061262
stage0_full_001,clean,aggregate,all,all,c2r,light,,19,condition_video,,,,,,,,delta_vs_base/balanced_accuracy,0.0
stage0_full_001,clean,aggregate,all,all,c2r,light,,19,condition_video,,,,,,,,delta_vs_base/auroc,0.0
stage0_full_001,clean,aggregate,all,all,c2r,background,,29,condition_video,,,,,,,,delta_vs_base/knn_k1,-0.06605353236198425
stage0_full_001,clean,aggregate,all,all,c2r,background,,29,condition_video,,,,,,,,delta_vs_base/balanced_accuracy,0.0
stage0_full_001,clean,aggregate,all,all,c2r,background,,29,condition_video,,,,,,,,delta_vs_base/auroc,0.0
stage0_full_001,clean,aggregate,all,all,c2r,clutter,,29,condition_video,,,,,,,,delta_vs_base/knn_k1,-0.06666840314865113
stage0_full_001,clean,aggregate,all,all,c2r,clutter,,29,condition_video,,,,,,,,delta_vs_base/balanced_accuracy,0.0
stage0_full_001,clean,aggregate,all,all,c2r,clutter,,29,condition_video,,,,,,,,delta_vs_base/auroc,0.0
stage0_full_001,clean,aggregate,all,all,c2r,height,,29,condition_video,,,,,,,,delta_vs_base/knn_k1,-0.06748241126537324
stage0_full_001,clean,aggregate,all,all,c2r,height,,29,condition_video,,,,,,,,delta_vs_base/balanced_accuracy,0.0
stage0_full_001,clean,aggregate,all,all,c2r,height,,29,condition_video,,,,,,,,delta_vs_base/auroc,0.0
stage0_full_001,clean,aggregate,all,all,c2r,light,,29,condition_video,,,,,,,,delta_vs_base/knn_k1,-0.03751987457275391
stage0_full_001,clean,aggregate,all,all,c2r,light,,29,condition_video,,,,,,,,delta_vs_base/balanced_accuracy,0.0
stage0_full_001,clean,aggregate,all,all,c2r,light,,29,condition_video,,,,,,,,delta_vs_base/auroc,0.0
stage0_full_001,contrastive,aggregate,all,all,c2r,background,,0,condition_video,,,,,,,,delta_vs_base/knn_k1,-0.031763380169868516
stage0_full_001,contrastive,aggregate,all,all,c2r,background,,0,condition_video,,,,,,,,delta_vs_base/balanced_accuracy,0.0
stage0_full_001,contrastive,aggregate,all,all,c2r,background,,0,condition_video,,,,,,,,delta_vs_base/auroc,0.0
stage0_full_001,contrastive,aggregate,all,all,c2r,clutter,,0,condition_video,,,,,,,,delta_vs_base/knn_k1,-0.03166184425354002
stage0_full_001,contrastive,aggregate,all,all,c2r,clutter,,0,condition_video,,,,,,,,delta_vs_base/balanced_accuracy,0.0
stage0_full_001,contrastive,aggregate,all,all,c2r,clutter,,0,condition_video,,,,,,,,delta_vs_base/auroc,0.0
stage0_full_001,contrastive,aggregate,all,all,c2r,height,,0,condition_video,,,,,,,,delta_vs_base/knn_k1,-0.032446552515029925
stage0_full_001,contrastive,aggregate,all,all,c2r,height,,0,condition_video,,,,,,,,delta_vs_base/balanced_accuracy,0.0
stage0_full_001,contrastive,aggregate,all,all,c2r,height,,0,condition_video,,,,,,,,delta_vs_base/auroc,0.0
stage0_full_001,contrastive,aggregate,all,all,c2r,light,,0,condition_video,,,,,,,,delta_vs_base/knn_k1,-0.06424840211868282
stage0_full_001,contrastive,aggregate,all,all,c2r,light,,0,condition_video,,,,,,,,delta_vs_base/balanced_accuracy,0.0
stage0_full_001,contrastive,aggregate,all,all,c2r,light,,0,condition_video,,,,,,,,delta_vs_base/auroc,0.0
stage0_full_001,contrastive,aggregate,all,all,c2r,background,,10,condition_video,,,,,,,,delta_vs_base/knn_k1,-0.2681922540068626
stage0_full_001,contrastive,aggregate,all,all,c2r,background,,10,condition_video,,,,,,,,delta_vs_base/balanced_accuracy,0.0
stage0_full_001,contrastive,aggregate,all,all,c2r,background,,10,condition_video,,,,,,,,delta_vs_base/auroc,0.0
stage0_full_001,contrastive,aggregate,all,all,c2r,clutter,,10,condition_video,,,,,,,,delta_vs_base/knn_k1,-0.26720847427845007
stage0_full_001,contrastive,aggregate,all,all,c2r,clutter,,10,condition_video,,,,,,,,delta_vs_base/balanced_accuracy,0.0
stage0_full_001,contrastive,aggregate,all,all,c2r,clutter,,10,condition_video,,,,,,,,delta_vs_base/auroc,0.0
stage0_full_001,contrastive,aggregate,all,all,c2r,height,,10,condition_video,,,,,,,,delta_vs_base/knn_k1,-0.27052223592996594
stage0_full_001,contrastive,aggregate,all,all,c2r,height,,10,condition_video,,,,,,,,delta_vs_base/balanced_accuracy,0.0
stage0_full_001,contrastive,aggregate,all,all,c2r,height,,10,condition_video,,,,,,,,delta_vs_base/auroc,0.0
stage0_full_001,contrastive,aggregate,all,all,c2r,light,,10,condition_video,,,,,,,,delta_vs_base/knn_k1,-0.30261059641838073
stage0_full_001,contrastive,aggregate,all,all,c2r,light,,10,condition_video,,,,,,,,delta_vs_base/balanced_accuracy,0.0
stage0_full_001,contrastive,aggregate,all,all,c2r,light,,10,condition_video,,,,,,,,delta_vs_base/auroc,0.0
stage0_full_001,contrastive,aggregate,all,all,c2r,background,,19,condition_video,,,,,,,,delta_vs_base/knn_k1,-0.09965597391128539
stage0_full_001,contrastive,aggregate,all,all,c2r,background,,19,condition_video,,,,,,,,delta_vs_base/balanced_accuracy,0.0
stage0_full_001,contrastive,aggregate,all,all,c2r,background,,19,condition_video,,,,,,,,delta_vs_base/auroc,0.0
stage0_full_001,contrastive,aggregate,all,all,c2r,clutter,,19,condition_video,,,,,,,,delta_vs_base/knn_k1,-0.09942760080099106
stage0_full_001,contrastive,aggregate,all,all,c2r,clutter,,19,condition_video,,,,,,,,delta_vs_base/balanced_accuracy,0.0
stage0_full_001,contrastive,aggregate,all,all,c2r,clutter,,19,condition_video,,,,,,,,delta_vs_base/auroc,0.0
stage0_full_001,contrastive,aggregate,all,all,c2r,height,,19,condition_video,,,,,,,,delta_vs_base/knn_k1,-0.09765388220548626
stage0_full_001,contrastive,aggregate,all,all,c2r,height,,19,condition_video,,,,,,,,delta_vs_base/balanced_accuracy,0.0
stage0_full_001,contrastive,aggregate,all,all,c2r,height,,19,condition_video,,,,,,,,delta_vs_base/auroc,0.0
stage0_full_001,contrastive,aggregate,all,all,c2r,light,,19,condition_video,,,,,,,,delta_vs_base/knn_k1,-0.09458964228630062
stage0_full_001,contrastive,aggregate,all,all,c2r,light,,19,condition_video,,,,,,,,delta_vs_base/balanced_accuracy,0.0
stage0_full_001,contrastive,aggregate,all,all,c2r,light,,19,condition_video,,,,,,,,delta_vs_base/auroc,0.0
stage0_full_001,contrastive,aggregate,all,all,c2r,background,,29,condition_video,,,,,,,,delta_vs_base/knn_k1,0.013328847885131834
stage0_full_001,contrastive,aggregate,all,all,c2r,background,,29,condition_video,,,,,,,,delta_vs_base/balanced_accuracy,0.0
stage0_full_001,contrastive,aggregate,all,all,c2r,background,,29,condition_video,,,,,,,,delta_vs_base/auroc,0.0
stage0_full_001,contrastive,aggregate,all,all,c2r,clutter,,29,condition_video,,,,,,,,delta_vs_base/knn_k1,0.013115926980972248
stage0_full_001,contrastive,aggregate,all,all,c2r,clutter,,29,condition_video,,,,,,,,delta_vs_base/balanced_accuracy,0.0
stage0_full_001,contrastive,aggregate,all,all,c2r,clutter,,29,condition_video,,,,,,,,delta_vs_base/auroc,0.0
stage0_full_001,contrastive,aggregate,all,all,c2r,height,,29,condition_video,,,,,,,,delta_vs_base/knn_k1,0.0072011244297027766
stage0_full_001,contrastive,aggregate,all,all,c2r,height,,29,condition_video,,,,,,,,delta_vs_base/balanced_accuracy,0.0
stage0_full_001,contrastive,aggregate,all,all,c2r,height,,29,condition_video,,,,,,,,delta_vs_base/auroc,0.0
stage0_full_001,contrastive,aggregate,all,all,c2r,light,,29,condition_video,,,,,,,,delta_vs_base/knn_k1,0.0032693713903427235
stage0_full_001,contrastive,aggregate,all,all,c2r,light,,29,condition_video,,,,,,,,delta_vs_base/balanced_accuracy,0.0
stage0_full_001,contrastive,aggregate,all,all,c2r,light,,29,condition_video,,,,,,,,delta_vs_base/auroc,0.0
