run_id,checkpoint,sample_id,task,episode_or_seed,domain,c2r_split,progress_bin,layer,token_group,perturbation,severity,timestep_quantile,timestep,sigma,noise_seed,transform_seed,metric_name,metric_value
gpu_0,base,clean/adjust_bottle/episode_000044/0_139,adjust_bottle,episode_000044,clean,,,,final_action,brightness,0.8,,,,204078420560127207,13345697289178260558,action_relative_l2,0.05618319660425186
gpu_0,base,clean/adjust_bottle/episode_000044/0_139,adjust_bottle,episode_000044,clean,,,,final_action,brightness,0.8,,,,204078420560127207,13345697289178260558,action_mean_abs,0.011221637949347496
gpu_0,base,clean/adjust_bottle/episode_000044/0_139,adjust_bottle,episode_000044,clean,,,,final_action,brightness,0.8,,,,204078420560127207,13345697289178260558,action_relative_l2/first_25pct,0.0
gpu_0,base,clean/adjust_bottle/episode_000044/0_139,adjust_bottle,episode_000044,clean,,,,final_action,brightness,0.8,,,,204078420560127207,13345697289178260558,action_relative_l2/last_75pct,0.05817713215947151
gpu_0,base,clean/adjust_bottle/episode_000044/0_139,adjust_bottle,episode_000044,clean,,,,final_action,brightness,0.8,,,,204078420560127207,13345697289178260558,endpoint_l2/left_position,0.08866755664348602
gpu_0,base,clean/adjust_bottle/episode_000044/0_139,adjust_bottle,episode_000044,clean,,,,final_action,brightness,0.8,,,,204078420560127207,13345697289178260558,endpoint_l2/right_position,0.07000204920768738
gpu_0,base,clean/adjust_bottle/episode_000044/0_139,adjust_bottle,episode_000044,clean,,,,final_action,brightness,0.8,,,,204078420560127207,13345697289178260558,rotation_geodesic/left_rotation,0.019817069172859192
gpu_0,base,clean/adjust_bottle/episode_000044/0_139,adjust_bottle,episode_000044,clean,,,,final_action,brightness,0.8,,,,204078420560127207,13345697289178260558,rotation_geodesic/right_rotation,0.026239659637212753
gpu_0,base,clean/adjust_bottle/episode_000044/0_139,adjust_bottle,episode_000044,clean,,,,final_action,brightness,0.8,,,,204078420560127207,13345697289178260558,gripper_flip_rate,0.0
gpu_0,base,clean/adjust_bottle/episode_000044/0_139,adjust_bottle,episode_000044,clean,,,,final_action,brightness,0.8,,,,204078420560127207,13345697289178260558,temporal_jerk_difference,0.0031352571677416563
gpu_0,base,clean/adjust_bottle/episode_000044/0_139,adjust_bottle,episode_000044,clean,,,,final_action,brightness,1.2,,,,204078420560127207,739887505226363588,action_relative_l2,0.009429240599274635
gpu_0,base,clean/adjust_bottle/episode_000044/0_139,adjust_bottle,episode_000044,clean,,,,final_action,brightness,1.2,,,,204078420560127207,739887505226363588,action_mean_abs,0.0016975711332634091
gpu_0,base,clean/adjust_bottle/episode_000044/0_139,adjust_bottle,episode_000044,clean,,,,final_action,brightness,1.2,,,,204078420560127207,739887505226363588,action_relative_l2/first_25pct,0.0
gpu_0,base,clean/adjust_bottle/episode_000044/0_139,adjust_bottle,episode_000044,clean,,,,final_action,brightness,1.2,,,,204078420560127207,739887505226363588,action_relative_l2/last_75pct,0.009763882495462894
gpu_0,base,clean/adjust_bottle/episode_000044/0_139,adjust_bottle,episode_000044,clean,,,,final_action,brightness,1.2,,,,204078420560127207,739887505226363588,endpoint_l2/left_position,0.01116532739251852
gpu_0,base,clean/adjust_bottle/episode_000044/0_139,adjust_bottle,episode_000044,clean,,,,final_action,brightness,1.2,,,,204078420560127207,739887505226363588,endpoint_l2/right_position,0.0015891731018200517
gpu_0,base,clean/adjust_bottle/episode_000044/0_139,adjust_bottle,episode_000044,clean,,,,final_action,brightness,1.2,,,,204078420560127207,739887505226363588,rotation_geodesic/left_rotation,0.005546913482248783
gpu_0,base,clean/adjust_bottle/episode_000044/0_139,adjust_bottle,episode_000044,clean,,,,final_action,brightness,1.2,,,,204078420560127207,739887505226363588,rotation_geodesic/right_rotation,0.009756398387253284
gpu_0,base,clean/adjust_bottle/episode_000044/0_139,adjust_bottle,episode_000044,clean,,,,final_action,brightness,1.2,,,,204078420560127207,739887505226363588,gripper_flip_rate,0.0
gpu_0,base,clean/adjust_bottle/episode_000044/0_139,adjust_bottle,episode_000044,clean,,,,final_action,brightness,1.2,,,,204078420560127207,739887505226363588,temporal_jerk_difference,0.0020449035800993443
gpu_0,base,clean/adjust_bottle/episode_000044/0_139,adjust_bottle,episode_000044,clean,,,,final_action,color_temperature,-0.1,,,,204078420560127207,765584118789078213,action_relative_l2,0.01750846579670906
gpu_0,base,clean/adjust_bottle/episode_000044/0_139,adjust_bottle,episode_000044,clean,,,,final_action,color_temperature,-0.1,,,,204078420560127207,765584118789078213,action_mean_abs,0.0030727258417755365
gpu_0,base,clean/adjust_bottle/episode_000044/0_139,adjust_bottle,episode_000044,clean,,,,final_action,color_temperature,-0.1,,,,204078420560127207,765584118789078213,action_relative_l2/first_25pct,0.0
gpu_0,base,clean/adjust_bottle/episode_000044/0_139,adjust_bottle,episode_000044,clean,,,,final_action,color_temperature,-0.1,,,,204078420560127207,765584118789078213,action_relative_l2/last_75pct,0.01812983863055706
gpu_0,base,clean/adjust_bottle/episode_000044/0_139,adjust_bottle,episode_000044,clean,,,,final_action,color_temperature,-0.1,,,,204078420560127207,765584118789078213,endpoint_l2/left_position,0.031150449067354202
gpu_0,base,clean/adjust_bottle/episode_000044/0_139,adjust_bottle,episode_000044,clean,,,,final_action,color_temperature,-0.1,,,,204078420560127207,765584118789078213,endpoint_l2/right_position,0.0072583300061523914
gpu_0,base,clean/adjust_bottle/episode_000044/0_139,adjust_bottle,episode_000044,clean,,,,final_action,color_temperature,-0.1,,,,204078420560127207,765584118789078213,rotation_geodesic/left_rotation,0.008524871431291103
gpu_0,base,clean/adjust_bottle/episode_000044/0_139,adjust_bottle,episode_000044,clean,,,,final_action,color_temperature,-0.1,,,,204078420560127207,765584118789078213,rotation_geodesic/right_rotation,0.011900875717401505
gpu_0,base,clean/adjust_bottle/episode_000044/0_139,adjust_bottle,episode_000044,clean,,,,final_action,color_temperature,-0.1,,,,204078420560127207,765584118789078213,gripper_flip_rate,0.0
gpu_0,base,clean/adjust_bottle/episode_000044/0_139,adjust_bottle,episode_000044,clean,,,,final_action,color_temperature,-0.1,,,,204078420560127207,765584118789078213,temporal_jerk_difference,0.0022962610237300396
gpu_0,base,clean/adjust_bottle/episode_000044/0_139,adjust_bottle,episode_000044,clean,,,,final_action,color_temperature,0.1,,,,204078420560127207,9775476510567872708,action_relative_l2,0.013472237624228
gpu_0,base,clean/adjust_bottle/episode_000044/0_139,adjust_bottle,episode_000044,clean,,,,final_action,color_temperature,0.1,,,,204078420560127207,9775476510567872708,action_mean_abs,0.0024988814257085323
gpu_0,base,clean/adjust_bottle/episode_000044/0_139,adjust_bottle,episode_000044,clean,,,,final_action,color_temperature,0.1,,,,204078420560127207,9775476510567872708,action_relative_l2/first_25pct,0.0
gpu_0,base,clean/adjust_bottle/episode_000044/0_139,adjust_bottle,episode_000044,clean,,,,final_action,color_temperature,0.1,,,,204078420560127207,9775476510567872708,action_relative_l2/last_75pct,0.013950365595519543
gpu_0,base,clean/adjust_bottle/episode_000044/0_139,adjust_bottle,episode_000044,clean,,,,final_action,color_temperature,0.1,,,,204078420560127207,9775476510567872708,endpoint_l2/left_position,0.022391118109226227
gpu_0,base,clean/adjust_bottle/episode_000044/0_139,adjust_bottle,episode_000044,clean,,,,final_action,color_temperature,0.1,,,,204078420560127207,9775476510567872708,endpoint_l2/right_position,0.010946940630674362
gpu_0,base,clean/adjust_bottle/episode_000044/0_139,adjust_bottle,episode_000044,clean,,,,final_action,color_temperature,0.1,,,,204078420560127207,9775476510567872708,rotation_geodesic/left_rotation,0.006791023071855307
gpu_0,base,clean/adjust_bottle/episode_000044/0_139,adjust_bottle,episode_000044,clean,,,,final_action,color_temperature,0.1,,,,204078420560127207,9775476510567872708,rotation_geodesic/right_rotation,0.007349030580371618
gpu_0,base,clean/adjust_bottle/episode_000044/0_139,adjust_bottle,episode_000044,clean,,,,final_action,color_temperature,0.1,,,,204078420560127207,9775476510567872708,gripper_flip_rate,0.0
gpu_0,base,clean/adjust_bottle/episode_000044/0_139,adjust_bottle,episode_000044,clean,,,,final_action,color_temperature,0.1,,,,204078420560127207,9775476510567872708,temporal_jerk_difference,0.002497405046597123
gpu_0,base,clean/adjust_bottle/episode_000044/0_139,adjust_bottle,episode_000044,clean,,,,final_action,gamma,0.8,,,,204078420560127207,18087504126169967844,action_relative_l2,0.0060355328023433685
gpu_0,base,clean/adjust_bottle/episode_000044/0_139,adjust_bottle,episode_000044,clean,,,,final_action,gamma,0.8,,,,204078420560127207,18087504126169967844,action_mean_abs,0.0008347855182364583
gpu_0,base,clean/adjust_bottle/episode_000044/0_139,adjust_bottle,episode_000044,clean,,,,final_action,gamma,0.8,,,,204078420560127207,18087504126169967844,action_relative_l2/first_25pct,0.0
gpu_0,base,clean/adjust_bottle/episode_000044/0_139,adjust_bottle,episode_000044,clean,,,,final_action,gamma,0.8,,,,204078420560127207,18087504126169967844,action_relative_l2/last_75pct,0.00624973326921463
gpu_0,base,clean/adjust_bottle/episode_000044/0_139,adjust_bottle,episode_000044,clean,,,,final_action,gamma,0.8,,,,204078420560127207,18087504126169967844,endpoint_l2/left_position,0.010723471641540527
gpu_0,base,clean/adjust_bottle/episode_000044/0_139,adjust_bottle,episode_000044,clean,,,,final_action,gamma,0.8,,,,204078420560127207,18087504126169967844,endpoint_l2/right_position,0.0022787898778915405
gpu_0,base,clean/adjust_bottle/episode_000044/0_139,adjust_bottle,episode_000044,clean,,,,final_action,gamma,0.8,,,,204078420560127207,18087504126169967844,rotation_geodesic/left_rotation,0.002785285236313939
gpu_0,base,clean/adjust_bottle/episode_000044/0_139,adjust_bottle,episode_000044,clean,,,,final_action,gamma,0.8,,,,204078420560127207,18087504126169967844,rotation_geodesic/right_rotation,0.004132328554987907
gpu_0,base,clean/adjust_bottle/episode_000044/0_139,adjust_bottle,episode_000044,clean,,,,final_action,gamma,0.8,,,,204078420560127207,18087504126169967844,gripper_flip_rate,0.0
gpu_0,base,clean/adjust_bottle/episode_000044/0_139,adjust_bottle,episode_000044,clean,,,,final_action,gamma,0.8,,,,204078420560127207,18087504126169967844,temporal_jerk_difference,0.0013319256249815226
gpu_0,base,clean/adjust_bottle/episode_000044/0_139,adjust_bottle,episode_000044,clean,,,,final_action,gamma,1.2,,,,204078420560127207,6964187763139144458,action_relative_l2,0.004209232982248068
gpu_0,base,clean/adjust_bottle/episode_000044/0_139,adjust_bottle,episode_000044,clean,,,,final_action,gamma,1.2,,,,204078420560127207,6964187763139144458,action_mean_abs,0.0005317712784744799
gpu_0,base,clean/adjust_bottle/episode_000044/0_139,adjust_bottle,episode_000044,clean,,,,final_action,gamma,1.2,,,,204078420560127207,6964187763139144458,action_relative_l2/first_25pct,0.0
gpu_0,base,clean/adjust_bottle/episode_000044/0_139,adjust_bottle,episode_000044,clean,,,,final_action,gamma,1.2,,,,204078420560127207,6964187763139144458,action_relative_l2/last_75pct,0.004358618054538965
gpu_0,base,clean/adjust_bottle/episode_000044/0_139,adjust_bottle,episode_000044,clean,,,,final_action,gamma,1.2,,,,204078420560127207,6964187763139144458,endpoint_l2/left_position,0.0031686839647591114
gpu_0,base,clean/adjust_bottle/episode_000044/0_139,adjust_bottle,episode_000044,clean,,,,final_action,gamma,1.2,,,,204078420560127207,6964187763139144458,endpoint_l2/right_position,0.0020631123334169388
gpu_0,base,clean/adjust_bottle/episode_000044/0_139,adjust_bottle,episode_000044,clean,,,,final_action,gamma,1.2,,,,204078420560127207,6964187763139144458,rotation_geodesic/left_rotation,0.002925754291936755
gpu_0,base,clean/adjust_bottle/episode_000044/0_139,adjust_bottle,episode_000044,clean,,,,final_action,gamma,1.2,,,,204078420560127207,6964187763139144458,rotation_geodesic/right_rotation,0.00384977157227695
gpu_0,base,clean/adjust_bottle/episode_000044/0_139,adjust_bottle,episode_000044,clean,,,,final_action,gamma,1.2,,,,204078420560127207,6964187763139144458,gripper_flip_rate,0.0
gpu_0,base,clean/adjust_bottle/episode_000044/0_139,adjust_bottle,episode_000044,clean,,,,final_action,gamma,1.2,,,,204078420560127207,6964187763139144458,temporal_jerk_difference,0.001398608204908669
gpu_0,base,clean/adjust_bottle/episode_000044/0_139,adjust_bottle,episode_000044,clean,,,,final_action,gaussian_blur_sigma,0.5,,,,204078420560127207,7670735354293000251,action_relative_l2,0.004658252466470003
gpu_0,base,clean/adjust_bottle/episode_000044/0_139,adjust_bottle,episode_000044,clean,,,,final_action,gaussian_blur_sigma,0.5,,,,204078420560127207,7670735354293000251,action_mean_abs,0.0007442760979756713
gpu_0,base,clean/adjust_bottle/episode_000044/0_139,adjust_bottle,episode_000044,clean,,,,final_action,gaussian_blur_sigma,0.5,,,,204078420560127207,7670735354293000251,action_relative_l2/first_25pct,0.0
gpu_0,base,clean/adjust_bottle/episode_000044/0_139,adjust_bottle,episode_000044,clean,,,,final_action,gaussian_blur_sigma,0.5,,,,204078420560127207,7670735354293000251,action_relative_l2/last_75pct,0.004823572933673859
gpu_0,base,clean/adjust_bottle/episode_000044/0_139,adjust_bottle,episode_000044,clean,,,,final_action,gaussian_blur_sigma,0.5,,,,204078420560127207,7670735354293000251,endpoint_l2/left_position,0.003969307988882065
gpu_0,base,clean/adjust_bottle/episode_000044/0_139,adjust_bottle,episode_000044,clean,,,,final_action,gaussian_blur_sigma,0.5,,,,204078420560127207,7670735354293000251,endpoint_l2/right_position,0.003351624822244048
gpu_0,base,clean/adjust_bottle/episode_000044/0_139,adjust_bottle,episode_000044,clean,,,,final_action,gaussian_blur_sigma,0.5,,,,204078420560127207,7670735354293000251,rotation_geodesic/left_rotation,0.0033819726668298244
gpu_0,base,clean/adjust_bottle/episode_000044/0_139,adjust_bottle,episode_000044,clean,,,,final_action,gaussian_blur_sigma,0.5,,,,204078420560127207,7670735354293000251,rotation_geodesic/right_rotation,0.003939823247492313
gpu_0,base,clean/adjust_bottle/episode_000044/0_139,adjust_bottle,episode_000044,clean,,,,final_action,gaussian_blur_sigma,0.5,,,,204078420560127207,7670735354293000251,gripper_flip_rate,0.0
gpu_0,base,clean/adjust_bottle/episode_000044/0_139,adjust_bottle,episode_000044,clean,,,,final_action,gaussian_blur_sigma,0.5,,,,204078420560127207,7670735354293000251,temporal_jerk_difference,0.0014423336833715439
gpu_0,base,clean/adjust_bottle/episode_000044/0_139,adjust_bottle,episode_000044,clean,,,,final_action,gaussian_blur_sigma,1.0,,,,204078420560127207,10294368508449037784,action_relative_l2,0.007482967805117369
gpu_0,base,clean/adjust_bottle/episode_000044/0_139,adjust_bottle,episode_000044,clean,,,,final_action,gaussian_blur_sigma,1.0,,,,204078420560127207,10294368508449037784,action_mean_abs,0.001275037880986929
gpu_0,base,clean/adjust_bottle/episode_000044/0_139,adjust_bottle,episode_000044,clean,,,,final_action,gaussian_blur_sigma,1.0,,,,204078420560127207,10294368508449037784,action_relative_l2/first_25pct,0.0
gpu_0,base,clean/adjust_bottle/episode_000044/0_139,adjust_bottle,episode_000044,clean,,,,final_action,gaussian_blur_sigma,1.0,,,,204078420560127207,10294368508449037784,action_relative_l2/last_75pct,0.007748537231236696
gpu_0,base,clean/adjust_bottle/episode_000044/0_139,adjust_bottle,episode_000044,clean,,,,final_action,gaussian_blur_sigma,1.0,,,,204078420560127207,10294368508449037784,endpoint_l2/left_position,0.010477240197360516
gpu_0,base,clean/adjust_bottle/episode_000044/0_139,adjust_bottle,episode_000044,clean,,,,final_action,gaussian_blur_sigma,1.0,,,,204078420560127207,10294368508449037784,endpoint_l2/right_position,0.006674820091575384
gpu_0,base,clean/adjust_bottle/episode_000044/0_139,adjust_bottle,episode_000044,clean,,,,final_action,gaussian_blur_sigma,1.0,,,,204078420560127207,10294368508449037784,rotation_geodesic/left_rotation,0.004667352419346571
gpu_0,base,clean/adjust_bottle/episode_000044/0_139,adjust_bottle,episode_000044,clean,,,,final_action,gaussian_blur_sigma,1.0,,,,204078420560127207,10294368508449037784,rotation_geodesic/right_rotation,0.0023894922342151403
gpu_0,base,clean/adjust_bottle/episode_000044/0_139,adjust_bottle,episode_000044,clean,,,,final_action,gaussian_blur_sigma,1.0,,,,204078420560127207,10294368508449037784,gripper_flip_rate,0.0
gpu_0,base,clean/adjust_bottle/episode_000044/0_139,adjust_bottle,episode_000044,clean,,,,final_action,gaussian_blur_sigma,1.0,,,,204078420560127207,10294368508449037784,temporal_jerk_difference,0.0015895749675109982
gpu_0,base,clean/adjust_bottle/episode_000044/0_139,adjust_bottle,episode_000044,clean,,,,final_action,gaussian_noise_std,0.01,,,,204078420560127207,11085467170365831463,action_relative_l2,0.016062166541814804
gpu_0,base,clean/adjust_bottle/episode_000044/0_139,adjust_bottle,episode_000044,clean,,,,final_action,gaussian_noise_std,0.01,,,,204078420560127207,11085467170365831463,action_mean_abs,0.003603672841563821
gpu_0,base,clean/adjust_bottle/episode_000044/0_139,adjust_bottle,episode_000044,clean,,,,final_action,gaussian_noise_std,0.01,,,,204078420560127207,11085467170365831463,action_relative_l2/first_25pct,0.0
gpu_0,base,clean/adjust_bottle/episode_000044/0_139,adjust_bottle,episode_000044,clean,,,,final_action,gaussian_noise_std,0.01,,,,204078420560127207,11085467170365831463,action_relative_l2/last_75pct,0.016632210463285446
gpu_0,base,clean/adjust_bottle/episode_000044/0_139,adjust_bottle,episode_000044,clean,,,,final_action,gaussian_noise_std,0.01,,,,204078420560127207,11085467170365831463,endpoint_l2/left_position,0.021470768377184868
gpu_0,base,clean/adjust_bottle/episode_000044/0_139,adjust_bottle,episode_000044,clean,,,,final_action,gaussian_noise_std,0.01,,,,204078420560127207,11085467170365831463,endpoint_l2/right_position,0.010794084519147873
gpu_0,base,clean/adjust_bottle/episode_000044/0_139,adjust_bottle,episode_000044,clean,,,,final_action,gaussian_noise_std,0.01,,,,204078420560127207,11085467170365831463,rotation_geodesic/left_rotation,0.009783693589270115
gpu_0,base,clean/adjust_bottle/episode_000044/0_139,adjust_bottle,episode_000044,clean,,,,final_action,gaussian_noise_std,0.01,,,,204078420560127207,11085467170365831463,rotation_geodesic/right_rotation,0.013888844288885593
gpu_0,base,clean/adjust_bottle/episode_000044/0_139,adjust_bottle,episode_000044,clean,,,,final_action,gaussian_noise_std,0.01,,,,204078420560127207,11085467170365831463,gripper_flip_rate,0.0
gpu_0,base,clean/adjust_bottle/episode_000044/0_139,adjust_bottle,episode_000044,clean,,,,final_action,gaussian_noise_std,0.01,,,,204078420560127207,11085467170365831463,temporal_jerk_difference,0.00222186790779233
gpu_0,base,clean/adjust_bottle/episode_000044/0_139,adjust_bottle,episode_000044,clean,,,,final_action,gaussian_noise_std,0.03,,,,204078420560127207,9801349385923051928,action_relative_l2,0.015494566410779953
gpu_0,base,clean/adjust_bottle/episode_000044/0_139,adjust_bottle,episode_000044,clean,,,,final_action,gaussian_noise_std,0.03,,,,204078420560127207,9801349385923051928,action_mean_abs,0.0032809730619192123
gpu_0,base,clean/adjust_bottle/episode_000044/0_139,adjust_bottle,episode_000044,clean,,,,final_action,gaussian_noise_std,0.03,,,,204078420560127207,9801349385923051928,action_relative_l2/first_25pct,0.0
gpu_0,base,clean/adjust_bottle/episode_000044/0_139,adjust_bottle,episode_000044,clean,,,,final_action,gaussian_noise_std,0.03,,,,204078420560127207,9801349385923051928,action_relative_l2/last_75pct,0.016044465824961662
gpu_0,base,clean/adjust_bottle/episode_000044/0_139,adjust_bottle,episode_000044,clean,,,,final_action,gaussian_noise_std,0.03,,,,204078420560127207,9801349385923051928,endpoint_l2/left_position,0.014325232245028019
gpu_0,base,clean/adjust_bottle/episode_000044/0_139,adjust_bottle,episode_000044,clean,,,,final_action,gaussian_noise_std,0.03,,,,204078420560127207,9801349385923051928,endpoint_l2/right_position,0.009588622488081455
gpu_0,base,clean/adjust_bottle/episode_000044/0_139,adjust_bottle,episode_000044,clean,,,,final_action,gaussian_noise_std,0.03,,,,204078420560127207,9801349385923051928,rotation_geodesic/left_rotation,0.014929749071598053
gpu_0,base,clean/adjust_bottle/episode_000044/0_139,adjust_bottle,episode_000044,clean,,,,final_action,gaussian_noise_std,0.03,,,,204078420560127207,9801349385923051928,rotation_geodesic/right_rotation,0.018365807831287384
gpu_0,base,clean/adjust_bottle/episode_000044/0_139,adjust_bottle,episode_000044,clean,,,,final_action,gaussian_noise_std,0.03,,,,204078420560127207,9801349385923051928,gripper_flip_rate,0.0
gpu_0,base,clean/adjust_bottle/episode_000044/0_139,adjust_bottle,episode_000044,clean,,,,final_action,gaussian_noise_std,0.03,,,,204078420560127207,9801349385923051928,temporal_jerk_difference,0.002402672078460455
gpu_0,base,clean/adjust_bottle/episode_000044/0_139,adjust_bottle,episode_000044,clean,,,,final_action,identity,0.0,,,,204078420560127207,,action_relative_l2,0.0
gpu_0,base,clean/adjust_bottle/episode_000044/0_139,adjust_bottle,episode_000044,clean,,,,final_action,identity,0.0,,,,204078420560127207,,action_mean_abs,0.0
gpu_0,base,clean/adjust_bottle/episode_000044/0_139,adjust_bottle,episode_000044,clean,,,,final_action,identity,0.0,,,,204078420560127207,,action_relative_l2/first_25pct,0.0
gpu_0,base,clean/adjust_bottle/episode_000044/0_139,adjust_bottle,episode_000044,clean,,,,final_action,identity,0.0,,,,204078420560127207,,action_relative_l2/last_75pct,0.0
gpu_0,base,clean/adjust_bottle/episode_000044/0_139,adjust_bottle,episode_000044,clean,,,,final_action,identity,0.0,,,,204078420560127207,,endpoint_l2/left_position,0.0
gpu_0,base,clean/adjust_bottle/episode_000044/0_139,adjust_bottle,episode_000044,clean,,,,final_action,identity,0.0,,,,204078420560127207,,endpoint_l2/right_position,0.0
gpu_0,base,clean/adjust_bottle/episode_000044/0_139,adjust_bottle,episode_000044,clean,,,,final_action,identity,0.0,,,,204078420560127207,,rotation_geodesic/left_rotation,0.0003599717456381768
gpu_0,base,clean/adjust_bottle/episode_000044/0_139,adjust_bottle,episode_000044,clean,,,,final_action,identity,0.0,,,,204078420560127207,,rotation_geodesic/right_rotation,0.00044366263318806887
gpu_0,base,clean/adjust_bottle/episode_000044/0_139,adjust_bottle,episode_000044,clean,,,,final_action,identity,0.0,,,,204078420560127207,,gripper_flip_rate,0.0
gpu_0,base,clean/adjust_bottle/episode_000044/0_139,adjust_bottle,episode_000044,clean,,,,final_action,identity,0.0,,,,204078420560127207,,temporal_jerk_difference,0.0
gpu_0,base,clean/lift_pot/episode_000036/0_122,lift_pot,episode_000036,clean,,,,final_action,brightness,0.8,,,,17577961833213462126,13315783227415234401,action_relative_l2,0.1888686716556549
gpu_0,base,clean/lift_pot/episode_000036/0_122,lift_pot,episode_000036,clean,,,,final_action,brightness,0.8,,,,17577961833213462126,13315783227415234401,action_mean_abs,0.025722036138176918
gpu_0,base,clean/lift_pot/episode_000036/0_122,lift_pot,episode_000036,clean,,,,final_action,brightness,0.8,,,,17577961833213462126,13315783227415234401,action_relative_l2/first_25pct,0.0
gpu_0,base,clean/lift_pot/episode_000036/0_122,lift_pot,episode_000036,clean,,,,final_action,brightness,0.8,,,,17577961833213462126,13315783227415234401,action_relative_l2/last_75pct,0.1999717354774475
gpu_0,base,clean/lift_pot/episode_000036/0_122,lift_pot,episode_000036,clean,,,,final_action,brightness,0.8,,,,17577961833213462126,13315783227415234401,endpoint_l2/left_position,0.12568318843841553
gpu_0,base,clean/lift_pot/episode_000036/0_122,lift_pot,episode_000036,clean,,,,final_action,brightness,0.8,,,,17577961833213462126,13315783227415234401,endpoint_l2/right_position,0.09779088199138641
gpu_0,base,clean/lift_pot/episode_000036/0_122,lift_pot,episode_000036,clean,,,,final_action,brightness,0.8,,,,17577961833213462126,13315783227415234401,rotation_geodesic/left_rotation,0.04982863739132881
gpu_0,base,clean/lift_pot/episode_000036/0_122,lift_pot,episode_000036,clean,,,,final_action,brightness,0.8,,,,17577961833213462126,13315783227415234401,rotation_geodesic/right_rotation,0.057989515364170074
gpu_0,base,clean/lift_pot/episode_000036/0_122,lift_pot,episode_000036,clean,,,,final_action,brightness,0.8,,,,17577961833213462126,13315783227415234401,gripper_flip_rate,0.0
gpu_0,base,clean/lift_pot/episode_000036/0_122,lift_pot,episode_000036,clean,,,,final_action,brightness,0.8,,,,17577961833213462126,13315783227415234401,temporal_jerk_difference,0.0060714310966432095
gpu_0,base,clean/lift_pot/episode_000036/0_122,lift_pot,episode_000036,clean,,,,final_action,brightness,1.2,,,,17577961833213462126,15651286266305293779,action_relative_l2,0.018690723925828934
gpu_0,base,clean/lift_pot/episode_000036/0_122,lift_pot,episode_000036,clean,,,,final_action,brightness,1.2,,,,17577961833213462126,15651286266305293779,action_mean_abs,0.0030082326848059893
gpu_0,base,clean/lift_pot/episode_000036/0_122,lift_pot,episode_000036,clean,,,,final_action,brightness,1.2,,,,17577961833213462126,15651286266305293779,action_relative_l2/first_25pct,0.0
gpu_0,base,clean/lift_pot/episode_000036/0_122,lift_pot,episode_000036,clean,,,,final_action,brightness,1.2,,,,17577961833213462126,15651286266305293779,action_relative_l2/last_75pct,0.019789498299360275
gpu_0,base,clean/lift_pot/episode_000036/0_122,lift_pot,episode_000036,clean,,,,final_action,brightness,1.2,,,,17577961833213462126,15651286266305293779,endpoint_l2/left_position,0.021031325682997704
gpu_0,base,clean/lift_pot/episode_000036/0_122,lift_pot,episode_000036,clean,,,,final_action,brightness,1.2,,,,17577961833213462126,15651286266305293779,endpoint_l2/right_position,0.007408191915601492
gpu_0,base,clean/lift_pot/episode_000036/0_122,lift_pot,episode_000036,clean,,,,final_action,brightness,1.2,,,,17577961833213462126,15651286266305293779,rotation_geodesic/left_rotation,0.008397277444601059
gpu_0,base,clean/lift_pot/episode_000036/0_122,lift_pot,episode_000036,clean,,,,final_action,brightness,1.2,,,,17577961833213462126,15651286266305293779,rotation_geodesic/right_rotation,0.019747918471693993
gpu_0,base,clean/lift_pot/episode_000036/0_122,lift_pot,episode_000036,clean,,,,final_action,brightness,1.2,,,,17577961833213462126,15651286266305293779,gripper_flip_rate,0.0
gpu_0,base,clean/lift_pot/episode_000036/0_122,lift_pot,episode_000036,clean,,,,final_action,brightness,1.2,,,,17577961833213462126,15651286266305293779,temporal_jerk_difference,0.0015403402503579855
gpu_0,base,clean/lift_pot/episode_000036/0_122,lift_pot,episode_000036,clean,,,,final_action,color_temperature,-0.1,,,,17577961833213462126,1999528552783382123,action_relative_l2,0.03691715747117996
gpu_0,base,clean/lift_pot/episode_000036/0_122,lift_pot,episode_000036,clean,,,,final_action,color_temperature,-0.1,,,,17577961833213462126,1999528552783382123,action_mean_abs,0.004696739371865988
gpu_0,base,clean/lift_pot/episode_000036/0_122,lift_pot,episode_000036,clean,,,,final_action,color_temperature,-0.1,,,,17577961833213462126,1999528552783382123,action_relative_l2/first_25pct,0.0
gpu_0,base,clean/lift_pot/episode_000036/0_122,lift_pot,episode_000036,clean,,,,final_action,color_temperature,-0.1,,,,17577961833213462126,1999528552783382123,action_relative_l2/last_75pct,0.03908741474151611
gpu_0,base,clean/lift_pot/episode_000036/0_122,lift_pot,episode_000036,clean,,,,final_action,color_temperature,-0.1,,,,17577961833213462126,1999528552783382123,endpoint_l2/left_position,0.013915888965129852
gpu_0,base,clean/lift_pot/episode_000036/0_122,lift_pot,episode_000036,clean,,,,final_action,color_temperature,-0.1,,,,17577961833213462126,1999528552783382123,endpoint_l2/right_position,0.009819591417908669
gpu_0,base,clean/lift_pot/episode_000036/0_122,lift_pot,episode_000036,clean,,,,final_action,color_temperature,-0.1,,,,17577961833213462126,1999528552783382123,rotation_geodesic/left_rotation,0.007724165916442871
gpu_0,base,clean/lift_pot/episode_000036/0_122,lift_pot,episode_000036,clean,,,,final_action,color_temperature,-0.1,,,,17577961833213462126,1999528552783382123,rotation_geodesic/right_rotation,0.023237690329551697
gpu_0,base,clean/lift_pot/episode_000036/0_122,lift_pot,episode_000036,clean,,,,final_action,color_temperature,-0.1,,,,17577961833213462126,1999528552783382123,gripper_flip_rate,0.0
gpu_0,base,clean/lift_pot/episode_000036/0_122,lift_pot,episode_000036,clean,,,,final_action,color_temperature,-0.1,,,,17577961833213462126,1999528552783382123,temporal_jerk_difference,0.002423654543235898
gpu_0,base,clean/lift_pot/episode_000036/0_122,lift_pot,episode_000036,clean,,,,final_action,color_temperature,0.1,,,,17577961833213462126,10177751091444056485,action_relative_l2,0.08002235740423203
gpu_0,base,clean/lift_pot/episode_000036/0_122,lift_pot,episode_000036,clean,,,,final_action,color_temperature,0.1,,,,17577961833213462126,10177751091444056485,action_mean_abs,0.011876890435814857
gpu_0,base,clean/lift_pot/episode_000036/0_122,lift_pot,episode_000036,clean,,,,final_action,color_temperature,0.1,,,,17577961833213462126,10177751091444056485,action_relative_l2/first_25pct,0.0
gpu_0,base,clean/lift_pot/episode_000036/0_122,lift_pot,episode_000036,clean,,,,final_action,color_temperature,0.1,,,,17577961833213462126,10177751091444056485,action_relative_l2/last_75pct,0.08472664654254913
gpu_0,base,clean/lift_pot/episode_000036/0_122,lift_pot,episode_000036,clean,,,,final_action,color_temperature,0.1,,,,17577961833213462126,10177751091444056485,endpoint_l2/left_position,0.05571882054209709
gpu_0,base,clean/lift_pot/episode_000036/0_122,lift_pot,episode_000036,clean,,,,final_action,color_temperature,0.1,,,,17577961833213462126,10177751091444056485,endpoint_l2/right_position,0.0443483404815197
gpu_0,base,clean/lift_pot/episode_000036/0_122,lift_pot,episode_000036,clean,,,,final_action,color_temperature,0.1,,,,17577961833213462126,10177751091444056485,rotation_geodesic/left_rotation,0.0166008323431015
gpu_0,base,clean/lift_pot/episode_000036/0_122,lift_pot,episode_000036,clean,,,,final_action,color_temperature,0.1,,,,17577961833213462126,10177751091444056485,rotation_geodesic/right_rotation,0.03897373750805855
gpu_0,base,clean/lift_pot/episode_000036/0_122,lift_pot,episode_000036,clean,,,,final_action,color_temperature,0.1,,,,17577961833213462126,10177751091444056485,gripper_flip_rate,0.0
gpu_0,base,clean/lift_pot/episode_000036/0_122,lift_pot,episode_000036,clean,,,,final_action,color_temperature,0.1,,,,17577961833213462126,10177751091444056485,temporal_jerk_difference,0.0036270825657993555
gpu_0,base,clean/lift_pot/episode_000036/0_122,lift_pot,episode_000036,clean,,,,final_action,gamma,0.8,,,,17577961833213462126,6353452328526041640,action_relative_l2,0.019849039614200592
gpu_0,base,clean/lift_pot/episode_000036/0_122,lift_pot,episode_000036,clean,,,,final_action,gamma,0.8,,,,17577961833213462126,6353452328526041640,action_mean_abs,0.0025985753163695335
gpu_0,base,clean/lift_pot/episode_000036/0_122,lift_pot,episode_000036,clean,,,,final_action,gamma,0.8,,,,17577961833213462126,6353452328526041640,action_relative_l2/first_25pct,0.0
gpu_0,base,clean/lift_pot/episode_000036/0_122,lift_pot,episode_000036,clean,,,,final_action,gamma,0.8,,,,17577961833213462126,6353452328526041640,action_relative_l2/last_75pct,0.02101590856909752
gpu_0,base,clean/lift_pot/episode_000036/0_122,lift_pot,episode_000036,clean,,,,final_action,gamma,0.8,,,,17577961833213462126,6353452328526041640,endpoint_l2/left_position,0.011066026985645294
gpu_0,base,clean/lift_pot/episode_000036/0_122,lift_pot,episode_000036,clean,,,,final_action,gamma,0.8,,,,17577961833213462126,6353452328526041640,endpoint_l2/right_position,0.00534466840326786
gpu_0,base,clean/lift_pot/episode_000036/0_122,lift_pot,episode_000036,clean,,,,final_action,gamma,0.8,,,,17577961833213462126,6353452328526041640,rotation_geodesic/left_rotation,0.0026268973015248775
gpu_0,base,clean/lift_pot/episode_000036/0_122,lift_pot,episode_000036,clean,,,,final_action,gamma,0.8,,,,17577961833213462126,6353452328526041640,rotation_geodesic/right_rotation,0.01307668536901474
gpu_0,base,clean/lift_pot/episode_000036/0_122,lift_pot,episode_000036,clean,,,,final_action,gamma,0.8,,,,17577961833213462126,6353452328526041640,gripper_flip_rate,0.0
gpu_0,base,clean/lift_pot/episode_000036/0_122,lift_pot,episode_000036,clean,,,,final_action,gamma,0.8,,,,17577961833213462126,6353452328526041640,temporal_jerk_difference,0.0018469480564817786
gpu_0,base,clean/lift_pot/episode_000036/0_122,lift_pot,episode_000036,clean,,,,final_action,gamma,1.2,,,,17577961833213462126,6842099030399889944,action_relative_l2,0.009993141517043114
gpu_0,base,clean/lift_pot/episode_000036/0_122,lift_pot,episode_000036,clean,,,,final_action,gamma,1.2,,,,17577961833213462126,6842099030399889944,action_mean_abs,0.0013406332582235336
gpu_0,base,clean/lift_pot/episode_000036/0_122,lift_pot,episode_000036,clean,,,,final_action,gamma,1.2,,,,17577961833213462126,6842099030399889944,action_relative_l2/first_25pct,0.0
gpu_0,base,clean/lift_pot/episode_000036/0_122,lift_pot,episode_000036,clean,,,,final_action,gamma,1.2,,,,17577961833213462126,6842099030399889944,action_relative_l2/last_75pct,0.010580609552562237
gpu_0,base,clean/lift_pot/episode_000036/0_122,lift_pot,episode_000036,clean,,,,final_action,gamma,1.2,,,,17577961833213462126,6842099030399889944,endpoint_l2/left_position,0.008032477460801601
gpu_0,base,clean/lift_pot/episode_000036/0_122,lift_pot,episode_000036,clean,,,,final_action,gamma,1.2,,,,17577961833213462126,6842099030399889944,endpoint_l2/right_position,0.0025606362614780664
gpu_0,base,clean/lift_pot/episode_000036/0_122,lift_pot,episode_000036,clean,,,,final_action,gamma,1.2,,,,17577961833213462126,6842099030399889944,rotation_geodesic/left_rotation,0.002485430333763361
gpu_0,base,clean/lift_pot/episode_000036/0_122,lift_pot,episode_000036,clean,,,,final_action,gamma,1.2,,,,17577961833213462126,6842099030399889944,rotation_geodesic/right_rotation,0.0065122200176119804
gpu_0,base,clean/lift_pot/episode_000036/0_122,lift_pot,episode_000036,clean,,,,final_action,gamma,1.2,,,,17577961833213462126,6842099030399889944,gripper_flip_rate,0.0
gpu_0,base,clean/lift_pot/episode_000036/0_122,lift_pot,episode_000036,clean,,,,final_action,gamma,1.2,,,,17577961833213462126,6842099030399889944,temporal_jerk_difference,0.0014029861195012927
gpu_0,base,clean/lift_pot/episode_000036/0_122,lift_pot,episode_000036,clean,,,,final_action,gaussian_blur_sigma,0.5,,,,17577961833213462126,2411143882443501827,action_relative_l2,0.007199862971901894
gpu_0,base,clean/lift_pot/episode_000036/0_122,lift_pot,episode_000036,clean,,,,final_action,gaussian_blur_sigma,0.5,,,,17577961833213462126,2411143882443501827,action_mean_abs,0.0007607031730003655
gpu_0,base,clean/lift_pot/episode_000036/0_122,lift_pot,episode_000036,clean,,,,final_action,gaussian_blur_sigma,0.5,,,,17577961833213462126,2411143882443501827,action_relative_l2/first_25pct,0.0
gpu_0,base,clean/lift_pot/episode_000036/0_122,lift_pot,episode_000036,clean,,,,final_action,gaussian_blur_sigma,0.5,,,,17577961833213462126,2411143882443501827,action_relative_l2/last_75pct,0.007623122539371252
gpu_0,base,clean/lift_pot/episode_000036/0_122,lift_pot,episode_000036,clean,,,,final_action,gaussian_blur_sigma,0.5,,,,17577961833213462126,2411143882443501827,endpoint_l2/left_position,0.002561153843998909
gpu_0,base,clean/lift_pot/episode_000036/0_122,lift_pot,episode_000036,clean,,,,final_action,gaussian_blur_sigma,0.5,,,,17577961833213462126,2411143882443501827,endpoint_l2/right_position,0.001916222390718758
gpu_0,base,clean/lift_pot/episode_000036/0_122,lift_pot,episode_000036,clean,,,,final_action,gaussian_blur_sigma,0.5,,,,17577961833213462126,2411143882443501827,rotation_geodesic/left_rotation,0.0005425469717010856
gpu_0,base,clean/lift_pot/episode_000036/0_122,lift_pot,episode_000036,clean,,,,final_action,gaussian_blur_sigma,0.5,,,,17577961833213462126,2411143882443501827,rotation_geodesic/right_rotation,0.0048960535787045956
gpu_0,base,clean/lift_pot/episode_000036/0_122,lift_pot,episode_000036,clean,,,,final_action,gaussian_blur_sigma,0.5,,,,17577961833213462126,2411143882443501827,gripper_flip_rate,0.0
gpu_0,base,clean/lift_pot/episode_000036/0_122,lift_pot,episode_000036,clean,,,,final_action,gaussian_blur_sigma,0.5,,,,17577961833213462126,2411143882443501827,temporal_jerk_difference,0.0010517498012632132
gpu_0,base,clean/lift_pot/episode_000036/0_122,lift_pot,episode_000036,clean,,,,final_action,gaussian_blur_sigma,1.0,,,,17577961833213462126,3972136155124481923,action_relative_l2,0.04036983475089073
gpu_0,base,clean/lift_pot/episode_000036/0_122,lift_pot,episode_000036,clean,,,,final_action,gaussian_blur_sigma,1.0,,,,17577961833213462126,3972136155124481923,action_mean_abs,0.005194967612624168
gpu_0,base,clean/lift_pot/episode_000036/0_122,lift_pot,episode_000036,clean,,,,final_action,gaussian_blur_sigma,1.0,,,,17577961833213462126,3972136155124481923,action_relative_l2/first_25pct,0.0
gpu_0,base,clean/lift_pot/episode_000036/0_122,lift_pot,episode_000036,clean,,,,final_action,gaussian_blur_sigma,1.0,,,,17577961833213462126,3972136155124481923,action_relative_l2/last_75pct,0.04274306073784828
gpu_0,base,clean/lift_pot/episode_000036/0_122,lift_pot,episode_000036,clean,,,,final_action,gaussian_blur_sigma,1.0,,,,17577961833213462126,3972136155124481923,endpoint_l2/left_position,0.017064809799194336
gpu_0,base,clean/lift_pot/episode_000036/0_122,lift_pot,episode_000036,clean,,,,final_action,gaussian_blur_sigma,1.0,,,,17577961833213462126,3972136155124481923,endpoint_l2/right_position,0.012697497382760048
gpu_0,base,clean/lift_pot/episode_000036/0_122,lift_pot,episode_000036,clean,,,,final_action,gaussian_blur_sigma,1.0,,,,17577961833213462126,3972136155124481923,rotation_geodesic/left_rotation,0.004563665017485619
gpu_0,base,clean/lift_pot/episode_000036/0_122,lift_pot,episode_000036,clean,,,,final_action,gaussian_blur_sigma,1.0,,,,17577961833213462126,3972136155124481923,rotation_geodesic/right_rotation,0.013105427846312523
gpu_0,base,clean/lift_pot/episode_000036/0_122,lift_pot,episode_000036,clean,,,,final_action,gaussian_blur_sigma,1.0,,,,17577961833213462126,3972136155124481923,gripper_flip_rate,0.0
gpu_0,base,clean/lift_pot/episode_000036/0_122,lift_pot,episode_000036,clean,,,,final_action,gaussian_blur_sigma,1.0,,,,17577961833213462126,3972136155124481923,temporal_jerk_difference,0.0022944658994674683
gpu_0,base,clean/lift_pot/episode_000036/0_122,lift_pot,episode_000036,clean,,,,final_action,gaussian_noise_std,0.01,,,,17577961833213462126,16131106979869811596,action_relative_l2,0.07161187380552292
gpu_0,base,clean/lift_pot/episode_000036/0_122,lift_pot,episode_000036,clean,,,,final_action,gaussian_noise_std,0.01,,,,17577961833213462126,16131106979869811596,action_mean_abs,0.008151615969836712
gpu_0,base,clean/lift_pot/episode_000036/0_122,lift_pot,episode_000036,clean,,,,final_action,gaussian_noise_std,0.01,,,,17577961833213462126,16131106979869811596,action_relative_l2/first_25pct,0.0
gpu_0,base,clean/lift_pot/episode_000036/0_122,lift_pot,episode_000036,clean,,,,final_action,gaussian_noise_std,0.01,,,,17577961833213462126,16131106979869811596,action_relative_l2/last_75pct,0.07582173496484756
gpu_0,base,clean/lift_pot/episode_000036/0_122,lift_pot,episode_000036,clean,,,,final_action,gaussian_noise_std,0.01,,,,17577961833213462126,16131106979869811596,endpoint_l2/left_position,0.03173406422138214
gpu_0,base,clean/lift_pot/episode_000036/0_122,lift_pot,episode_000036,clean,,,,final_action,gaussian_noise_std,0.01,,,,17577961833213462126,16131106979869811596,endpoint_l2/right_position,0.021514128893613815
gpu_0,base,clean/lift_pot/episode_000036/0_122,lift_pot,episode_000036,clean,,,,final_action,gaussian_noise_std,0.01,,,,17577961833213462126,16131106979869811596,rotation_geodesic/left_rotation,0.01688479259610176
gpu_0,base,clean/lift_pot/episode_000036/0_122,lift_pot,episode_000036,clean,,,,final_action,gaussian_noise_std,0.01,,,,17577961833213462126,16131106979869811596,rotation_geodesic/right_rotation,0.020315930247306824
gpu_0,base,clean/lift_pot/episode_000036/0_122,lift_pot,episode_000036,clean,,,,final_action,gaussian_noise_std,0.01,,,,17577961833213462126,16131106979869811596,gripper_flip_rate,0.0
gpu_0,base,clean/lift_pot/episode_000036/0_122,lift_pot,episode_000036,clean,,,,final_action,gaussian_noise_std,0.01,,,,17577961833213462126,16131106979869811596,temporal_jerk_difference,0.0026984750293195248
gpu_0,base,clean/lift_pot/episode_000036/0_122,lift_pot,episode_000036,clean,,,,final_action,gaussian_noise_std,0.03,,,,17577961833213462126,7993565358138601669,action_relative_l2,0.03722212463617325
gpu_0,base,clean/lift_pot/episode_000036/0_122,lift_pot,episode_000036,clean,,,,final_action,gaussian_noise_std,0.03,,,,17577961833213462126,7993565358138601669,action_mean_abs,0.005449765361845493
gpu_0,base,clean/lift_pot/episode_000036/0_122,lift_pot,episode_000036,clean,,,,final_action,gaussian_noise_std,0.03,,,,17577961833213462126,7993565358138601669,action_relative_l2/first_25pct,0.0
gpu_0,base,clean/lift_pot/episode_000036/0_122,lift_pot,episode_000036,clean,,,,final_action,gaussian_noise_std,0.03,,,,17577961833213462126,7993565358138601669,action_relative_l2/last_75pct,0.0394103080034256
gpu_0,base,clean/lift_pot/episode_000036/0_122,lift_pot,episode_000036,clean,,,,final_action,gaussian_noise_std,0.03,,,,17577961833213462126,7993565358138601669,endpoint_l2/left_position,0.025423279032111168
gpu_0,base,clean/lift_pot/episode_000036/0_122,lift_pot,episode_000036,clean,,,,final_action,gaussian_noise_std,0.03,,,,17577961833213462126,7993565358138601669,endpoint_l2/right_position,0.01077741477638483
gpu_0,base,clean/lift_pot/episode_000036/0_122,lift_pot,episode_000036,clean,,,,final_action,gaussian_noise_std,0.03,,,,17577961833213462126,7993565358138601669,rotation_geodesic/left_rotation,0.013098210096359253
gpu_0,base,clean/lift_pot/episode_000036/0_122,lift_pot,episode_000036,clean,,,,final_action,gaussian_noise_std,0.03,,,,17577961833213462126,7993565358138601669,rotation_geodesic/right_rotation,0.0260159932076931
gpu_0,base,clean/lift_pot/episode_000036/0_122,lift_pot,episode_000036,clean,,,,final_action,gaussian_noise_std,0.03,,,,17577961833213462126,7993565358138601669,gripper_flip_rate,0.0
gpu_0,base,clean/lift_pot/episode_000036/0_122,lift_pot,episode_000036,clean,,,,final_action,gaussian_noise_std,0.03,,,,17577961833213462126,7993565358138601669,temporal_jerk_difference,0.0026109712198376656
gpu_0,base,clean/lift_pot/episode_000036/0_122,lift_pot,episode_000036,clean,,,,final_action,identity,0.0,,,,17577961833213462126,,action_relative_l2,0.0
gpu_0,base,clean/lift_pot/episode_000036/0_122,lift_pot,episode_000036,clean,,,,final_action,identity,0.0,,,,17577961833213462126,,action_mean_abs,0.0
gpu_0,base,clean/lift_pot/episode_000036/0_122,lift_pot,episode_000036,clean,,,,final_action,identity,0.0,,,,17577961833213462126,,action_relative_l2/first_25pct,0.0
gpu_0,base,clean/lift_pot/episode_000036/0_122,lift_pot,episode_000036,clean,,,,final_action,identity,0.0,,,,17577961833213462126,,action_relative_l2/last_75pct,0.0
gpu_0,base,clean/lift_pot/episode_000036/0_122,lift_pot,episode_000036,clean,,,,final_action,identity,0.0,,,,17577961833213462126,,endpoint_l2/left_position,0.0
gpu_0,base,clean/lift_pot/episode_000036/0_122,lift_pot,episode_000036,clean,,,,final_action,identity,0.0,,,,17577961833213462126,,endpoint_l2/right_position,0.0
gpu_0,base,clean/lift_pot/episode_000036/0_122,lift_pot,episode_000036,clean,,,,final_action,identity,0.0,,,,17577961833213462126,,rotation_geodesic/left_rotation,0.000335693359375
gpu_0,base,clean/lift_pot/episode_000036/0_122,lift_pot,episode_000036,clean,,,,final_action,identity,0.0,,,,17577961833213462126,,rotation_geodesic/right_rotation,0.0001847281528171152
gpu_0,base,clean/lift_pot/episode_000036/0_122,lift_pot,episode_000036,clean,,,,final_action,identity,0.0,,,,17577961833213462126,,gripper_flip_rate,0.0
gpu_0,base,clean/lift_pot/episode_000036/0_122,lift_pot,episode_000036,clean,,,,final_action,identity,0.0,,,,17577961833213462126,,temporal_jerk_difference,0.0
gpu_0,base,clean/place_bread_basket/episode_000044/0_226,place_bread_basket,episode_000044,clean,,,,final_action,brightness,0.8,,,,5786497539863217079,16637397944084601428,action_relative_l2,0.35160619020462036
gpu_0,base,clean/place_bread_basket/episode_000044/0_226,place_bread_basket,episode_000044,clean,,,,final_action,brightness,0.8,,,,5786497539863217079,16637397944084601428,action_mean_abs,0.02449682354927063
gpu_0,base,clean/place_bread_basket/episode_000044/0_226,place_bread_basket,episode_000044,clean,,,,final_action,brightness,0.8,,,,5786497539863217079,16637397944084601428,action_relative_l2/first_25pct,0.0
gpu_0,base,clean/place_bread_basket/episode_000044/0_226,place_bread_basket,episode_000044,clean,,,,final_action,brightness,0.8,,,,5786497539863217079,16637397944084601428,action_relative_l2/last_75pct,0.37882599234580994
gpu_0,base,clean/place_bread_basket/episode_000044/0_226,place_bread_basket,episode_000044,clean,,,,final_action,brightness,0.8,,,,5786497539863217079,16637397944084601428,endpoint_l2/left_position,0.0344783291220665
gpu_0,base,clean/place_bread_basket/episode_000044/0_226,place_bread_basket,episode_000044,clean,,,,final_action,brightness,0.8,,,,5786497539863217079,16637397944084601428,endpoint_l2/right_position,0.020629286766052246
gpu_0,base,clean/place_bread_basket/episode_000044/0_226,place_bread_basket,episode_000044,clean,,,,final_action,brightness,0.8,,,,5786497539863217079,16637397944084601428,rotation_geodesic/left_rotation,0.005809868685901165
gpu_0,base,clean/place_bread_basket/episode_000044/0_226,place_bread_basket,episode_000044,clean,,,,final_action,brightness,0.8,,,,5786497539863217079,16637397944084601428,rotation_geodesic/right_rotation,0.032470617443323135
gpu_0,base,clean/place_bread_basket/episode_000044/0_226,place_bread_basket,episode_000044,clean,,,,final_action,brightness,0.8,,,,5786497539863217079,16637397944084601428,gripper_flip_rate,0.25
gpu_0,base,clean/place_bread_basket/episode_000044/0_226,place_bread_basket,episode_000044,clean,,,,final_action,brightness,0.8,,,,5786497539863217079,16637397944084601428,temporal_jerk_difference,0.004926817957311869
gpu_0,base,clean/place_bread_basket/episode_000044/0_226,place_bread_basket,episode_000044,clean,,,,final_action,brightness,1.2,,,,5786497539863217079,6069960733776850870,action_relative_l2,0.11531811207532883
gpu_0,base,clean/place_bread_basket/episode_000044/0_226,place_bread_basket,episode_000044,clean,,,,final_action,brightness,1.2,,,,5786497539863217079,6069960733776850870,action_mean_abs,0.007970581762492657
gpu_0,base,clean/place_bread_basket/episode_000044/0_226,place_bread_basket,episode_000044,clean,,,,final_action,brightness,1.2,,,,5786497539863217079,6069960733776850870,action_relative_l2/first_25pct,0.0
gpu_0,base,clean/place_bread_basket/episode_000044/0_226,place_bread_basket,episode_000044,clean,,,,final_action,brightness,1.2,,,,5786497539863217079,6069960733776850870,action_relative_l2/last_75pct,0.1242455244064331
gpu_0,base,clean/place_bread_basket/episode_000044/0_226,place_bread_basket,episode_000044,clean,,,,final_action,brightness,1.2,,,,5786497539863217079,6069960733776850870,endpoint_l2/left_position,0.007400260306894779
gpu_0,base,clean/place_bread_basket/episode_000044/0_226,place_bread_basket,episode_000044,clean,,,,final_action,brightness,1.2,,,,5786497539863217079,6069960733776850870,endpoint_l2/right_position,0.003351628314703703
gpu_0,base,clean/place_bread_basket/episode_000044/0_226,place_bread_basket,episode_000044,clean,,,,final_action,brightness,1.2,,,,5786497539863217079,6069960733776850870,rotation_geodesic/left_rotation,0.004160201642662287
gpu_0,base,clean/place_bread_basket/episode_000044/0_226,place_bread_basket,episode_000044,clean,,,,final_action,brightness,1.2,,,,5786497539863217079,6069960733776850870,rotation_geodesic/right_rotation,0.013546638190746307
gpu_0,base,clean/place_bread_basket/episode_000044/0_226,place_bread_basket,episode_000044,clean,,,,final_action,brightness,1.2,,,,5786497539863217079,6069960733776850870,gripper_flip_rate,0.0
gpu_0,base,clean/place_bread_basket/episode_000044/0_226,place_bread_basket,episode_000044,clean,,,,final_action,brightness,1.2,,,,5786497539863217079,6069960733776850870,temporal_jerk_difference,0.002554759383201599
gpu_0,base,clean/place_bread_basket/episode_000044/0_226,place_bread_basket,episode_000044,clean,,,,final_action,color_temperature,-0.1,,,,5786497539863217079,211013147244849259,action_relative_l2,0.032405126839876175
gpu_0,base,clean/place_bread_basket/episode_000044/0_226,place_bread_basket,episode_000044,clean,,,,final_action,color_temperature,-0.1,,,,5786497539863217079,211013147244849259,action_mean_abs,0.0026473531033843756
gpu_0,base,clean/place_bread_basket/episode_000044/0_226,place_bread_basket,episode_000044,clean,,,,final_action,color_temperature,-0.1,,,,5786497539863217079,211013147244849259,action_relative_l2/first_25pct,0.0
gpu_0,base,clean/place_bread_basket/episode_000044/0_226,place_bread_basket,episode_000044,clean,,,,final_action,color_temperature,-0.1,,,,5786497539863217079,211013147244849259,action_relative_l2/last_75pct,0.03491378575563431
gpu_0,base,clean/place_bread_basket/episode_000044/0_226,place_bread_basket,episode_000044,clean,,,,final_action,color_temperature,-0.1,,,,5786497539863217079,211013147244849259,endpoint_l2/left_position,0.0019971311558037996
gpu_0,base,clean/place_bread_basket/episode_000044/0_226,place_bread_basket,episode_000044,clean,,,,final_action,color_temperature,-0.1,,,,5786497539863217079,211013147244849259,endpoint_l2/right_position,0.002889358438551426
gpu_0,base,clean/place_bread_basket/episode_000044/0_226,place_bread_basket,episode_000044,clean,,,,final_action,color_temperature,-0.1,,,,5786497539863217079,211013147244849259,rotation_geodesic/left_rotation,0.006156450137495995
gpu_0,base,clean/place_bread_basket/episode_000044/0_226,place_bread_basket,episode_000044,clean,,,,final_action,color_temperature,-0.1,,,,5786497539863217079,211013147244849259,rotation_geodesic/right_rotation,0.011416980996727943
gpu_0,base,clean/place_bread_basket/episode_000044/0_226,place_bread_basket,episode_000044,clean,,,,final_action,color_temperature,-0.1,,,,5786497539863217079,211013147244849259,gripper_flip_rate,0.0
gpu_0,base,clean/place_bread_basket/episode_000044/0_226,place_bread_basket,episode_000044,clean,,,,final_action,color_temperature,-0.1,,,,5786497539863217079,211013147244849259,temporal_jerk_difference,0.0015680126380175352
gpu_0,base,clean/place_bread_basket/episode_000044/0_226,place_bread_basket,episode_000044,clean,,,,final_action,color_temperature,0.1,,,,5786497539863217079,1436178128472113803,action_relative_l2,0.01059130858629942
gpu_0,base,clean/place_bread_basket/episode_000044/0_226,place_bread_basket,episode_000044,clean,,,,final_action,color_temperature,0.1,,,,5786497539863217079,1436178128472113803,action_mean_abs,0.001443836372345686
gpu_0,base,clean/place_bread_basket/episode_000044/0_226,place_bread_basket,episode_000044,clean,,,,final_action,color_temperature,0.1,,,,5786497539863217079,1436178128472113803,action_relative_l2/first_25pct,0.0
gpu_0,base,clean/place_bread_basket/episode_000044/0_226,place_bread_basket,episode_000044,clean,,,,final_action,color_temperature,0.1,,,,5786497539863217079,1436178128472113803,action_relative_l2/last_75pct,0.011411240324378014
gpu_0,base,clean/place_bread_basket/episode_000044/0_226,place_bread_basket,episode_000044,clean,,,,final_action,color_temperature,0.1,,,,5786497539863217079,1436178128472113803,endpoint_l2/left_position,0.006980209145694971
gpu_0,base,clean/place_bread_basket/episode_000044/0_226,place_bread_basket,episode_000044,clean,,,,final_action,color_temperature,0.1,,,,5786497539863217079,1436178128472113803,endpoint_l2/right_position,0.004794317297637463
gpu_0,base,clean/place_bread_basket/episode_000044/0_226,place_bread_basket,episode_000044,clean,,,,final_action,color_temperature,0.1,,,,5786497539863217079,1436178128472113803,rotation_geodesic/left_rotation,0.0055493502877652645
gpu_0,base,clean/place_bread_basket/episode_000044/0_226,place_bread_basket,episode_000044,clean,,,,final_action,color_temperature,0.1,,,,5786497539863217079,1436178128472113803,rotation_geodesic/right_rotation,0.014527957886457443
gpu_0,base,clean/place_bread_basket/episode_000044/0_226,place_bread_basket,episode_000044,clean,,,,final_action,color_temperature,0.1,,,,5786497539863217079,1436178128472113803,gripper_flip_rate,0.0
gpu_0,base,clean/place_bread_basket/episode_000044/0_226,place_bread_basket,episode_000044,clean,,,,final_action,color_temperature,0.1,,,,5786497539863217079,1436178128472113803,temporal_jerk_difference,0.0012870676582679152
gpu_0,base,clean/place_bread_basket/episode_000044/0_226,place_bread_basket,episode_000044,clean,,,,final_action,gamma,0.8,,,,5786497539863217079,8532596611837617652,action_relative_l2,0.041065555065870285
gpu_0,base,clean/place_bread_basket/episode_000044/0_226,place_bread_basket,episode_000044,clean,,,,final_action,gamma,0.8,,,,5786497539863217079,8532596611837617652,action_mean_abs,0.0030217731837183237
gpu_0,base,clean/place_bread_basket/episode_000044/0_226,place_bread_basket,episode_000044,clean,,,,final_action,gamma,0.8,,,,5786497539863217079,8532596611837617652,action_relative_l2/first_25pct,0.0
gpu_0,base,clean/place_bread_basket/episode_000044/0_226,place_bread_basket,episode_000044,clean,,,,final_action,gamma,0.8,,,,5786497539863217079,8532596611837617652,action_relative_l2/last_75pct,0.044244665652513504
gpu_0,base,clean/place_bread_basket/episode_000044/0_226,place_bread_basket,episode_000044,clean,,,,final_action,gamma,0.8,,,,5786497539863217079,8532596611837617652,endpoint_l2/left_position,0.004456768743693829
gpu_0,base,clean/place_bread_basket/episode_000044/0_226,place_bread_basket,episode_000044,clean,,,,final_action,gamma,0.8,,,,5786497539863217079,8532596611837617652,endpoint_l2/right_position,0.0023358166217803955
gpu_0,base,clean/place_bread_basket/episode_000044/0_226,place_bread_basket,episode_000044,clean,,,,final_action,gamma,0.8,,,,5786497539863217079,8532596611837617652,rotation_geodesic/left_rotation,0.0022410142701119184
gpu_0,base,clean/place_bread_basket/episode_000044/0_226,place_bread_basket,episode_000044,clean,,,,final_action,gamma,0.8,,,,5786497539863217079,8532596611837617652,rotation_geodesic/right_rotation,0.013005838729441166
gpu_0,base,clean/place_bread_basket/episode_000044/0_226,place_bread_basket,episode_000044,clean,,,,final_action,gamma,0.8,,,,5786497539863217079,8532596611837617652,gripper_flip_rate,0.0
gpu_0,base,clean/place_bread_basket/episode_000044/0_226,place_bread_basket,episode_000044,clean,,,,final_action,gamma,0.8,,,,5786497539863217079,8532596611837617652,temporal_jerk_difference,0.0014556361129507422
gpu_0,base,clean/place_bread_basket/episode_000044/0_226,place_bread_basket,episode_000044,clean,,,,final_action,gamma,1.2,,,,5786497539863217079,5885103556919493703,action_relative_l2,0.03330877423286438
gpu_0,base,clean/place_bread_basket/episode_000044/0_226,place_bread_basket,episode_000044,clean,,,,final_action,gamma,1.2,,,,5786497539863217079,5885103556919493703,action_mean_abs,0.002055584453046322
gpu_0,base,clean/place_bread_basket/episode_000044/0_226,place_bread_basket,episode_000044,clean,,,,final_action,gamma,1.2,,,,5786497539863217079,5885103556919493703,action_relative_l2/first_25pct,0.0
gpu_0,base,clean/place_bread_basket/episode_000044/0_226,place_bread_basket,episode_000044,clean,,,,final_action,gamma,1.2,,,,5786497539863217079,5885103556919493703,action_relative_l2/last_75pct,0.03588739037513733
gpu_0,base,clean/place_bread_basket/episode_000044/0_226,place_bread_basket,episode_000044,clean,,,,final_action,gamma,1.2,,,,5786497539863217079,5885103556919493703,endpoint_l2/left_position,0.0015937015414237976
gpu_0,base,clean/place_bread_basket/episode_000044/0_226,place_bread_basket,episode_000044,clean,,,,final_action,gamma,1.2,,,,5786497539863217079,5885103556919493703,endpoint_l2/right_position,0.0
gpu_0,base,clean/place_bread_basket/episode_000044/0_226,place_bread_basket,episode_000044,clean,,,,final_action,gamma,1.2,,,,5786497539863217079,5885103556919493703,rotation_geodesic/left_rotation,0.002655700081959367
gpu_0,base,clean/place_bread_basket/episode_000044/0_226,place_bread_basket,episode_000044,clean,,,,final_action,gamma,1.2,,,,5786497539863217079,5885103556919493703,rotation_geodesic/right_rotation,0.0017427753191441298
gpu_0,base,clean/place_bread_basket/episode_000044/0_226,place_bread_basket,episode_000044,clean,,,,final_action,gamma,1.2,,,,5786497539863217079,5885103556919493703,gripper_flip_rate,0.0
gpu_0,base,clean/place_bread_basket/episode_000044/0_226,place_bread_basket,episode_000044,clean,,,,final_action,gamma,1.2,,,,5786497539863217079,5885103556919493703,temporal_jerk_difference,0.0010871090926229954
gpu_0,base,clean/place_bread_basket/episode_000044/0_226,place_bread_basket,episode_000044,clean,,,,final_action,gaussian_blur_sigma,0.5,,,,5786497539863217079,18322585329891979128,action_relative_l2,0.006715108640491962
gpu_0,base,clean/place_bread_basket/episode_000044/0_226,place_bread_basket,episode_000044,clean,,,,final_action,gaussian_blur_sigma,0.5,,,,5786497539863217079,18322585329891979128,action_mean_abs,0.0004973785253241658
gpu_0,base,clean/place_bread_basket/episode_000044/0_226,place_bread_basket,episode_000044,clean,,,,final_action,gaussian_blur_sigma,0.5,,,,5786497539863217079,18322585329891979128,action_relative_l2/first_25pct,0.0
gpu_0,base,clean/place_bread_basket/episode_000044/0_226,place_bread_basket,episode_000044,clean,,,,final_action,gaussian_blur_sigma,0.5,,,,5786497539863217079,18322585329891979128,action_relative_l2/last_75pct,0.007234962657094002
gpu_0,base,clean/place_bread_basket/episode_000044/0_226,place_bread_basket,episode_000044,clean,,,,final_action,gaussian_blur_sigma,0.5,,,,5786497539863217079,18322585329891979128,endpoint_l2/left_position,0.0007806718349456787
gpu_0,base,clean/place_bread_basket/episode_000044/0_226,place_bread_basket,episode_000044,clean,,,,final_action,gaussian_blur_sigma,0.5,,,,5786497539863217079,18322585329891979128,endpoint_l2/right_position,0.0
gpu_0,base,clean/place_bread_basket/episode_000044/0_226,place_bread_basket,episode_000044,clean,,,,final_action,gaussian_blur_sigma,0.5,,,,5786497539863217079,18322585329891979128,rotation_geodesic/left_rotation,0.00203318172134459
gpu_0,base,clean/place_bread_basket/episode_000044/0_226,place_bread_basket,episode_000044,clean,,,,final_action,gaussian_blur_sigma,0.5,,,,5786497539863217079,18322585329891979128,rotation_geodesic/right_rotation,0.002176037523895502
gpu_0,base,clean/place_bread_basket/episode_000044/0_226,place_bread_basket,episode_000044,clean,,,,final_action,gaussian_blur_sigma,0.5,,,,5786497539863217079,18322585329891979128,gripper_flip_rate,0.0
gpu_0,base,clean/place_bread_basket/episode_000044/0_226,place_bread_basket,episode_000044,clean,,,,final_action,gaussian_blur_sigma,0.5,,,,5786497539863217079,18322585329891979128,temporal_jerk_difference,0.000800540903583169
gpu_0,base,clean/place_bread_basket/episode_000044/0_226,place_bread_basket,episode_000044,clean,,,,final_action,gaussian_blur_sigma,1.0,,,,5786497539863217079,1464129816195477027,action_relative_l2,0.07245442271232605
gpu_0,base,clean/place_bread_basket/episode_000044/0_226,place_bread_basket,episode_000044,clean,,,,final_action,gaussian_blur_sigma,1.0,,,,5786497539863217079,1464129816195477027,action_mean_abs,0.004992647096514702
gpu_0,base,clean/place_bread_basket/episode_000044/0_226,place_bread_basket,episode_000044,clean,,,,final_action,gaussian_blur_sigma,1.0,,,,5786497539863217079,1464129816195477027,action_relative_l2/first_25pct,0.0
gpu_0,base,clean/place_bread_basket/episode_000044/0_226,place_bread_basket,episode_000044,clean,,,,final_action,gaussian_blur_sigma,1.0,,,,5786497539863217079,1464129816195477027,action_relative_l2/last_75pct,0.07806352525949478
gpu_0,base,clean/place_bread_basket/episode_000044/0_226,place_bread_basket,episode_000044,clean,,,,final_action,gaussian_blur_sigma,1.0,,,,5786497539863217079,1464129816195477027,endpoint_l2/left_position,0.004082336090505123
gpu_0,base,clean/place_bread_basket/episode_000044/0_226,place_bread_basket,episode_000044,clean,,,,final_action,gaussian_blur_sigma,1.0,,,,5786497539863217079,1464129816195477027,endpoint_l2/right_position,0.0028893782291561365
gpu_0,base,clean/place_bread_basket/episode_000044/0_226,place_bread_basket,episode_000044,clean,,,,final_action,gaussian_blur_sigma,1.0,,,,5786497539863217079,1464129816195477027,rotation_geodesic/left_rotation,0.003156953724101186
gpu_0,base,clean/place_bread_basket/episode_000044/0_226,place_bread_basket,episode_000044,clean,,,,final_action,gaussian_blur_sigma,1.0,,,,5786497539863217079,1464129816195477027,rotation_geodesic/right_rotation,0.011628421023488045
gpu_0,base,clean/place_bread_basket/episode_000044/0_226,place_bread_basket,episode_000044,clean,,,,final_action,gaussian_blur_sigma,1.0,,,,5786497539863217079,1464129816195477027,gripper_flip_rate,0.0
gpu_0,base,clean/place_bread_basket/episode_000044/0_226,place_bread_basket,episode_000044,clean,,,,final_action,gaussian_blur_sigma,1.0,,,,5786497539863217079,1464129816195477027,temporal_jerk_difference,0.0018495453987270594
gpu_0,base,clean/place_bread_basket/episode_000044/0_226,place_bread_basket,episode_000044,clean,,,,final_action,gaussian_noise_std,0.01,,,,5786497539863217079,3952513492836151882,action_relative_l2,0.11544644087553024
gpu_0,base,clean/place_bread_basket/episode_000044/0_226,place_bread_basket,episode_000044,clean,,,,final_action,gaussian_noise_std,0.01,,,,5786497539863217079,3952513492836151882,action_mean_abs,0.009471219033002853
gpu_0,base,clean/place_bread_basket/episode_000044/0_226,place_bread_basket,episode_000044,clean,,,,final_action,gaussian_noise_std,0.01,,,,5786497539863217079,3952513492836151882,action_relative_l2/first_25pct,0.0
gpu_0,base,clean/place_bread_basket/episode_000044/0_226,place_bread_basket,episode_000044,clean,,,,final_action,gaussian_noise_std,0.01,,,,5786497539863217079,3952513492836151882,action_relative_l2/last_75pct,0.12438379228115082
gpu_0,base,clean/place_bread_basket/episode_000044/0_226,place_bread_basket,episode_000044,clean,,,,final_action,gaussian_noise_std,0.01,,,,5786497539863217079,3952513492836151882,endpoint_l2/left_position,0.017755180597305298
gpu_0,base,clean/place_bread_basket/episode_000044/0_226,place_bread_basket,episode_000044,clean,,,,final_action,gaussian_noise_std,0.01,,,,5786497539863217079,3952513492836151882,endpoint_l2/right_position,0.011997113935649395
gpu_0,base,clean/place_bread_basket/episode_000044/0_226,place_bread_basket,episode_000044,clean,,,,final_action,gaussian_noise_std,0.01,,,,5786497539863217079,3952513492836151882,rotation_geodesic/left_rotation,0.008640714921057224
gpu_0,base,clean/place_bread_basket/episode_000044/0_226,place_bread_basket,episode_000044,clean,,,,final_action,gaussian_noise_std,0.01,,,,5786497539863217079,3952513492836151882,rotation_geodesic/right_rotation,0.02242320217192173
gpu_0,base,clean/place_bread_basket/episode_000044/0_226,place_bread_basket,episode_000044,clean,,,,final_action,gaussian_noise_std,0.01,,,,5786497539863217079,3952513492836151882,gripper_flip_rate,0.0
gpu_0,base,clean/place_bread_basket/episode_000044/0_226,place_bread_basket,episode_000044,clean,,,,final_action,gaussian_noise_std,0.01,,,,5786497539863217079,3952513492836151882,temporal_jerk_difference,0.0026960561517626047
gpu_0,base,clean/place_bread_basket/episode_000044/0_226,place_bread_basket,episode_000044,clean,,,,final_action,gaussian_noise_std,0.03,,,,5786497539863217079,15908044863109304790,action_relative_l2,0.14044766128063202
gpu_0,base,clean/place_bread_basket/episode_000044/0_226,place_bread_basket,episode_000044,clean,,,,final_action,gaussian_noise_std,0.03,,,,5786497539863217079,15908044863109304790,action_mean_abs,0.010240007191896439
gpu_0,base,clean/place_bread_basket/episode_000044/0_226,place_bread_basket,episode_000044,clean,,,,final_action,gaussian_noise_std,0.03,,,,5786497539863217079,15908044863109304790,action_relative_l2/first_25pct,0.0
gpu_0,base,clean/place_bread_basket/episode_000044/0_226,place_bread_basket,episode_000044,clean,,,,final_action,gaussian_noise_std,0.03,,,,5786497539863217079,15908044863109304790,action_relative_l2/last_75pct,0.15132050216197968
gpu_0,base,clean/place_bread_basket/episode_000044/0_226,place_bread_basket,episode_000044,clean,,,,final_action,gaussian_noise_std,0.03,,,,5786497539863217079,15908044863109304790,endpoint_l2/left_position,0.015117832459509373
gpu_0,base,clean/place_bread_basket/episode_000044/0_226,place_bread_basket,episode_000044,clean,,,,final_action,gaussian_noise_std,0.03,,,,5786497539863217079,15908044863109304790,endpoint_l2/right_position,0.006224625278264284
gpu_0,base,clean/place_bread_basket/episode_000044/0_226,place_bread_basket,episode_000044,clean,,,,final_action,gaussian_noise_std,0.03,,,,5786497539863217079,15908044863109304790,rotation_geodesic/left_rotation,0.008174596354365349
gpu_0,base,clean/place_bread_basket/episode_000044/0_226,place_bread_basket,episode_000044,clean,,,,final_action,gaussian_noise_std,0.03,,,,5786497539863217079,15908044863109304790,rotation_geodesic/right_rotation,0.013790798373520374
gpu_0,base,clean/place_bread_basket/episode_000044/0_226,place_bread_basket,episode_000044,clean,,,,final_action,gaussian_noise_std,0.03,,,,5786497539863217079,15908044863109304790,gripper_flip_rate,0.0
gpu_0,base,clean/place_bread_basket/episode_000044/0_226,place_bread_basket,episode_000044,clean,,,,final_action,gaussian_noise_std,0.03,,,,5786497539863217079,15908044863109304790,temporal_jerk_difference,0.0027372941840440035
gpu_0,base,clean/place_bread_basket/episode_000044/0_226,place_bread_basket,episode_000044,clean,,,,final_action,identity,0.0,,,,5786497539863217079,,action_relative_l2,0.0
gpu_0,base,clean/place_bread_basket/episode_000044/0_226,place_bread_basket,episode_000044,clean,,,,final_action,identity,0.0,,,,5786497539863217079,,action_mean_abs,0.0
gpu_0,base,clean/place_bread_basket/episode_000044/0_226,place_bread_basket,episode_000044,clean,,,,final_action,identity,0.0,,,,5786497539863217079,,action_relative_l2/first_25pct,0.0
gpu_0,base,clean/place_bread_basket/episode_000044/0_226,place_bread_basket,episode_000044,clean,,,,final_action,identity,0.0,,,,5786497539863217079,,action_relative_l2/last_75pct,0.0
gpu_0,base,clean/place_bread_basket/episode_000044/0_226,place_bread_basket,episode_000044,clean,,,,final_action,identity,0.0,,,,5786497539863217079,,endpoint_l2/left_position,0.0
gpu_0,base,clean/place_bread_basket/episode_000044/0_226,place_bread_basket,episode_000044,clean,,,,final_action,identity,0.0,,,,5786497539863217079,,endpoint_l2/right_position,0.0
gpu_0,base,clean/place_bread_basket/episode_000044/0_226,place_bread_basket,episode_000044,clean,,,,final_action,identity,0.0,,,,5786497539863217079,,rotation_geodesic/left_rotation,0.00047726312186568975
gpu_0,base,clean/place_bread_basket/episode_000044/0_226,place_bread_basket,episode_000044,clean,,,,final_action,identity,0.0,,,,5786497539863217079,,rotation_geodesic/right_rotation,0.0001741670712362975
gpu_0,base,clean/place_bread_basket/episode_000044/0_226,place_bread_basket,episode_000044,clean,,,,final_action,identity,0.0,,,,5786497539863217079,,gripper_flip_rate,0.0
gpu_0,base,clean/place_bread_basket/episode_000044/0_226,place_bread_basket,episode_000044,clean,,,,final_action,identity,0.0,,,,5786497539863217079,,temporal_jerk_difference,0.0
gpu_0,base,clean/place_object_scale/episode_000016/0_141,place_object_scale,episode_000016,clean,,,,final_action,brightness,0.8,,,,15052661172066250013,8128353529252831070,action_relative_l2,0.09277034550905228
gpu_0,base,clean/place_object_scale/episode_000016/0_141,place_object_scale,episode_000016,clean,,,,final_action,brightness,0.8,,,,15052661172066250013,8128353529252831070,action_mean_abs,0.018233681097626686
gpu_0,base,clean/place_object_scale/episode_000016/0_141,place_object_scale,episode_000016,clean,,,,final_action,brightness,0.8,,,,15052661172066250013,8128353529252831070,action_relative_l2/first_25pct,0.0
gpu_0,base,clean/place_object_scale/episode_000016/0_141,place_object_scale,episode_000016,clean,,,,final_action,brightness,0.8,,,,15052661172066250013,8128353529252831070,action_relative_l2/last_75pct,0.09623350203037262
gpu_0,base,clean/place_object_scale/episode_000016/0_141,place_object_scale,episode_000016,clean,,,,final_action,brightness,0.8,,,,15052661172066250013,8128353529252831070,endpoint_l2/left_position,0.11053086072206497
gpu_0,base,clean/place_object_scale/episode_000016/0_141,place_object_scale,episode_000016,clean,,,,final_action,brightness,0.8,,,,15052661172066250013,8128353529252831070,endpoint_l2/right_position,0.07742269337177277
gpu_0,base,clean/place_object_scale/episode_000016/0_141,place_object_scale,episode_000016,clean,,,,final_action,brightness,0.8,,,,15052661172066250013,8128353529252831070,rotation_geodesic/left_rotation,0.029653247445821762
gpu_0,base,clean/place_object_scale/episode_000016/0_141,place_object_scale,episode_000016,clean,,,,final_action,brightness,0.8,,,,15052661172066250013,8128353529252831070,rotation_geodesic/right_rotation,0.0906020998954773
gpu_0,base,clean/place_object_scale/episode_000016/0_141,place_object_scale,episode_000016,clean,,,,final_action,brightness,0.8,,,,15052661172066250013,8128353529252831070,gripper_flip_rate,0.0
gpu_0,base,clean/place_object_scale/episode_000016/0_141,place_object_scale,episode_000016,clean,,,,final_action,brightness,0.8,,,,15052661172066250013,8128353529252831070,temporal_jerk_difference,0.004352429416030645
gpu_0,base,clean/place_object_scale/episode_000016/0_141,place_object_scale,episode_000016,clean,,,,final_action,brightness,1.2,,,,15052661172066250013,5451139221587725941,action_relative_l2,0.026342079043388367
gpu_0,base,clean/place_object_scale/episode_000016/0_141,place_object_scale,episode_000016,clean,,,,final_action,brightness,1.2,,,,15052661172066250013,5451139221587725941,action_mean_abs,0.0034638894721865654
gpu_0,base,clean/place_object_scale/episode_000016/0_141,place_object_scale,episode_000016,clean,,,,final_action,brightness,1.2,,,,15052661172066250013,5451139221587725941,action_relative_l2/first_25pct,0.0
gpu_0,base,clean/place_object_scale/episode_000016/0_141,place_object_scale,episode_000016,clean,,,,final_action,brightness,1.2,,,,15052661172066250013,5451139221587725941,action_relative_l2/last_75pct,0.02732544019818306
gpu_0,base,clean/place_object_scale/episode_000016/0_141,place_object_scale,episode_000016,clean,,,,final_action,brightness,1.2,,,,15052661172066250013,5451139221587725941,endpoint_l2/left_position,0.013059484772384167
gpu_0,base,clean/place_object_scale/episode_000016/0_141,place_object_scale,episode_000016,clean,,,,final_action,brightness,1.2,,,,15052661172066250013,5451139221587725941,endpoint_l2/right_position,0.007988428696990013
gpu_0,base,clean/place_object_scale/episode_000016/0_141,place_object_scale,episode_000016,clean,,,,final_action,brightness,1.2,,,,15052661172066250013,5451139221587725941,rotation_geodesic/left_rotation,0.0034814621321856976
gpu_0,base,clean/place_object_scale/episode_000016/0_141,place_object_scale,episode_000016,clean,,,,final_action,brightness,1.2,,,,15052661172066250013,5451139221587725941,rotation_geodesic/right_rotation,0.014124022796750069
gpu_0,base,clean/place_object_scale/episode_000016/0_141,place_object_scale,episode_000016,clean,,,,final_action,brightness,1.2,,,,15052661172066250013,5451139221587725941,gripper_flip_rate,0.0
gpu_0,base,clean/place_object_scale/episode_000016/0_141,place_object_scale,episode_000016,clean,,,,final_action,brightness,1.2,,,,15052661172066250013,5451139221587725941,temporal_jerk_difference,0.0018971265526488423
gpu_0,base,clean/place_object_scale/episode_000016/0_141,place_object_scale,episode_000016,clean,,,,final_action,color_temperature,-0.1,,,,15052661172066250013,11771800898474785723,action_relative_l2,0.012004070915281773
gpu_0,base,clean/place_object_scale/episode_000016/0_141,place_object_scale,episode_000016,clean,,,,final_action,color_temperature,-0.1,,,,15052661172066250013,11771800898474785723,action_mean_abs,0.0021543302573263645
gpu_0,base,clean/place_object_scale/episode_000016/0_141,place_object_scale,episode_000016,clean,,,,final_action,color_temperature,-0.1,,,,15052661172066250013,11771800898474785723,action_relative_l2/first_25pct,0.0
gpu_0,base,clean/place_object_scale/episode_000016/0_141,place_object_scale,episode_000016,clean,,,,final_action,color_temperature,-0.1,,,,15052661172066250013,11771800898474785723,action_relative_l2/last_75pct,0.012452187947928905
gpu_0,base,clean/place_object_scale/episode_000016/0_141,place_object_scale,episode_000016,clean,,,,final_action,color_temperature,-0.1,,,,15052661172066250013,11771800898474785723,endpoint_l2/left_position,0.010778429917991161
gpu_0,base,clean/place_object_scale/episode_000016/0_141,place_object_scale,episode_000016,clean,,,,final_action,color_temperature,-0.1,,,,15052661172066250013,11771800898474785723,endpoint_l2/right_position,0.0026835184544324875
gpu_0,base,clean/place_object_scale/episode_000016/0_141,place_object_scale,episode_000016,clean,,,,final_action,color_temperature,-0.1,,,,15052661172066250013,11771800898474785723,rotation_geodesic/left_rotation,0.009115845896303654
gpu_0,base,clean/place_object_scale/episode_000016/0_141,place_object_scale,episode_000016,clean,,,,final_action,color_temperature,-0.1,,,,15052661172066250013,11771800898474785723,rotation_geodesic/right_rotation,0.009419453330338001
gpu_0,base,clean/place_object_scale/episode_000016/0_141,place_object_scale,episode_000016,clean,,,,final_action,color_temperature,-0.1,,,,15052661172066250013,11771800898474785723,gripper_flip_rate,0.0
gpu_0,base,clean/place_object_scale/episode_000016/0_141,place_object_scale,episode_000016,clean,,,,final_action,color_temperature,-0.1,,,,15052661172066250013,11771800898474785723,temporal_jerk_difference,0.002506022807210684
gpu_0,base,clean/place_object_scale/episode_000016/0_141,place_object_scale,episode_000016,clean,,,,final_action,color_temperature,0.1,,,,15052661172066250013,7887944890558736340,action_relative_l2,0.02083367295563221
gpu_0,base,clean/place_object_scale/episode_000016/0_141,place_object_scale,episode_000016,clean,,,,final_action,color_temperature,0.1,,,,15052661172066250013,7887944890558736340,action_mean_abs,0.0036160771269351244
gpu_0,base,clean/place_object_scale/episode_000016/0_141,place_object_scale,episode_000016,clean,,,,final_action,color_temperature,0.1,,,,15052661172066250013,7887944890558736340,action_relative_l2/first_25pct,0.0
gpu_0,base,clean/place_object_scale/episode_000016/0_141,place_object_scale,episode_000016,clean,,,,final_action,color_temperature,0.1,,,,15052661172066250013,7887944890558736340,action_relative_l2/last_75pct,0.021611401811242104
gpu_0,base,clean/place_object_scale/episode_000016/0_141,place_object_scale,episode_000016,clean,,,,final_action,color_temperature,0.1,,,,15052661172066250013,7887944890558736340,endpoint_l2/left_position,0.01444467157125473
gpu_0,base,clean/place_object_scale/episode_000016/0_141,place_object_scale,episode_000016,clean,,,,final_action,color_temperature,0.1,,,,15052661172066250013,7887944890558736340,endpoint_l2/right_position,0.007408191915601492
gpu_0,base,clean/place_object_scale/episode_000016/0_141,place_object_scale,episode_000016,clean,,,,final_action,color_temperature,0.1,,,,15052661172066250013,7887944890558736340,rotation_geodesic/left_rotation,0.0060609676875174046
gpu_0,base,clean/place_object_scale/episode_000016/0_141,place_object_scale,episode_000016,clean,,,,final_action,color_temperature,0.1,,,,15052661172066250013,7887944890558736340,rotation_geodesic/right_rotation,0.017473170533776283
gpu_0,base,clean/place_object_scale/episode_000016/0_141,place_object_scale,episode_000016,clean,,,,final_action,color_temperature,0.1,,,,15052661172066250013,7887944890558736340,gripper_flip_rate,0.0
gpu_0,base,clean/place_object_scale/episode_000016/0_141,place_object_scale,episode_000016,clean,,,,final_action,color_temperature,0.1,,,,15052661172066250013,7887944890558736340,temporal_jerk_difference,0.001935647800564766
gpu_0,base,clean/place_object_scale/episode_000016/0_141,place_object_scale,episode_000016,clean,,,,final_action,gamma,0.8,,,,15052661172066250013,3987445913070418313,action_relative_l2,0.013923523016273975
gpu_0,base,clean/place_object_scale/episode_000016/0_141,place_object_scale,episode_000016,clean,,,,final_action,gamma,0.8,,,,15052661172066250013,3987445913070418313,action_mean_abs,0.001837610499933362
gpu_0,base,clean/place_object_scale/episode_000016/0_141,place_object_scale,episode_000016,clean,,,,final_action,gamma,0.8,,,,15052661172066250013,3987445913070418313,action_relative_l2/first_25pct,0.0
gpu_0,base,clean/place_object_scale/episode_000016/0_141,place_object_scale,episode_000016,clean,,,,final_action,gamma,0.8,,,,15052661172066250013,3987445913070418313,action_relative_l2/last_75pct,0.014443294145166874
gpu_0,base,clean/place_object_scale/episode_000016/0_141,place_object_scale,episode_000016,clean,,,,final_action,gamma,0.8,,,,15052661172066250013,3987445913070418313,endpoint_l2/left_position,0.00641718041151762
gpu_0,base,clean/place_object_scale/episode_000016/0_141,place_object_scale,episode_000016,clean,,,,final_action,gamma,0.8,,,,15052661172066250013,3987445913070418313,endpoint_l2/right_position,0.0024562093894928694
gpu_0,base,clean/place_object_scale/episode_000016/0_141,place_object_scale,episode_000016,clean,,,,final_action,gamma,0.8,,,,15052661172066250013,3987445913070418313,rotation_geodesic/left_rotation,0.003036088775843382
gpu_0,base,clean/place_object_scale/episode_000016/0_141,place_object_scale,episode_000016,clean,,,,final_action,gamma,0.8,,,,15052661172066250013,3987445913070418313,rotation_geodesic/right_rotation,0.008001784794032574
gpu_0,base,clean/place_object_scale/episode_000016/0_141,place_object_scale,episode_000016,clean,,,,final_action,gamma,0.8,,,,15052661172066250013,3987445913070418313,gripper_flip_rate,0.0
gpu_0,base,clean/place_object_scale/episode_000016/0_141,place_object_scale,episode_000016,clean,,,,final_action,gamma,0.8,,,,15052661172066250013,3987445913070418313,temporal_jerk_difference,0.0019913106225430965
gpu_0,base,clean/place_object_scale/episode_000016/0_141,place_object_scale,episode_000016,clean,,,,final_action,gamma,1.2,,,,15052661172066250013,18267793042838073310,action_relative_l2,0.00433936296030879
gpu_0,base,clean/place_object_scale/episode_000016/0_141,place_object_scale,episode_000016,clean,,,,final_action,gamma,1.2,,,,15052661172066250013,18267793042838073310,action_mean_abs,0.00046934629790484905
gpu_0,base,clean/place_object_scale/episode_000016/0_141,place_object_scale,episode_000016,clean,,,,final_action,gamma,1.2,,,,15052661172066250013,18267793042838073310,action_relative_l2/first_25pct,0.0
gpu_0,base,clean/place_object_scale/episode_000016/0_141,place_object_scale,episode_000016,clean,,,,final_action,gamma,1.2,,,,15052661172066250013,18267793042838073310,action_relative_l2/last_75pct,0.004501353017985821
gpu_0,base,clean/place_object_scale/episode_000016/0_141,place_object_scale,episode_000016,clean,,,,final_action,gamma,1.2,,,,15052661172066250013,18267793042838073310,endpoint_l2/left_position,0.0014454065822064877
gpu_0,base,clean/place_object_scale/episode_000016/0_141,place_object_scale,episode_000016,clean,,,,final_action,gamma,1.2,,,,15052661172066250013,18267793042838073310,endpoint_l2/right_position,0.0007596015930175781
gpu_0,base,clean/place_object_scale/episode_000016/0_141,place_object_scale,episode_000016,clean,,,,final_action,gamma,1.2,,,,15052661172066250013,18267793042838073310,rotation_geodesic/left_rotation,0.0032182466238737106
gpu_0,base,clean/place_object_scale/episode_000016/0_141,place_object_scale,episode_000016,clean,,,,final_action,gamma,1.2,,,,15052661172066250013,18267793042838073310,rotation_geodesic/right_rotation,0.0042879581451416016
gpu_0,base,clean/place_object_scale/episode_000016/0_141,place_object_scale,episode_000016,clean,,,,final_action,gamma,1.2,,,,15052661172066250013,18267793042838073310,gripper_flip_rate,0.0
gpu_0,base,clean/place_object_scale/episode_000016/0_141,place_object_scale,episode_000016,clean,,,,final_action,gamma,1.2,,,,15052661172066250013,18267793042838073310,temporal_jerk_difference,0.0015852772630751133
gpu_0,base,clean/place_object_scale/episode_000016/0_141,place_object_scale,episode_000016,clean,,,,final_action,gaussian_blur_sigma,0.5,,,,15052661172066250013,13820347193606331437,action_relative_l2,0.004665561951696873
gpu_0,base,clean/place_object_scale/episode_000016/0_141,place_object_scale,episode_000016,clean,,,,final_action,gaussian_blur_sigma,0.5,,,,15052661172066250013,13820347193606331437,action_mean_abs,0.00045282678911462426
gpu_0,base,clean/place_object_scale/episode_000016/0_141,place_object_scale,episode_000016,clean,,,,final_action,gaussian_blur_sigma,0.5,,,,15052661172066250013,13820347193606331437,action_relative_l2/first_25pct,0.0
gpu_0,base,clean/place_object_scale/episode_000016/0_141,place_object_scale,episode_000016,clean,,,,final_action,gaussian_blur_sigma,0.5,,,,15052661172066250013,13820347193606331437,action_relative_l2/last_75pct,0.004839729517698288
gpu_0,base,clean/place_object_scale/episode_000016/0_141,place_object_scale,episode_000016,clean,,,,final_action,gaussian_blur_sigma,0.5,,,,15052661172066250013,13820347193606331437,endpoint_l2/left_position,0.0011155433021485806
gpu_0,base,clean/place_object_scale/episode_000016/0_141,place_object_scale,episode_000016,clean,,,,final_action,gaussian_blur_sigma,0.5,,,,15052661172066250013,13820347193606331437,endpoint_l2/right_position,0.0
gpu_0,base,clean/place_object_scale/episode_000016/0_141,place_object_scale,episode_000016,clean,,,,final_action,gaussian_blur_sigma,0.5,,,,15052661172066250013,13820347193606331437,rotation_geodesic/left_rotation,0.0022555191535502672
gpu_0,base,clean/place_object_scale/episode_000016/0_141,place_object_scale,episode_000016,clean,,,,final_action,gaussian_blur_sigma,0.5,,,,15052661172066250013,13820347193606331437,rotation_geodesic/right_rotation,0.003792179748415947
gpu_0,base,clean/place_object_scale/episode_000016/0_141,place_object_scale,episode_000016,clean,,,,final_action,gaussian_blur_sigma,0.5,,,,15052661172066250013,13820347193606331437,gripper_flip_rate,0.0
gpu_0,base,clean/place_object_scale/episode_000016/0_141,place_object_scale,episode_000016,clean,,,,final_action,gaussian_blur_sigma,0.5,,,,15052661172066250013,13820347193606331437,temporal_jerk_difference,0.0014785282546654344
gpu_0,base,clean/place_object_scale/episode_000016/0_141,place_object_scale,episode_000016,clean,,,,final_action,gaussian_blur_sigma,1.0,,,,15052661172066250013,6730551116110810124,action_relative_l2,0.025383565574884415
gpu_0,base,clean/place_object_scale/episode_000016/0_141,place_object_scale,episode_000016,clean,,,,final_action,gaussian_blur_sigma,1.0,,,,15052661172066250013,6730551116110810124,action_mean_abs,0.0034567133989185095
gpu_0,base,clean/place_object_scale/episode_000016/0_141,place_object_scale,episode_000016,clean,,,,final_action,gaussian_blur_sigma,1.0,,,,15052661172066250013,6730551116110810124,action_relative_l2/first_25pct,0.0
gpu_0,base,clean/place_object_scale/episode_000016/0_141,place_object_scale,episode_000016,clean,,,,final_action,gaussian_blur_sigma,1.0,,,,15052661172066250013,6730551116110810124,action_relative_l2/last_75pct,0.02633114531636238
gpu_0,base,clean/place_object_scale/episode_000016/0_141,place_object_scale,episode_000016,clean,,,,final_action,gaussian_blur_sigma,1.0,,,,15052661172066250013,6730551116110810124,endpoint_l2/left_position,0.016287438571453094
gpu_0,base,clean/place_object_scale/episode_000016/0_141,place_object_scale,episode_000016,clean,,,,final_action,gaussian_blur_sigma,1.0,,,,15052661172066250013,6730551116110810124,endpoint_l2/right_position,0.0034014179836958647
gpu_0,base,clean/place_object_scale/episode_000016/0_141,place_object_scale,episode_000016,clean,,,,final_action,gaussian_blur_sigma,1.0,,,,15052661172066250013,6730551116110810124,rotation_geodesic/left_rotation,0.004670178517699242
gpu_0,base,clean/place_object_scale/episode_000016/0_141,place_object_scale,episode_000016,clean,,,,final_action,gaussian_blur_sigma,1.0,,,,15052661172066250013,6730551116110810124,rotation_geodesic/right_rotation,0.00885732937604189
gpu_0,base,clean/place_object_scale/episode_000016/0_141,place_object_scale,episode_000016,clean,,,,final_action,gaussian_blur_sigma,1.0,,,,15052661172066250013,6730551116110810124,gripper_flip_rate,0.0
gpu_0,base,clean/place_object_scale/episode_000016/0_141,place_object_scale,episode_000016,clean,,,,final_action,gaussian_blur_sigma,1.0,,,,15052661172066250013,6730551116110810124,temporal_jerk_difference,0.0022106142714619637
gpu_0,base,clean/place_object_scale/episode_000016/0_141,place_object_scale,episode_000016,clean,,,,final_action,gaussian_noise_std,0.01,,,,15052661172066250013,13857880200663423716,action_relative_l2,0.011490335687994957
gpu_0,base,clean/place_object_scale/episode_000016/0_141,place_object_scale,episode_000016,clean,,,,final_action,gaussian_noise_std,0.01,,,,15052661172066250013,13857880200663423716,action_mean_abs,0.0022143905516713858
gpu_0,base,clean/place_object_scale/episode_000016/0_141,place_object_scale,episode_000016,clean,,,,final_action,gaussian_noise_std,0.01,,,,15052661172066250013,13857880200663423716,action_relative_l2/first_25pct,0.0
gpu_0,base,clean/place_object_scale/episode_000016/0_141,place_object_scale,episode_000016,clean,,,,final_action,gaussian_noise_std,0.01,,,,15052661172066250013,13857880200663423716,action_relative_l2/last_75pct,0.011919274926185608
gpu_0,base,clean/place_object_scale/episode_000016/0_141,place_object_scale,episode_000016,clean,,,,final_action,gaussian_noise_std,0.01,,,,15052661172066250013,13857880200663423716,endpoint_l2/left_position,0.007988473400473595
gpu_0,base,clean/place_object_scale/episode_000016/0_141,place_object_scale,episode_000016,clean,,,,final_action,gaussian_noise_std,0.01,,,,15052661172066250013,13857880200663423716,endpoint_l2/right_position,0.005204243119806051
gpu_0,base,clean/place_object_scale/episode_000016/0_141,place_object_scale,episode_000016,clean,,,,final_action,gaussian_noise_std,0.01,,,,15052661172066250013,13857880200663423716,rotation_geodesic/left_rotation,0.012533037923276424
gpu_0,base,clean/place_object_scale/episode_000016/0_141,place_object_scale,episode_000016,clean,,,,final_action,gaussian_noise_std,0.01,,,,15052661172066250013,13857880200663423716,rotation_geodesic/right_rotation,0.013380125164985657
gpu_0,base,clean/place_object_scale/episode_000016/0_141,place_object_scale,episode_000016,clean,,,,final_action,gaussian_noise_std,0.01,,,,15052661172066250013,13857880200663423716,gripper_flip_rate,0.0
gpu_0,base,clean/place_object_scale/episode_000016/0_141,place_object_scale,episode_000016,clean,,,,final_action,gaussian_noise_std,0.01,,,,15052661172066250013,13857880200663423716,temporal_jerk_difference,0.0019064677180722356
gpu_0,base,clean/place_object_scale/episode_000016/0_141,place_object_scale,episode_000016,clean,,,,final_action,gaussian_noise_std,0.03,,,,15052661172066250013,14331452601550878469,action_relative_l2,0.02658514305949211
gpu_0,base,clean/place_object_scale/episode_000016/0_141,place_object_scale,episode_000016,clean,,,,final_action,gaussian_noise_std,0.03,,,,15052661172066250013,14331452601550878469,action_mean_abs,0.005049441009759903
gpu_0,base,clean/place_object_scale/episode_000016/0_141,place_object_scale,episode_000016,clean,,,,final_action,gaussian_noise_std,0.03,,,,15052661172066250013,14331452601550878469,action_relative_l2/first_25pct,0.0
gpu_0,base,clean/place_object_scale/episode_000016/0_141,place_object_scale,episode_000016,clean,,,,final_action,gaussian_noise_std,0.03,,,,15052661172066250013,14331452601550878469,action_relative_l2/last_75pct,0.027577579021453857
gpu_0,base,clean/place_object_scale/episode_000016/0_141,place_object_scale,episode_000016,clean,,,,final_action,gaussian_noise_std,0.03,,,,15052661172066250013,14331452601550878469,endpoint_l2/left_position,0.020621830597519875
gpu_0,base,clean/place_object_scale/episode_000016/0_141,place_object_scale,episode_000016,clean,,,,final_action,gaussian_noise_std,0.03,,,,15052661172066250013,14331452601550878469,endpoint_l2/right_position,0.011287325993180275
gpu_0,base,clean/place_object_scale/episode_000016/0_141,place_object_scale,episode_000016,clean,,,,final_action,gaussian_noise_std,0.03,,,,15052661172066250013,14331452601550878469,rotation_geodesic/left_rotation,0.016876554116606712
gpu_0,base,clean/place_object_scale/episode_000016/0_141,place_object_scale,episode_000016,clean,,,,final_action,gaussian_noise_std,0.03,,,,15052661172066250013,14331452601550878469,rotation_geodesic/right_rotation,0.018883440643548965
gpu_0,base,clean/place_object_scale/episode_000016/0_141,place_object_scale,episode_000016,clean,,,,final_action,gaussian_noise_std,0.03,,,,15052661172066250013,14331452601550878469,gripper_flip_rate,0.0
gpu_0,base,clean/place_object_scale/episode_000016/0_141,place_object_scale,episode_000016,clean,,,,final_action,gaussian_noise_std,0.03,,,,15052661172066250013,14331452601550878469,temporal_jerk_difference,0.0028319586999714375
gpu_0,base,clean/place_object_scale/episode_000016/0_141,place_object_scale,episode_000016,clean,,,,final_action,identity,0.0,,,,15052661172066250013,,action_relative_l2,0.0
gpu_0,base,clean/place_object_scale/episode_000016/0_141,place_object_scale,episode_000016,clean,,,,final_action,identity,0.0,,,,15052661172066250013,,action_mean_abs,0.0
gpu_0,base,clean/place_object_scale/episode_000016/0_141,place_object_scale,episode_000016,clean,,,,final_action,identity,0.0,,,,15052661172066250013,,action_relative_l2/first_25pct,0.0
gpu_0,base,clean/place_object_scale/episode_000016/0_141,place_object_scale,episode_000016,clean,,,,final_action,identity,0.0,,,,15052661172066250013,,action_relative_l2/last_75pct,0.0
gpu_0,base,clean/place_object_scale/episode_000016/0_141,place_object_scale,episode_000016,clean,,,,final_action,identity,0.0,,,,15052661172066250013,,endpoint_l2/left_position,0.0
gpu_0,base,clean/place_object_scale/episode_000016/0_141,place_object_scale,episode_000016,clean,,,,final_action,identity,0.0,,,,15052661172066250013,,endpoint_l2/right_position,0.0
gpu_0,base,clean/place_object_scale/episode_000016/0_141,place_object_scale,episode_000016,clean,,,,final_action,identity,0.0,,,,15052661172066250013,,rotation_geodesic/left_rotation,0.0001131319222622551
gpu_0,base,clean/place_object_scale/episode_000016/0_141,place_object_scale,episode_000016,clean,,,,final_action,identity,0.0,,,,15052661172066250013,,rotation_geodesic/right_rotation,0.00017578974075149745
gpu_0,base,clean/place_object_scale/episode_000016/0_141,place_object_scale,episode_000016,clean,,,,final_action,identity,0.0,,,,15052661172066250013,,gripper_flip_rate,0.0
gpu_0,base,clean/place_object_scale/episode_000016/0_141,place_object_scale,episode_000016,clean,,,,final_action,identity,0.0,,,,15052661172066250013,,temporal_jerk_difference,0.0
gpu_0,base,clean/stack_blocks_three/episode_000030/0_447,stack_blocks_three,episode_000030,clean,,,,final_action,brightness,0.8,,,,12280813841299030061,14740558125330130023,action_relative_l2,0.743111252784729
gpu_0,base,clean/stack_blocks_three/episode_000030/0_447,stack_blocks_three,episode_000030,clean,,,,final_action,brightness,0.8,,,,12280813841299030061,14740558125330130023,action_mean_abs,0.0730963796377182
gpu_0,base,clean/stack_blocks_three/episode_000030/0_447,stack_blocks_three,episode_000030,clean,,,,final_action,brightness,0.8,,,,12280813841299030061,14740558125330130023,action_relative_l2/first_25pct,0.0
gpu_0,base,clean/stack_blocks_three/episode_000030/0_447,stack_blocks_three,episode_000030,clean,,,,final_action,brightness,0.8,,,,12280813841299030061,14740558125330130023,action_relative_l2/last_75pct,0.7990187406539917
gpu_0,base,clean/stack_blocks_three/episode_000030/0_447,stack_blocks_three,episode_000030,clean,,,,final_action,brightness,0.8,,,,12280813841299030061,14740558125330130023,endpoint_l2/left_position,0.14800065755844116
gpu_0,base,clean/stack_blocks_three/episode_000030/0_447,stack_blocks_three,episode_000030,clean,,,,final_action,brightness,0.8,,,,12280813841299030061,14740558125330130023,endpoint_l2/right_position,0.10070345550775528
gpu_0,base,clean/stack_blocks_three/episode_000030/0_447,stack_blocks_three,episode_000030,clean,,,,final_action,brightness,0.8,,,,12280813841299030061,14740558125330130023,rotation_geodesic/left_rotation,0.03973811864852905
gpu_0,base,clean/stack_blocks_three/episode_000030/0_447,stack_blocks_three,episode_000030,clean,,,,final_action,brightness,0.8,,,,12280813841299030061,14740558125330130023,rotation_geodesic/right_rotation,0.056397534906864166
gpu_0,base,clean/stack_blocks_three/episode_000030/0_447,stack_blocks_three,episode_000030,clean,,,,final_action,brightness,0.8,,,,12280813841299030061,14740558125330130023,gripper_flip_rate,0.5
gpu_0,base,clean/stack_blocks_three/episode_000030/0_447,stack_blocks_three,episode_000030,clean,,,,final_action,brightness,0.8,,,,12280813841299030061,14740558125330130023,temporal_jerk_difference,0.012217369861900806
gpu_0,base,clean/stack_blocks_three/episode_000030/0_447,stack_blocks_three,episode_000030,clean,,,,final_action,brightness,1.2,,,,12280813841299030061,9830554915469431070,action_relative_l2,0.1318720579147339
gpu_0,base,clean/stack_blocks_three/episode_000030/0_447,stack_blocks_three,episode_000030,clean,,,,final_action,brightness,1.2,,,,12280813841299030061,9830554915469431070,action_mean_abs,0.008396986871957779
gpu_0,base,clean/stack_blocks_three/episode_000030/0_447,stack_blocks_three,episode_000030,clean,,,,final_action,brightness,1.2,,,,12280813841299030061,9830554915469431070,action_relative_l2/first_25pct,0.0
gpu_0,base,clean/stack_blocks_three/episode_000030/0_447,stack_blocks_three,episode_000030,clean,,,,final_action,brightness,1.2,,,,12280813841299030061,9830554915469431070,action_relative_l2/last_75pct,0.141793355345726
gpu_0,base,clean/stack_blocks_three/episode_000030/0_447,stack_blocks_three,episode_000030,clean,,,,final_action,brightness,1.2,,,,12280813841299030061,9830554915469431070,endpoint_l2/left_position,0.006440059281885624
gpu_0,base,clean/stack_blocks_three/episode_000030/0_447,stack_blocks_three,episode_000030,clean,,,,final_action,brightness,1.2,,,,12280813841299030061,9830554915469431070,endpoint_l2/right_position,0.003263268619775772
gpu_0,base,clean/stack_blocks_three/episode_000030/0_447,stack_blocks_three,episode_000030,clean,,,,final_action,brightness,1.2,,,,12280813841299030061,9830554915469431070,rotation_geodesic/left_rotation,0.005906100384891033
gpu_0,base,clean/stack_blocks_three/episode_000030/0_447,stack_blocks_three,episode_000030,clean,,,,final_action,brightness,1.2,,,,12280813841299030061,9830554915469431070,rotation_geodesic/right_rotation,0.012906916439533234
gpu_0,base,clean/stack_blocks_three/episode_000030/0_447,stack_blocks_three,episode_000030,clean,,,,final_action,brightness,1.2,,,,12280813841299030061,9830554915469431070,gripper_flip_rate,0.25
gpu_0,base,clean/stack_blocks_three/episode_000030/0_447,stack_blocks_three,episode_000030,clean,,,,final_action,brightness,1.2,,,,12280813841299030061,9830554915469431070,temporal_jerk_difference,0.0022282616700977087
gpu_0,base,clean/stack_blocks_three/episode_000030/0_447,stack_blocks_three,episode_000030,clean,,,,final_action,color_temperature,-0.1,,,,12280813841299030061,15666566753435024262,action_relative_l2,0.02978598326444626
gpu_0,base,clean/stack_blocks_three/episode_000030/0_447,stack_blocks_three,episode_000030,clean,,,,final_action,color_temperature,-0.1,,,,12280813841299030061,15666566753435024262,action_mean_abs,0.002823593094944954
gpu_0,base,clean/stack_blocks_three/episode_000030/0_447,stack_blocks_three,episode_000030,clean,,,,final_action,color_temperature,-0.1,,,,12280813841299030061,15666566753435024262,action_relative_l2/first_25pct,0.0
gpu_0,base,clean/stack_blocks_three/episode_000030/0_447,stack_blocks_three,episode_000030,clean,,,,final_action,color_temperature,-0.1,,,,12280813841299030061,15666566753435024262,action_relative_l2/last_75pct,0.03202691301703453
gpu_0,base,clean/stack_blocks_three/episode_000030/0_447,stack_blocks_three,episode_000030,clean,,,,final_action,color_temperature,-0.1,,,,12280813841299030061,15666566753435024262,endpoint_l2/left_position,0.008595370687544346
gpu_0,base,clean/stack_blocks_three/episode_000030/0_447,stack_blocks_three,episode_000030,clean,,,,final_action,color_temperature,-0.1,,,,12280813841299030061,15666566753435024262,endpoint_l2/right_position,0.0034376096446067095
gpu_0,base,clean/stack_blocks_three/episode_000030/0_447,stack_blocks_three,episode_000030,clean,,,,final_action,color_temperature,-0.1,,,,12280813841299030061,15666566753435024262,rotation_geodesic/left_rotation,0.006676364690065384
gpu_0,base,clean/stack_blocks_three/episode_000030/0_447,stack_blocks_three,episode_000030,clean,,,,final_action,color_temperature,-0.1,,,,12280813841299030061,15666566753435024262,rotation_geodesic/right_rotation,0.005418291315436363
gpu_0,base,clean/stack_blocks_three/episode_000030/0_447,stack_blocks_three,episode_000030,clean,,,,final_action,color_temperature,-0.1,,,,12280813841299030061,15666566753435024262,gripper_flip_rate,0.203125
gpu_0,base,clean/stack_blocks_three/episode_000030/0_447,stack_blocks_three,episode_000030,clean,,,,final_action,color_temperature,-0.1,,,,12280813841299030061,15666566753435024262,temporal_jerk_difference,0.0017512929625809193
gpu_0,base,clean/stack_blocks_three/episode_000030/0_447,stack_blocks_three,episode_000030,clean,,,,final_action,color_temperature,0.1,,,,12280813841299030061,4205121641594680140,action_relative_l2,0.11576385796070099
gpu_0,base,clean/stack_blocks_three/episode_000030/0_447,stack_blocks_three,episode_000030,clean,,,,final_action,color_temperature,0.1,,,,12280813841299030061,4205121641594680140,action_mean_abs,0.007807278539985418
gpu_0,base,clean/stack_blocks_three/episode_000030/0_447,stack_blocks_three,episode_000030,clean,,,,final_action,color_temperature,0.1,,,,12280813841299030061,4205121641594680140,action_relative_l2/first_25pct,0.0
gpu_0,base,clean/stack_blocks_three/episode_000030/0_447,stack_blocks_three,episode_000030,clean,,,,final_action,color_temperature,0.1,,,,12280813841299030061,4205121641594680140,action_relative_l2/last_75pct,0.12447327375411987
gpu_0,base,clean/stack_blocks_three/episode_000030/0_447,stack_blocks_three,episode_000030,clean,,,,final_action,color_temperature,0.1,,,,12280813841299030061,4205121641594680140,endpoint_l2/left_position,0.012775338254868984
gpu_0,base,clean/stack_blocks_three/episode_000030/0_447,stack_blocks_three,episode_000030,clean,,,,final_action,color_temperature,0.1,,,,12280813841299030061,4205121641594680140,endpoint_l2/right_position,0.007702951319515705
gpu_0,base,clean/stack_blocks_three/episode_000030/0_447,stack_blocks_three,episode_000030,clean,,,,final_action,color_temperature,0.1,,,,12280813841299030061,4205121641594680140,rotation_geodesic/left_rotation,0.0090121328830719
gpu_0,base,clean/stack_blocks_three/episode_000030/0_447,stack_blocks_three,episode_000030,clean,,,,final_action,color_temperature,0.1,,,,12280813841299030061,4205121641594680140,rotation_geodesic/right_rotation,0.019222643226385117
gpu_0,base,clean/stack_blocks_three/episode_000030/0_447,stack_blocks_three,episode_000030,clean,,,,final_action,color_temperature,0.1,,,,12280813841299030061,4205121641594680140,gripper_flip_rate,0.25
gpu_0,base,clean/stack_blocks_three/episode_000030/0_447,stack_blocks_three,episode_000030,clean,,,,final_action,color_temperature,0.1,,,,12280813841299030061,4205121641594680140,temporal_jerk_difference,0.0024915561079978943
gpu_0,base,clean/stack_blocks_three/episode_000030/0_447,stack_blocks_three,episode_000030,clean,,,,final_action,gamma,0.8,,,,12280813841299030061,12381315702077997941,action_relative_l2,0.0565849132835865
gpu_0,base,clean/stack_blocks_three/episode_000030/0_447,stack_blocks_three,episode_000030,clean,,,,final_action,gamma,0.8,,,,12280813841299030061,12381315702077997941,action_mean_abs,0.003787977620959282
gpu_0,base,clean/stack_blocks_three/episode_000030/0_447,stack_blocks_three,episode_000030,clean,,,,final_action,gamma,0.8,,,,12280813841299030061,12381315702077997941,action_relative_l2/first_25pct,0.0
gpu_0,base,clean/stack_blocks_three/episode_000030/0_447,stack_blocks_three,episode_000030,clean,,,,final_action,gamma,0.8,,,,12280813841299030061,12381315702077997941,action_relative_l2/last_75pct,0.060842037200927734
gpu_0,base,clean/stack_blocks_three/episode_000030/0_447,stack_blocks_three,episode_000030,clean,,,,final_action,gamma,0.8,,,,12280813841299030061,12381315702077997941,endpoint_l2/left_position,0.006322789471596479
gpu_0,base,clean/stack_blocks_three/episode_000030/0_447,stack_blocks_three,episode_000030,clean,,,,final_action,gamma,0.8,,,,12280813841299030061,12381315702077997941,endpoint_l2/right_position,0.003596346592530608
gpu_0,base,clean/stack_blocks_three/episode_000030/0_447,stack_blocks_three,episode_000030,clean,,,,final_action,gamma,0.8,,,,12280813841299030061,12381315702077997941,rotation_geodesic/left_rotation,0.0014461632817983627
gpu_0,base,clean/stack_blocks_three/episode_000030/0_447,stack_blocks_three,episode_000030,clean,,,,final_action,gamma,0.8,,,,12280813841299030061,12381315702077997941,rotation_geodesic/right_rotation,0.00959121435880661
gpu_0,base,clean/stack_blocks_three/episode_000030/0_447,stack_blocks_three,episode_000030,clean,,,,final_action,gamma,0.8,,,,12280813841299030061,12381315702077997941,gripper_flip_rate,0.0
gpu_0,base,clean/stack_blocks_three/episode_000030/0_447,stack_blocks_three,episode_000030,clean,,,,final_action,gamma,0.8,,,,12280813841299030061,12381315702077997941,temporal_jerk_difference,0.0017896152567118406
gpu_0,base,clean/stack_blocks_three/episode_000030/0_447,stack_blocks_three,episode_000030,clean,,,,final_action,gamma,1.2,,,,12280813841299030061,1479468069143235415,action_relative_l2,0.03974969685077667
gpu_0,base,clean/stack_blocks_three/episode_000030/0_447,stack_blocks_three,episode_000030,clean,,,,final_action,gamma,1.2,,,,12280813841299030061,1479468069143235415,action_mean_abs,0.0024654045701026917
gpu_0,base,clean/stack_blocks_three/episode_000030/0_447,stack_blocks_three,episode_000030,clean,,,,final_action,gamma,1.2,,,,12280813841299030061,1479468069143235415,action_relative_l2/first_25pct,0.0
gpu_0,base,clean/stack_blocks_three/episode_000030/0_447,stack_blocks_three,episode_000030,clean,,,,final_action,gamma,1.2,,,,12280813841299030061,1479468069143235415,action_relative_l2/last_75pct,0.04274023696780205
gpu_0,base,clean/stack_blocks_three/episode_000030/0_447,stack_blocks_three,episode_000030,clean,,,,final_action,gamma,1.2,,,,12280813841299030061,1479468069143235415,endpoint_l2/left_position,0.0025400416925549507
gpu_0,base,clean/stack_blocks_three/episode_000030/0_447,stack_blocks_three,episode_000030,clean,,,,final_action,gamma,1.2,,,,12280813841299030061,1479468069143235415,endpoint_l2/right_position,0.0013958658091723919
gpu_0,base,clean/stack_blocks_three/episode_000030/0_447,stack_blocks_three,episode_000030,clean,,,,final_action,gamma,1.2,,,,12280813841299030061,1479468069143235415,rotation_geodesic/left_rotation,0.0021259405184537172
gpu_0,base,clean/stack_blocks_three/episode_000030/0_447,stack_blocks_three,episode_000030,clean,,,,final_action,gamma,1.2,,,,12280813841299030061,1479468069143235415,rotation_geodesic/right_rotation,0.008202037774026394
gpu_0,base,clean/stack_blocks_three/episode_000030/0_447,stack_blocks_three,episode_000030,clean,,,,final_action,gamma,1.2,,,,12280813841299030061,1479468069143235415,gripper_flip_rate,0.0
gpu_0,base,clean/stack_blocks_three/episode_000030/0_447,stack_blocks_three,episode_000030,clean,,,,final_action,gamma,1.2,,,,12280813841299030061,1479468069143235415,temporal_jerk_difference,0.001672800979577005
gpu_0,base,clean/stack_blocks_three/episode_000030/0_447,stack_blocks_three,episode_000030,clean,,,,final_action,gaussian_blur_sigma,0.5,,,,12280813841299030061,11617124187135812490,action_relative_l2,0.009840981103479862
gpu_0,base,clean/stack_blocks_three/episode_000030/0_447,stack_blocks_three,episode_000030,clean,,,,final_action,gaussian_blur_sigma,0.5,,,,12280813841299030061,11617124187135812490,action_mean_abs,0.0006728693260811269
gpu_0,base,clean/stack_blocks_three/episode_000030/0_447,stack_blocks_three,episode_000030,clean,,,,final_action,gaussian_blur_sigma,0.5,,,,12280813841299030061,11617124187135812490,action_relative_l2/first_25pct,0.0
gpu_0,base,clean/stack_blocks_three/episode_000030/0_447,stack_blocks_three,episode_000030,clean,,,,final_action,gaussian_blur_sigma,0.5,,,,12280813841299030061,11617124187135812490,action_relative_l2/last_75pct,0.010581360198557377
gpu_0,base,clean/stack_blocks_three/episode_000030/0_447,stack_blocks_three,episode_000030,clean,,,,final_action,gaussian_blur_sigma,0.5,,,,12280813841299030061,11617124187135812490,endpoint_l2/left_position,0.002390556037425995
gpu_0,base,clean/stack_blocks_three/episode_000030/0_447,stack_blocks_three,episode_000030,clean,,,,final_action,gaussian_blur_sigma,0.5,,,,12280813841299030061,11617124187135812490,endpoint_l2/right_position,0.001167893409729004
gpu_0,base,clean/stack_blocks_three/episode_000030/0_447,stack_blocks_three,episode_000030,clean,,,,final_action,gaussian_blur_sigma,0.5,,,,12280813841299030061,11617124187135812490,rotation_geodesic/left_rotation,0.0004986636922694743
gpu_0,base,clean/stack_blocks_three/episode_000030/0_447,stack_blocks_three,episode_000030,clean,,,,final_action,gaussian_blur_sigma,0.5,,,,12280813841299030061,11617124187135812490,rotation_geodesic/right_rotation,0.0038433668669313192
gpu_0,base,clean/stack_blocks_three/episode_000030/0_447,stack_blocks_three,episode_000030,clean,,,,final_action,gaussian_blur_sigma,0.5,,,,12280813841299030061,11617124187135812490,gripper_flip_rate,0.0
gpu_0,base,clean/stack_blocks_three/episode_000030/0_447,stack_blocks_three,episode_000030,clean,,,,final_action,gaussian_blur_sigma,0.5,,,,12280813841299030061,11617124187135812490,temporal_jerk_difference,0.000750536157283932
gpu_0,base,clean/stack_blocks_three/episode_000030/0_447,stack_blocks_three,episode_000030,clean,,,,final_action,gaussian_blur_sigma,1.0,,,,12280813841299030061,18440392788514194603,action_relative_l2,0.03640136867761612
gpu_0,base,clean/stack_blocks_three/episode_000030/0_447,stack_blocks_three,episode_000030,clean,,,,final_action,gaussian_blur_sigma,1.0,,,,12280813841299030061,18440392788514194603,action_mean_abs,0.0024507474154233932
gpu_0,base,clean/stack_blocks_three/episode_000030/0_447,stack_blocks_three,episode_000030,clean,,,,final_action,gaussian_blur_sigma,1.0,,,,12280813841299030061,18440392788514194603,action_relative_l2/first_25pct,0.0
gpu_0,base,clean/stack_blocks_three/episode_000030/0_447,stack_blocks_three,episode_000030,clean,,,,final_action,gaussian_blur_sigma,1.0,,,,12280813841299030061,18440392788514194603,action_relative_l2/last_75pct,0.0391400009393692
gpu_0,base,clean/stack_blocks_three/episode_000030/0_447,stack_blocks_three,episode_000030,clean,,,,final_action,gaussian_blur_sigma,1.0,,,,12280813841299030061,18440392788514194603,endpoint_l2/left_position,0.001774636097252369
gpu_0,base,clean/stack_blocks_three/episode_000030/0_447,stack_blocks_three,episode_000030,clean,,,,final_action,gaussian_blur_sigma,1.0,,,,12280813841299030061,18440392788514194603,endpoint_l2/right_position,0.0017007056158035994
gpu_0,base,clean/stack_blocks_three/episode_000030/0_447,stack_blocks_three,episode_000030,clean,,,,final_action,gaussian_blur_sigma,1.0,,,,12280813841299030061,18440392788514194603,rotation_geodesic/left_rotation,0.000906405271962285
gpu_0,base,clean/stack_blocks_three/episode_000030/0_447,stack_blocks_three,episode_000030,clean,,,,final_action,gaussian_blur_sigma,1.0,,,,12280813841299030061,18440392788514194603,rotation_geodesic/right_rotation,0.008364618755877018
gpu_0,base,clean/stack_blocks_three/episode_000030/0_447,stack_blocks_three,episode_000030,clean,,,,final_action,gaussian_blur_sigma,1.0,,,,12280813841299030061,18440392788514194603,gripper_flip_rate,0.0
gpu_0,base,clean/stack_blocks_three/episode_000030/0_447,stack_blocks_three,episode_000030,clean,,,,final_action,gaussian_blur_sigma,1.0,,,,12280813841299030061,18440392788514194603,temporal_jerk_difference,0.0014933233615010977
gpu_0,base,clean/stack_blocks_three/episode_000030/0_447,stack_blocks_three,episode_000030,clean,,,,final_action,gaussian_noise_std,0.01,,,,12280813841299030061,318962294272706403,action_relative_l2,0.13784582912921906
gpu_0,base,clean/stack_blocks_three/episode_000030/0_447,stack_blocks_three,episode_000030,clean,,,,final_action,gaussian_noise_std,0.01,,,,12280813841299030061,318962294272706403,action_mean_abs,0.008756020106375217
gpu_0,base,clean/stack_blocks_three/episode_000030/0_447,stack_blocks_three,episode_000030,clean,,,,final_action,gaussian_noise_std,0.01,,,,12280813841299030061,318962294272706403,action_relative_l2/first_25pct,0.0
gpu_0,base,clean/stack_blocks_three/episode_000030/0_447,stack_blocks_three,episode_000030,clean,,,,final_action,gaussian_noise_std,0.01,,,,12280813841299030061,318962294272706403,action_relative_l2/last_75pct,0.14821656048297882
gpu_0,base,clean/stack_blocks_three/episode_000030/0_447,stack_blocks_three,episode_000030,clean,,,,final_action,gaussian_noise_std,0.01,,,,12280813841299030061,318962294272706403,endpoint_l2/left_position,0.011634442955255508
gpu_0,base,clean/stack_blocks_three/episode_000030/0_447,stack_blocks_three,episode_000030,clean,,,,final_action,gaussian_noise_std,0.01,,,,12280813841299030061,318962294272706403,endpoint_l2/right_position,0.007212408818304539
gpu_0,base,clean/stack_blocks_three/episode_000030/0_447,stack_blocks_three,episode_000030,clean,,,,final_action,gaussian_noise_std,0.01,,,,12280813841299030061,318962294272706403,rotation_geodesic/left_rotation,0.011852706782519817
gpu_0,base,clean/stack_blocks_three/episode_000030/0_447,stack_blocks_three,episode_000030,clean,,,,final_action,gaussian_noise_std,0.01,,,,12280813841299030061,318962294272706403,rotation_geodesic/right_rotation,0.015088934451341629
gpu_0,base,clean/stack_blocks_three/episode_000030/0_447,stack_blocks_three,episode_000030,clean,,,,final_action,gaussian_noise_std,0.01,,,,12280813841299030061,318962294272706403,gripper_flip_rate,0.0
gpu_0,base,clean/stack_blocks_three/episode_000030/0_447,stack_blocks_three,episode_000030,clean,,,,final_action,gaussian_noise_std,0.01,,,,12280813841299030061,318962294272706403,temporal_jerk_difference,0.002602300839498639
gpu_0,base,clean/stack_blocks_three/episode_000030/0_447,stack_blocks_three,episode_000030,clean,,,,final_action,gaussian_noise_std,0.03,,,,12280813841299030061,10916310403062362012,action_relative_l2,0.19690117239952087
gpu_0,base,clean/stack_blocks_three/episode_000030/0_447,stack_blocks_three,episode_000030,clean,,,,final_action,gaussian_noise_std,0.03,,,,12280813841299030061,10916310403062362012,action_mean_abs,0.014348382130265236
gpu_0,base,clean/stack_blocks_three/episode_000030/0_447,stack_blocks_three,episode_000030,clean,,,,final_action,gaussian_noise_std,0.03,,,,12280813841299030061,10916310403062362012,action_relative_l2/first_25pct,0.0
gpu_0,base,clean/stack_blocks_three/episode_000030/0_447,stack_blocks_three,episode_000030,clean,,,,final_action,gaussian_noise_std,0.03,,,,12280813841299030061,10916310403062362012,action_relative_l2/last_75pct,0.21171489357948303
gpu_0,base,clean/stack_blocks_three/episode_000030/0_447,stack_blocks_three,episode_000030,clean,,,,final_action,gaussian_noise_std,0.03,,,,12280813841299030061,10916310403062362012,endpoint_l2/left_position,0.028104141354560852
gpu_0,base,clean/stack_blocks_three/episode_000030/0_447,stack_blocks_three,episode_000030,clean,,,,final_action,gaussian_noise_std,0.03,,,,12280813841299030061,10916310403062362012,endpoint_l2/right_position,0.011587068438529968
gpu_0,base,clean/stack_blocks_three/episode_000030/0_447,stack_blocks_three,episode_000030,clean,,,,final_action,gaussian_noise_std,0.03,,,,12280813841299030061,10916310403062362012,rotation_geodesic/left_rotation,0.014287974685430527
gpu_0,base,clean/stack_blocks_three/episode_000030/0_447,stack_blocks_three,episode_000030,clean,,,,final_action,gaussian_noise_std,0.03,,,,12280813841299030061,10916310403062362012,rotation_geodesic/right_rotation,0.02423645183444023
gpu_0,base,clean/stack_blocks_three/episode_000030/0_447,stack_blocks_three,episode_000030,clean,,,,final_action,gaussian_noise_std,0.03,,,,12280813841299030061,10916310403062362012,gripper_flip_rate,0.0
gpu_0,base,clean/stack_blocks_three/episode_000030/0_447,stack_blocks_three,episode_000030,clean,,,,final_action,gaussian_noise_std,0.03,,,,12280813841299030061,10916310403062362012,temporal_jerk_difference,0.0032807914540171623
gpu_0,base,clean/stack_blocks_three/episode_000030/0_447,stack_blocks_three,episode_000030,clean,,,,final_action,identity,0.0,,,,12280813841299030061,,action_relative_l2,0.0
gpu_0,base,clean/stack_blocks_three/episode_000030/0_447,stack_blocks_three,episode_000030,clean,,,,final_action,identity,0.0,,,,12280813841299030061,,action_mean_abs,0.0
gpu_0,base,clean/stack_blocks_three/episode_000030/0_447,stack_blocks_three,episode_000030,clean,,,,final_action,identity,0.0,,,,12280813841299030061,,action_relative_l2/first_25pct,0.0
gpu_0,base,clean/stack_blocks_three/episode_000030/0_447,stack_blocks_three,episode_000030,clean,,,,final_action,identity,0.0,,,,12280813841299030061,,action_relative_l2/last_75pct,0.0
gpu_0,base,clean/stack_blocks_three/episode_000030/0_447,stack_blocks_three,episode_000030,clean,,,,final_action,identity,0.0,,,,12280813841299030061,,endpoint_l2/left_position,0.0
gpu_0,base,clean/stack_blocks_three/episode_000030/0_447,stack_blocks_three,episode_000030,clean,,,,final_action,identity,0.0,,,,12280813841299030061,,endpoint_l2/right_position,0.0
gpu_0,base,clean/stack_blocks_three/episode_000030/0_447,stack_blocks_three,episode_000030,clean,,,,final_action,identity,0.0,,,,12280813841299030061,,rotation_geodesic/left_rotation,0.000257400912232697
gpu_0,base,clean/stack_blocks_three/episode_000030/0_447,stack_blocks_three,episode_000030,clean,,,,final_action,identity,0.0,,,,12280813841299030061,,rotation_geodesic/right_rotation,0.0001473519077990204
gpu_0,base,clean/stack_blocks_three/episode_000030/0_447,stack_blocks_three,episode_000030,clean,,,,final_action,identity,0.0,,,,12280813841299030061,,gripper_flip_rate,0.0
gpu_0,base,clean/stack_blocks_three/episode_000030/0_447,stack_blocks_three,episode_000030,clean,,,,final_action,identity,0.0,,,,12280813841299030061,,temporal_jerk_difference,0.0
gpu_0,clean,clean/adjust_bottle/episode_000044/0_139,adjust_bottle,episode_000044,clean,,,,final_action,brightness,0.8,,,,204078420560127207,13345697289178260558,action_relative_l2,0.014098955318331718
gpu_0,clean,clean/adjust_bottle/episode_000044/0_139,adjust_bottle,episode_000044,clean,,,,final_action,brightness,0.8,,,,204078420560127207,13345697289178260558,action_mean_abs,0.0025996696203947067
gpu_0,clean,clean/adjust_bottle/episode_000044/0_139,adjust_bottle,episode_000044,clean,,,,final_action,brightness,0.8,,,,204078420560127207,13345697289178260558,action_relative_l2/first_25pct,0.0
gpu_0,clean,clean/adjust_bottle/episode_000044/0_139,adjust_bottle,episode_000044,clean,,,,final_action,brightness,0.8,,,,204078420560127207,13345697289178260558,action_relative_l2/last_75pct,0.01458811853080988
gpu_0,clean,clean/adjust_bottle/episode_000044/0_139,adjust_bottle,episode_000044,clean,,,,final_action,brightness,0.8,,,,204078420560127207,13345697289178260558,endpoint_l2/left_position,0.00854807160794735
gpu_0,clean,clean/adjust_bottle/episode_000044/0_139,adjust_bottle,episode_000044,clean,,,,final_action,brightness,0.8,,,,204078420560127207,13345697289178260558,endpoint_l2/right_position,0.01512162759900093
gpu_0,clean,clean/adjust_bottle/episode_000044/0_139,adjust_bottle,episode_000044,clean,,,,final_action,brightness,0.8,,,,204078420560127207,13345697289178260558,rotation_geodesic/left_rotation,0.005318503361195326
gpu_0,clean,clean/adjust_bottle/episode_000044/0_139,adjust_bottle,episode_000044,clean,,,,final_action,brightness,0.8,,,,204078420560127207,13345697289178260558,rotation_geodesic/right_rotation,0.016847960650920868
gpu_0,clean,clean/adjust_bottle/episode_000044/0_139,adjust_bottle,episode_000044,clean,,,,final_action,brightness,0.8,,,,204078420560127207,13345697289178260558,gripper_flip_rate,0.0
gpu_0,clean,clean/adjust_bottle/episode_000044/0_139,adjust_bottle,episode_000044,clean,,,,final_action,brightness,0.8,,,,204078420560127207,13345697289178260558,temporal_jerk_difference,0.002189802238717675
gpu_0,clean,clean/adjust_bottle/episode_000044/0_139,adjust_bottle,episode_000044,clean,,,,final_action,brightness,1.2,,,,204078420560127207,739887505226363588,action_relative_l2,0.01653454825282097
gpu_0,clean,clean/adjust_bottle/episode_000044/0_139,adjust_bottle,episode_000044,clean,,,,final_action,brightness,1.2,,,,204078420560127207,739887505226363588,action_mean_abs,0.0025460021570324898
gpu_0,clean,clean/adjust_bottle/episode_000044/0_139,adjust_bottle,episode_000044,clean,,,,final_action,brightness,1.2,,,,204078420560127207,739887505226363588,action_relative_l2/first_25pct,0.0
gpu_0,clean,clean/adjust_bottle/episode_000044/0_139,adjust_bottle,episode_000044,clean,,,,final_action,brightness,1.2,,,,204078420560127207,739887505226363588,action_relative_l2/last_75pct,0.017108215019106865
gpu_0,clean,clean/adjust_bottle/episode_000044/0_139,adjust_bottle,episode_000044,clean,,,,final_action,brightness,1.2,,,,204078420560127207,739887505226363588,endpoint_l2/left_position,0.0018117844592779875
gpu_0,clean,clean/adjust_bottle/episode_000044/0_139,adjust_bottle,episode_000044,clean,,,,final_action,brightness,1.2,,,,204078420560127207,739887505226363588,endpoint_l2/right_position,0.010950608178973198
gpu_0,clean,clean/adjust_bottle/episode_000044/0_139,adjust_bottle,episode_000044,clean,,,,final_action,brightness,1.2,,,,204078420560127207,739887505226363588,rotation_geodesic/left_rotation,0.0031857159920036793
gpu_0,clean,clean/adjust_bottle/episode_000044/0_139,adjust_bottle,episode_000044,clean,,,,final_action,brightness,1.2,,,,204078420560127207,739887505226363588,rotation_geodesic/right_rotation,0.02941335178911686
gpu_0,clean,clean/adjust_bottle/episode_000044/0_139,adjust_bottle,episode_000044,clean,,,,final_action,brightness,1.2,,,,204078420560127207,739887505226363588,gripper_flip_rate,0.0
gpu_0,clean,clean/adjust_bottle/episode_000044/0_139,adjust_bottle,episode_000044,clean,,,,final_action,brightness,1.2,,,,204078420560127207,739887505226363588,temporal_jerk_difference,0.001881287549622357
gpu_0,clean,clean/adjust_bottle/episode_000044/0_139,adjust_bottle,episode_000044,clean,,,,final_action,color_temperature,-0.1,,,,204078420560127207,765584118789078213,action_relative_l2,0.026073839515447617
gpu_0,clean,clean/adjust_bottle/episode_000044/0_139,adjust_bottle,episode_000044,clean,,,,final_action,color_temperature,-0.1,,,,204078420560127207,765584118789078213,action_mean_abs,0.0035821860656142235
gpu_0,clean,clean/adjust_bottle/episode_000044/0_139,adjust_bottle,episode_000044,clean,,,,final_action,color_temperature,-0.1,,,,204078420560127207,765584118789078213,action_relative_l2/first_25pct,0.0
gpu_0,clean,clean/adjust_bottle/episode_000044/0_139,adjust_bottle,episode_000044,clean,,,,final_action,color_temperature,-0.1,,,,204078420560127207,765584118789078213,action_relative_l2/last_75pct,0.026978472247719765
gpu_0,clean,clean/adjust_bottle/episode_000044/0_139,adjust_bottle,episode_000044,clean,,,,final_action,color_temperature,-0.1,,,,204078420560127207,765584118789078213,endpoint_l2/left_position,0.0047121294774115086
gpu_0,clean,clean/adjust_bottle/episode_000044/0_139,adjust_bottle,episode_000044,clean,,,,final_action,color_temperature,-0.1,,,,204078420560127207,765584118789078213,endpoint_l2/right_position,0.036206360906362534
gpu_0,clean,clean/adjust_bottle/episode_000044/0_139,adjust_bottle,episode_000044,clean,,,,final_action,color_temperature,-0.1,,,,204078420560127207,765584118789078213,rotation_geodesic/left_rotation,0.006611988414078951
gpu_0,clean,clean/adjust_bottle/episode_000044/0_139,adjust_bottle,episode_000044,clean,,,,final_action,color_temperature,-0.1,,,,204078420560127207,765584118789078213,rotation_geodesic/right_rotation,0.04026276245713234
gpu_0,clean,clean/adjust_bottle/episode_000044/0_139,adjust_bottle,episode_000044,clean,,,,final_action,color_temperature,-0.1,,,,204078420560127207,765584118789078213,gripper_flip_rate,0.0
gpu_0,clean,clean/adjust_bottle/episode_000044/0_139,adjust_bottle,episode_000044,clean,,,,final_action,color_temperature,-0.1,,,,204078420560127207,765584118789078213,temporal_jerk_difference,0.0015275690238922834
gpu_0,clean,clean/adjust_bottle/episode_000044/0_139,adjust_bottle,episode_000044,clean,,,,final_action,color_temperature,0.1,,,,204078420560127207,9775476510567872708,action_relative_l2,0.006661145016551018
gpu_0,clean,clean/adjust_bottle/episode_000044/0_139,adjust_bottle,episode_000044,clean,,,,final_action,color_temperature,0.1,,,,204078420560127207,9775476510567872708,action_mean_abs,0.000998149742372334
gpu_0,clean,clean/adjust_bottle/episode_000044/0_139,adjust_bottle,episode_000044,clean,,,,final_action,color_temperature,0.1,,,,204078420560127207,9775476510567872708,action_relative_l2/first_25pct,0.0
gpu_0,clean,clean/adjust_bottle/episode_000044/0_139,adjust_bottle,episode_000044,clean,,,,final_action,color_temperature,0.1,,,,204078420560127207,9775476510567872708,action_relative_l2/last_75pct,0.006892253644764423
gpu_0,clean,clean/adjust_bottle/episode_000044/0_139,adjust_bottle,episode_000044,clean,,,,final_action,color_temperature,0.1,,,,204078420560127207,9775476510567872708,endpoint_l2/left_position,0.001584343728609383
gpu_0,clean,clean/adjust_bottle/episode_000044/0_139,adjust_bottle,episode_000044,clean,,,,final_action,color_temperature,0.1,,,,204078420560127207,9775476510567872708,endpoint_l2/right_position,0.010003700852394104
gpu_0,clean,clean/adjust_bottle/episode_000044/0_139,adjust_bottle,episode_000044,clean,,,,final_action,color_temperature,0.1,,,,204078420560127207,9775476510567872708,rotation_geodesic/left_rotation,0.004137852229177952
gpu_0,clean,clean/adjust_bottle/episode_000044/0_139,adjust_bottle,episode_000044,clean,,,,final_action,color_temperature,0.1,,,,204078420560127207,9775476510567872708,rotation_geodesic/right_rotation,0.007535033859312534
gpu_0,clean,clean/adjust_bottle/episode_000044/0_139,adjust_bottle,episode_000044,clean,,,,final_action,color_temperature,0.1,,,,204078420560127207,9775476510567872708,gripper_flip_rate,0.0
gpu_0,clean,clean/adjust_bottle/episode_000044/0_139,adjust_bottle,episode_000044,clean,,,,final_action,color_temperature,0.1,,,,204078420560127207,9775476510567872708,temporal_jerk_difference,0.0013955157482996583
gpu_0,clean,clean/adjust_bottle/episode_000044/0_139,adjust_bottle,episode_000044,clean,,,,final_action,gamma,0.8,,,,204078420560127207,18087504126169967844,action_relative_l2,0.005890802945941687
gpu_0,clean,clean/adjust_bottle/episode_000044/0_139,adjust_bottle,episode_000044,clean,,,,final_action,gamma,0.8,,,,204078420560127207,18087504126169967844,action_mean_abs,0.0007172910263761878
gpu_0,clean,clean/adjust_bottle/episode_000044/0_139,adjust_bottle,episode_000044,clean,,,,final_action,gamma,0.8,,,,204078420560127207,18087504126169967844,action_relative_l2/first_25pct,0.0
gpu_0,clean,clean/adjust_bottle/episode_000044/0_139,adjust_bottle,episode_000044,clean,,,,final_action,gamma,0.8,,,,204078420560127207,18087504126169967844,action_relative_l2/last_75pct,0.006095184478908777
gpu_0,clean,clean/adjust_bottle/episode_000044/0_139,adjust_bottle,episode_000044,clean,,,,final_action,gamma,0.8,,,,204078420560127207,18087504126169967844,endpoint_l2/left_position,0.0009058968280442059
gpu_0,clean,clean/adjust_bottle/episode_000044/0_139,adjust_bottle,episode_000044,clean,,,,final_action,gamma,0.8,,,,204078420560127207,18087504126169967844,endpoint_l2/right_position,0.0007645189762115479
gpu_0,clean,clean/adjust_bottle/episode_000044/0_139,adjust_bottle,episode_000044,clean,,,,final_action,gamma,0.8,,,,204078420560127207,18087504126169967844,rotation_geodesic/left_rotation,0.0016129828291013837
gpu_0,clean,clean/adjust_bottle/episode_000044/0_139,adjust_bottle,episode_000044,clean,,,,final_action,gamma,0.8,,,,204078420560127207,18087504126169967844,rotation_geodesic/right_rotation,0.007550060749053955
gpu_0,clean,clean/adjust_bottle/episode_000044/0_139,adjust_bottle,episode_000044,clean,,,,final_action,gamma,0.8,,,,204078420560127207,18087504126169967844,gripper_flip_rate,0.0
gpu_0,clean,clean/adjust_bottle/episode_000044/0_139,adjust_bottle,episode_000044,clean,,,,final_action,gamma,0.8,,,,204078420560127207,18087504126169967844,temporal_jerk_difference,0.0015451429644599557
gpu_0,clean,clean/adjust_bottle/episode_000044/0_139,adjust_bottle,episode_000044,clean,,,,final_action,gamma,1.2,,,,204078420560127207,6964187763139144458,action_relative_l2,0.004294863436371088
gpu_0,clean,clean/adjust_bottle/episode_000044/0_139,adjust_bottle,episode_000044,clean,,,,final_action,gamma,1.2,,,,204078420560127207,6964187763139144458,action_mean_abs,0.0003955322317779064
gpu_0,clean,clean/adjust_bottle/episode_000044/0_139,adjust_bottle,episode_000044,clean,,,,final_action,gamma,1.2,,,,204078420560127207,6964187763139144458,action_relative_l2/first_25pct,0.0
gpu_0,clean,clean/adjust_bottle/episode_000044/0_139,adjust_bottle,episode_000044,clean,,,,final_action,gamma,1.2,,,,204078420560127207,6964187763139144458,action_relative_l2/last_75pct,0.00444387411698699
gpu_0,clean,clean/adjust_bottle/episode_000044/0_139,adjust_bottle,episode_000044,clean,,,,final_action,gamma,1.2,,,,204078420560127207,6964187763139144458,endpoint_l2/left_position,0.0
gpu_0,clean,clean/adjust_bottle/episode_000044/0_139,adjust_bottle,episode_000044,clean,,,,final_action,gamma,1.2,,,,204078420560127207,6964187763139144458,endpoint_l2/right_position,0.0024562093894928694
gpu_0,clean,clean/adjust_bottle/episode_000044/0_139,adjust_bottle,episode_000044,clean,,,,final_action,gamma,1.2,,,,204078420560127207,6964187763139144458,rotation_geodesic/left_rotation,0.0015657111071050167
gpu_0,clean,clean/adjust_bottle/episode_000044/0_139,adjust_bottle,episode_000044,clean,,,,final_action,gamma,1.2,,,,204078420560127207,6964187763139144458,rotation_geodesic/right_rotation,0.004258329980075359
gpu_0,clean,clean/adjust_bottle/episode_000044/0_139,adjust_bottle,episode_000044,clean,,,,final_action,gamma,1.2,,,,204078420560127207,6964187763139144458,gripper_flip_rate,0.0
gpu_0,clean,clean/adjust_bottle/episode_000044/0_139,adjust_bottle,episode_000044,clean,,,,final_action,gamma,1.2,,,,204078420560127207,6964187763139144458,temporal_jerk_difference,0.001261178869754076
gpu_0,clean,clean/adjust_bottle/episode_000044/0_139,adjust_bottle,episode_000044,clean,,,,final_action,gaussian_blur_sigma,0.5,,,,204078420560127207,7670735354293000251,action_relative_l2,0.004661907441914082
gpu_0,clean,clean/adjust_bottle/episode_000044/0_139,adjust_bottle,episode_000044,clean,,,,final_action,gaussian_blur_sigma,0.5,,,,204078420560127207,7670735354293000251,action_mean_abs,0.00040667440043762326
gpu_0,clean,clean/adjust_bottle/episode_000044/0_139,adjust_bottle,episode_000044,clean,,,,final_action,gaussian_blur_sigma,0.5,,,,204078420560127207,7670735354293000251,action_relative_l2/first_25pct,0.0
gpu_0,clean,clean/adjust_bottle/episode_000044/0_139,adjust_bottle,episode_000044,clean,,,,final_action,gaussian_blur_sigma,0.5,,,,204078420560127207,7670735354293000251,action_relative_l2/last_75pct,0.004823652561753988
gpu_0,clean,clean/adjust_bottle/episode_000044/0_139,adjust_bottle,episode_000044,clean,,,,final_action,gaussian_blur_sigma,0.5,,,,204078420560127207,7670735354293000251,endpoint_l2/left_position,0.0
gpu_0,clean,clean/adjust_bottle/episode_000044/0_139,adjust_bottle,episode_000044,clean,,,,final_action,gaussian_blur_sigma,0.5,,,,204078420560127207,7670735354293000251,endpoint_l2/right_position,0.000764504075050354
gpu_0,clean,clean/adjust_bottle/episode_000044/0_139,adjust_bottle,episode_000044,clean,,,,final_action,gaussian_blur_sigma,0.5,,,,204078420560127207,7670735354293000251,rotation_geodesic/left_rotation,0.0011392214801162481
gpu_0,clean,clean/adjust_bottle/episode_000044/0_139,adjust_bottle,episode_000044,clean,,,,final_action,gaussian_blur_sigma,0.5,,,,204078420560127207,7670735354293000251,rotation_geodesic/right_rotation,0.004296816419810057
gpu_0,clean,clean/adjust_bottle/episode_000044/0_139,adjust_bottle,episode_000044,clean,,,,final_action,gaussian_blur_sigma,0.5,,,,204078420560127207,7670735354293000251,gripper_flip_rate,0.0
gpu_0,clean,clean/adjust_bottle/episode_000044/0_139,adjust_bottle,episode_000044,clean,,,,final_action,gaussian_blur_sigma,0.5,,,,204078420560127207,7670735354293000251,temporal_jerk_difference,0.0011152818333357573
gpu_0,clean,clean/adjust_bottle/episode_000044/0_139,adjust_bottle,episode_000044,clean,,,,final_action,gaussian_blur_sigma,1.0,,,,204078420560127207,10294368508449037784,action_relative_l2,0.0056695532985031605
gpu_0,clean,clean/adjust_bottle/episode_000044/0_139,adjust_bottle,episode_000044,clean,,,,final_action,gaussian_blur_sigma,1.0,,,,204078420560127207,10294368508449037784,action_mean_abs,0.0006495798006653786
gpu_0,clean,clean/adjust_bottle/episode_000044/0_139,adjust_bottle,episode_000044,clean,,,,final_action,gaussian_blur_sigma,1.0,,,,204078420560127207,10294368508449037784,action_relative_l2/first_25pct,0.0
gpu_0,clean,clean/adjust_bottle/episode_000044/0_139,adjust_bottle,episode_000044,clean,,,,final_action,gaussian_blur_sigma,1.0,,,,204078420560127207,10294368508449037784,action_relative_l2/last_75pct,0.005866258405148983
gpu_0,clean,clean/adjust_bottle/episode_000044/0_139,adjust_bottle,episode_000044,clean,,,,final_action,gaussian_blur_sigma,1.0,,,,204078420560127207,10294368508449037784,endpoint_l2/left_position,0.0009058930445462465
gpu_0,clean,clean/adjust_bottle/episode_000044/0_139,adjust_bottle,episode_000044,clean,,,,final_action,gaussian_blur_sigma,1.0,,,,204078420560127207,10294368508449037784,endpoint_l2/right_position,0.003608816070482135
gpu_0,clean,clean/adjust_bottle/episode_000044/0_139,adjust_bottle,episode_000044,clean,,,,final_action,gaussian_blur_sigma,1.0,,,,204078420560127207,10294368508449037784,rotation_geodesic/left_rotation,0.0020656571723520756
gpu_0,clean,clean/adjust_bottle/episode_000044/0_139,adjust_bottle,episode_000044,clean,,,,final_action,gaussian_blur_sigma,1.0,,,,204078420560127207,10294368508449037784,rotation_geodesic/right_rotation,0.0071848235093057156
gpu_0,clean,clean/adjust_bottle/episode_000044/0_139,adjust_bottle,episode_000044,clean,,,,final_action,gaussian_blur_sigma,1.0,,,,204078420560127207,10294368508449037784,gripper_flip_rate,0.0
gpu_0,clean,clean/adjust_bottle/episode_000044/0_139,adjust_bottle,episode_000044,clean,,,,final_action,gaussian_blur_sigma,1.0,,,,204078420560127207,10294368508449037784,temporal_jerk_difference,0.0013089230051264167
gpu_0,clean,clean/adjust_bottle/episode_000044/0_139,adjust_bottle,episode_000044,clean,,,,final_action,gaussian_noise_std,0.01,,,,204078420560127207,11085467170365831463,action_relative_l2,0.03908844292163849
gpu_0,clean,clean/adjust_bottle/episode_000044/0_139,adjust_bottle,episode_000044,clean,,,,final_action,gaussian_noise_std,0.01,,,,204078420560127207,11085467170365831463,action_mean_abs,0.0048790848813951015
gpu_0,clean,clean/adjust_bottle/episode_000044/0_139,adjust_bottle,episode_000044,clean,,,,final_action,gaussian_noise_std,0.01,,,,204078420560127207,11085467170365831463,action_relative_l2/first_25pct,0.0
gpu_0,clean,clean/adjust_bottle/episode_000044/0_139,adjust_bottle,episode_000044,clean,,,,final_action,gaussian_noise_std,0.01,,,,204078420560127207,11085467170365831463,action_relative_l2/last_75pct,0.040444619953632355
gpu_0,clean,clean/adjust_bottle/episode_000044/0_139,adjust_bottle,episode_000044,clean,,,,final_action,gaussian_noise_std,0.01,,,,204078420560127207,11085467170365831463,endpoint_l2/left_position,0.0025550678838044405
gpu_0,clean,clean/adjust_bottle/episode_000044/0_139,adjust_bottle,episode_000044,clean,,,,final_action,gaussian_noise_std,0.01,,,,204078420560127207,11085467170365831463,endpoint_l2/right_position,0.03549417480826378
gpu_0,clean,clean/adjust_bottle/episode_000044/0_139,adjust_bottle,episode_000044,clean,,,,final_action,gaussian_noise_std,0.01,,,,204078420560127207,11085467170365831463,rotation_geodesic/left_rotation,0.005203388165682554
gpu_0,clean,clean/adjust_bottle/episode_000044/0_139,adjust_bottle,episode_000044,clean,,,,final_action,gaussian_noise_std,0.01,,,,204078420560127207,11085467170365831463,rotation_geodesic/right_rotation,0.06514721363782883
gpu_0,clean,clean/adjust_bottle/episode_000044/0_139,adjust_bottle,episode_000044,clean,,,,final_action,gaussian_noise_std,0.01,,,,204078420560127207,11085467170365831463,gripper_flip_rate,0.0
gpu_0,clean,clean/adjust_bottle/episode_000044/0_139,adjust_bottle,episode_000044,clean,,,,final_action,gaussian_noise_std,0.01,,,,204078420560127207,11085467170365831463,temporal_jerk_difference,0.002082300605252385
gpu_0,clean,clean/adjust_bottle/episode_000044/0_139,adjust_bottle,episode_000044,clean,,,,final_action,gaussian_noise_std,0.03,,,,204078420560127207,9801349385923051928,action_relative_l2,0.045577000826597214
gpu_0,clean,clean/adjust_bottle/episode_000044/0_139,adjust_bottle,episode_000044,clean,,,,final_action,gaussian_noise_std,0.03,,,,204078420560127207,9801349385923051928,action_mean_abs,0.006490948144346476
gpu_0,clean,clean/adjust_bottle/episode_000044/0_139,adjust_bottle,episode_000044,clean,,,,final_action,gaussian_noise_std,0.03,,,,204078420560127207,9801349385923051928,action_relative_l2/first_25pct,0.0
gpu_0,clean,clean/adjust_bottle/episode_000044/0_139,adjust_bottle,episode_000044,clean,,,,final_action,gaussian_noise_std,0.03,,,,204078420560127207,9801349385923051928,action_relative_l2/last_75pct,0.047158293426036835
gpu_0,clean,clean/adjust_bottle/episode_000044/0_139,adjust_bottle,episode_000044,clean,,,,final_action,gaussian_noise_std,0.03,,,,204078420560127207,9801349385923051928,endpoint_l2/left_position,0.003997047431766987
gpu_0,clean,clean/adjust_bottle/episode_000044/0_139,adjust_bottle,episode_000044,clean,,,,final_action,gaussian_noise_std,0.03,,,,204078420560127207,9801349385923051928,endpoint_l2/right_position,0.05310129374265671
gpu_0,clean,clean/adjust_bottle/episode_000044/0_139,adjust_bottle,episode_000044,clean,,,,final_action,gaussian_noise_std,0.03,,,,204078420560127207,9801349385923051928,rotation_geodesic/left_rotation,0.006937716156244278
gpu_0,clean,clean/adjust_bottle/episode_000044/0_139,adjust_bottle,episode_000044,clean,,,,final_action,gaussian_noise_std,0.03,,,,204078420560127207,9801349385923051928,rotation_geodesic/right_rotation,0.07455987483263016
gpu_0,clean,clean/adjust_bottle/episode_000044/0_139,adjust_bottle,episode_000044,clean,,,,final_action,gaussian_noise_std,0.03,,,,204078420560127207,9801349385923051928,gripper_flip_rate,0.0
gpu_0,clean,clean/adjust_bottle/episode_000044/0_139,adjust_bottle,episode_000044,clean,,,,final_action,gaussian_noise_std,0.03,,,,204078420560127207,9801349385923051928,temporal_jerk_difference,0.002531621139496565
gpu_0,clean,clean/adjust_bottle/episode_000044/0_139,adjust_bottle,episode_000044,clean,,,,final_action,identity,0.0,,,,204078420560127207,,action_relative_l2,0.0
gpu_0,clean,clean/adjust_bottle/episode_000044/0_139,adjust_bottle,episode_000044,clean,,,,final_action,identity,0.0,,,,204078420560127207,,action_mean_abs,0.0
gpu_0,clean,clean/adjust_bottle/episode_000044/0_139,adjust_bottle,episode_000044,clean,,,,final_action,identity,0.0,,,,204078420560127207,,action_relative_l2/first_25pct,0.0
gpu_0,clean,clean/adjust_bottle/episode_000044/0_139,adjust_bottle,episode_000044,clean,,,,final_action,identity,0.0,,,,204078420560127207,,action_relative_l2/last_75pct,0.0
gpu_0,clean,clean/adjust_bottle/episode_000044/0_139,adjust_bottle,episode_000044,clean,,,,final_action,identity,0.0,,,,204078420560127207,,endpoint_l2/left_position,0.0
gpu_0,clean,clean/adjust_bottle/episode_000044/0_139,adjust_bottle,episode_000044,clean,,,,final_action,identity,0.0,,,,204078420560127207,,endpoint_l2/right_position,0.0
gpu_0,clean,clean/adjust_bottle/episode_000044/0_139,adjust_bottle,episode_000044,clean,,,,final_action,identity,0.0,,,,204078420560127207,,rotation_geodesic/left_rotation,0.00015629030531272292
gpu_0,clean,clean/adjust_bottle/episode_000044/0_139,adjust_bottle,episode_000044,clean,,,,final_action,identity,0.0,,,,204078420560127207,,rotation_geodesic/right_rotation,0.00022102784714661539
gpu_0,clean,clean/adjust_bottle/episode_000044/0_139,adjust_bottle,episode_000044,clean,,,,final_action,identity,0.0,,,,204078420560127207,,gripper_flip_rate,0.0
gpu_0,clean,clean/adjust_bottle/episode_000044/0_139,adjust_bottle,episode_000044,clean,,,,final_action,identity,0.0,,,,204078420560127207,,temporal_jerk_difference,0.0
gpu_0,clean,clean/lift_pot/episode_000036/0_122,lift_pot,episode_000036,clean,,,,final_action,brightness,0.8,,,,17577961833213462126,13315783227415234401,action_relative_l2,0.013800297863781452
gpu_0,clean,clean/lift_pot/episode_000036/0_122,lift_pot,episode_000036,clean,,,,final_action,brightness,0.8,,,,17577961833213462126,13315783227415234401,action_mean_abs,0.0022474767174571753
gpu_0,clean,clean/lift_pot/episode_000036/0_122,lift_pot,episode_000036,clean,,,,final_action,brightness,0.8,,,,17577961833213462126,13315783227415234401,action_relative_l2/first_25pct,0.0
gpu_0,clean,clean/lift_pot/episode_000036/0_122,lift_pot,episode_000036,clean,,,,final_action,brightness,0.8,,,,17577961833213462126,13315783227415234401,action_relative_l2/last_75pct,0.014421297237277031
gpu_0,clean,clean/lift_pot/episode_000036/0_122,lift_pot,episode_000036,clean,,,,final_action,brightness,0.8,,,,17577961833213462126,13315783227415234401,endpoint_l2/left_position,0.008764680474996567
gpu_0,clean,clean/lift_pot/episode_000036/0_122,lift_pot,episode_000036,clean,,,,final_action,brightness,0.8,,,,17577961833213462126,13315783227415234401,endpoint_l2/right_position,0.007544240914285183
gpu_0,clean,clean/lift_pot/episode_000036/0_122,lift_pot,episode_000036,clean,,,,final_action,brightness,0.8,,,,17577961833213462126,13315783227415234401,rotation_geodesic/left_rotation,0.0076998090371489525
gpu_0,clean,clean/lift_pot/episode_000036/0_122,lift_pot,episode_000036,clean,,,,final_action,brightness,0.8,,,,17577961833213462126,13315783227415234401,rotation_geodesic/right_rotation,0.008528427220880985
gpu_0,clean,clean/lift_pot/episode_000036/0_122,lift_pot,episode_000036,clean,,,,final_action,brightness,0.8,,,,17577961833213462126,13315783227415234401,gripper_flip_rate,0.015625
gpu_0,clean,clean/lift_pot/episode_000036/0_122,lift_pot,episode_000036,clean,,,,final_action,brightness,0.8,,,,17577961833213462126,13315783227415234401,temporal_jerk_difference,0.0015205411473289132
gpu_0,clean,clean/lift_pot/episode_000036/0_122,lift_pot,episode_000036,clean,,,,final_action,brightness,1.2,,,,17577961833213462126,15651286266305293779,action_relative_l2,0.016384214162826538
gpu_0,clean,clean/lift_pot/episode_000036/0_122,lift_pot,episode_000036,clean,,,,final_action,brightness,1.2,,,,17577961833213462126,15651286266305293779,action_mean_abs,0.0017868507420644164
gpu_0,clean,clean/lift_pot/episode_000036/0_122,lift_pot,episode_000036,clean,,,,final_action,brightness,1.2,,,,17577961833213462126,15651286266305293779,action_relative_l2/first_25pct,0.0
gpu_0,clean,clean/lift_pot/episode_000036/0_122,lift_pot,episode_000036,clean,,,,final_action,brightness,1.2,,,,17577961833213462126,15651286266305293779,action_relative_l2/last_75pct,0.017121488228440285
gpu_0,clean,clean/lift_pot/episode_000036/0_122,lift_pot,episode_000036,clean,,,,final_action,brightness,1.2,,,,17577961833213462126,15651286266305293779,endpoint_l2/left_position,0.0016586357960477471
gpu_0,clean,clean/lift_pot/episode_000036/0_122,lift_pot,episode_000036,clean,,,,final_action,brightness,1.2,,,,17577961833213462126,15651286266305293779,endpoint_l2/right_position,0.004658005200326443
gpu_0,clean,clean/lift_pot/episode_000036/0_122,lift_pot,episode_000036,clean,,,,final_action,brightness,1.2,,,,17577961833213462126,15651286266305293779,rotation_geodesic/left_rotation,0.0009671335574239492
gpu_0,clean,clean/lift_pot/episode_000036/0_122,lift_pot,episode_000036,clean,,,,final_action,brightness,1.2,,,,17577961833213462126,15651286266305293779,rotation_geodesic/right_rotation,0.010624220594763756
gpu_0,clean,clean/lift_pot/episode_000036/0_122,lift_pot,episode_000036,clean,,,,final_action,brightness,1.2,,,,17577961833213462126,15651286266305293779,gripper_flip_rate,0.03125
gpu_0,clean,clean/lift_pot/episode_000036/0_122,lift_pot,episode_000036,clean,,,,final_action,brightness,1.2,,,,17577961833213462126,15651286266305293779,temporal_jerk_difference,0.0014832646120339632
gpu_0,clean,clean/lift_pot/episode_000036/0_122,lift_pot,episode_000036,clean,,,,final_action,color_temperature,-0.1,,,,17577961833213462126,1999528552783382123,action_relative_l2,0.012397059239447117
gpu_0,clean,clean/lift_pot/episode_000036/0_122,lift_pot,episode_000036,clean,,,,final_action,color_temperature,-0.1,,,,17577961833213462126,1999528552783382123,action_mean_abs,0.001734849181957543
gpu_0,clean,clean/lift_pot/episode_000036/0_122,lift_pot,episode_000036,clean,,,,final_action,color_temperature,-0.1,,,,17577961833213462126,1999528552783382123,action_relative_l2/first_25pct,0.0
gpu_0,clean,clean/lift_pot/episode_000036/0_122,lift_pot,episode_000036,clean,,,,final_action,color_temperature,-0.1,,,,17577961833213462126,1999528552783382123,action_relative_l2/last_75pct,0.012954914011061192
gpu_0,clean,clean/lift_pot/episode_000036/0_122,lift_pot,episode_000036,clean,,,,final_action,color_temperature,-0.1,,,,17577961833213462126,1999528552783382123,endpoint_l2/left_position,0.005831005051732063
gpu_0,clean,clean/lift_pot/episode_000036/0_122,lift_pot,episode_000036,clean,,,,final_action,color_temperature,-0.1,,,,17577961833213462126,1999528552783382123,endpoint_l2/right_position,0.00346419052220881
gpu_0,clean,clean/lift_pot/episode_000036/0_122,lift_pot,episode_000036,clean,,,,final_action,color_temperature,-0.1,,,,17577961833213462126,1999528552783382123,rotation_geodesic/left_rotation,0.0028339270502328873
gpu_0,clean,clean/lift_pot/episode_000036/0_122,lift_pot,episode_000036,clean,,,,final_action,color_temperature,-0.1,,,,17577961833213462126,1999528552783382123,rotation_geodesic/right_rotation,0.009003985673189163
gpu_0,clean,clean/lift_pot/episode_000036/0_122,lift_pot,episode_000036,clean,,,,final_action,color_temperature,-0.1,,,,17577961833213462126,1999528552783382123,gripper_flip_rate,0.03125
gpu_0,clean,clean/lift_pot/episode_000036/0_122,lift_pot,episode_000036,clean,,,,final_action,color_temperature,-0.1,,,,17577961833213462126,1999528552783382123,temporal_jerk_difference,0.00143082020804286
gpu_0,clean,clean/lift_pot/episode_000036/0_122,lift_pot,episode_000036,clean,,,,final_action,color_temperature,0.1,,,,17577961833213462126,10177751091444056485,action_relative_l2,0.008342624641954899
gpu_0,clean,clean/lift_pot/episode_000036/0_122,lift_pot,episode_000036,clean,,,,final_action,color_temperature,0.1,,,,17577961833213462126,10177751091444056485,action_mean_abs,0.0010529968421906233
gpu_0,clean,clean/lift_pot/episode_000036/0_122,lift_pot,episode_000036,clean,,,,final_action,color_temperature,0.1,,,,17577961833213462126,10177751091444056485,action_relative_l2/first_25pct,0.0
gpu_0,clean,clean/lift_pot/episode_000036/0_122,lift_pot,episode_000036,clean,,,,final_action,color_temperature,0.1,,,,17577961833213462126,10177751091444056485,action_relative_l2/last_75pct,0.008718034252524376
gpu_0,clean,clean/lift_pot/episode_000036/0_122,lift_pot,episode_000036,clean,,,,final_action,color_temperature,0.1,,,,17577961833213462126,10177751091444056485,endpoint_l2/left_position,0.0022472317796200514
gpu_0,clean,clean/lift_pot/episode_000036/0_122,lift_pot,episode_000036,clean,,,,final_action,color_temperature,0.1,,,,17577961833213462126,10177751091444056485,endpoint_l2/right_position,0.0011679008603096008
gpu_0,clean,clean/lift_pot/episode_000036/0_122,lift_pot,episode_000036,clean,,,,final_action,color_temperature,0.1,,,,17577961833213462126,10177751091444056485,rotation_geodesic/left_rotation,0.0027796514332294464
gpu_0,clean,clean/lift_pot/episode_000036/0_122,lift_pot,episode_000036,clean,,,,final_action,color_temperature,0.1,,,,17577961833213462126,10177751091444056485,rotation_geodesic/right_rotation,0.00529123330488801
gpu_0,clean,clean/lift_pot/episode_000036/0_122,lift_pot,episode_000036,clean,,,,final_action,color_temperature,0.1,,,,17577961833213462126,10177751091444056485,gripper_flip_rate,0.0
gpu_0,clean,clean/lift_pot/episode_000036/0_122,lift_pot,episode_000036,clean,,,,final_action,color_temperature,0.1,,,,17577961833213462126,10177751091444056485,temporal_jerk_difference,0.0012799950782209635
gpu_0,clean,clean/lift_pot/episode_000036/0_122,lift_pot,episode_000036,clean,,,,final_action,gamma,0.8,,,,17577961833213462126,6353452328526041640,action_relative_l2,0.0032517267391085625
gpu_0,clean,clean/lift_pot/episode_000036/0_122,lift_pot,episode_000036,clean,,,,final_action,gamma,0.8,,,,17577961833213462126,6353452328526041640,action_mean_abs,0.00023133837385103106
gpu_0,clean,clean/lift_pot/episode_000036/0_122,lift_pot,episode_000036,clean,,,,final_action,gamma,0.8,,,,17577961833213462126,6353452328526041640,action_relative_l2/first_25pct,0.0
gpu_0,clean,clean/lift_pot/episode_000036/0_122,lift_pot,episode_000036,clean,,,,final_action,gamma,0.8,,,,17577961833213462126,6353452328526041640,action_relative_l2/last_75pct,0.0033980507869273424
gpu_0,clean,clean/lift_pot/episode_000036/0_122,lift_pot,episode_000036,clean,,,,final_action,gamma,0.8,,,,17577961833213462126,6353452328526041640,endpoint_l2/left_position,0.0
gpu_0,clean,clean/lift_pot/episode_000036/0_122,lift_pot,episode_000036,clean,,,,final_action,gamma,0.8,,,,17577961833213462126,6353452328526041640,endpoint_l2/right_position,0.0
gpu_0,clean,clean/lift_pot/episode_000036/0_122,lift_pot,episode_000036,clean,,,,final_action,gamma,0.8,,,,17577961833213462126,6353452328526041640,rotation_geodesic/left_rotation,0.0005154430982656777
gpu_0,clean,clean/lift_pot/episode_000036/0_122,lift_pot,episode_000036,clean,,,,final_action,gamma,0.8,,,,17577961833213462126,6353452328526041640,rotation_geodesic/right_rotation,0.001901631010696292
gpu_0,clean,clean/lift_pot/episode_000036/0_122,lift_pot,episode_000036,clean,,,,final_action,gamma,0.8,,,,17577961833213462126,6353452328526041640,gripper_flip_rate,0.0
gpu_0,clean,clean/lift_pot/episode_000036/0_122,lift_pot,episode_000036,clean,,,,final_action,gamma,0.8,,,,17577961833213462126,6353452328526041640,temporal_jerk_difference,0.0006231570732779801
gpu_0,clean,clean/lift_pot/episode_000036/0_122,lift_pot,episode_000036,clean,,,,final_action,gamma,1.2,,,,17577961833213462126,6842099030399889944,action_relative_l2,0.0045212977565824986
gpu_0,clean,clean/lift_pot/episode_000036/0_122,lift_pot,episode_000036,clean,,,,final_action,gamma,1.2,,,,17577961833213462126,6842099030399889944,action_mean_abs,0.0003745508729480207
gpu_0,clean,clean/lift_pot/episode_000036/0_122,lift_pot,episode_000036,clean,,,,final_action,gamma,1.2,,,,17577961833213462126,6842099030399889944,action_relative_l2/first_25pct,0.0
gpu_0,clean,clean/lift_pot/episode_000036/0_122,lift_pot,episode_000036,clean,,,,final_action,gamma,1.2,,,,17577961833213462126,6842099030399889944,action_relative_l2/last_75pct,0.004724751226603985
gpu_0,clean,clean/lift_pot/episode_000036/0_122,lift_pot,episode_000036,clean,,,,final_action,gamma,1.2,,,,17577961833213462126,6842099030399889944,endpoint_l2/left_position,0.0
gpu_0,clean,clean/lift_pot/episode_000036/0_122,lift_pot,episode_000036,clean,,,,final_action,gamma,1.2,,,,17577961833213462126,6842099030399889944,endpoint_l2/right_position,0.0005839541554450989
gpu_0,clean,clean/lift_pot/episode_000036/0_122,lift_pot,episode_000036,clean,,,,final_action,gamma,1.2,,,,17577961833213462126,6842099030399889944,rotation_geodesic/left_rotation,0.0009681184310466051
gpu_0,clean,clean/lift_pot/episode_000036/0_122,lift_pot,episode_000036,clean,,,,final_action,gamma,1.2,,,,17577961833213462126,6842099030399889944,rotation_geodesic/right_rotation,0.002977400552481413
gpu_0,clean,clean/lift_pot/episode_000036/0_122,lift_pot,episode_000036,clean,,,,final_action,gamma,1.2,,,,17577961833213462126,6842099030399889944,gripper_flip_rate,0.015625
gpu_0,clean,clean/lift_pot/episode_000036/0_122,lift_pot,episode_000036,clean,,,,final_action,gamma,1.2,,,,17577961833213462126,6842099030399889944,temporal_jerk_difference,0.0007809735834598541
gpu_0,clean,clean/lift_pot/episode_000036/0_122,lift_pot,episode_000036,clean,,,,final_action,gaussian_blur_sigma,0.5,,,,17577961833213462126,2411143882443501827,action_relative_l2,0.0024398816749453545
gpu_0,clean,clean/lift_pot/episode_000036/0_122,lift_pot,episode_000036,clean,,,,final_action,gaussian_blur_sigma,0.5,,,,17577961833213462126,2411143882443501827,action_mean_abs,0.00014689618546981364
gpu_0,clean,clean/lift_pot/episode_000036/0_122,lift_pot,episode_000036,clean,,,,final_action,gaussian_blur_sigma,0.5,,,,17577961833213462126,2411143882443501827,action_relative_l2/first_25pct,0.0
gpu_0,clean,clean/lift_pot/episode_000036/0_122,lift_pot,episode_000036,clean,,,,final_action,gaussian_blur_sigma,0.5,,,,17577961833213462126,2411143882443501827,action_relative_l2/last_75pct,0.0025496738962829113
gpu_0,clean,clean/lift_pot/episode_000036/0_122,lift_pot,episode_000036,clean,,,,final_action,gaussian_blur_sigma,0.5,,,,17577961833213462126,2411143882443501827,endpoint_l2/left_position,0.0
gpu_0,clean,clean/lift_pot/episode_000036/0_122,lift_pot,episode_000036,clean,,,,final_action,gaussian_blur_sigma,0.5,,,,17577961833213462126,2411143882443501827,endpoint_l2/right_position,0.0
gpu_0,clean,clean/lift_pot/episode_000036/0_122,lift_pot,episode_000036,clean,,,,final_action,gaussian_blur_sigma,0.5,,,,17577961833213462126,2411143882443501827,rotation_geodesic/left_rotation,4.31583721365314e-05
gpu_0,clean,clean/lift_pot/episode_000036/0_122,lift_pot,episode_000036,clean,,,,final_action,gaussian_blur_sigma,0.5,,,,17577961833213462126,2411143882443501827,rotation_geodesic/right_rotation,0.0014595717657357454
gpu_0,clean,clean/lift_pot/episode_000036/0_122,lift_pot,episode_000036,clean,,,,final_action,gaussian_blur_sigma,0.5,,,,17577961833213462126,2411143882443501827,gripper_flip_rate,0.0
gpu_0,clean,clean/lift_pot/episode_000036/0_122,lift_pot,episode_000036,clean,,,,final_action,gaussian_blur_sigma,0.5,,,,17577961833213462126,2411143882443501827,temporal_jerk_difference,0.0005509434267878532
gpu_0,clean,clean/lift_pot/episode_000036/0_122,lift_pot,episode_000036,clean,,,,final_action,gaussian_blur_sigma,1.0,,,,17577961833213462126,3972136155124481923,action_relative_l2,0.0032694379333406687
gpu_0,clean,clean/lift_pot/episode_000036/0_122,lift_pot,episode_000036,clean,,,,final_action,gaussian_blur_sigma,1.0,,,,17577961833213462126,3972136155124481923,action_mean_abs,0.00026484811678528786
gpu_0,clean,clean/lift_pot/episode_000036/0_122,lift_pot,episode_000036,clean,,,,final_action,gaussian_blur_sigma,1.0,,,,17577961833213462126,3972136155124481923,action_relative_l2/first_25pct,0.0
gpu_0,clean,clean/lift_pot/episode_000036/0_122,lift_pot,episode_000036,clean,,,,final_action,gaussian_blur_sigma,1.0,,,,17577961833213462126,3972136155124481923,action_relative_l2/last_75pct,0.0034165591932833195
gpu_0,clean,clean/lift_pot/episode_000036/0_122,lift_pot,episode_000036,clean,,,,final_action,gaussian_blur_sigma,1.0,,,,17577961833213462126,3972136155124481923,endpoint_l2/left_position,0.0004595518112182617
gpu_0,clean,clean/lift_pot/episode_000036/0_122,lift_pot,episode_000036,clean,,,,final_action,gaussian_blur_sigma,1.0,,,,17577961833213462126,3972136155124481923,endpoint_l2/right_position,0.0
gpu_0,clean,clean/lift_pot/episode_000036/0_122,lift_pot,episode_000036,clean,,,,final_action,gaussian_blur_sigma,1.0,,,,17577961833213462126,3972136155124481923,rotation_geodesic/left_rotation,0.0005154430982656777
gpu_0,clean,clean/lift_pot/episode_000036/0_122,lift_pot,episode_000036,clean,,,,final_action,gaussian_blur_sigma,1.0,,,,17577961833213462126,3972136155124481923,rotation_geodesic/right_rotation,0.0017147671896964312
gpu_0,clean,clean/lift_pot/episode_000036/0_122,lift_pot,episode_000036,clean,,,,final_action,gaussian_blur_sigma,1.0,,,,17577961833213462126,3972136155124481923,gripper_flip_rate,0.0
gpu_0,clean,clean/lift_pot/episode_000036/0_122,lift_pot,episode_000036,clean,,,,final_action,gaussian_blur_sigma,1.0,,,,17577961833213462126,3972136155124481923,temporal_jerk_difference,0.0007695964886806905
gpu_0,clean,clean/lift_pot/episode_000036/0_122,lift_pot,episode_000036,clean,,,,final_action,gaussian_noise_std,0.01,,,,17577961833213462126,16131106979869811596,action_relative_l2,0.010288272053003311
gpu_0,clean,clean/lift_pot/episode_000036/0_122,lift_pot,episode_000036,clean,,,,final_action,gaussian_noise_std,0.01,,,,17577961833213462126,16131106979869811596,action_mean_abs,0.00134383758995682
gpu_0,clean,clean/lift_pot/episode_000036/0_122,lift_pot,episode_000036,clean,,,,final_action,gaussian_noise_std,0.01,,,,17577961833213462126,16131106979869811596,action_relative_l2/first_25pct,0.0
gpu_0,clean,clean/lift_pot/episode_000036/0_122,lift_pot,episode_000036,clean,,,,final_action,gaussian_noise_std,0.01,,,,17577961833213462126,16131106979869811596,action_relative_l2/last_75pct,0.01075123343616724
gpu_0,clean,clean/lift_pot/episode_000036/0_122,lift_pot,episode_000036,clean,,,,final_action,gaussian_noise_std,0.01,,,,17577961833213462126,16131106979869811596,endpoint_l2/left_position,0.004435868002474308
gpu_0,clean,clean/lift_pot/episode_000036/0_122,lift_pot,episode_000036,clean,,,,final_action,gaussian_noise_std,0.01,,,,17577961833213462126,16131106979869811596,endpoint_l2/right_position,0.002886052243411541
gpu_0,clean,clean/lift_pot/episode_000036/0_122,lift_pot,episode_000036,clean,,,,final_action,gaussian_noise_std,0.01,,,,17577961833213462126,16131106979869811596,rotation_geodesic/left_rotation,0.005809240508824587
gpu_0,clean,clean/lift_pot/episode_000036/0_122,lift_pot,episode_000036,clean,,,,final_action,gaussian_noise_std,0.01,,,,17577961833213462126,16131106979869811596,rotation_geodesic/right_rotation,0.00705703254789114
gpu_0,clean,clean/lift_pot/episode_000036/0_122,lift_pot,episode_000036,clean,,,,final_action,gaussian_noise_std,0.01,,,,17577961833213462126,16131106979869811596,gripper_flip_rate,0.015625
gpu_0,clean,clean/lift_pot/episode_000036/0_122,lift_pot,episode_000036,clean,,,,final_action,gaussian_noise_std,0.01,,,,17577961833213462126,16131106979869811596,temporal_jerk_difference,0.0013656638329848647
gpu_0,clean,clean/lift_pot/episode_000036/0_122,lift_pot,episode_000036,clean,,,,final_action,gaussian_noise_std,0.03,,,,17577961833213462126,7993565358138601669,action_relative_l2,0.11187310516834259
gpu_0,clean,clean/lift_pot/episode_000036/0_122,lift_pot,episode_000036,clean,,,,final_action,gaussian_noise_std,0.03,,,,17577961833213462126,7993565358138601669,action_mean_abs,0.008375787176191807
gpu_0,clean,clean/lift_pot/episode_000036/0_122,lift_pot,episode_000036,clean,,,,final_action,gaussian_noise_std,0.03,,,,17577961833213462126,7993565358138601669,action_relative_l2/first_25pct,0.0
gpu_0,clean,clean/lift_pot/episode_000036/0_122,lift_pot,episode_000036,clean,,,,final_action,gaussian_noise_std,0.03,,,,17577961833213462126,7993565358138601669,action_relative_l2/last_75pct,0.1169072762131691
gpu_0,clean,clean/lift_pot/episode_000036/0_122,lift_pot,episode_000036,clean,,,,final_action,gaussian_noise_std,0.03,,,,17577961833213462126,7993565358138601669,endpoint_l2/left_position,0.013882131315767765
gpu_0,clean,clean/lift_pot/episode_000036/0_122,lift_pot,episode_000036,clean,,,,final_action,gaussian_noise_std,0.03,,,,17577961833213462126,7993565358138601669,endpoint_l2/right_position,0.008247463032603264
gpu_0,clean,clean/lift_pot/episode_000036/0_122,lift_pot,episode_000036,clean,,,,final_action,gaussian_noise_std,0.03,,,,17577961833213462126,7993565358138601669,rotation_geodesic/left_rotation,0.007718621753156185
gpu_0,clean,clean/lift_pot/episode_000036/0_122,lift_pot,episode_000036,clean,,,,final_action,gaussian_noise_std,0.03,,,,17577961833213462126,7993565358138601669,rotation_geodesic/right_rotation,0.008038786239922047
gpu_0,clean,clean/lift_pot/episode_000036/0_122,lift_pot,episode_000036,clean,,,,final_action,gaussian_noise_std,0.03,,,,17577961833213462126,7993565358138601669,gripper_flip_rate,0.0625
gpu_0,clean,clean/lift_pot/episode_000036/0_122,lift_pot,episode_000036,clean,,,,final_action,gaussian_noise_std,0.03,,,,17577961833213462126,7993565358138601669,temporal_jerk_difference,0.0018286999547854066
gpu_0,clean,clean/lift_pot/episode_000036/0_122,lift_pot,episode_000036,clean,,,,final_action,identity,0.0,,,,17577961833213462126,,action_relative_l2,0.0
gpu_0,clean,clean/lift_pot/episode_000036/0_122,lift_pot,episode_000036,clean,,,,final_action,identity,0.0,,,,17577961833213462126,,action_mean_abs,0.0
gpu_0,clean,clean/lift_pot/episode_000036/0_122,lift_pot,episode_000036,clean,,,,final_action,identity,0.0,,,,17577961833213462126,,action_relative_l2/first_25pct,0.0
gpu_0,clean,clean/lift_pot/episode_000036/0_122,lift_pot,episode_000036,clean,,,,final_action,identity,0.0,,,,17577961833213462126,,action_relative_l2/last_75pct,0.0
gpu_0,clean,clean/lift_pot/episode_000036/0_122,lift_pot,episode_000036,clean,,,,final_action,identity,0.0,,,,17577961833213462126,,endpoint_l2/left_position,0.0
gpu_0,clean,clean/lift_pot/episode_000036/0_122,lift_pot,episode_000036,clean,,,,final_action,identity,0.0,,,,17577961833213462126,,endpoint_l2/right_position,0.0
gpu_0,clean,clean/lift_pot/episode_000036/0_122,lift_pot,episode_000036,clean,,,,final_action,identity,0.0,,,,17577961833213462126,,rotation_geodesic/left_rotation,4.31583721365314e-05
gpu_0,clean,clean/lift_pot/episode_000036/0_122,lift_pot,episode_000036,clean,,,,final_action,identity,0.0,,,,17577961833213462126,,rotation_geodesic/right_rotation,0.0001994486665353179
gpu_0,clean,clean/lift_pot/episode_000036/0_122,lift_pot,episode_000036,clean,,,,final_action,identity,0.0,,,,17577961833213462126,,gripper_flip_rate,0.0
gpu_0,clean,clean/lift_pot/episode_000036/0_122,lift_pot,episode_000036,clean,,,,final_action,identity,0.0,,,,17577961833213462126,,temporal_jerk_difference,0.0
gpu_0,clean,clean/place_bread_basket/episode_000044/0_226,place_bread_basket,episode_000044,clean,,,,final_action,brightness,0.8,,,,5786497539863217079,16637397944084601428,action_relative_l2,0.022327015176415443
gpu_0,clean,clean/place_bread_basket/episode_000044/0_226,place_bread_basket,episode_000044,clean,,,,final_action,brightness,0.8,,,,5786497539863217079,16637397944084601428,action_mean_abs,0.00450873002409935
gpu_0,clean,clean/place_bread_basket/episode_000044/0_226,place_bread_basket,episode_000044,clean,,,,final_action,brightness,0.8,,,,5786497539863217079,16637397944084601428,action_relative_l2/first_25pct,0.0
gpu_0,clean,clean/place_bread_basket/episode_000044/0_226,place_bread_basket,episode_000044,clean,,,,final_action,brightness,0.8,,,,5786497539863217079,16637397944084601428,action_relative_l2/last_75pct,0.023100629448890686
gpu_0,clean,clean/place_bread_basket/episode_000044/0_226,place_bread_basket,episode_000044,clean,,,,final_action,brightness,0.8,,,,5786497539863217079,16637397944084601428,endpoint_l2/left_position,0.02211342379450798
gpu_0,clean,clean/place_bread_basket/episode_000044/0_226,place_bread_basket,episode_000044,clean,,,,final_action,brightness,0.8,,,,5786497539863217079,16637397944084601428,endpoint_l2/right_position,0.03070712462067604
gpu_0,clean,clean/place_bread_basket/episode_000044/0_226,place_bread_basket,episode_000044,clean,,,,final_action,brightness,0.8,,,,5786497539863217079,16637397944084601428,rotation_geodesic/left_rotation,0.021259641274809837
gpu_0,clean,clean/place_bread_basket/episode_000044/0_226,place_bread_basket,episode_000044,clean,,,,final_action,brightness,0.8,,,,5786497539863217079,16637397944084601428,rotation_geodesic/right_rotation,0.022321775555610657
gpu_0,clean,clean/place_bread_basket/episode_000044/0_226,place_bread_basket,episode_000044,clean,,,,final_action,brightness,0.8,,,,5786497539863217079,16637397944084601428,gripper_flip_rate,0.0
gpu_0,clean,clean/place_bread_basket/episode_000044/0_226,place_bread_basket,episode_000044,clean,,,,final_action,brightness,0.8,,,,5786497539863217079,16637397944084601428,temporal_jerk_difference,0.002148079453036189
gpu_0,clean,clean/place_bread_basket/episode_000044/0_226,place_bread_basket,episode_000044,clean,,,,final_action,brightness,1.2,,,,5786497539863217079,6069960733776850870,action_relative_l2,0.01435398031026125
gpu_0,clean,clean/place_bread_basket/episode_000044/0_226,place_bread_basket,episode_000044,clean,,,,final_action,brightness,1.2,,,,5786497539863217079,6069960733776850870,action_mean_abs,0.0022528718691319227
gpu_0,clean,clean/place_bread_basket/episode_000044/0_226,place_bread_basket,episode_000044,clean,,,,final_action,brightness,1.2,,,,5786497539863217079,6069960733776850870,action_relative_l2/first_25pct,0.0
gpu_0,clean,clean/place_bread_basket/episode_000044/0_226,place_bread_basket,episode_000044,clean,,,,final_action,brightness,1.2,,,,5786497539863217079,6069960733776850870,action_relative_l2/last_75pct,0.014851335436105728
gpu_0,clean,clean/place_bread_basket/episode_000044/0_226,place_bread_basket,episode_000044,clean,,,,final_action,brightness,1.2,,,,5786497539863217079,6069960733776850870,endpoint_l2/left_position,0.005593958310782909
gpu_0,clean,clean/place_bread_basket/episode_000044/0_226,place_bread_basket,episode_000044,clean,,,,final_action,brightness,1.2,,,,5786497539863217079,6069960733776850870,endpoint_l2/right_position,0.019971024245023727
gpu_0,clean,clean/place_bread_basket/episode_000044/0_226,place_bread_basket,episode_000044,clean,,,,final_action,brightness,1.2,,,,5786497539863217079,6069960733776850870,rotation_geodesic/left_rotation,0.009121319279074669
gpu_0,clean,clean/place_bread_basket/episode_000044/0_226,place_bread_basket,episode_000044,clean,,,,final_action,brightness,1.2,,,,5786497539863217079,6069960733776850870,rotation_geodesic/right_rotation,0.022869514301419258
gpu_0,clean,clean/place_bread_basket/episode_000044/0_226,place_bread_basket,episode_000044,clean,,,,final_action,brightness,1.2,,,,5786497539863217079,6069960733776850870,gripper_flip_rate,0.0
gpu_0,clean,clean/place_bread_basket/episode_000044/0_226,place_bread_basket,episode_000044,clean,,,,final_action,brightness,1.2,,,,5786497539863217079,6069960733776850870,temporal_jerk_difference,0.001891550375148654
gpu_0,clean,clean/place_bread_basket/episode_000044/0_226,place_bread_basket,episode_000044,clean,,,,final_action,color_temperature,-0.1,,,,5786497539863217079,211013147244849259,action_relative_l2,0.013340210542082787
gpu_0,clean,clean/place_bread_basket/episode_000044/0_226,place_bread_basket,episode_000044,clean,,,,final_action,color_temperature,-0.1,,,,5786497539863217079,211013147244849259,action_mean_abs,0.0026989139150828123
gpu_0,clean,clean/place_bread_basket/episode_000044/0_226,place_bread_basket,episode_000044,clean,,,,final_action,color_temperature,-0.1,,,,5786497539863217079,211013147244849259,action_relative_l2/first_25pct,0.0
gpu_0,clean,clean/place_bread_basket/episode_000044/0_226,place_bread_basket,episode_000044,clean,,,,final_action,color_temperature,-0.1,,,,5786497539863217079,211013147244849259,action_relative_l2/last_75pct,0.013802438974380493
gpu_0,clean,clean/place_bread_basket/episode_000044/0_226,place_bread_basket,episode_000044,clean,,,,final_action,color_temperature,-0.1,,,,5786497539863217079,211013147244849259,endpoint_l2/left_position,0.007865358144044876
gpu_0,clean,clean/place_bread_basket/episode_000044/0_226,place_bread_basket,episode_000044,clean,,,,final_action,color_temperature,-0.1,,,,5786497539863217079,211013147244849259,endpoint_l2/right_position,0.020986756309866905
gpu_0,clean,clean/place_bread_basket/episode_000044/0_226,place_bread_basket,episode_000044,clean,,,,final_action,color_temperature,-0.1,,,,5786497539863217079,211013147244849259,rotation_geodesic/left_rotation,0.00811862200498581
gpu_0,clean,clean/place_bread_basket/episode_000044/0_226,place_bread_basket,episode_000044,clean,,,,final_action,color_temperature,-0.1,,,,5786497539863217079,211013147244849259,rotation_geodesic/right_rotation,0.016838498413562775
gpu_0,clean,clean/place_bread_basket/episode_000044/0_226,place_bread_basket,episode_000044,clean,,,,final_action,color_temperature,-0.1,,,,5786497539863217079,211013147244849259,gripper_flip_rate,0.0
gpu_0,clean,clean/place_bread_basket/episode_000044/0_226,place_bread_basket,episode_000044,clean,,,,final_action,color_temperature,-0.1,,,,5786497539863217079,211013147244849259,temporal_jerk_difference,0.0022802352905273438
gpu_0,clean,clean/place_bread_basket/episode_000044/0_226,place_bread_basket,episode_000044,clean,,,,final_action,color_temperature,0.1,,,,5786497539863217079,1436178128472113803,action_relative_l2,0.009066592901945114
gpu_0,clean,clean/place_bread_basket/episode_000044/0_226,place_bread_basket,episode_000044,clean,,,,final_action,color_temperature,0.1,,,,5786497539863217079,1436178128472113803,action_mean_abs,0.00136527547147125
gpu_0,clean,clean/place_bread_basket/episode_000044/0_226,place_bread_basket,episode_000044,clean,,,,final_action,color_temperature,0.1,,,,5786497539863217079,1436178128472113803,action_relative_l2/first_25pct,0.0
gpu_0,clean,clean/place_bread_basket/episode_000044/0_226,place_bread_basket,episode_000044,clean,,,,final_action,color_temperature,0.1,,,,5786497539863217079,1436178128472113803,action_relative_l2/last_75pct,0.009380743838846684
gpu_0,clean,clean/place_bread_basket/episode_000044/0_226,place_bread_basket,episode_000044,clean,,,,final_action,color_temperature,0.1,,,,5786497539863217079,1436178128472113803,endpoint_l2/left_position,0.004460261203348637
gpu_0,clean,clean/place_bread_basket/episode_000044/0_226,place_bread_basket,episode_000044,clean,,,,final_action,color_temperature,0.1,,,,5786497539863217079,1436178128472113803,endpoint_l2/right_position,0.005968682002276182
gpu_0,clean,clean/place_bread_basket/episode_000044/0_226,place_bread_basket,episode_000044,clean,,,,final_action,color_temperature,0.1,,,,5786497539863217079,1436178128472113803,rotation_geodesic/left_rotation,0.007834333926439285
gpu_0,clean,clean/place_bread_basket/episode_000044/0_226,place_bread_basket,episode_000044,clean,,,,final_action,color_temperature,0.1,,,,5786497539863217079,1436178128472113803,rotation_geodesic/right_rotation,0.010295563377439976
gpu_0,clean,clean/place_bread_basket/episode_000044/0_226,place_bread_basket,episode_000044,clean,,,,final_action,color_temperature,0.1,,,,5786497539863217079,1436178128472113803,gripper_flip_rate,0.0
gpu_0,clean,clean/place_bread_basket/episode_000044/0_226,place_bread_basket,episode_000044,clean,,,,final_action,color_temperature,0.1,,,,5786497539863217079,1436178128472113803,temporal_jerk_difference,0.001934729516506195
gpu_0,clean,clean/place_bread_basket/episode_000044/0_226,place_bread_basket,episode_000044,clean,,,,final_action,gamma,0.8,,,,5786497539863217079,8532596611837617652,action_relative_l2,0.005005388520658016
gpu_0,clean,clean/place_bread_basket/episode_000044/0_226,place_bread_basket,episode_000044,clean,,,,final_action,gamma,0.8,,,,5786497539863217079,8532596611837617652,action_mean_abs,0.0005414659390226007
gpu_0,clean,clean/place_bread_basket/episode_000044/0_226,place_bread_basket,episode_000044,clean,,,,final_action,gamma,0.8,,,,5786497539863217079,8532596611837617652,action_relative_l2/first_25pct,0.0
gpu_0,clean,clean/place_bread_basket/episode_000044/0_226,place_bread_basket,episode_000044,clean,,,,final_action,gamma,0.8,,,,5786497539863217079,8532596611837617652,action_relative_l2/last_75pct,0.00517882127314806
gpu_0,clean,clean/place_bread_basket/episode_000044/0_226,place_bread_basket,episode_000044,clean,,,,final_action,gamma,0.8,,,,5786497539863217079,8532596611837617652,endpoint_l2/left_position,0.0012059117434546351
gpu_0,clean,clean/place_bread_basket/episode_000044/0_226,place_bread_basket,episode_000044,clean,,,,final_action,gamma,0.8,,,,5786497539863217079,8532596611837617652,endpoint_l2/right_position,0.002451509702950716
gpu_0,clean,clean/place_bread_basket/episode_000044/0_226,place_bread_basket,episode_000044,clean,,,,final_action,gamma,0.8,,,,5786497539863217079,8532596611837617652,rotation_geodesic/left_rotation,0.0028866578359156847
gpu_0,clean,clean/place_bread_basket/episode_000044/0_226,place_bread_basket,episode_000044,clean,,,,final_action,gamma,0.8,,,,5786497539863217079,8532596611837617652,rotation_geodesic/right_rotation,0.004115737974643707
gpu_0,clean,clean/place_bread_basket/episode_000044/0_226,place_bread_basket,episode_000044,clean,,,,final_action,gamma,0.8,,,,5786497539863217079,8532596611837617652,gripper_flip_rate,0.0
gpu_0,clean,clean/place_bread_basket/episode_000044/0_226,place_bread_basket,episode_000044,clean,,,,final_action,gamma,0.8,,,,5786497539863217079,8532596611837617652,temporal_jerk_difference,0.0014566106256097555
gpu_0,clean,clean/place_bread_basket/episode_000044/0_226,place_bread_basket,episode_000044,clean,,,,final_action,gamma,1.2,,,,5786497539863217079,5885103556919493703,action_relative_l2,0.00631726486608386
gpu_0,clean,clean/place_bread_basket/episode_000044/0_226,place_bread_basket,episode_000044,clean,,,,final_action,gamma,1.2,,,,5786497539863217079,5885103556919493703,action_mean_abs,0.0009104253258556128
gpu_0,clean,clean/place_bread_basket/episode_000044/0_226,place_bread_basket,episode_000044,clean,,,,final_action,gamma,1.2,,,,5786497539863217079,5885103556919493703,action_relative_l2/first_25pct,0.0
gpu_0,clean,clean/place_bread_basket/episode_000044/0_226,place_bread_basket,episode_000044,clean,,,,final_action,gamma,1.2,,,,5786497539863217079,5885103556919493703,action_relative_l2/last_75pct,0.006536153610795736
gpu_0,clean,clean/place_bread_basket/episode_000044/0_226,place_bread_basket,episode_000044,clean,,,,final_action,gamma,1.2,,,,5786497539863217079,5885103556919493703,endpoint_l2/left_position,0.0012059117434546351
gpu_0,clean,clean/place_bread_basket/episode_000044/0_226,place_bread_basket,episode_000044,clean,,,,final_action,gamma,1.2,,,,5786497539863217079,5885103556919493703,endpoint_l2/right_position,0.013364056125283241
gpu_0,clean,clean/place_bread_basket/episode_000044/0_226,place_bread_basket,episode_000044,clean,,,,final_action,gamma,1.2,,,,5786497539863217079,5885103556919493703,rotation_geodesic/left_rotation,0.004407892934978008
gpu_0,clean,clean/place_bread_basket/episode_000044/0_226,place_bread_basket,episode_000044,clean,,,,final_action,gamma,1.2,,,,5786497539863217079,5885103556919493703,rotation_geodesic/right_rotation,0.00462973490357399
gpu_0,clean,clean/place_bread_basket/episode_000044/0_226,place_bread_basket,episode_000044,clean,,,,final_action,gamma,1.2,,,,5786497539863217079,5885103556919493703,gripper_flip_rate,0.0
gpu_0,clean,clean/place_bread_basket/episode_000044/0_226,place_bread_basket,episode_000044,clean,,,,final_action,gamma,1.2,,,,5786497539863217079,5885103556919493703,temporal_jerk_difference,0.0013504103990271688
gpu_0,clean,clean/place_bread_basket/episode_000044/0_226,place_bread_basket,episode_000044,clean,,,,final_action,gaussian_blur_sigma,0.5,,,,5786497539863217079,18322585329891979128,action_relative_l2,0.0032249854411929846
gpu_0,clean,clean/place_bread_basket/episode_000044/0_226,place_bread_basket,episode_000044,clean,,,,final_action,gaussian_blur_sigma,0.5,,,,5786497539863217079,18322585329891979128,action_mean_abs,0.0002849668962880969
gpu_0,clean,clean/place_bread_basket/episode_000044/0_226,place_bread_basket,episode_000044,clean,,,,final_action,gaussian_blur_sigma,0.5,,,,5786497539863217079,18322585329891979128,action_relative_l2/first_25pct,0.0
gpu_0,clean,clean/place_bread_basket/episode_000044/0_226,place_bread_basket,episode_000044,clean,,,,final_action,gaussian_blur_sigma,0.5,,,,5786497539863217079,18322585329891979128,action_relative_l2/last_75pct,0.0033367290161550045
gpu_0,clean,clean/place_bread_basket/episode_000044/0_226,place_bread_basket,episode_000044,clean,,,,final_action,gaussian_blur_sigma,0.5,,,,5786497539863217079,18322585329891979128,endpoint_l2/left_position,0.0009191036224365234
gpu_0,clean,clean/place_bread_basket/episode_000044/0_226,place_bread_basket,episode_000044,clean,,,,final_action,gaussian_blur_sigma,0.5,,,,5786497539863217079,18322585329891979128,endpoint_l2/right_position,0.0031783280428498983
gpu_0,clean,clean/place_bread_basket/episode_000044/0_226,place_bread_basket,episode_000044,clean,,,,final_action,gaussian_blur_sigma,0.5,,,,5786497539863217079,18322585329891979128,rotation_geodesic/left_rotation,0.0011692490661516786
gpu_0,clean,clean/place_bread_basket/episode_000044/0_226,place_bread_basket,episode_000044,clean,,,,final_action,gaussian_blur_sigma,0.5,,,,5786497539863217079,18322585329891979128,rotation_geodesic/right_rotation,0.0028950839769095182
gpu_0,clean,clean/place_bread_basket/episode_000044/0_226,place_bread_basket,episode_000044,clean,,,,final_action,gaussian_blur_sigma,0.5,,,,5786497539863217079,18322585329891979128,gripper_flip_rate,0.0
gpu_0,clean,clean/place_bread_basket/episode_000044/0_226,place_bread_basket,episode_000044,clean,,,,final_action,gaussian_blur_sigma,0.5,,,,5786497539863217079,18322585329891979128,temporal_jerk_difference,0.000599218881689012
gpu_0,clean,clean/place_bread_basket/episode_000044/0_226,place_bread_basket,episode_000044,clean,,,,final_action,gaussian_blur_sigma,1.0,,,,5786497539863217079,1464129816195477027,action_relative_l2,0.005637559108436108
gpu_0,clean,clean/place_bread_basket/episode_000044/0_226,place_bread_basket,episode_000044,clean,,,,final_action,gaussian_blur_sigma,1.0,,,,5786497539863217079,1464129816195477027,action_mean_abs,0.0007102962117642164
gpu_0,clean,clean/place_bread_basket/episode_000044/0_226,place_bread_basket,episode_000044,clean,,,,final_action,gaussian_blur_sigma,1.0,,,,5786497539863217079,1464129816195477027,action_relative_l2/first_25pct,0.0
gpu_0,clean,clean/place_bread_basket/episode_000044/0_226,place_bread_basket,episode_000044,clean,,,,final_action,gaussian_blur_sigma,1.0,,,,5786497539863217079,1464129816195477027,action_relative_l2/last_75pct,0.005832896567881107
gpu_0,clean,clean/place_bread_basket/episode_000044/0_226,place_bread_basket,episode_000044,clean,,,,final_action,gaussian_blur_sigma,1.0,,,,5786497539863217079,1464129816195477027,endpoint_l2/left_position,0.0
gpu_0,clean,clean/place_bread_basket/episode_000044/0_226,place_bread_basket,episode_000044,clean,,,,final_action,gaussian_blur_sigma,1.0,,,,5786497539863217079,1464129816195477027,endpoint_l2/right_position,0.006224604323506355
gpu_0,clean,clean/place_bread_basket/episode_000044/0_226,place_bread_basket,episode_000044,clean,,,,final_action,gaussian_blur_sigma,1.0,,,,5786497539863217079,1464129816195477027,rotation_geodesic/left_rotation,0.0036856932565569878
gpu_0,clean,clean/place_bread_basket/episode_000044/0_226,place_bread_basket,episode_000044,clean,,,,final_action,gaussian_blur_sigma,1.0,,,,5786497539863217079,1464129816195477027,rotation_geodesic/right_rotation,0.005479283630847931
gpu_0,clean,clean/place_bread_basket/episode_000044/0_226,place_bread_basket,episode_000044,clean,,,,final_action,gaussian_blur_sigma,1.0,,,,5786497539863217079,1464129816195477027,gripper_flip_rate,0.0
gpu_0,clean,clean/place_bread_basket/episode_000044/0_226,place_bread_basket,episode_000044,clean,,,,final_action,gaussian_blur_sigma,1.0,,,,5786497539863217079,1464129816195477027,temporal_jerk_difference,0.0013812301913276315
gpu_0,clean,clean/place_bread_basket/episode_000044/0_226,place_bread_basket,episode_000044,clean,,,,final_action,gaussian_noise_std,0.01,,,,5786497539863217079,3952513492836151882,action_relative_l2,0.010207180865108967
gpu_0,clean,clean/place_bread_basket/episode_000044/0_226,place_bread_basket,episode_000044,clean,,,,final_action,gaussian_noise_std,0.01,,,,5786497539863217079,3952513492836151882,action_mean_abs,0.001700911670923233
gpu_0,clean,clean/place_bread_basket/episode_000044/0_226,place_bread_basket,episode_000044,clean,,,,final_action,gaussian_noise_std,0.01,,,,5786497539863217079,3952513492836151882,action_relative_l2/first_25pct,0.0
gpu_0,clean,clean/place_bread_basket/episode_000044/0_226,place_bread_basket,episode_000044,clean,,,,final_action,gaussian_noise_std,0.01,,,,5786497539863217079,3952513492836151882,action_relative_l2/last_75pct,0.010560852475464344
gpu_0,clean,clean/place_bread_basket/episode_000044/0_226,place_bread_basket,episode_000044,clean,,,,final_action,gaussian_noise_std,0.01,,,,5786497539863217079,3952513492836151882,endpoint_l2/left_position,0.0009191036224365234
gpu_0,clean,clean/place_bread_basket/episode_000044/0_226,place_bread_basket,episode_000044,clean,,,,final_action,gaussian_noise_std,0.01,,,,5786497539863217079,3952513492836151882,endpoint_l2/right_position,0.0097392862662673
gpu_0,clean,clean/place_bread_basket/episode_000044/0_226,place_bread_basket,episode_000044,clean,,,,final_action,gaussian_noise_std,0.01,,,,5786497539863217079,3952513492836151882,rotation_geodesic/left_rotation,0.006763378158211708
gpu_0,clean,clean/place_bread_basket/episode_000044/0_226,place_bread_basket,episode_000044,clean,,,,final_action,gaussian_noise_std,0.01,,,,5786497539863217079,3952513492836151882,rotation_geodesic/right_rotation,0.013510962948203087
gpu_0,clean,clean/place_bread_basket/episode_000044/0_226,place_bread_basket,episode_000044,clean,,,,final_action,gaussian_noise_std,0.01,,,,5786497539863217079,3952513492836151882,gripper_flip_rate,0.0
gpu_0,clean,clean/place_bread_basket/episode_000044/0_226,place_bread_basket,episode_000044,clean,,,,final_action,gaussian_noise_std,0.01,,,,5786497539863217079,3952513492836151882,temporal_jerk_difference,0.0024118036963045597
gpu_0,clean,clean/place_bread_basket/episode_000044/0_226,place_bread_basket,episode_000044,clean,,,,final_action,gaussian_noise_std,0.03,,,,5786497539863217079,15908044863109304790,action_relative_l2,0.019610224291682243
gpu_0,clean,clean/place_bread_basket/episode_000044/0_226,place_bread_basket,episode_000044,clean,,,,final_action,gaussian_noise_std,0.03,,,,5786497539863217079,15908044863109304790,action_mean_abs,0.003686067648231983
gpu_0,clean,clean/place_bread_basket/episode_000044/0_226,place_bread_basket,episode_000044,clean,,,,final_action,gaussian_noise_std,0.03,,,,5786497539863217079,15908044863109304790,action_relative_l2/first_25pct,0.0
gpu_0,clean,clean/place_bread_basket/episode_000044/0_226,place_bread_basket,episode_000044,clean,,,,final_action,gaussian_noise_std,0.03,,,,5786497539863217079,15908044863109304790,action_relative_l2/last_75pct,0.020289704203605652
gpu_0,clean,clean/place_bread_basket/episode_000044/0_226,place_bread_basket,episode_000044,clean,,,,final_action,gaussian_noise_std,0.03,,,,5786497539863217079,15908044863109304790,endpoint_l2/left_position,0.013142415322363377
gpu_0,clean,clean/place_bread_basket/episode_000044/0_226,place_bread_basket,episode_000044,clean,,,,final_action,gaussian_noise_std,0.03,,,,5786497539863217079,15908044863109304790,endpoint_l2/right_position,0.019127076491713524
gpu_0,clean,clean/place_bread_basket/episode_000044/0_226,place_bread_basket,episode_000044,clean,,,,final_action,gaussian_noise_std,0.03,,,,5786497539863217079,15908044863109304790,rotation_geodesic/left_rotation,0.024277320131659508
gpu_0,clean,clean/place_bread_basket/episode_000044/0_226,place_bread_basket,episode_000044,clean,,,,final_action,gaussian_noise_std,0.03,,,,5786497539863217079,15908044863109304790,rotation_geodesic/right_rotation,0.017697174102067947
gpu_0,clean,clean/place_bread_basket/episode_000044/0_226,place_bread_basket,episode_000044,clean,,,,final_action,gaussian_noise_std,0.03,,,,5786497539863217079,15908044863109304790,gripper_flip_rate,0.0
gpu_0,clean,clean/place_bread_basket/episode_000044/0_226,place_bread_basket,episode_000044,clean,,,,final_action,gaussian_noise_std,0.03,,,,5786497539863217079,15908044863109304790,temporal_jerk_difference,0.0025542541407048702
gpu_0,clean,clean/place_bread_basket/episode_000044/0_226,place_bread_basket,episode_000044,clean,,,,final_action,identity,0.0,,,,5786497539863217079,,action_relative_l2,0.0
gpu_0,clean,clean/place_bread_basket/episode_000044/0_226,place_bread_basket,episode_000044,clean,,,,final_action,identity,0.0,,,,5786497539863217079,,action_mean_abs,0.0
gpu_0,clean,clean/place_bread_basket/episode_000044/0_226,place_bread_basket,episode_000044,clean,,,,final_action,identity,0.0,,,,5786497539863217079,,action_relative_l2/first_25pct,0.0
gpu_0,clean,clean/place_bread_basket/episode_000044/0_226,place_bread_basket,episode_000044,clean,,,,final_action,identity,0.0,,,,5786497539863217079,,action_relative_l2/last_75pct,0.0
gpu_0,clean,clean/place_bread_basket/episode_000044/0_226,place_bread_basket,episode_000044,clean,,,,final_action,identity,0.0,,,,5786497539863217079,,endpoint_l2/left_position,0.0
gpu_0,clean,clean/place_bread_basket/episode_000044/0_226,place_bread_basket,episode_000044,clean,,,,final_action,identity,0.0,,,,5786497539863217079,,endpoint_l2/right_position,0.0
gpu_0,clean,clean/place_bread_basket/episode_000044/0_226,place_bread_basket,episode_000044,clean,,,,final_action,identity,0.0,,,,5786497539863217079,,rotation_geodesic/left_rotation,0.0002046846493612975
gpu_0,clean,clean/place_bread_basket/episode_000044/0_226,place_bread_basket,episode_000044,clean,,,,final_action,identity,0.0,,,,5786497539863217079,,rotation_geodesic/right_rotation,0.00017208735516760498
gpu_0,clean,clean/place_bread_basket/episode_000044/0_226,place_bread_basket,episode_000044,clean,,,,final_action,identity,0.0,,,,5786497539863217079,,gripper_flip_rate,0.0
gpu_0,clean,clean/place_bread_basket/episode_000044/0_226,place_bread_basket,episode_000044,clean,,,,final_action,identity,0.0,,,,5786497539863217079,,temporal_jerk_difference,0.0
gpu_0,clean,clean/place_object_scale/episode_000016/0_141,place_object_scale,episode_000016,clean,,,,final_action,brightness,0.8,,,,15052661172066250013,8128353529252831070,action_relative_l2,0.011046938598155975
gpu_0,clean,clean/place_object_scale/episode_000016/0_141,place_object_scale,episode_000016,clean,,,,final_action,brightness,0.8,,,,15052661172066250013,8128353529252831070,action_mean_abs,0.0019816455896943808
gpu_0,clean,clean/place_object_scale/episode_000016/0_141,place_object_scale,episode_000016,clean,,,,final_action,brightness,0.8,,,,15052661172066250013,8128353529252831070,action_relative_l2/first_25pct,0.0
gpu_0,clean,clean/place_object_scale/episode_000016/0_141,place_object_scale,episode_000016,clean,,,,final_action,brightness,0.8,,,,15052661172066250013,8128353529252831070,action_relative_l2/last_75pct,0.011434581130743027
gpu_0,clean,clean/place_object_scale/episode_000016/0_141,place_object_scale,episode_000016,clean,,,,final_action,brightness,0.8,,,,15052661172066250013,8128353529252831070,endpoint_l2/left_position,0.007715262938290834
gpu_0,clean,clean/place_object_scale/episode_000016/0_141,place_object_scale,episode_000016,clean,,,,final_action,brightness,0.8,,,,15052661172066250013,8128353529252831070,endpoint_l2/right_position,0.013804898597300053
gpu_0,clean,clean/place_object_scale/episode_000016/0_141,place_object_scale,episode_000016,clean,,,,final_action,brightness,0.8,,,,15052661172066250013,8128353529252831070,rotation_geodesic/left_rotation,0.003244096180424094
gpu_0,clean,clean/place_object_scale/episode_000016/0_141,place_object_scale,episode_000016,clean,,,,final_action,brightness,0.8,,,,15052661172066250013,8128353529252831070,rotation_geodesic/right_rotation,0.010057796724140644
gpu_0,clean,clean/place_object_scale/episode_000016/0_141,place_object_scale,episode_000016,clean,,,,final_action,brightness,0.8,,,,15052661172066250013,8128353529252831070,gripper_flip_rate,0.0
gpu_0,clean,clean/place_object_scale/episode_000016/0_141,place_object_scale,episode_000016,clean,,,,final_action,brightness,0.8,,,,15052661172066250013,8128353529252831070,temporal_jerk_difference,0.001669472549110651
gpu_0,clean,clean/place_object_scale/episode_000016/0_141,place_object_scale,episode_000016,clean,,,,final_action,brightness,1.2,,,,15052661172066250013,5451139221587725941,action_relative_l2,0.030314026400446892
gpu_0,clean,clean/place_object_scale/episode_000016/0_141,place_object_scale,episode_000016,clean,,,,final_action,brightness,1.2,,,,15052661172066250013,5451139221587725941,action_mean_abs,0.003983879461884499
gpu_0,clean,clean/place_object_scale/episode_000016/0_141,place_object_scale,episode_000016,clean,,,,final_action,brightness,1.2,,,,15052661172066250013,5451139221587725941,action_relative_l2/first_25pct,0.0
gpu_0,clean,clean/place_object_scale/episode_000016/0_141,place_object_scale,episode_000016,clean,,,,final_action,brightness,1.2,,,,15052661172066250013,5451139221587725941,action_relative_l2/last_75pct,0.03137775883078575
gpu_0,clean,clean/place_object_scale/episode_000016/0_141,place_object_scale,episode_000016,clean,,,,final_action,brightness,1.2,,,,15052661172066250013,5451139221587725941,endpoint_l2/left_position,0.0018117844592779875
gpu_0,clean,clean/place_object_scale/episode_000016/0_141,place_object_scale,episode_000016,clean,,,,final_action,brightness,1.2,,,,15052661172066250013,5451139221587725941,endpoint_l2/right_position,0.007192698307335377
gpu_0,clean,clean/place_object_scale/episode_000016/0_141,place_object_scale,episode_000016,clean,,,,final_action,brightness,1.2,,,,15052661172066250013,5451139221587725941,rotation_geodesic/left_rotation,0.0034112597350031137
gpu_0,clean,clean/place_object_scale/episode_000016/0_141,place_object_scale,episode_000016,clean,,,,final_action,brightness,1.2,,,,15052661172066250013,5451139221587725941,rotation_geodesic/right_rotation,0.05843614786863327
gpu_0,clean,clean/place_object_scale/episode_000016/0_141,place_object_scale,episode_000016,clean,,,,final_action,brightness,1.2,,,,15052661172066250013,5451139221587725941,gripper_flip_rate,0.0
gpu_0,clean,clean/place_object_scale/episode_000016/0_141,place_object_scale,episode_000016,clean,,,,final_action,brightness,1.2,,,,15052661172066250013,5451139221587725941,temporal_jerk_difference,0.0014434750191867352
gpu_0,clean,clean/place_object_scale/episode_000016/0_141,place_object_scale,episode_000016,clean,,,,final_action,color_temperature,-0.1,,,,15052661172066250013,11771800898474785723,action_relative_l2,0.022547267377376556
gpu_0,clean,clean/place_object_scale/episode_000016/0_141,place_object_scale,episode_000016,clean,,,,final_action,color_temperature,-0.1,,,,15052661172066250013,11771800898474785723,action_mean_abs,0.0033855955116450787
gpu_0,clean,clean/place_object_scale/episode_000016/0_141,place_object_scale,episode_000016,clean,,,,final_action,color_temperature,-0.1,,,,15052661172066250013,11771800898474785723,action_relative_l2/first_25pct,0.0
gpu_0,clean,clean/place_object_scale/episode_000016/0_141,place_object_scale,episode_000016,clean,,,,final_action,color_temperature,-0.1,,,,15052661172066250013,11771800898474785723,action_relative_l2/last_75pct,0.02333846315741539
gpu_0,clean,clean/place_object_scale/episode_000016/0_141,place_object_scale,episode_000016,clean,,,,final_action,color_temperature,-0.1,,,,15052661172066250013,11771800898474785723,endpoint_l2/left_position,0.007464857771992683
gpu_0,clean,clean/place_object_scale/episode_000016/0_141,place_object_scale,episode_000016,clean,,,,final_action,color_temperature,-0.1,,,,15052661172066250013,11771800898474785723,endpoint_l2/right_position,0.015437287278473377
gpu_0,clean,clean/place_object_scale/episode_000016/0_141,place_object_scale,episode_000016,clean,,,,final_action,color_temperature,-0.1,,,,15052661172066250013,11771800898474785723,rotation_geodesic/left_rotation,0.004337131045758724
gpu_0,clean,clean/place_object_scale/episode_000016/0_141,place_object_scale,episode_000016,clean,,,,final_action,color_temperature,-0.1,,,,15052661172066250013,11771800898474785723,rotation_geodesic/right_rotation,0.04015537351369858
gpu_0,clean,clean/place_object_scale/episode_000016/0_141,place_object_scale,episode_000016,clean,,,,final_action,color_temperature,-0.1,,,,15052661172066250013,11771800898474785723,gripper_flip_rate,0.0
gpu_0,clean,clean/place_object_scale/episode_000016/0_141,place_object_scale,episode_000016,clean,,,,final_action,color_temperature,-0.1,,,,15052661172066250013,11771800898474785723,temporal_jerk_difference,0.0017182573210448027
gpu_0,clean,clean/place_object_scale/episode_000016/0_141,place_object_scale,episode_000016,clean,,,,final_action,color_temperature,0.1,,,,15052661172066250013,7887944890558736340,action_relative_l2,0.005937189795076847
gpu_0,clean,clean/place_object_scale/episode_000016/0_141,place_object_scale,episode_000016,clean,,,,final_action,color_temperature,0.1,,,,15052661172066250013,7887944890558736340,action_mean_abs,0.0007583156693726778
gpu_0,clean,clean/place_object_scale/episode_000016/0_141,place_object_scale,episode_000016,clean,,,,final_action,color_temperature,0.1,,,,15052661172066250013,7887944890558736340,action_relative_l2/first_25pct,0.0
gpu_0,clean,clean/place_object_scale/episode_000016/0_141,place_object_scale,episode_000016,clean,,,,final_action,color_temperature,0.1,,,,15052661172066250013,7887944890558736340,action_relative_l2/last_75pct,0.006145528517663479
gpu_0,clean,clean/place_object_scale/episode_000016/0_141,place_object_scale,episode_000016,clean,,,,final_action,color_temperature,0.1,,,,15052661172066250013,7887944890558736340,endpoint_l2/left_position,0.001979277702048421
gpu_0,clean,clean/place_object_scale/episode_000016/0_141,place_object_scale,episode_000016,clean,,,,final_action,color_temperature,0.1,,,,15052661172066250013,7887944890558736340,endpoint_l2/right_position,0.0034146192483603954
gpu_0,clean,clean/place_object_scale/episode_000016/0_141,place_object_scale,episode_000016,clean,,,,final_action,color_temperature,0.1,,,,15052661172066250013,7887944890558736340,rotation_geodesic/left_rotation,0.003459871280938387
gpu_0,clean,clean/place_object_scale/episode_000016/0_141,place_object_scale,episode_000016,clean,,,,final_action,color_temperature,0.1,,,,15052661172066250013,7887944890558736340,rotation_geodesic/right_rotation,0.008541584014892578
gpu_0,clean,clean/place_object_scale/episode_000016/0_141,place_object_scale,episode_000016,clean,,,,final_action,color_temperature,0.1,,,,15052661172066250013,7887944890558736340,gripper_flip_rate,0.0
gpu_0,clean,clean/place_object_scale/episode_000016/0_141,place_object_scale,episode_000016,clean,,,,final_action,color_temperature,0.1,,,,15052661172066250013,7887944890558736340,temporal_jerk_difference,0.001199678867124021
gpu_0,clean,clean/place_object_scale/episode_000016/0_141,place_object_scale,episode_000016,clean,,,,final_action,gamma,0.8,,,,15052661172066250013,3987445913070418313,action_relative_l2,0.0035618520341813564
gpu_0,clean,clean/place_object_scale/episode_000016/0_141,place_object_scale,episode_000016,clean,,,,final_action,gamma,0.8,,,,15052661172066250013,3987445913070418313,action_mean_abs,0.00027233012951910496
gpu_0,clean,clean/place_object_scale/episode_000016/0_141,place_object_scale,episode_000016,clean,,,,final_action,gamma,0.8,,,,15052661172066250013,3987445913070418313,action_relative_l2/first_25pct,0.0
gpu_0,clean,clean/place_object_scale/episode_000016/0_141,place_object_scale,episode_000016,clean,,,,final_action,gamma,0.8,,,,15052661172066250013,3987445913070418313,action_relative_l2/last_75pct,0.003686839248985052
gpu_0,clean,clean/place_object_scale/episode_000016/0_141,place_object_scale,episode_000016,clean,,,,final_action,gamma,0.8,,,,15052661172066250013,3987445913070418313,endpoint_l2/left_position,0.0
gpu_0,clean,clean/place_object_scale/episode_000016/0_141,place_object_scale,episode_000016,clean,,,,final_action,gamma,0.8,,,,15052661172066250013,3987445913070418313,endpoint_l2/right_position,0.0035963389091193676
gpu_0,clean,clean/place_object_scale/episode_000016/0_141,place_object_scale,episode_000016,clean,,,,final_action,gamma,0.8,,,,15052661172066250013,3987445913070418313,rotation_geodesic/left_rotation,0.0011491980403661728
gpu_0,clean,clean/place_object_scale/episode_000016/0_141,place_object_scale,episode_000016,clean,,,,final_action,gamma,0.8,,,,15052661172066250013,3987445913070418313,rotation_geodesic/right_rotation,0.0018874569796025753
gpu_0,clean,clean/place_object_scale/episode_000016/0_141,place_object_scale,episode_000016,clean,,,,final_action,gamma,0.8,,,,15052661172066250013,3987445913070418313,gripper_flip_rate,0.0
gpu_0,clean,clean/place_object_scale/episode_000016/0_141,place_object_scale,episode_000016,clean,,,,final_action,gamma,0.8,,,,15052661172066250013,3987445913070418313,temporal_jerk_difference,0.000794420309830457
gpu_0,clean,clean/place_object_scale/episode_000016/0_141,place_object_scale,episode_000016,clean,,,,final_action,gamma,1.2,,,,15052661172066250013,18267793042838073310,action_relative_l2,0.0038526987191289663
gpu_0,clean,clean/place_object_scale/episode_000016/0_141,place_object_scale,episode_000016,clean,,,,final_action,gamma,1.2,,,,15052661172066250013,18267793042838073310,action_mean_abs,0.00035078980727121234
gpu_0,clean,clean/place_object_scale/episode_000016/0_141,place_object_scale,episode_000016,clean,,,,final_action,gamma,1.2,,,,15052661172066250013,18267793042838073310,action_relative_l2/first_25pct,0.0
gpu_0,clean,clean/place_object_scale/episode_000016/0_141,place_object_scale,episode_000016,clean,,,,final_action,gamma,1.2,,,,15052661172066250013,18267793042838073310,action_relative_l2/last_75pct,0.003987892065197229
gpu_0,clean,clean/place_object_scale/episode_000016/0_141,place_object_scale,episode_000016,clean,,,,final_action,gamma,1.2,,,,15052661172066250013,18267793042838073310,endpoint_l2/left_position,0.0007806736975908279
gpu_0,clean,clean/place_object_scale/episode_000016/0_141,place_object_scale,episode_000016,clean,,,,final_action,gamma,1.2,,,,15052661172066250013,18267793042838073310,endpoint_l2/right_position,0.0019240377005189657
gpu_0,clean,clean/place_object_scale/episode_000016/0_141,place_object_scale,episode_000016,clean,,,,final_action,gamma,1.2,,,,15052661172066250013,18267793042838073310,rotation_geodesic/left_rotation,0.0017813665326684713
gpu_0,clean,clean/place_object_scale/episode_000016/0_141,place_object_scale,episode_000016,clean,,,,final_action,gamma,1.2,,,,15052661172066250013,18267793042838073310,rotation_geodesic/right_rotation,0.004535275045782328
gpu_0,clean,clean/place_object_scale/episode_000016/0_141,place_object_scale,episode_000016,clean,,,,final_action,gamma,1.2,,,,15052661172066250013,18267793042838073310,gripper_flip_rate,0.0
gpu_0,clean,clean/place_object_scale/episode_000016/0_141,place_object_scale,episode_000016,clean,,,,final_action,gamma,1.2,,,,15052661172066250013,18267793042838073310,temporal_jerk_difference,0.0008700726320967078
gpu_0,clean,clean/place_object_scale/episode_000016/0_141,place_object_scale,episode_000016,clean,,,,final_action,gaussian_blur_sigma,0.5,,,,15052661172066250013,13820347193606331437,action_relative_l2,0.003284774487838149
gpu_0,clean,clean/place_object_scale/episode_000016/0_141,place_object_scale,episode_000016,clean,,,,final_action,gaussian_blur_sigma,0.5,,,,15052661172066250013,13820347193606331437,action_mean_abs,0.0002310762065462768
gpu_0,clean,clean/place_object_scale/episode_000016/0_141,place_object_scale,episode_000016,clean,,,,final_action,gaussian_blur_sigma,0.5,,,,15052661172066250013,13820347193606331437,action_relative_l2/first_25pct,0.0
gpu_0,clean,clean/place_object_scale/episode_000016/0_141,place_object_scale,episode_000016,clean,,,,final_action,gaussian_blur_sigma,0.5,,,,15052661172066250013,13820347193606331437,action_relative_l2/last_75pct,0.003400038927793503
gpu_0,clean,clean/place_object_scale/episode_000016/0_141,place_object_scale,episode_000016,clean,,,,final_action,gaussian_blur_sigma,0.5,,,,15052661172066250013,13820347193606331437,endpoint_l2/left_position,0.0007806736975908279
gpu_0,clean,clean/place_object_scale/episode_000016/0_141,place_object_scale,episode_000016,clean,,,,final_action,gaussian_blur_sigma,0.5,,,,15052661172066250013,13820347193606331437,endpoint_l2/right_position,0.0013958823401480913
gpu_0,clean,clean/place_object_scale/episode_000016/0_141,place_object_scale,episode_000016,clean,,,,final_action,gaussian_blur_sigma,0.5,,,,15052661172066250013,13820347193606331437,rotation_geodesic/left_rotation,0.0006613925797864795
gpu_0,clean,clean/place_object_scale/episode_000016/0_141,place_object_scale,episode_000016,clean,,,,final_action,gaussian_blur_sigma,0.5,,,,15052661172066250013,13820347193606331437,rotation_geodesic/right_rotation,0.0027729554567486048
gpu_0,clean,clean/place_object_scale/episode_000016/0_141,place_object_scale,episode_000016,clean,,,,final_action,gaussian_blur_sigma,0.5,,,,15052661172066250013,13820347193606331437,gripper_flip_rate,0.0
gpu_0,clean,clean/place_object_scale/episode_000016/0_141,place_object_scale,episode_000016,clean,,,,final_action,gaussian_blur_sigma,0.5,,,,15052661172066250013,13820347193606331437,temporal_jerk_difference,0.0007525593391619623
gpu_0,clean,clean/place_object_scale/episode_000016/0_141,place_object_scale,episode_000016,clean,,,,final_action,gaussian_blur_sigma,1.0,,,,15052661172066250013,6730551116110810124,action_relative_l2,0.006381763610988855
gpu_0,clean,clean/place_object_scale/episode_000016/0_141,place_object_scale,episode_000016,clean,,,,final_action,gaussian_blur_sigma,1.0,,,,15052661172066250013,6730551116110810124,action_mean_abs,0.0006078004953451455
gpu_0,clean,clean/place_object_scale/episode_000016/0_141,place_object_scale,episode_000016,clean,,,,final_action,gaussian_blur_sigma,1.0,,,,15052661172066250013,6730551116110810124,action_relative_l2/first_25pct,0.0
gpu_0,clean,clean/place_object_scale/episode_000016/0_141,place_object_scale,episode_000016,clean,,,,final_action,gaussian_blur_sigma,1.0,,,,15052661172066250013,6730551116110810124,action_relative_l2/last_75pct,0.006605702918022871
gpu_0,clean,clean/place_object_scale/episode_000016/0_141,place_object_scale,episode_000016,clean,,,,final_action,gaussian_blur_sigma,1.0,,,,15052661172066250013,6730551116110810124,endpoint_l2/left_position,0.0
gpu_0,clean,clean/place_object_scale/episode_000016/0_141,place_object_scale,episode_000016,clean,,,,final_action,gaussian_blur_sigma,1.0,,,,15052661172066250013,6730551116110810124,endpoint_l2/right_position,0.0
gpu_0,clean,clean/place_object_scale/episode_000016/0_141,place_object_scale,episode_000016,clean,,,,final_action,gaussian_blur_sigma,1.0,,,,15052661172066250013,6730551116110810124,rotation_geodesic/left_rotation,0.00019421266915742308
gpu_0,clean,clean/place_object_scale/episode_000016/0_141,place_object_scale,episode_000016,clean,,,,final_action,gaussian_blur_sigma,1.0,,,,15052661172066250013,6730551116110810124,rotation_geodesic/right_rotation,0.010351350530982018
gpu_0,clean,clean/place_object_scale/episode_000016/0_141,place_object_scale,episode_000016,clean,,,,final_action,gaussian_blur_sigma,1.0,,,,15052661172066250013,6730551116110810124,gripper_flip_rate,0.0
gpu_0,clean,clean/place_object_scale/episode_000016/0_141,place_object_scale,episode_000016,clean,,,,final_action,gaussian_blur_sigma,1.0,,,,15052661172066250013,6730551116110810124,temporal_jerk_difference,0.000876025587785989
gpu_0,clean,clean/place_object_scale/episode_000016/0_141,place_object_scale,episode_000016,clean,,,,final_action,gaussian_noise_std,0.01,,,,15052661172066250013,13857880200663423716,action_relative_l2,0.0066390796564519405
gpu_0,clean,clean/place_object_scale/episode_000016/0_141,place_object_scale,episode_000016,clean,,,,final_action,gaussian_noise_std,0.01,,,,15052661172066250013,13857880200663423716,action_mean_abs,0.0009752155165188015
gpu_0,clean,clean/place_object_scale/episode_000016/0_141,place_object_scale,episode_000016,clean,,,,final_action,gaussian_noise_std,0.01,,,,15052661172066250013,13857880200663423716,action_relative_l2/first_25pct,0.0
gpu_0,clean,clean/place_object_scale/episode_000016/0_141,place_object_scale,episode_000016,clean,,,,final_action,gaussian_noise_std,0.01,,,,15052661172066250013,13857880200663423716,action_relative_l2/last_75pct,0.0068720486015081406
gpu_0,clean,clean/place_object_scale/episode_000016/0_141,place_object_scale,episode_000016,clean,,,,final_action,gaussian_noise_std,0.01,,,,15052661172066250013,13857880200663423716,endpoint_l2/left_position,0.004460266325622797
gpu_0,clean,clean/place_object_scale/episode_000016/0_141,place_object_scale,episode_000016,clean,,,,final_action,gaussian_noise_std,0.01,,,,15052661172066250013,13857880200663423716,endpoint_l2/right_position,0.005502084735780954
gpu_0,clean,clean/place_object_scale/episode_000016/0_141,place_object_scale,episode_000016,clean,,,,final_action,gaussian_noise_std,0.01,,,,15052661172066250013,13857880200663423716,rotation_geodesic/left_rotation,0.005539935547858477
gpu_0,clean,clean/place_object_scale/episode_000016/0_141,place_object_scale,episode_000016,clean,,,,final_action,gaussian_noise_std,0.01,,,,15052661172066250013,13857880200663423716,rotation_geodesic/right_rotation,0.006219856441020966
gpu_0,clean,clean/place_object_scale/episode_000016/0_141,place_object_scale,episode_000016,clean,,,,final_action,gaussian_noise_std,0.01,,,,15052661172066250013,13857880200663423716,gripper_flip_rate,0.0
gpu_0,clean,clean/place_object_scale/episode_000016/0_141,place_object_scale,episode_000016,clean,,,,final_action,gaussian_noise_std,0.01,,,,15052661172066250013,13857880200663423716,temporal_jerk_difference,0.0014673944097012281
gpu_0,clean,clean/place_object_scale/episode_000016/0_141,place_object_scale,episode_000016,clean,,,,final_action,gaussian_noise_std,0.03,,,,15052661172066250013,14331452601550878469,action_relative_l2,0.022808266803622246
gpu_0,clean,clean/place_object_scale/episode_000016/0_141,place_object_scale,episode_000016,clean,,,,final_action,gaussian_noise_std,0.03,,,,15052661172066250013,14331452601550878469,action_mean_abs,0.0028970062267035246
gpu_0,clean,clean/place_object_scale/episode_000016/0_141,place_object_scale,episode_000016,clean,,,,final_action,gaussian_noise_std,0.03,,,,15052661172066250013,14331452601550878469,action_relative_l2/first_25pct,0.0
gpu_0,clean,clean/place_object_scale/episode_000016/0_141,place_object_scale,episode_000016,clean,,,,final_action,gaussian_noise_std,0.03,,,,15052661172066250013,14331452601550878469,action_relative_l2/last_75pct,0.023608621209859848
gpu_0,clean,clean/place_object_scale/episode_000016/0_141,place_object_scale,episode_000016,clean,,,,final_action,gaussian_noise_std,0.03,,,,15052661172066250013,14331452601550878469,endpoint_l2/left_position,0.007164549082517624
gpu_0,clean,clean/place_object_scale/episode_000016/0_141,place_object_scale,episode_000016,clean,,,,final_action,gaussian_noise_std,0.03,,,,15052661172066250013,14331452601550878469,endpoint_l2/right_position,0.019671181216835976
gpu_0,clean,clean/place_object_scale/episode_000016/0_141,place_object_scale,episode_000016,clean,,,,final_action,gaussian_noise_std,0.03,,,,15052661172066250013,14331452601550878469,rotation_geodesic/left_rotation,0.008219132199883461
gpu_0,clean,clean/place_object_scale/episode_000016/0_141,place_object_scale,episode_000016,clean,,,,final_action,gaussian_noise_std,0.03,,,,15052661172066250013,14331452601550878469,rotation_geodesic/right_rotation,0.033781662583351135
gpu_0,clean,clean/place_object_scale/episode_000016/0_141,place_object_scale,episode_000016,clean,,,,final_action,gaussian_noise_std,0.03,,,,15052661172066250013,14331452601550878469,gripper_flip_rate,0.0
gpu_0,clean,clean/place_object_scale/episode_000016/0_141,place_object_scale,episode_000016,clean,,,,final_action,gaussian_noise_std,0.03,,,,15052661172066250013,14331452601550878469,temporal_jerk_difference,0.0015734309563413262
gpu_0,clean,clean/place_object_scale/episode_000016/0_141,place_object_scale,episode_000016,clean,,,,final_action,identity,0.0,,,,15052661172066250013,,action_relative_l2,0.0
gpu_0,clean,clean/place_object_scale/episode_000016/0_141,place_object_scale,episode_000016,clean,,,,final_action,identity,0.0,,,,15052661172066250013,,action_mean_abs,0.0
gpu_0,clean,clean/place_object_scale/episode_000016/0_141,place_object_scale,episode_000016,clean,,,,final_action,identity,0.0,,,,15052661172066250013,,action_relative_l2/first_25pct,0.0
gpu_0,clean,clean/place_object_scale/episode_000016/0_141,place_object_scale,episode_000016,clean,,,,final_action,identity,0.0,,,,15052661172066250013,,action_relative_l2/last_75pct,0.0
gpu_0,clean,clean/place_object_scale/episode_000016/0_141,place_object_scale,episode_000016,clean,,,,final_action,identity,0.0,,,,15052661172066250013,,endpoint_l2/left_position,0.0
gpu_0,clean,clean/place_object_scale/episode_000016/0_141,place_object_scale,episode_000016,clean,,,,final_action,identity,0.0,,,,15052661172066250013,,endpoint_l2/right_position,0.0
gpu_0,clean,clean/place_object_scale/episode_000016/0_141,place_object_scale,episode_000016,clean,,,,final_action,identity,0.0,,,,15052661172066250013,,rotation_geodesic/left_rotation,0.00019421266915742308
gpu_0,clean,clean/place_object_scale/episode_000016/0_141,place_object_scale,episode_000016,clean,,,,final_action,identity,0.0,,,,15052661172066250013,,rotation_geodesic/right_rotation,0.0001868078688858077
gpu_0,clean,clean/place_object_scale/episode_000016/0_141,place_object_scale,episode_000016,clean,,,,final_action,identity,0.0,,,,15052661172066250013,,gripper_flip_rate,0.0
gpu_0,clean,clean/place_object_scale/episode_000016/0_141,place_object_scale,episode_000016,clean,,,,final_action,identity,0.0,,,,15052661172066250013,,temporal_jerk_difference,0.0
gpu_0,clean,clean/stack_blocks_three/episode_000030/0_447,stack_blocks_three,episode_000030,clean,,,,final_action,brightness,0.8,,,,12280813841299030061,14740558125330130023,action_relative_l2,0.1021275520324707
gpu_0,clean,clean/stack_blocks_three/episode_000030/0_447,stack_blocks_three,episode_000030,clean,,,,final_action,brightness,0.8,,,,12280813841299030061,14740558125330130023,action_mean_abs,0.011997779831290245
gpu_0,clean,clean/stack_blocks_three/episode_000030/0_447,stack_blocks_three,episode_000030,clean,,,,final_action,brightness,0.8,,,,12280813841299030061,14740558125330130023,action_relative_l2/first_25pct,0.0
gpu_0,clean,clean/stack_blocks_three/episode_000030/0_447,stack_blocks_three,episode_000030,clean,,,,final_action,brightness,0.8,,,,12280813841299030061,14740558125330130023,action_relative_l2/last_75pct,0.10572867095470428
gpu_0,clean,clean/stack_blocks_three/episode_000030/0_447,stack_blocks_three,episode_000030,clean,,,,final_action,brightness,0.8,,,,12280813841299030061,14740558125330130023,endpoint_l2/left_position,0.03239826485514641
gpu_0,clean,clean/stack_blocks_three/episode_000030/0_447,stack_blocks_three,episode_000030,clean,,,,final_action,brightness,0.8,,,,12280813841299030061,14740558125330130023,endpoint_l2/right_position,0.17725606262683868
gpu_0,clean,clean/stack_blocks_three/episode_000030/0_447,stack_blocks_three,episode_000030,clean,,,,final_action,brightness,0.8,,,,12280813841299030061,14740558125330130023,rotation_geodesic/left_rotation,0.04809701442718506
gpu_0,clean,clean/stack_blocks_three/episode_000030/0_447,stack_blocks_three,episode_000030,clean,,,,final_action,brightness,0.8,,,,12280813841299030061,14740558125330130023,rotation_geodesic/right_rotation,0.14184734225273132
gpu_0,clean,clean/stack_blocks_three/episode_000030/0_447,stack_blocks_three,episode_000030,clean,,,,final_action,brightness,0.8,,,,12280813841299030061,14740558125330130023,gripper_flip_rate,0.0
gpu_0,clean,clean/stack_blocks_three/episode_000030/0_447,stack_blocks_three,episode_000030,clean,,,,final_action,brightness,0.8,,,,12280813841299030061,14740558125330130023,temporal_jerk_difference,0.0017427620477974415
gpu_0,clean,clean/stack_blocks_three/episode_000030/0_447,stack_blocks_three,episode_000030,clean,,,,final_action,brightness,1.2,,,,12280813841299030061,9830554915469431070,action_relative_l2,0.029466165229678154
gpu_0,clean,clean/stack_blocks_three/episode_000030/0_447,stack_blocks_three,episode_000030,clean,,,,final_action,brightness,1.2,,,,12280813841299030061,9830554915469431070,action_mean_abs,0.004150426480919123
gpu_0,clean,clean/stack_blocks_three/episode_000030/0_447,stack_blocks_three,episode_000030,clean,,,,final_action,brightness,1.2,,,,12280813841299030061,9830554915469431070,action_relative_l2/first_25pct,0.0
gpu_0,clean,clean/stack_blocks_three/episode_000030/0_447,stack_blocks_three,episode_000030,clean,,,,final_action,brightness,1.2,,,,12280813841299030061,9830554915469431070,action_relative_l2/last_75pct,0.030505171045660973
gpu_0,clean,clean/stack_blocks_three/episode_000030/0_447,stack_blocks_three,episode_000030,clean,,,,final_action,brightness,1.2,,,,12280813841299030061,9830554915469431070,endpoint_l2/left_position,0.013044962659478188
gpu_0,clean,clean/stack_blocks_three/episode_000030/0_447,stack_blocks_three,episode_000030,clean,,,,final_action,brightness,1.2,,,,12280813841299030061,9830554915469431070,endpoint_l2/right_position,0.03573862090706825
gpu_0,clean,clean/stack_blocks_three/episode_000030/0_447,stack_blocks_three,episode_000030,clean,,,,final_action,brightness,1.2,,,,12280813841299030061,9830554915469431070,rotation_geodesic/left_rotation,0.026076514273881912
gpu_0,clean,clean/stack_blocks_three/episode_000030/0_447,stack_blocks_three,episode_000030,clean,,,,final_action,brightness,1.2,,,,12280813841299030061,9830554915469431070,rotation_geodesic/right_rotation,0.044407423585653305
gpu_0,clean,clean/stack_blocks_three/episode_000030/0_447,stack_blocks_three,episode_000030,clean,,,,final_action,brightness,1.2,,,,12280813841299030061,9830554915469431070,gripper_flip_rate,0.0
gpu_0,clean,clean/stack_blocks_three/episode_000030/0_447,stack_blocks_three,episode_000030,clean,,,,final_action,brightness,1.2,,,,12280813841299030061,9830554915469431070,temporal_jerk_difference,0.0025960642378777266
gpu_0,clean,clean/stack_blocks_three/episode_000030/0_447,stack_blocks_three,episode_000030,clean,,,,final_action,color_temperature,-0.1,,,,12280813841299030061,15666566753435024262,action_relative_l2,0.09970501810312271
gpu_0,clean,clean/stack_blocks_three/episode_000030/0_447,stack_blocks_three,episode_000030,clean,,,,final_action,color_temperature,-0.1,,,,12280813841299030061,15666566753435024262,action_mean_abs,0.01180978026241064
gpu_0,clean,clean/stack_blocks_three/episode_000030/0_447,stack_blocks_three,episode_000030,clean,,,,final_action,color_temperature,-0.1,,,,12280813841299030061,15666566753435024262,action_relative_l2/first_25pct,0.0
gpu_0,clean,clean/stack_blocks_three/episode_000030/0_447,stack_blocks_three,episode_000030,clean,,,,final_action,color_temperature,-0.1,,,,12280813841299030061,15666566753435024262,action_relative_l2/last_75pct,0.10322071611881256
gpu_0,clean,clean/stack_blocks_three/episode_000030/0_447,stack_blocks_three,episode_000030,clean,,,,final_action,color_temperature,-0.1,,,,12280813841299030061,15666566753435024262,endpoint_l2/left_position,0.031195513904094696
gpu_0,clean,clean/stack_blocks_three/episode_000030/0_447,stack_blocks_three,episode_000030,clean,,,,final_action,color_temperature,-0.1,,,,12280813841299030061,15666566753435024262,endpoint_l2/right_position,0.17865990102291107
gpu_0,clean,clean/stack_blocks_three/episode_000030/0_447,stack_blocks_three,episode_000030,clean,,,,final_action,color_temperature,-0.1,,,,12280813841299030061,15666566753435024262,rotation_geodesic/left_rotation,0.04778160899877548
gpu_0,clean,clean/stack_blocks_three/episode_000030/0_447,stack_blocks_three,episode_000030,clean,,,,final_action,color_temperature,-0.1,,,,12280813841299030061,15666566753435024262,rotation_geodesic/right_rotation,0.13429439067840576
gpu_0,clean,clean/stack_blocks_three/episode_000030/0_447,stack_blocks_three,episode_000030,clean,,,,final_action,color_temperature,-0.1,,,,12280813841299030061,15666566753435024262,gripper_flip_rate,0.0
gpu_0,clean,clean/stack_blocks_three/episode_000030/0_447,stack_blocks_three,episode_000030,clean,,,,final_action,color_temperature,-0.1,,,,12280813841299030061,15666566753435024262,temporal_jerk_difference,0.0021836429368704557
gpu_0,clean,clean/stack_blocks_three/episode_000030/0_447,stack_blocks_three,episode_000030,clean,,,,final_action,color_temperature,0.1,,,,12280813841299030061,4205121641594680140,action_relative_l2,0.020155007019639015
gpu_0,clean,clean/stack_blocks_three/episode_000030/0_447,stack_blocks_three,episode_000030,clean,,,,final_action,color_temperature,0.1,,,,12280813841299030061,4205121641594680140,action_mean_abs,0.0022805347107350826
gpu_0,clean,clean/stack_blocks_three/episode_000030/0_447,stack_blocks_three,episode_000030,clean,,,,final_action,color_temperature,0.1,,,,12280813841299030061,4205121641594680140,action_relative_l2/first_25pct,0.0
gpu_0,clean,clean/stack_blocks_three/episode_000030/0_447,stack_blocks_three,episode_000030,clean,,,,final_action,color_temperature,0.1,,,,12280813841299030061,4205121641594680140,action_relative_l2/last_75pct,0.02086569182574749
gpu_0,clean,clean/stack_blocks_three/episode_000030/0_447,stack_blocks_three,episode_000030,clean,,,,final_action,color_temperature,0.1,,,,12280813841299030061,4205121641594680140,endpoint_l2/left_position,0.008177057839930058
gpu_0,clean,clean/stack_blocks_three/episode_000030/0_447,stack_blocks_three,episode_000030,clean,,,,final_action,color_temperature,0.1,,,,12280813841299030061,4205121641594680140,endpoint_l2/right_position,0.006721090525388718
gpu_0,clean,clean/stack_blocks_three/episode_000030/0_447,stack_blocks_three,episode_000030,clean,,,,final_action,color_temperature,0.1,,,,12280813841299030061,4205121641594680140,rotation_geodesic/left_rotation,0.007187504321336746
gpu_0,clean,clean/stack_blocks_three/episode_000030/0_447,stack_blocks_three,episode_000030,clean,,,,final_action,color_temperature,0.1,,,,12280813841299030061,4205121641594680140,rotation_geodesic/right_rotation,0.031756527721881866
gpu_0,clean,clean/stack_blocks_three/episode_000030/0_447,stack_blocks_three,episode_000030,clean,,,,final_action,color_temperature,0.1,,,,12280813841299030061,4205121641594680140,gripper_flip_rate,0.0
gpu_0,clean,clean/stack_blocks_three/episode_000030/0_447,stack_blocks_three,episode_000030,clean,,,,final_action,color_temperature,0.1,,,,12280813841299030061,4205121641594680140,temporal_jerk_difference,0.001634671469219029
gpu_0,clean,clean/stack_blocks_three/episode_000030/0_447,stack_blocks_three,episode_000030,clean,,,,final_action,gamma,0.8,,,,12280813841299030061,12381315702077997941,action_relative_l2,0.018896812573075294
gpu_0,clean,clean/stack_blocks_three/episode_000030/0_447,stack_blocks_three,episode_000030,clean,,,,final_action,gamma,0.8,,,,12280813841299030061,12381315702077997941,action_mean_abs,0.001937944209203124
gpu_0,clean,clean/stack_blocks_three/episode_000030/0_447,stack_blocks_three,episode_000030,clean,,,,final_action,gamma,0.8,,,,12280813841299030061,12381315702077997941,action_relative_l2/first_25pct,0.0
gpu_0,clean,clean/stack_blocks_three/episode_000030/0_447,stack_blocks_three,episode_000030,clean,,,,final_action,gamma,0.8,,,,12280813841299030061,12381315702077997941,action_relative_l2/last_75pct,0.019563132897019386
gpu_0,clean,clean/stack_blocks_three/episode_000030/0_447,stack_blocks_three,episode_000030,clean,,,,final_action,gamma,0.8,,,,12280813841299030061,12381315702077997941,endpoint_l2/left_position,0.003710162593051791
gpu_0,clean,clean/stack_blocks_three/episode_000030/0_447,stack_blocks_three,episode_000030,clean,,,,final_action,gamma,0.8,,,,12280813841299030061,12381315702077997941,endpoint_l2/right_position,0.005772104486823082
gpu_0,clean,clean/stack_blocks_three/episode_000030/0_447,stack_blocks_three,episode_000030,clean,,,,final_action,gamma,0.8,,,,12280813841299030061,12381315702077997941,rotation_geodesic/left_rotation,0.005784687586128712
gpu_0,clean,clean/stack_blocks_three/episode_000030/0_447,stack_blocks_three,episode_000030,clean,,,,final_action,gamma,0.8,,,,12280813841299030061,12381315702077997941,rotation_geodesic/right_rotation,0.029813822358846664
gpu_0,clean,clean/stack_blocks_three/episode_000030/0_447,stack_blocks_three,episode_000030,clean,,,,final_action,gamma,0.8,,,,12280813841299030061,12381315702077997941,gripper_flip_rate,0.0
gpu_0,clean,clean/stack_blocks_three/episode_000030/0_447,stack_blocks_three,episode_000030,clean,,,,final_action,gamma,0.8,,,,12280813841299030061,12381315702077997941,temporal_jerk_difference,0.0015061405720189214
gpu_0,clean,clean/stack_blocks_three/episode_000030/0_447,stack_blocks_three,episode_000030,clean,,,,final_action,gamma,1.2,,,,12280813841299030061,1479468069143235415,action_relative_l2,0.007747984491288662
gpu_0,clean,clean/stack_blocks_three/episode_000030/0_447,stack_blocks_three,episode_000030,clean,,,,final_action,gamma,1.2,,,,12280813841299030061,1479468069143235415,action_mean_abs,0.0008434305782429874
gpu_0,clean,clean/stack_blocks_three/episode_000030/0_447,stack_blocks_three,episode_000030,clean,,,,final_action,gamma,1.2,,,,12280813841299030061,1479468069143235415,action_relative_l2/first_25pct,0.0
gpu_0,clean,clean/stack_blocks_three/episode_000030/0_447,stack_blocks_three,episode_000030,clean,,,,final_action,gamma,1.2,,,,12280813841299030061,1479468069143235415,action_relative_l2/last_75pct,0.008021186105906963
gpu_0,clean,clean/stack_blocks_three/episode_000030/0_447,stack_blocks_three,episode_000030,clean,,,,final_action,gamma,1.2,,,,12280813841299030061,1479468069143235415,endpoint_l2/left_position,0.0015613511204719543
gpu_0,clean,clean/stack_blocks_three/episode_000030/0_447,stack_blocks_three,episode_000030,clean,,,,final_action,gamma,1.2,,,,12280813841299030061,1479468069143235415,endpoint_l2/right_position,0.0027917646802961826
gpu_0,clean,clean/stack_blocks_three/episode_000030/0_447,stack_blocks_three,episode_000030,clean,,,,final_action,gamma,1.2,,,,12280813841299030061,1479468069143235415,rotation_geodesic/left_rotation,0.0032204065937548876
gpu_0,clean,clean/stack_blocks_three/episode_000030/0_447,stack_blocks_three,episode_000030,clean,,,,final_action,gamma,1.2,,,,12280813841299030061,1479468069143235415,rotation_geodesic/right_rotation,0.012590453028678894
gpu_0,clean,clean/stack_blocks_three/episode_000030/0_447,stack_blocks_three,episode_000030,clean,,,,final_action,gamma,1.2,,,,12280813841299030061,1479468069143235415,gripper_flip_rate,0.0
gpu_0,clean,clean/stack_blocks_three/episode_000030/0_447,stack_blocks_three,episode_000030,clean,,,,final_action,gamma,1.2,,,,12280813841299030061,1479468069143235415,temporal_jerk_difference,0.0008306251256726682
gpu_0,clean,clean/stack_blocks_three/episode_000030/0_447,stack_blocks_three,episode_000030,clean,,,,final_action,gaussian_blur_sigma,0.5,,,,12280813841299030061,11617124187135812490,action_relative_l2,0.019482513889670372
gpu_0,clean,clean/stack_blocks_three/episode_000030/0_447,stack_blocks_three,episode_000030,clean,,,,final_action,gaussian_blur_sigma,0.5,,,,12280813841299030061,11617124187135812490,action_mean_abs,0.0018342919647693634
gpu_0,clean,clean/stack_blocks_three/episode_000030/0_447,stack_blocks_three,episode_000030,clean,,,,final_action,gaussian_blur_sigma,0.5,,,,12280813841299030061,11617124187135812490,action_relative_l2/first_25pct,0.0
gpu_0,clean,clean/stack_blocks_three/episode_000030/0_447,stack_blocks_three,episode_000030,clean,,,,final_action,gaussian_blur_sigma,0.5,,,,12280813841299030061,11617124187135812490,action_relative_l2/last_75pct,0.020169487223029137
gpu_0,clean,clean/stack_blocks_three/episode_000030/0_447,stack_blocks_three,episode_000030,clean,,,,final_action,gaussian_blur_sigma,0.5,,,,12280813841299030061,11617124187135812490,endpoint_l2/left_position,0.0029782101046293974
gpu_0,clean,clean/stack_blocks_three/episode_000030/0_447,stack_blocks_three,episode_000030,clean,,,,final_action,gaussian_blur_sigma,0.5,,,,12280813841299030061,11617124187135812490,endpoint_l2/right_position,0.005367049481719732
gpu_0,clean,clean/stack_blocks_three/episode_000030/0_447,stack_blocks_three,episode_000030,clean,,,,final_action,gaussian_blur_sigma,0.5,,,,12280813841299030061,11617124187135812490,rotation_geodesic/left_rotation,0.004979556892067194
gpu_0,clean,clean/stack_blocks_three/episode_000030/0_447,stack_blocks_three,episode_000030,clean,,,,final_action,gaussian_blur_sigma,0.5,,,,12280813841299030061,11617124187135812490,rotation_geodesic/right_rotation,0.030675195157527924
gpu_0,clean,clean/stack_blocks_three/episode_000030/0_447,stack_blocks_three,episode_000030,clean,,,,final_action,gaussian_blur_sigma,0.5,,,,12280813841299030061,11617124187135812490,gripper_flip_rate,0.0
gpu_0,clean,clean/stack_blocks_three/episode_000030/0_447,stack_blocks_three,episode_000030,clean,,,,final_action,gaussian_blur_sigma,0.5,,,,12280813841299030061,11617124187135812490,temporal_jerk_difference,0.0013525326503440738
gpu_0,clean,clean/stack_blocks_three/episode_000030/0_447,stack_blocks_three,episode_000030,clean,,,,final_action,gaussian_blur_sigma,1.0,,,,12280813841299030061,18440392788514194603,action_relative_l2,0.01826762594282627
gpu_0,clean,clean/stack_blocks_three/episode_000030/0_447,stack_blocks_three,episode_000030,clean,,,,final_action,gaussian_blur_sigma,1.0,,,,12280813841299030061,18440392788514194603,action_mean_abs,0.0018974404083564878
gpu_0,clean,clean/stack_blocks_three/episode_000030/0_447,stack_blocks_three,episode_000030,clean,,,,final_action,gaussian_blur_sigma,1.0,,,,12280813841299030061,18440392788514194603,action_relative_l2/first_25pct,0.0
gpu_0,clean,clean/stack_blocks_three/episode_000030/0_447,stack_blocks_three,episode_000030,clean,,,,final_action,gaussian_blur_sigma,1.0,,,,12280813841299030061,18440392788514194603,action_relative_l2/last_75pct,0.018911760300397873
gpu_0,clean,clean/stack_blocks_three/episode_000030/0_447,stack_blocks_three,episode_000030,clean,,,,final_action,gaussian_blur_sigma,1.0,,,,12280813841299030061,18440392788514194603,endpoint_l2/left_position,0.003351272316649556
gpu_0,clean,clean/stack_blocks_three/episode_000030/0_447,stack_blocks_three,episode_000030,clean,,,,final_action,gaussian_blur_sigma,1.0,,,,12280813841299030061,18440392788514194603,endpoint_l2/right_position,0.005772104486823082
gpu_0,clean,clean/stack_blocks_three/episode_000030/0_447,stack_blocks_three,episode_000030,clean,,,,final_action,gaussian_blur_sigma,1.0,,,,12280813841299030061,18440392788514194603,rotation_geodesic/left_rotation,0.005200817249715328
gpu_0,clean,clean/stack_blocks_three/episode_000030/0_447,stack_blocks_three,episode_000030,clean,,,,final_action,gaussian_blur_sigma,1.0,,,,12280813841299030061,18440392788514194603,rotation_geodesic/right_rotation,0.029382867738604546
gpu_0,clean,clean/stack_blocks_three/episode_000030/0_447,stack_blocks_three,episode_000030,clean,,,,final_action,gaussian_blur_sigma,1.0,,,,12280813841299030061,18440392788514194603,gripper_flip_rate,0.0
gpu_0,clean,clean/stack_blocks_three/episode_000030/0_447,stack_blocks_three,episode_000030,clean,,,,final_action,gaussian_blur_sigma,1.0,,,,12280813841299030061,18440392788514194603,temporal_jerk_difference,0.001176260644569993
gpu_0,clean,clean/stack_blocks_three/episode_000030/0_447,stack_blocks_three,episode_000030,clean,,,,final_action,gaussian_noise_std,0.01,,,,12280813841299030061,318962294272706403,action_relative_l2,0.007273954804986715
gpu_0,clean,clean/stack_blocks_three/episode_000030/0_447,stack_blocks_three,episode_000030,clean,,,,final_action,gaussian_noise_std,0.01,,,,12280813841299030061,318962294272706403,action_mean_abs,0.001175537472590804
gpu_0,clean,clean/stack_blocks_three/episode_000030/0_447,stack_blocks_three,episode_000030,clean,,,,final_action,gaussian_noise_std,0.01,,,,12280813841299030061,318962294272706403,action_relative_l2/first_25pct,0.0
gpu_0,clean,clean/stack_blocks_three/episode_000030/0_447,stack_blocks_three,episode_000030,clean,,,,final_action,gaussian_noise_std,0.01,,,,12280813841299030061,318962294272706403,action_relative_l2/last_75pct,0.007530441973358393
gpu_0,clean,clean/stack_blocks_three/episode_000030/0_447,stack_blocks_three,episode_000030,clean,,,,final_action,gaussian_noise_std,0.01,,,,12280813841299030061,318962294272706403,endpoint_l2/left_position,0.005031840410083532
gpu_0,clean,clean/stack_blocks_three/episode_000030/0_447,stack_blocks_three,episode_000030,clean,,,,final_action,gaussian_noise_std,0.01,,,,12280813841299030061,318962294272706403,endpoint_l2/right_position,0.0028893742710351944
gpu_0,clean,clean/stack_blocks_three/episode_000030/0_447,stack_blocks_three,episode_000030,clean,,,,final_action,gaussian_noise_std,0.01,,,,12280813841299030061,318962294272706403,rotation_geodesic/left_rotation,0.007861665450036526
gpu_0,clean,clean/stack_blocks_three/episode_000030/0_447,stack_blocks_three,episode_000030,clean,,,,final_action,gaussian_noise_std,0.01,,,,12280813841299030061,318962294272706403,rotation_geodesic/right_rotation,0.006301515735685825
gpu_0,clean,clean/stack_blocks_three/episode_000030/0_447,stack_blocks_three,episode_000030,clean,,,,final_action,gaussian_noise_std,0.01,,,,12280813841299030061,318962294272706403,gripper_flip_rate,0.0
gpu_0,clean,clean/stack_blocks_three/episode_000030/0_447,stack_blocks_three,episode_000030,clean,,,,final_action,gaussian_noise_std,0.01,,,,12280813841299030061,318962294272706403,temporal_jerk_difference,0.0017377074109390378
gpu_0,clean,clean/stack_blocks_three/episode_000030/0_447,stack_blocks_three,episode_000030,clean,,,,final_action,gaussian_noise_std,0.03,,,,12280813841299030061,10916310403062362012,action_relative_l2,0.00986060593277216
gpu_0,clean,clean/stack_blocks_three/episode_000030/0_447,stack_blocks_three,episode_000030,clean,,,,final_action,gaussian_noise_std,0.03,,,,12280813841299030061,10916310403062362012,action_mean_abs,0.0018938449211418629
gpu_0,clean,clean/stack_blocks_three/episode_000030/0_447,stack_blocks_three,episode_000030,clean,,,,final_action,gaussian_noise_std,0.03,,,,12280813841299030061,10916310403062362012,action_relative_l2/first_25pct,0.0
gpu_0,clean,clean/stack_blocks_three/episode_000030/0_447,stack_blocks_three,episode_000030,clean,,,,final_action,gaussian_noise_std,0.03,,,,12280813841299030061,10916310403062362012,action_relative_l2/last_75pct,0.01020830124616623
gpu_0,clean,clean/stack_blocks_three/episode_000030/0_447,stack_blocks_three,episode_000030,clean,,,,final_action,gaussian_noise_std,0.03,,,,12280813841299030061,10916310403062362012,endpoint_l2/left_position,0.00792555883526802
gpu_0,clean,clean/stack_blocks_three/episode_000030/0_447,stack_blocks_three,episode_000030,clean,,,,final_action,gaussian_noise_std,0.03,,,,12280813841299030061,10916310403062362012,endpoint_l2/right_position,0.006189333740621805
gpu_0,clean,clean/stack_blocks_three/episode_000030/0_447,stack_blocks_three,episode_000030,clean,,,,final_action,gaussian_noise_std,0.03,,,,12280813841299030061,10916310403062362012,rotation_geodesic/left_rotation,0.010794298723340034
gpu_0,clean,clean/stack_blocks_three/episode_000030/0_447,stack_blocks_three,episode_000030,clean,,,,final_action,gaussian_noise_std,0.03,,,,12280813841299030061,10916310403062362012,rotation_geodesic/right_rotation,0.005817849654704332
gpu_0,clean,clean/stack_blocks_three/episode_000030/0_447,stack_blocks_three,episode_000030,clean,,,,final_action,gaussian_noise_std,0.03,,,,12280813841299030061,10916310403062362012,gripper_flip_rate,0.0
gpu_0,clean,clean/stack_blocks_three/episode_000030/0_447,stack_blocks_three,episode_000030,clean,,,,final_action,gaussian_noise_std,0.03,,,,12280813841299030061,10916310403062362012,temporal_jerk_difference,0.002005747752264142
gpu_0,clean,clean/stack_blocks_three/episode_000030/0_447,stack_blocks_three,episode_000030,clean,,,,final_action,identity,0.0,,,,12280813841299030061,,action_relative_l2,0.0
gpu_0,clean,clean/stack_blocks_three/episode_000030/0_447,stack_blocks_three,episode_000030,clean,,,,final_action,identity,0.0,,,,12280813841299030061,,action_mean_abs,0.0
gpu_0,clean,clean/stack_blocks_three/episode_000030/0_447,stack_blocks_three,episode_000030,clean,,,,final_action,identity,0.0,,,,12280813841299030061,,action_relative_l2/first_25pct,0.0
gpu_0,clean,clean/stack_blocks_three/episode_000030/0_447,stack_blocks_three,episode_000030,clean,,,,final_action,identity,0.0,,,,12280813841299030061,,action_relative_l2/last_75pct,0.0
gpu_0,clean,clean/stack_blocks_three/episode_000030/0_447,stack_blocks_three,episode_000030,clean,,,,final_action,identity,0.0,,,,12280813841299030061,,endpoint_l2/left_position,0.0
gpu_0,clean,clean/stack_blocks_three/episode_000030/0_447,stack_blocks_three,episode_000030,clean,,,,final_action,identity,0.0,,,,12280813841299030061,,endpoint_l2/right_position,0.0
gpu_0,clean,clean/stack_blocks_three/episode_000030/0_447,stack_blocks_three,episode_000030,clean,,,,final_action,identity,0.0,,,,12280813841299030061,,rotation_geodesic/left_rotation,0.0003084211202803999
gpu_0,clean,clean/stack_blocks_three/episode_000030/0_447,stack_blocks_three,episode_000030,clean,,,,final_action,identity,0.0,,,,12280813841299030061,,rotation_geodesic/right_rotation,0.00015736682689748704
gpu_0,clean,clean/stack_blocks_three/episode_000030/0_447,stack_blocks_three,episode_000030,clean,,,,final_action,identity,0.0,,,,12280813841299030061,,gripper_flip_rate,0.0
gpu_0,clean,clean/stack_blocks_three/episode_000030/0_447,stack_blocks_three,episode_000030,clean,,,,final_action,identity,0.0,,,,12280813841299030061,,temporal_jerk_difference,0.0
gpu_0,contrastive,clean/adjust_bottle/episode_000044/0_139,adjust_bottle,episode_000044,clean,,,,final_action,brightness,0.8,,,,204078420560127207,13345697289178260558,action_relative_l2,0.04385850206017494
gpu_0,contrastive,clean/adjust_bottle/episode_000044/0_139,adjust_bottle,episode_000044,clean,,,,final_action,brightness,0.8,,,,204078420560127207,13345697289178260558,action_mean_abs,0.006932683754712343
gpu_0,contrastive,clean/adjust_bottle/episode_000044/0_139,adjust_bottle,episode_000044,clean,,,,final_action,brightness,0.8,,,,204078420560127207,13345697289178260558,action_relative_l2/first_25pct,0.0
gpu_0,contrastive,clean/adjust_bottle/episode_000044/0_139,adjust_bottle,episode_000044,clean,,,,final_action,brightness,0.8,,,,204078420560127207,13345697289178260558,action_relative_l2/last_75pct,0.04541488736867905
gpu_0,contrastive,clean/adjust_bottle/episode_000044/0_139,adjust_bottle,episode_000044,clean,,,,final_action,brightness,0.8,,,,204078420560127207,13345697289178260558,endpoint_l2/left_position,0.003559456206858158
gpu_0,contrastive,clean/adjust_bottle/episode_000044/0_139,adjust_bottle,episode_000044,clean,,,,final_action,brightness,0.8,,,,204078420560127207,13345697289178260558,endpoint_l2/right_position,0.05168689787387848
gpu_0,contrastive,clean/adjust_bottle/episode_000044/0_139,adjust_bottle,episode_000044,clean,,,,final_action,brightness,0.8,,,,204078420560127207,13345697289178260558,rotation_geodesic/left_rotation,0.0083830701187253
gpu_0,contrastive,clean/adjust_bottle/episode_000044/0_139,adjust_bottle,episode_000044,clean,,,,final_action,brightness,0.8,,,,204078420560127207,13345697289178260558,rotation_geodesic/right_rotation,0.07741905003786087
gpu_0,contrastive,clean/adjust_bottle/episode_000044/0_139,adjust_bottle,episode_000044,clean,,,,final_action,brightness,0.8,,,,204078420560127207,13345697289178260558,gripper_flip_rate,0.0
gpu_0,contrastive,clean/adjust_bottle/episode_000044/0_139,adjust_bottle,episode_000044,clean,,,,final_action,brightness,0.8,,,,204078420560127207,13345697289178260558,temporal_jerk_difference,0.0018959230510517955
gpu_0,contrastive,clean/adjust_bottle/episode_000044/0_139,adjust_bottle,episode_000044,clean,,,,final_action,brightness,1.2,,,,204078420560127207,739887505226363588,action_relative_l2,0.10054650902748108
gpu_0,contrastive,clean/adjust_bottle/episode_000044/0_139,adjust_bottle,episode_000044,clean,,,,final_action,brightness,1.2,,,,204078420560127207,739887505226363588,action_mean_abs,0.015281487256288528
gpu_0,contrastive,clean/adjust_bottle/episode_000044/0_139,adjust_bottle,episode_000044,clean,,,,final_action,brightness,1.2,,,,204078420560127207,739887505226363588,action_relative_l2/first_25pct,0.0
gpu_0,contrastive,clean/adjust_bottle/episode_000044/0_139,adjust_bottle,episode_000044,clean,,,,final_action,brightness,1.2,,,,204078420560127207,739887505226363588,action_relative_l2/last_75pct,0.10411455482244492
gpu_0,contrastive,clean/adjust_bottle/episode_000044/0_139,adjust_bottle,episode_000044,clean,,,,final_action,brightness,1.2,,,,204078420560127207,739887505226363588,endpoint_l2/left_position,0.006703057326376438
gpu_0,contrastive,clean/adjust_bottle/episode_000044/0_139,adjust_bottle,episode_000044,clean,,,,final_action,brightness,1.2,,,,204078420560127207,739887505226363588,endpoint_l2/right_position,0.13295578956604004
gpu_0,contrastive,clean/adjust_bottle/episode_000044/0_139,adjust_bottle,episode_000044,clean,,,,final_action,brightness,1.2,,,,204078420560127207,739887505226363588,rotation_geodesic/left_rotation,0.008155828341841698
gpu_0,contrastive,clean/adjust_bottle/episode_000044/0_139,adjust_bottle,episode_000044,clean,,,,final_action,brightness,1.2,,,,204078420560127207,739887505226363588,rotation_geodesic/right_rotation,0.18410933017730713
gpu_0,contrastive,clean/adjust_bottle/episode_000044/0_139,adjust_bottle,episode_000044,clean,,,,final_action,brightness,1.2,,,,204078420560127207,739887505226363588,gripper_flip_rate,0.0
gpu_0,contrastive,clean/adjust_bottle/episode_000044/0_139,adjust_bottle,episode_000044,clean,,,,final_action,brightness,1.2,,,,204078420560127207,739887505226363588,temporal_jerk_difference,0.002323906635865569
gpu_0,contrastive,clean/adjust_bottle/episode_000044/0_139,adjust_bottle,episode_000044,clean,,,,final_action,color_temperature,-0.1,,,,204078420560127207,765584118789078213,action_relative_l2,0.01178505178540945
gpu_0,contrastive,clean/adjust_bottle/episode_000044/0_139,adjust_bottle,episode_000044,clean,,,,final_action,color_temperature,-0.1,,,,204078420560127207,765584118789078213,action_mean_abs,0.002034566830843687
gpu_0,contrastive,clean/adjust_bottle/episode_000044/0_139,adjust_bottle,episode_000044,clean,,,,final_action,color_temperature,-0.1,,,,204078420560127207,765584118789078213,action_relative_l2/first_25pct,0.0
gpu_0,contrastive,clean/adjust_bottle/episode_000044/0_139,adjust_bottle,episode_000044,clean,,,,final_action,color_temperature,-0.1,,,,204078420560127207,765584118789078213,action_relative_l2/last_75pct,0.012203262187540531
gpu_0,contrastive,clean/adjust_bottle/episode_000044/0_139,adjust_bottle,episode_000044,clean,,,,final_action,color_temperature,-0.1,,,,204078420560127207,765584118789078213,endpoint_l2/left_position,0.0025564422830939293
gpu_0,contrastive,clean/adjust_bottle/episode_000044/0_139,adjust_bottle,episode_000044,clean,,,,final_action,color_temperature,-0.1,,,,204078420560127207,765584118789078213,endpoint_l2/right_position,0.01912515051662922
gpu_0,contrastive,clean/adjust_bottle/episode_000044/0_139,adjust_bottle,episode_000044,clean,,,,final_action,color_temperature,-0.1,,,,204078420560127207,765584118789078213,rotation_geodesic/left_rotation,0.0040581016801297665
gpu_0,contrastive,clean/adjust_bottle/episode_000044/0_139,adjust_bottle,episode_000044,clean,,,,final_action,color_temperature,-0.1,,,,204078420560127207,765584118789078213,rotation_geodesic/right_rotation,0.016576381400227547
gpu_0,contrastive,clean/adjust_bottle/episode_000044/0_139,adjust_bottle,episode_000044,clean,,,,final_action,color_temperature,-0.1,,,,204078420560127207,765584118789078213,gripper_flip_rate,0.0
gpu_0,contrastive,clean/adjust_bottle/episode_000044/0_139,adjust_bottle,episode_000044,clean,,,,final_action,color_temperature,-0.1,,,,204078420560127207,765584118789078213,temporal_jerk_difference,0.0014673483092337847
gpu_0,contrastive,clean/adjust_bottle/episode_000044/0_139,adjust_bottle,episode_000044,clean,,,,final_action,color_temperature,0.1,,,,204078420560127207,9775476510567872708,action_relative_l2,0.03269030153751373
gpu_0,contrastive,clean/adjust_bottle/episode_000044/0_139,adjust_bottle,episode_000044,clean,,,,final_action,color_temperature,0.1,,,,204078420560127207,9775476510567872708,action_mean_abs,0.00481098098680377
gpu_0,contrastive,clean/adjust_bottle/episode_000044/0_139,adjust_bottle,episode_000044,clean,,,,final_action,color_temperature,0.1,,,,204078420560127207,9775476510567872708,action_relative_l2/first_25pct,0.0
gpu_0,contrastive,clean/adjust_bottle/episode_000044/0_139,adjust_bottle,episode_000044,clean,,,,final_action,color_temperature,0.1,,,,204078420560127207,9775476510567872708,action_relative_l2/last_75pct,0.03385036438703537
gpu_0,contrastive,clean/adjust_bottle/episode_000044/0_139,adjust_bottle,episode_000044,clean,,,,final_action,color_temperature,0.1,,,,204078420560127207,9775476510567872708,endpoint_l2/left_position,0.003704437054693699
gpu_0,contrastive,clean/adjust_bottle/episode_000044/0_139,adjust_bottle,episode_000044,clean,,,,final_action,color_temperature,0.1,,,,204078420560127207,9775476510567872708,endpoint_l2/right_position,0.04220081493258476
gpu_0,contrastive,clean/adjust_bottle/episode_000044/0_139,adjust_bottle,episode_000044,clean,,,,final_action,color_temperature,0.1,,,,204078420560127207,9775476510567872708,rotation_geodesic/left_rotation,0.008879991248250008
gpu_0,contrastive,clean/adjust_bottle/episode_000044/0_139,adjust_bottle,episode_000044,clean,,,,final_action,color_temperature,0.1,,,,204078420560127207,9775476510567872708,rotation_geodesic/right_rotation,0.05703761428594589
gpu_0,contrastive,clean/adjust_bottle/episode_000044/0_139,adjust_bottle,episode_000044,clean,,,,final_action,color_temperature,0.1,,,,204078420560127207,9775476510567872708,gripper_flip_rate,0.0
gpu_0,contrastive,clean/adjust_bottle/episode_000044/0_139,adjust_bottle,episode_000044,clean,,,,final_action,color_temperature,0.1,,,,204078420560127207,9775476510567872708,temporal_jerk_difference,0.0019535997416824102
gpu_0,contrastive,clean/adjust_bottle/episode_000044/0_139,adjust_bottle,episode_000044,clean,,,,final_action,gamma,0.8,,,,204078420560127207,18087504126169967844,action_relative_l2,0.0038891981821507215
gpu_0,contrastive,clean/adjust_bottle/episode_000044/0_139,adjust_bottle,episode_000044,clean,,,,final_action,gamma,0.8,,,,204078420560127207,18087504126169967844,action_mean_abs,0.0003649775462690741
gpu_0,contrastive,clean/adjust_bottle/episode_000044/0_139,adjust_bottle,episode_000044,clean,,,,final_action,gamma,0.8,,,,204078420560127207,18087504126169967844,action_relative_l2/first_25pct,0.0
gpu_0,contrastive,clean/adjust_bottle/episode_000044/0_139,adjust_bottle,episode_000044,clean,,,,final_action,gamma,0.8,,,,204078420560127207,18087504126169967844,action_relative_l2/last_75pct,0.004027212038636208
gpu_0,contrastive,clean/adjust_bottle/episode_000044/0_139,adjust_bottle,episode_000044,clean,,,,final_action,gamma,0.8,,,,204078420560127207,18087504126169967844,endpoint_l2/left_position,0.0011155408574268222
gpu_0,contrastive,clean/adjust_bottle/episode_000044/0_139,adjust_bottle,episode_000044,clean,,,,final_action,gamma,0.8,,,,204078420560127207,18087504126169967844,endpoint_l2/right_position,0.0030580461025238037
gpu_0,contrastive,clean/adjust_bottle/episode_000044/0_139,adjust_bottle,episode_000044,clean,,,,final_action,gamma,0.8,,,,204078420560127207,18087504126169967844,rotation_geodesic/left_rotation,0.0006793194334022701
gpu_0,contrastive,clean/adjust_bottle/episode_000044/0_139,adjust_bottle,episode_000044,clean,,,,final_action,gamma,0.8,,,,204078420560127207,18087504126169967844,rotation_geodesic/right_rotation,0.0032432402949780226
gpu_0,contrastive,clean/adjust_bottle/episode_000044/0_139,adjust_bottle,episode_000044,clean,,,,final_action,gamma,0.8,,,,204078420560127207,18087504126169967844,gripper_flip_rate,0.0
gpu_0,contrastive,clean/adjust_bottle/episode_000044/0_139,adjust_bottle,episode_000044,clean,,,,final_action,gamma,0.8,,,,204078420560127207,18087504126169967844,temporal_jerk_difference,0.0009465265902690589
gpu_0,contrastive,clean/adjust_bottle/episode_000044/0_139,adjust_bottle,episode_000044,clean,,,,final_action,gamma,1.2,,,,204078420560127207,6964187763139144458,action_relative_l2,0.08724915981292725
gpu_0,contrastive,clean/adjust_bottle/episode_000044/0_139,adjust_bottle,episode_000044,clean,,,,final_action,gamma,1.2,,,,204078420560127207,6964187763139144458,action_mean_abs,0.009128415025770664
gpu_0,contrastive,clean/adjust_bottle/episode_000044/0_139,adjust_bottle,episode_000044,clean,,,,final_action,gamma,1.2,,,,204078420560127207,6964187763139144458,action_relative_l2/first_25pct,0.0
gpu_0,contrastive,clean/adjust_bottle/episode_000044/0_139,adjust_bottle,episode_000044,clean,,,,final_action,gamma,1.2,,,,204078420560127207,6964187763139144458,action_relative_l2/last_75pct,0.09034533053636551
gpu_0,contrastive,clean/adjust_bottle/episode_000044/0_139,adjust_bottle,episode_000044,clean,,,,final_action,gamma,1.2,,,,204078420560127207,6964187763139144458,endpoint_l2/left_position,0.006343027576804161
gpu_0,contrastive,clean/adjust_bottle/episode_000044/0_139,adjust_bottle,episode_000044,clean,,,,final_action,gamma,1.2,,,,204078420560127207,6964187763139144458,endpoint_l2/right_position,0.05597137659788132
gpu_0,contrastive,clean/adjust_bottle/episode_000044/0_139,adjust_bottle,episode_000044,clean,,,,final_action,gamma,1.2,,,,204078420560127207,6964187763139144458,rotation_geodesic/left_rotation,0.004876948427408934
gpu_0,contrastive,clean/adjust_bottle/episode_000044/0_139,adjust_bottle,episode_000044,clean,,,,final_action,gamma,1.2,,,,204078420560127207,6964187763139144458,rotation_geodesic/right_rotation,0.1412147432565689
gpu_0,contrastive,clean/adjust_bottle/episode_000044/0_139,adjust_bottle,episode_000044,clean,,,,final_action,gamma,1.2,,,,204078420560127207,6964187763139144458,gripper_flip_rate,0.0
gpu_0,contrastive,clean/adjust_bottle/episode_000044/0_139,adjust_bottle,episode_000044,clean,,,,final_action,gamma,1.2,,,,204078420560127207,6964187763139144458,temporal_jerk_difference,0.0018119472078979015
gpu_0,contrastive,clean/adjust_bottle/episode_000044/0_139,adjust_bottle,episode_000044,clean,,,,final_action,gaussian_blur_sigma,0.5,,,,204078420560127207,7670735354293000251,action_relative_l2,0.004017724189907312
gpu_0,contrastive,clean/adjust_bottle/episode_000044/0_139,adjust_bottle,episode_000044,clean,,,,final_action,gaussian_blur_sigma,0.5,,,,204078420560127207,7670735354293000251,action_mean_abs,0.00026262394385412335
gpu_0,contrastive,clean/adjust_bottle/episode_000044/0_139,adjust_bottle,episode_000044,clean,,,,final_action,gaussian_blur_sigma,0.5,,,,204078420560127207,7670735354293000251,action_relative_l2/first_25pct,0.0
gpu_0,contrastive,clean/adjust_bottle/episode_000044/0_139,adjust_bottle,episode_000044,clean,,,,final_action,gaussian_blur_sigma,0.5,,,,204078420560127207,7670735354293000251,action_relative_l2/last_75pct,0.004160299431532621
gpu_0,contrastive,clean/adjust_bottle/episode_000044/0_139,adjust_bottle,episode_000044,clean,,,,final_action,gaussian_blur_sigma,0.5,,,,204078420560127207,7670735354293000251,endpoint_l2/left_position,0.0
gpu_0,contrastive,clean/adjust_bottle/episode_000044/0_139,adjust_bottle,episode_000044,clean,,,,final_action,gaussian_blur_sigma,0.5,,,,204078420560127207,7670735354293000251,endpoint_l2/right_position,0.0015290230512619019
gpu_0,contrastive,clean/adjust_bottle/episode_000044/0_139,adjust_bottle,episode_000044,clean,,,,final_action,gaussian_blur_sigma,0.5,,,,204078420560127207,7670735354293000251,rotation_geodesic/left_rotation,6.473755638580769e-05
gpu_0,contrastive,clean/adjust_bottle/episode_000044/0_139,adjust_bottle,episode_000044,clean,,,,final_action,gaussian_blur_sigma,0.5,,,,204078420560127207,7670735354293000251,rotation_geodesic/right_rotation,0.0016298197442665696
gpu_0,contrastive,clean/adjust_bottle/episode_000044/0_139,adjust_bottle,episode_000044,clean,,,,final_action,gaussian_blur_sigma,0.5,,,,204078420560127207,7670735354293000251,gripper_flip_rate,0.0
gpu_0,contrastive,clean/adjust_bottle/episode_000044/0_139,adjust_bottle,episode_000044,clean,,,,final_action,gaussian_blur_sigma,0.5,,,,204078420560127207,7670735354293000251,temporal_jerk_difference,0.0008023218833841383
gpu_0,contrastive,clean/adjust_bottle/episode_000044/0_139,adjust_bottle,episode_000044,clean,,,,final_action,gaussian_blur_sigma,1.0,,,,204078420560127207,10294368508449037784,action_relative_l2,0.005833437666296959
gpu_0,contrastive,clean/adjust_bottle/episode_000044/0_139,adjust_bottle,episode_000044,clean,,,,final_action,gaussian_blur_sigma,1.0,,,,204078420560127207,10294368508449037784,action_mean_abs,0.0007056767353788018
gpu_0,contrastive,clean/adjust_bottle/episode_000044/0_139,adjust_bottle,episode_000044,clean,,,,final_action,gaussian_blur_sigma,1.0,,,,204078420560127207,10294368508449037784,action_relative_l2/first_25pct,0.0
gpu_0,contrastive,clean/adjust_bottle/episode_000044/0_139,adjust_bottle,episode_000044,clean,,,,final_action,gaussian_blur_sigma,1.0,,,,204078420560127207,10294368508449037784,action_relative_l2/last_75pct,0.0060404459945857525
gpu_0,contrastive,clean/adjust_bottle/episode_000044/0_139,adjust_bottle,episode_000044,clean,,,,final_action,gaussian_blur_sigma,1.0,,,,204078420560127207,10294368508449037784,endpoint_l2/left_position,0.0009198722545988858
gpu_0,contrastive,clean/adjust_bottle/episode_000044/0_139,adjust_bottle,episode_000044,clean,,,,final_action,gaussian_blur_sigma,1.0,,,,204078420560127207,10294368508449037784,endpoint_l2/right_position,0.0062637911178171635
gpu_0,contrastive,clean/adjust_bottle/episode_000044/0_139,adjust_bottle,episode_000044,clean,,,,final_action,gaussian_blur_sigma,1.0,,,,204078420560127207,10294368508449037784,rotation_geodesic/left_rotation,0.0014416598714888096
gpu_0,contrastive,clean/adjust_bottle/episode_000044/0_139,adjust_bottle,episode_000044,clean,,,,final_action,gaussian_blur_sigma,1.0,,,,204078420560127207,10294368508449037784,rotation_geodesic/right_rotation,0.007930477149784565
gpu_0,contrastive,clean/adjust_bottle/episode_000044/0_139,adjust_bottle,episode_000044,clean,,,,final_action,gaussian_blur_sigma,1.0,,,,204078420560127207,10294368508449037784,gripper_flip_rate,0.0
gpu_0,contrastive,clean/adjust_bottle/episode_000044/0_139,adjust_bottle,episode_000044,clean,,,,final_action,gaussian_blur_sigma,1.0,,,,204078420560127207,10294368508449037784,temporal_jerk_difference,0.0010054134763777256
gpu_0,contrastive,clean/adjust_bottle/episode_000044/0_139,adjust_bottle,episode_000044,clean,,,,final_action,gaussian_noise_std,0.01,,,,204078420560127207,11085467170365831463,action_relative_l2,0.09037405997514725
gpu_0,contrastive,clean/adjust_bottle/episode_000044/0_139,adjust_bottle,episode_000044,clean,,,,final_action,gaussian_noise_std,0.01,,,,204078420560127207,11085467170365831463,action_mean_abs,0.010195285081863403
gpu_0,contrastive,clean/adjust_bottle/episode_000044/0_139,adjust_bottle,episode_000044,clean,,,,final_action,gaussian_noise_std,0.01,,,,204078420560127207,11085467170365831463,action_relative_l2/first_25pct,0.0
gpu_0,contrastive,clean/adjust_bottle/episode_000044/0_139,adjust_bottle,episode_000044,clean,,,,final_action,gaussian_noise_std,0.01,,,,204078420560127207,11085467170365831463,action_relative_l2/last_75pct,0.09358111768960953
gpu_0,contrastive,clean/adjust_bottle/episode_000044/0_139,adjust_bottle,episode_000044,clean,,,,final_action,gaussian_noise_std,0.01,,,,204078420560127207,11085467170365831463,endpoint_l2/left_position,0.005964728072285652
gpu_0,contrastive,clean/adjust_bottle/episode_000044/0_139,adjust_bottle,episode_000044,clean,,,,final_action,gaussian_noise_std,0.01,,,,204078420560127207,11085467170365831463,endpoint_l2/right_position,0.06921996921300888
gpu_0,contrastive,clean/adjust_bottle/episode_000044/0_139,adjust_bottle,episode_000044,clean,,,,final_action,gaussian_noise_std,0.01,,,,204078420560127207,11085467170365831463,rotation_geodesic/left_rotation,0.004469003528356552
gpu_0,contrastive,clean/adjust_bottle/episode_000044/0_139,adjust_bottle,episode_000044,clean,,,,final_action,gaussian_noise_std,0.01,,,,204078420560127207,11085467170365831463,rotation_geodesic/right_rotation,0.1457948535680771
gpu_0,contrastive,clean/adjust_bottle/episode_000044/0_139,adjust_bottle,episode_000044,clean,,,,final_action,gaussian_noise_std,0.01,,,,204078420560127207,11085467170365831463,gripper_flip_rate,0.0
gpu_0,contrastive,clean/adjust_bottle/episode_000044/0_139,adjust_bottle,episode_000044,clean,,,,final_action,gaussian_noise_std,0.01,,,,204078420560127207,11085467170365831463,temporal_jerk_difference,0.0019988405983895063
gpu_0,contrastive,clean/adjust_bottle/episode_000044/0_139,adjust_bottle,episode_000044,clean,,,,final_action,gaussian_noise_std,0.03,,,,204078420560127207,9801349385923051928,action_relative_l2,0.09160829335451126
gpu_0,contrastive,clean/adjust_bottle/episode_000044/0_139,adjust_bottle,episode_000044,clean,,,,final_action,gaussian_noise_std,0.03,,,,204078420560127207,9801349385923051928,action_mean_abs,0.010508831590414047
gpu_0,contrastive,clean/adjust_bottle/episode_000044/0_139,adjust_bottle,episode_000044,clean,,,,final_action,gaussian_noise_std,0.03,,,,204078420560127207,9801349385923051928,action_relative_l2/first_25pct,0.0
gpu_0,contrastive,clean/adjust_bottle/episode_000044/0_139,adjust_bottle,episode_000044,clean,,,,final_action,gaussian_noise_std,0.03,,,,204078420560127207,9801349385923051928,action_relative_l2/last_75pct,0.09485915303230286
gpu_0,contrastive,clean/adjust_bottle/episode_000044/0_139,adjust_bottle,episode_000044,clean,,,,final_action,gaussian_noise_std,0.03,,,,204078420560127207,9801349385923051928,endpoint_l2/left_position,0.005338524468243122
gpu_0,contrastive,clean/adjust_bottle/episode_000044/0_139,adjust_bottle,episode_000044,clean,,,,final_action,gaussian_noise_std,0.03,,,,204078420560127207,9801349385923051928,endpoint_l2/right_position,0.06803987920284271
gpu_0,contrastive,clean/adjust_bottle/episode_000044/0_139,adjust_bottle,episode_000044,clean,,,,final_action,gaussian_noise_std,0.03,,,,204078420560127207,9801349385923051928,rotation_geodesic/left_rotation,0.005439615808427334
gpu_0,contrastive,clean/adjust_bottle/episode_000044/0_139,adjust_bottle,episode_000044,clean,,,,final_action,gaussian_noise_std,0.03,,,,204078420560127207,9801349385923051928,rotation_geodesic/right_rotation,0.14807318150997162
gpu_0,contrastive,clean/adjust_bottle/episode_000044/0_139,adjust_bottle,episode_000044,clean,,,,final_action,gaussian_noise_std,0.03,,,,204078420560127207,9801349385923051928,gripper_flip_rate,0.0
gpu_0,contrastive,clean/adjust_bottle/episode_000044/0_139,adjust_bottle,episode_000044,clean,,,,final_action,gaussian_noise_std,0.03,,,,204078420560127207,9801349385923051928,temporal_jerk_difference,0.0022435076534748077
gpu_0,contrastive,clean/adjust_bottle/episode_000044/0_139,adjust_bottle,episode_000044,clean,,,,final_action,identity,0.0,,,,204078420560127207,,action_relative_l2,0.0
gpu_0,contrastive,clean/adjust_bottle/episode_000044/0_139,adjust_bottle,episode_000044,clean,,,,final_action,identity,0.0,,,,204078420560127207,,action_mean_abs,0.0
gpu_0,contrastive,clean/adjust_bottle/episode_000044/0_139,adjust_bottle,episode_000044,clean,,,,final_action,identity,0.0,,,,204078420560127207,,action_relative_l2/first_25pct,0.0
gpu_0,contrastive,clean/adjust_bottle/episode_000044/0_139,adjust_bottle,episode_000044,clean,,,,final_action,identity,0.0,,,,204078420560127207,,action_relative_l2/last_75pct,0.0
gpu_0,contrastive,clean/adjust_bottle/episode_000044/0_139,adjust_bottle,episode_000044,clean,,,,final_action,identity,0.0,,,,204078420560127207,,endpoint_l2/left_position,0.0
gpu_0,contrastive,clean/adjust_bottle/episode_000044/0_139,adjust_bottle,episode_000044,clean,,,,final_action,identity,0.0,,,,204078420560127207,,endpoint_l2/right_position,0.0
gpu_0,contrastive,clean/adjust_bottle/episode_000044/0_139,adjust_bottle,episode_000044,clean,,,,final_action,identity,0.0,,,,204078420560127207,,rotation_geodesic/left_rotation,0.0
gpu_0,contrastive,clean/adjust_bottle/episode_000044/0_139,adjust_bottle,episode_000044,clean,,,,final_action,identity,0.0,,,,204078420560127207,,rotation_geodesic/right_rotation,0.0001473519077990204
gpu_0,contrastive,clean/adjust_bottle/episode_000044/0_139,adjust_bottle,episode_000044,clean,,,,final_action,identity,0.0,,,,204078420560127207,,gripper_flip_rate,0.0
gpu_0,contrastive,clean/adjust_bottle/episode_000044/0_139,adjust_bottle,episode_000044,clean,,,,final_action,identity,0.0,,,,204078420560127207,,temporal_jerk_difference,0.0
gpu_0,contrastive,clean/lift_pot/episode_000036/0_122,lift_pot,episode_000036,clean,,,,final_action,brightness,0.8,,,,17577961833213462126,13315783227415234401,action_relative_l2,0.00889342837035656
gpu_0,contrastive,clean/lift_pot/episode_000036/0_122,lift_pot,episode_000036,clean,,,,final_action,brightness,0.8,,,,17577961833213462126,13315783227415234401,action_mean_abs,0.001323013217188418
gpu_0,contrastive,clean/lift_pot/episode_000036/0_122,lift_pot,episode_000036,clean,,,,final_action,brightness,0.8,,,,17577961833213462126,13315783227415234401,action_relative_l2/first_25pct,0.0
gpu_0,contrastive,clean/lift_pot/episode_000036/0_122,lift_pot,episode_000036,clean,,,,final_action,brightness,0.8,,,,17577961833213462126,13315783227415234401,action_relative_l2/last_75pct,0.009299504570662975
gpu_0,contrastive,clean/lift_pot/episode_000036/0_122,lift_pot,episode_000036,clean,,,,final_action,brightness,0.8,,,,17577961833213462126,13315783227415234401,endpoint_l2/left_position,0.0014454053016379476
gpu_0,contrastive,clean/lift_pot/episode_000036/0_122,lift_pot,episode_000036,clean,,,,final_action,brightness,0.8,,,,17577961833213462126,13315783227415234401,endpoint_l2/right_position,0.004917790647596121
gpu_0,contrastive,clean/lift_pot/episode_000036/0_122,lift_pot,episode_000036,clean,,,,final_action,brightness,0.8,,,,17577961833213462126,13315783227415234401,rotation_geodesic/left_rotation,0.008743313141167164
gpu_0,contrastive,clean/lift_pot/episode_000036/0_122,lift_pot,episode_000036,clean,,,,final_action,brightness,0.8,,,,17577961833213462126,13315783227415234401,rotation_geodesic/right_rotation,0.005420458037406206
gpu_0,contrastive,clean/lift_pot/episode_000036/0_122,lift_pot,episode_000036,clean,,,,final_action,brightness,0.8,,,,17577961833213462126,13315783227415234401,gripper_flip_rate,0.015625
gpu_0,contrastive,clean/lift_pot/episode_000036/0_122,lift_pot,episode_000036,clean,,,,final_action,brightness,0.8,,,,17577961833213462126,13315783227415234401,temporal_jerk_difference,0.0015514742117375135
gpu_0,contrastive,clean/lift_pot/episode_000036/0_122,lift_pot,episode_000036,clean,,,,final_action,brightness,1.2,,,,17577961833213462126,15651286266305293779,action_relative_l2,0.05530615523457527
gpu_0,contrastive,clean/lift_pot/episode_000036/0_122,lift_pot,episode_000036,clean,,,,final_action,brightness,1.2,,,,17577961833213462126,15651286266305293779,action_mean_abs,0.006791348569095135
gpu_0,contrastive,clean/lift_pot/episode_000036/0_122,lift_pot,episode_000036,clean,,,,final_action,brightness,1.2,,,,17577961833213462126,15651286266305293779,action_relative_l2/first_25pct,0.0
gpu_0,contrastive,clean/lift_pot/episode_000036/0_122,lift_pot,episode_000036,clean,,,,final_action,brightness,1.2,,,,17577961833213462126,15651286266305293779,action_relative_l2/last_75pct,0.05783144384622574
gpu_0,contrastive,clean/lift_pot/episode_000036/0_122,lift_pot,episode_000036,clean,,,,final_action,brightness,1.2,,,,17577961833213462126,15651286266305293779,endpoint_l2/left_position,0.0031847588252276182
gpu_0,contrastive,clean/lift_pot/episode_000036/0_122,lift_pot,episode_000036,clean,,,,final_action,brightness,1.2,,,,17577961833213462126,15651286266305293779,endpoint_l2/right_position,0.05627372860908508
gpu_0,contrastive,clean/lift_pot/episode_000036/0_122,lift_pot,episode_000036,clean,,,,final_action,brightness,1.2,,,,17577961833213462126,15651286266305293779,rotation_geodesic/left_rotation,0.007353154011070728
gpu_0,contrastive,clean/lift_pot/episode_000036/0_122,lift_pot,episode_000036,clean,,,,final_action,brightness,1.2,,,,17577961833213462126,15651286266305293779,rotation_geodesic/right_rotation,0.042538437992334366
gpu_0,contrastive,clean/lift_pot/episode_000036/0_122,lift_pot,episode_000036,clean,,,,final_action,brightness,1.2,,,,17577961833213462126,15651286266305293779,gripper_flip_rate,0.078125
gpu_0,contrastive,clean/lift_pot/episode_000036/0_122,lift_pot,episode_000036,clean,,,,final_action,brightness,1.2,,,,17577961833213462126,15651286266305293779,temporal_jerk_difference,0.0022174993064254522
gpu_0,contrastive,clean/lift_pot/episode_000036/0_122,lift_pot,episode_000036,clean,,,,final_action,color_temperature,-0.1,,,,17577961833213462126,1999528552783382123,action_relative_l2,0.006882356479763985
gpu_0,contrastive,clean/lift_pot/episode_000036/0_122,lift_pot,episode_000036,clean,,,,final_action,color_temperature,-0.1,,,,17577961833213462126,1999528552783382123,action_mean_abs,0.0008772676228545606
gpu_0,contrastive,clean/lift_pot/episode_000036/0_122,lift_pot,episode_000036,clean,,,,final_action,color_temperature,-0.1,,,,17577961833213462126,1999528552783382123,action_relative_l2/first_25pct,0.0
gpu_0,contrastive,clean/lift_pot/episode_000036/0_122,lift_pot,episode_000036,clean,,,,final_action,color_temperature,-0.1,,,,17577961833213462126,1999528552783382123,action_relative_l2/last_75pct,0.007196606136858463
gpu_0,contrastive,clean/lift_pot/episode_000036/0_122,lift_pot,episode_000036,clean,,,,final_action,color_temperature,-0.1,,,,17577961833213462126,1999528552783382123,endpoint_l2/left_position,0.0012064904440194368
gpu_0,contrastive,clean/lift_pot/episode_000036/0_122,lift_pot,episode_000036,clean,,,,final_action,color_temperature,-0.1,,,,17577961833213462126,1999528552783382123,endpoint_l2/right_position,0.0027510325890034437
gpu_0,contrastive,clean/lift_pot/episode_000036/0_122,lift_pot,episode_000036,clean,,,,final_action,color_temperature,-0.1,,,,17577961833213462126,1999528552783382123,rotation_geodesic/left_rotation,0.0034857161808758974
gpu_0,contrastive,clean/lift_pot/episode_000036/0_122,lift_pot,episode_000036,clean,,,,final_action,color_temperature,-0.1,,,,17577961833213462126,1999528552783382123,rotation_geodesic/right_rotation,0.0047176433727145195
gpu_0,contrastive,clean/lift_pot/episode_000036/0_122,lift_pot,episode_000036,clean,,,,final_action,color_temperature,-0.1,,,,17577961833213462126,1999528552783382123,gripper_flip_rate,0.0
gpu_0,contrastive,clean/lift_pot/episode_000036/0_122,lift_pot,episode_000036,clean,,,,final_action,color_temperature,-0.1,,,,17577961833213462126,1999528552783382123,temporal_jerk_difference,0.0014020625967532396
gpu_0,contrastive,clean/lift_pot/episode_000036/0_122,lift_pot,episode_000036,clean,,,,final_action,color_temperature,0.1,,,,17577961833213462126,10177751091444056485,action_relative_l2,0.007360071875154972
gpu_0,contrastive,clean/lift_pot/episode_000036/0_122,lift_pot,episode_000036,clean,,,,final_action,color_temperature,0.1,,,,17577961833213462126,10177751091444056485,action_mean_abs,0.0009026719490066171
gpu_0,contrastive,clean/lift_pot/episode_000036/0_122,lift_pot,episode_000036,clean,,,,final_action,color_temperature,0.1,,,,17577961833213462126,10177751091444056485,action_relative_l2/first_25pct,0.0
gpu_0,contrastive,clean/lift_pot/episode_000036/0_122,lift_pot,episode_000036,clean,,,,final_action,color_temperature,0.1,,,,17577961833213462126,10177751091444056485,action_relative_l2/last_75pct,0.00769613403826952
gpu_0,contrastive,clean/lift_pot/episode_000036/0_122,lift_pot,episode_000036,clean,,,,final_action,color_temperature,0.1,,,,17577961833213462126,10177751091444056485,endpoint_l2/left_position,0.004167340695858002
gpu_0,contrastive,clean/lift_pot/episode_000036/0_122,lift_pot,episode_000036,clean,,,,final_action,color_temperature,0.1,,,,17577961833213462126,10177751091444056485,endpoint_l2/right_position,0.0005839541554450989
gpu_0,contrastive,clean/lift_pot/episode_000036/0_122,lift_pot,episode_000036,clean,,,,final_action,color_temperature,0.1,,,,17577961833213462126,10177751091444056485,rotation_geodesic/left_rotation,0.0025474000722169876
gpu_0,contrastive,clean/lift_pot/episode_000036/0_122,lift_pot,episode_000036,clean,,,,final_action,color_temperature,0.1,,,,17577961833213462126,10177751091444056485,rotation_geodesic/right_rotation,0.003410023171454668
gpu_0,contrastive,clean/lift_pot/episode_000036/0_122,lift_pot,episode_000036,clean,,,,final_action,color_temperature,0.1,,,,17577961833213462126,10177751091444056485,gripper_flip_rate,0.015625
gpu_0,contrastive,clean/lift_pot/episode_000036/0_122,lift_pot,episode_000036,clean,,,,final_action,color_temperature,0.1,,,,17577961833213462126,10177751091444056485,temporal_jerk_difference,0.0008598252898082137
gpu_0,contrastive,clean/lift_pot/episode_000036/0_122,lift_pot,episode_000036,clean,,,,final_action,gamma,0.8,,,,17577961833213462126,6353452328526041640,action_relative_l2,0.003624333767220378
gpu_0,contrastive,clean/lift_pot/episode_000036/0_122,lift_pot,episode_000036,clean,,,,final_action,gamma,0.8,,,,17577961833213462126,6353452328526041640,action_mean_abs,0.0002519102126825601
gpu_0,contrastive,clean/lift_pot/episode_000036/0_122,lift_pot,episode_000036,clean,,,,final_action,gamma,0.8,,,,17577961833213462126,6353452328526041640,action_relative_l2/first_25pct,0.0
gpu_0,contrastive,clean/lift_pot/episode_000036/0_122,lift_pot,episode_000036,clean,,,,final_action,gamma,0.8,,,,17577961833213462126,6353452328526041640,action_relative_l2/last_75pct,0.003789821406826377
gpu_0,contrastive,clean/lift_pot/episode_000036/0_122,lift_pot,episode_000036,clean,,,,final_action,gamma,0.8,,,,17577961833213462126,6353452328526041640,endpoint_l2/left_position,0.0017529388424009085
gpu_0,contrastive,clean/lift_pot/episode_000036/0_122,lift_pot,episode_000036,clean,,,,final_action,gamma,0.8,,,,17577961833213462126,6353452328526041640,endpoint_l2/right_position,0.0
gpu_0,contrastive,clean/lift_pot/episode_000036/0_122,lift_pot,episode_000036,clean,,,,final_action,gamma,0.8,,,,17577961833213462126,6353452328526041640,rotation_geodesic/left_rotation,0.001140538603067398
gpu_0,contrastive,clean/lift_pot/episode_000036/0_122,lift_pot,episode_000036,clean,,,,final_action,gamma,0.8,,,,17577961833213462126,6353452328526041640,rotation_geodesic/right_rotation,0.00175560696516186
gpu_0,contrastive,clean/lift_pot/episode_000036/0_122,lift_pot,episode_000036,clean,,,,final_action,gamma,0.8,,,,17577961833213462126,6353452328526041640,gripper_flip_rate,0.015625
gpu_0,contrastive,clean/lift_pot/episode_000036/0_122,lift_pot,episode_000036,clean,,,,final_action,gamma,0.8,,,,17577961833213462126,6353452328526041640,temporal_jerk_difference,0.0007530537550337613
gpu_0,contrastive,clean/lift_pot/episode_000036/0_122,lift_pot,episode_000036,clean,,,,final_action,gamma,1.2,,,,17577961833213462126,6842099030399889944,action_relative_l2,0.002692806301638484
gpu_0,contrastive,clean/lift_pot/episode_000036/0_122,lift_pot,episode_000036,clean,,,,final_action,gamma,1.2,,,,17577961833213462126,6842099030399889944,action_mean_abs,0.00018092722166329622
gpu_0,contrastive,clean/lift_pot/episode_000036/0_122,lift_pot,episode_000036,clean,,,,final_action,gamma,1.2,,,,17577961833213462126,6842099030399889944,action_relative_l2/first_25pct,0.0
gpu_0,contrastive,clean/lift_pot/episode_000036/0_122,lift_pot,episode_000036,clean,,,,final_action,gamma,1.2,,,,17577961833213462126,6842099030399889944,action_relative_l2/last_75pct,0.002815760439261794
gpu_0,contrastive,clean/lift_pot/episode_000036/0_122,lift_pot,episode_000036,clean,,,,final_action,gamma,1.2,,,,17577961833213462126,6842099030399889944,endpoint_l2/left_position,0.0007806755602359772
gpu_0,contrastive,clean/lift_pot/episode_000036/0_122,lift_pot,episode_000036,clean,,,,final_action,gamma,1.2,,,,17577961833213462126,6842099030399889944,endpoint_l2/right_position,0.0017981568817049265
gpu_0,contrastive,clean/lift_pot/episode_000036/0_122,lift_pot,episode_000036,clean,,,,final_action,gamma,1.2,,,,17577961833213462126,6842099030399889944,rotation_geodesic/left_rotation,0.0011276192963123322
gpu_0,contrastive,clean/lift_pot/episode_000036/0_122,lift_pot,episode_000036,clean,,,,final_action,gamma,1.2,,,,17577961833213462126,6842099030399889944,rotation_geodesic/right_rotation,0.0013854502467438579
gpu_0,contrastive,clean/lift_pot/episode_000036/0_122,lift_pot,episode_000036,clean,,,,final_action,gamma,1.2,,,,17577961833213462126,6842099030399889944,gripper_flip_rate,0.0
gpu_0,contrastive,clean/lift_pot/episode_000036/0_122,lift_pot,episode_000036,clean,,,,final_action,gamma,1.2,,,,17577961833213462126,6842099030399889944,temporal_jerk_difference,0.0006522861076518893
gpu_0,contrastive,clean/lift_pot/episode_000036/0_122,lift_pot,episode_000036,clean,,,,final_action,gaussian_blur_sigma,0.5,,,,17577961833213462126,2411143882443501827,action_relative_l2,0.0030423554126173258
gpu_0,contrastive,clean/lift_pot/episode_000036/0_122,lift_pot,episode_000036,clean,,,,final_action,gaussian_blur_sigma,0.5,,,,17577961833213462126,2411143882443501827,action_mean_abs,0.00013186055002734065
gpu_0,contrastive,clean/lift_pot/episode_000036/0_122,lift_pot,episode_000036,clean,,,,final_action,gaussian_blur_sigma,0.5,,,,17577961833213462126,2411143882443501827,action_relative_l2/first_25pct,0.0
gpu_0,contrastive,clean/lift_pot/episode_000036/0_122,lift_pot,episode_000036,clean,,,,final_action,gaussian_blur_sigma,0.5,,,,17577961833213462126,2411143882443501827,action_relative_l2/last_75pct,0.003181269858032465
gpu_0,contrastive,clean/lift_pot/episode_000036/0_122,lift_pot,episode_000036,clean,,,,final_action,gaussian_blur_sigma,0.5,,,,17577961833213462126,2411143882443501827,endpoint_l2/left_position,0.0007806755602359772
gpu_0,contrastive,clean/lift_pot/episode_000036/0_122,lift_pot,episode_000036,clean,,,,final_action,gaussian_blur_sigma,0.5,,,,17577961833213462126,2411143882443501827,endpoint_l2/right_position,0.0
gpu_0,contrastive,clean/lift_pot/episode_000036/0_122,lift_pot,episode_000036,clean,,,,final_action,gaussian_blur_sigma,0.5,,,,17577961833213462126,2411143882443501827,rotation_geodesic/left_rotation,0.001140538603067398
gpu_0,contrastive,clean/lift_pot/episode_000036/0_122,lift_pot,episode_000036,clean,,,,final_action,gaussian_blur_sigma,0.5,,,,17577961833213462126,2411143882443501827,rotation_geodesic/right_rotation,0.001028908765874803
gpu_0,contrastive,clean/lift_pot/episode_000036/0_122,lift_pot,episode_000036,clean,,,,final_action,gaussian_blur_sigma,0.5,,,,17577961833213462126,2411143882443501827,gripper_flip_rate,0.0
gpu_0,contrastive,clean/lift_pot/episode_000036/0_122,lift_pot,episode_000036,clean,,,,final_action,gaussian_blur_sigma,0.5,,,,17577961833213462126,2411143882443501827,temporal_jerk_difference,0.0004564790870063007
gpu_0,contrastive,clean/lift_pot/episode_000036/0_122,lift_pot,episode_000036,clean,,,,final_action,gaussian_blur_sigma,1.0,,,,17577961833213462126,3972136155124481923,action_relative_l2,0.0038532125763595104
gpu_0,contrastive,clean/lift_pot/episode_000036/0_122,lift_pot,episode_000036,clean,,,,final_action,gaussian_blur_sigma,1.0,,,,17577961833213462126,3972136155124481923,action_mean_abs,0.00027261022478342056
gpu_0,contrastive,clean/lift_pot/episode_000036/0_122,lift_pot,episode_000036,clean,,,,final_action,gaussian_blur_sigma,1.0,,,,17577961833213462126,3972136155124481923,action_relative_l2/first_25pct,0.0
gpu_0,contrastive,clean/lift_pot/episode_000036/0_122,lift_pot,episode_000036,clean,,,,final_action,gaussian_blur_sigma,1.0,,,,17577961833213462126,3972136155124481923,action_relative_l2/last_75pct,0.004029151052236557
gpu_0,contrastive,clean/lift_pot/episode_000036/0_122,lift_pot,episode_000036,clean,,,,final_action,gaussian_blur_sigma,1.0,,,,17577961833213462126,3972136155124481923,endpoint_l2/left_position,0.0011155408574268222
gpu_0,contrastive,clean/lift_pot/episode_000036/0_122,lift_pot,episode_000036,clean,,,,final_action,gaussian_blur_sigma,1.0,,,,17577961833213462126,3972136155124481923,endpoint_l2/right_position,0.0015191733837127686
gpu_0,contrastive,clean/lift_pot/episode_000036/0_122,lift_pot,episode_000036,clean,,,,final_action,gaussian_blur_sigma,1.0,,,,17577961833213462126,3972136155124481923,rotation_geodesic/left_rotation,0.0001942126837093383
gpu_0,contrastive,clean/lift_pot/episode_000036/0_122,lift_pot,episode_000036,clean,,,,final_action,gaussian_blur_sigma,1.0,,,,17577961833213462126,3972136155124481923,rotation_geodesic/right_rotation,0.001711627934128046
gpu_0,contrastive,clean/lift_pot/episode_000036/0_122,lift_pot,episode_000036,clean,,,,final_action,gaussian_blur_sigma,1.0,,,,17577961833213462126,3972136155124481923,gripper_flip_rate,0.015625
gpu_0,contrastive,clean/lift_pot/episode_000036/0_122,lift_pot,episode_000036,clean,,,,final_action,gaussian_blur_sigma,1.0,,,,17577961833213462126,3972136155124481923,temporal_jerk_difference,0.0007250900962390006
gpu_0,contrastive,clean/lift_pot/episode_000036/0_122,lift_pot,episode_000036,clean,,,,final_action,gaussian_noise_std,0.01,,,,17577961833213462126,16131106979869811596,action_relative_l2,0.0066391960717737675
gpu_0,contrastive,clean/lift_pot/episode_000036/0_122,lift_pot,episode_000036,clean,,,,final_action,gaussian_noise_std,0.01,,,,17577961833213462126,16131106979869811596,action_mean_abs,0.0008508398896083236
gpu_0,contrastive,clean/lift_pot/episode_000036/0_122,lift_pot,episode_000036,clean,,,,final_action,gaussian_noise_std,0.01,,,,17577961833213462126,16131106979869811596,action_relative_l2/first_25pct,0.0
gpu_0,contrastive,clean/lift_pot/episode_000036/0_122,lift_pot,episode_000036,clean,,,,final_action,gaussian_noise_std,0.01,,,,17577961833213462126,16131106979869811596,action_relative_l2/last_75pct,0.006942342966794968
gpu_0,contrastive,clean/lift_pot/episode_000036/0_122,lift_pot,episode_000036,clean,,,,final_action,gaussian_noise_std,0.01,,,,17577961833213462126,16131106979869811596,endpoint_l2/left_position,0.001839738106355071
gpu_0,contrastive,clean/lift_pot/episode_000036/0_122,lift_pot,episode_000036,clean,,,,final_action,gaussian_noise_std,0.01,,,,17577961833213462126,16131106979869811596,endpoint_l2/right_position,0.0009620188502594829
gpu_0,contrastive,clean/lift_pot/episode_000036/0_122,lift_pot,episode_000036,clean,,,,final_action,gaussian_noise_std,0.01,,,,17577961833213462126,16131106979869811596,rotation_geodesic/left_rotation,0.0044411891140043736
gpu_0,contrastive,clean/lift_pot/episode_000036/0_122,lift_pot,episode_000036,clean,,,,final_action,gaussian_noise_std,0.01,,,,17577961833213462126,16131106979869811596,rotation_geodesic/right_rotation,0.0031871148385107517
gpu_0,contrastive,clean/lift_pot/episode_000036/0_122,lift_pot,episode_000036,clean,,,,final_action,gaussian_noise_std,0.01,,,,17577961833213462126,16131106979869811596,gripper_flip_rate,0.0
gpu_0,contrastive,clean/lift_pot/episode_000036/0_122,lift_pot,episode_000036,clean,,,,final_action,gaussian_noise_std,0.01,,,,17577961833213462126,16131106979869811596,temporal_jerk_difference,0.0012580943293869495
gpu_0,contrastive,clean/lift_pot/episode_000036/0_122,lift_pot,episode_000036,clean,,,,final_action,gaussian_noise_std,0.03,,,,17577961833213462126,7993565358138601669,action_relative_l2,0.008715334348380566
gpu_0,contrastive,clean/lift_pot/episode_000036/0_122,lift_pot,episode_000036,clean,,,,final_action,gaussian_noise_std,0.03,,,,17577961833213462126,7993565358138601669,action_mean_abs,0.0012346284929662943
gpu_0,contrastive,clean/lift_pot/episode_000036/0_122,lift_pot,episode_000036,clean,,,,final_action,gaussian_noise_std,0.03,,,,17577961833213462126,7993565358138601669,action_relative_l2/first_25pct,0.0
gpu_0,contrastive,clean/lift_pot/episode_000036/0_122,lift_pot,episode_000036,clean,,,,final_action,gaussian_noise_std,0.03,,,,17577961833213462126,7993565358138601669,action_relative_l2/last_75pct,0.009113278239965439
gpu_0,contrastive,clean/lift_pot/episode_000036/0_122,lift_pot,episode_000036,clean,,,,final_action,gaussian_noise_std,0.03,,,,17577961833213462126,7993565358138601669,endpoint_l2/left_position,0.00362434727139771
gpu_0,contrastive,clean/lift_pot/episode_000036/0_122,lift_pot,episode_000036,clean,,,,final_action,gaussian_noise_std,0.03,,,,17577961833213462126,7993565358138601669,endpoint_l2/right_position,0.0017981820274144411
gpu_0,contrastive,clean/lift_pot/episode_000036/0_122,lift_pot,episode_000036,clean,,,,final_action,gaussian_noise_std,0.03,,,,17577961833213462126,7993565358138601669,rotation_geodesic/left_rotation,0.005799985025078058
gpu_0,contrastive,clean/lift_pot/episode_000036/0_122,lift_pot,episode_000036,clean,,,,final_action,gaussian_noise_std,0.03,,,,17577961833213462126,7993565358138601669,rotation_geodesic/right_rotation,0.003972289152443409
gpu_0,contrastive,clean/lift_pot/episode_000036/0_122,lift_pot,episode_000036,clean,,,,final_action,gaussian_noise_std,0.03,,,,17577961833213462126,7993565358138601669,gripper_flip_rate,0.0
gpu_0,contrastive,clean/lift_pot/episode_000036/0_122,lift_pot,episode_000036,clean,,,,final_action,gaussian_noise_std,0.03,,,,17577961833213462126,7993565358138601669,temporal_jerk_difference,0.001806798274628818
gpu_0,contrastive,clean/lift_pot/episode_000036/0_122,lift_pot,episode_000036,clean,,,,final_action,identity,0.0,,,,17577961833213462126,,action_relative_l2,0.0
gpu_0,contrastive,clean/lift_pot/episode_000036/0_122,lift_pot,episode_000036,clean,,,,final_action,identity,0.0,,,,17577961833213462126,,action_mean_abs,0.0
gpu_0,contrastive,clean/lift_pot/episode_000036/0_122,lift_pot,episode_000036,clean,,,,final_action,identity,0.0,,,,17577961833213462126,,action_relative_l2/first_25pct,0.0
gpu_0,contrastive,clean/lift_pot/episode_000036/0_122,lift_pot,episode_000036,clean,,,,final_action,identity,0.0,,,,17577961833213462126,,action_relative_l2/last_75pct,0.0
gpu_0,contrastive,clean/lift_pot/episode_000036/0_122,lift_pot,episode_000036,clean,,,,final_action,identity,0.0,,,,17577961833213462126,,endpoint_l2/left_position,0.0
gpu_0,contrastive,clean/lift_pot/episode_000036/0_122,lift_pot,episode_000036,clean,,,,final_action,identity,0.0,,,,17577961833213462126,,endpoint_l2/right_position,0.0
gpu_0,contrastive,clean/lift_pot/episode_000036/0_122,lift_pot,episode_000036,clean,,,,final_action,identity,0.0,,,,17577961833213462126,,rotation_geodesic/left_rotation,0.0001942126837093383
gpu_0,contrastive,clean/lift_pot/episode_000036/0_122,lift_pot,episode_000036,clean,,,,final_action,identity,0.0,,,,17577961833213462126,,rotation_geodesic/right_rotation,0.00021579184976872057
gpu_0,contrastive,clean/lift_pot/episode_000036/0_122,lift_pot,episode_000036,clean,,,,final_action,identity,0.0,,,,17577961833213462126,,gripper_flip_rate,0.0
gpu_0,contrastive,clean/lift_pot/episode_000036/0_122,lift_pot,episode_000036,clean,,,,final_action,identity,0.0,,,,17577961833213462126,,temporal_jerk_difference,0.0
gpu_0,contrastive,clean/place_bread_basket/episode_000044/0_226,place_bread_basket,episode_000044,clean,,,,final_action,brightness,0.8,,,,5786497539863217079,16637397944084601428,action_relative_l2,0.02016451396048069
gpu_0,contrastive,clean/place_bread_basket/episode_000044/0_226,place_bread_basket,episode_000044,clean,,,,final_action,brightness,0.8,,,,5786497539863217079,16637397944084601428,action_mean_abs,0.003154961857944727
gpu_0,contrastive,clean/place_bread_basket/episode_000044/0_226,place_bread_basket,episode_000044,clean,,,,final_action,brightness,0.8,,,,5786497539863217079,16637397944084601428,action_relative_l2/first_25pct,0.0
gpu_0,contrastive,clean/place_bread_basket/episode_000044/0_226,place_bread_basket,episode_000044,clean,,,,final_action,brightness,0.8,,,,5786497539863217079,16637397944084601428,action_relative_l2/last_75pct,0.02088312804698944
gpu_0,contrastive,clean/place_bread_basket/episode_000044/0_226,place_bread_basket,episode_000044,clean,,,,final_action,brightness,0.8,,,,5786497539863217079,16637397944084601428,endpoint_l2/left_position,0.013173860497772694
gpu_0,contrastive,clean/place_bread_basket/episode_000044/0_226,place_bread_basket,episode_000044,clean,,,,final_action,brightness,0.8,,,,5786497539863217079,16637397944084601428,endpoint_l2/right_position,0.0363483652472496
gpu_0,contrastive,clean/place_bread_basket/episode_000044/0_226,place_bread_basket,episode_000044,clean,,,,final_action,brightness,0.8,,,,5786497539863217079,16637397944084601428,rotation_geodesic/left_rotation,0.009442211128771305
gpu_0,contrastive,clean/place_bread_basket/episode_000044/0_226,place_bread_basket,episode_000044,clean,,,,final_action,brightness,0.8,,,,5786497539863217079,16637397944084601428,rotation_geodesic/right_rotation,0.029127022251486778
gpu_0,contrastive,clean/place_bread_basket/episode_000044/0_226,place_bread_basket,episode_000044,clean,,,,final_action,brightness,0.8,,,,5786497539863217079,16637397944084601428,gripper_flip_rate,0.0
gpu_0,contrastive,clean/place_bread_basket/episode_000044/0_226,place_bread_basket,episode_000044,clean,,,,final_action,brightness,0.8,,,,5786497539863217079,16637397944084601428,temporal_jerk_difference,0.002144081052392721
gpu_0,contrastive,clean/place_bread_basket/episode_000044/0_226,place_bread_basket,episode_000044,clean,,,,final_action,brightness,1.2,,,,5786497539863217079,6069960733776850870,action_relative_l2,0.07661209255456924
gpu_0,contrastive,clean/place_bread_basket/episode_000044/0_226,place_bread_basket,episode_000044,clean,,,,final_action,brightness,1.2,,,,5786497539863217079,6069960733776850870,action_mean_abs,0.011983484029769897
gpu_0,contrastive,clean/place_bread_basket/episode_000044/0_226,place_bread_basket,episode_000044,clean,,,,final_action,brightness,1.2,,,,5786497539863217079,6069960733776850870,action_relative_l2/first_25pct,0.0
gpu_0,contrastive,clean/place_bread_basket/episode_000044/0_226,place_bread_basket,episode_000044,clean,,,,final_action,brightness,1.2,,,,5786497539863217079,6069960733776850870,action_relative_l2/last_75pct,0.07934236526489258
gpu_0,contrastive,clean/place_bread_basket/episode_000044/0_226,place_bread_basket,episode_000044,clean,,,,final_action,brightness,1.2,,,,5786497539863217079,6069960733776850870,endpoint_l2/left_position,0.02956937626004219
gpu_0,contrastive,clean/place_bread_basket/episode_000044/0_226,place_bread_basket,episode_000044,clean,,,,final_action,brightness,1.2,,,,5786497539863217079,6069960733776850870,endpoint_l2/right_position,0.09356124699115753
gpu_0,contrastive,clean/place_bread_basket/episode_000044/0_226,place_bread_basket,episode_000044,clean,,,,final_action,brightness,1.2,,,,5786497539863217079,6069960733776850870,rotation_geodesic/left_rotation,0.04097280651330948
gpu_0,contrastive,clean/place_bread_basket/episode_000044/0_226,place_bread_basket,episode_000044,clean,,,,final_action,brightness,1.2,,,,5786497539863217079,6069960733776850870,rotation_geodesic/right_rotation,0.13096469640731812
gpu_0,contrastive,clean/place_bread_basket/episode_000044/0_226,place_bread_basket,episode_000044,clean,,,,final_action,brightness,1.2,,,,5786497539863217079,6069960733776850870,gripper_flip_rate,0.0
gpu_0,contrastive,clean/place_bread_basket/episode_000044/0_226,place_bread_basket,episode_000044,clean,,,,final_action,brightness,1.2,,,,5786497539863217079,6069960733776850870,temporal_jerk_difference,0.0022436468861997128
gpu_0,contrastive,clean/place_bread_basket/episode_000044/0_226,place_bread_basket,episode_000044,clean,,,,final_action,color_temperature,-0.1,,,,5786497539863217079,211013147244849259,action_relative_l2,0.011756135150790215
gpu_0,contrastive,clean/place_bread_basket/episode_000044/0_226,place_bread_basket,episode_000044,clean,,,,final_action,color_temperature,-0.1,,,,5786497539863217079,211013147244849259,action_mean_abs,0.0020057749934494495
gpu_0,contrastive,clean/place_bread_basket/episode_000044/0_226,place_bread_basket,episode_000044,clean,,,,final_action,color_temperature,-0.1,,,,5786497539863217079,211013147244849259,action_relative_l2/first_25pct,0.0
gpu_0,contrastive,clean/place_bread_basket/episode_000044/0_226,place_bread_basket,episode_000044,clean,,,,final_action,color_temperature,-0.1,,,,5786497539863217079,211013147244849259,action_relative_l2/last_75pct,0.01217509526759386
gpu_0,contrastive,clean/place_bread_basket/episode_000044/0_226,place_bread_basket,episode_000044,clean,,,,final_action,color_temperature,-0.1,,,,5786497539863217079,211013147244849259,endpoint_l2/left_position,0.0032790531404316425
gpu_0,contrastive,clean/place_bread_basket/episode_000044/0_226,place_bread_basket,episode_000044,clean,,,,final_action,color_temperature,-0.1,,,,5786497539863217079,211013147244849259,endpoint_l2/right_position,0.019519517198204994
gpu_0,contrastive,clean/place_bread_basket/episode_000044/0_226,place_bread_basket,episode_000044,clean,,,,final_action,color_temperature,-0.1,,,,5786497539863217079,211013147244849259,rotation_geodesic/left_rotation,0.006931689102202654
gpu_0,contrastive,clean/place_bread_basket/episode_000044/0_226,place_bread_basket,episode_000044,clean,,,,final_action,color_temperature,-0.1,,,,5786497539863217079,211013147244849259,rotation_geodesic/right_rotation,0.01321110874414444
gpu_0,contrastive,clean/place_bread_basket/episode_000044/0_226,place_bread_basket,episode_000044,clean,,,,final_action,color_temperature,-0.1,,,,5786497539863217079,211013147244849259,gripper_flip_rate,0.0
gpu_0,contrastive,clean/place_bread_basket/episode_000044/0_226,place_bread_basket,episode_000044,clean,,,,final_action,color_temperature,-0.1,,,,5786497539863217079,211013147244849259,temporal_jerk_difference,0.001978926360607147
gpu_0,contrastive,clean/place_bread_basket/episode_000044/0_226,place_bread_basket,episode_000044,clean,,,,final_action,color_temperature,0.1,,,,5786497539863217079,1436178128472113803,action_relative_l2,0.011853278614580631
gpu_0,contrastive,clean/place_bread_basket/episode_000044/0_226,place_bread_basket,episode_000044,clean,,,,final_action,color_temperature,0.1,,,,5786497539863217079,1436178128472113803,action_mean_abs,0.0018912433879449964
gpu_0,contrastive,clean/place_bread_basket/episode_000044/0_226,place_bread_basket,episode_000044,clean,,,,final_action,color_temperature,0.1,,,,5786497539863217079,1436178128472113803,action_relative_l2/first_25pct,0.0
gpu_0,contrastive,clean/place_bread_basket/episode_000044/0_226,place_bread_basket,episode_000044,clean,,,,final_action,color_temperature,0.1,,,,5786497539863217079,1436178128472113803,action_relative_l2/last_75pct,0.012275700457394123
gpu_0,contrastive,clean/place_bread_basket/episode_000044/0_226,place_bread_basket,episode_000044,clean,,,,final_action,color_temperature,0.1,,,,5786497539863217079,1436178128472113803,endpoint_l2/left_position,0.010344789363443851
gpu_0,contrastive,clean/place_bread_basket/episode_000044/0_226,place_bread_basket,episode_000044,clean,,,,final_action,color_temperature,0.1,,,,5786497539863217079,1436178128472113803,endpoint_l2/right_position,0.01745903678238392
gpu_0,contrastive,clean/place_bread_basket/episode_000044/0_226,place_bread_basket,episode_000044,clean,,,,final_action,color_temperature,0.1,,,,5786497539863217079,1436178128472113803,rotation_geodesic/left_rotation,0.009782073087990284
gpu_0,contrastive,clean/place_bread_basket/episode_000044/0_226,place_bread_basket,episode_000044,clean,,,,final_action,color_temperature,0.1,,,,5786497539863217079,1436178128472113803,rotation_geodesic/right_rotation,0.014315921813249588
gpu_0,contrastive,clean/place_bread_basket/episode_000044/0_226,place_bread_basket,episode_000044,clean,,,,final_action,color_temperature,0.1,,,,5786497539863217079,1436178128472113803,gripper_flip_rate,0.0
gpu_0,contrastive,clean/place_bread_basket/episode_000044/0_226,place_bread_basket,episode_000044,clean,,,,final_action,color_temperature,0.1,,,,5786497539863217079,1436178128472113803,temporal_jerk_difference,0.0018882774747908115
gpu_0,contrastive,clean/place_bread_basket/episode_000044/0_226,place_bread_basket,episode_000044,clean,,,,final_action,gamma,0.8,,,,5786497539863217079,8532596611837617652,action_relative_l2,0.004434332717210054
gpu_0,contrastive,clean/place_bread_basket/episode_000044/0_226,place_bread_basket,episode_000044,clean,,,,final_action,gamma,0.8,,,,5786497539863217079,8532596611837617652,action_mean_abs,0.00039700057823210955
gpu_0,contrastive,clean/place_bread_basket/episode_000044/0_226,place_bread_basket,episode_000044,clean,,,,final_action,gamma,0.8,,,,5786497539863217079,8532596611837617652,action_relative_l2/first_25pct,0.0
gpu_0,contrastive,clean/place_bread_basket/episode_000044/0_226,place_bread_basket,episode_000044,clean,,,,final_action,gamma,0.8,,,,5786497539863217079,8532596611837617652,action_relative_l2/last_75pct,0.004592361859977245
gpu_0,contrastive,clean/place_bread_basket/episode_000044/0_226,place_bread_basket,episode_000044,clean,,,,final_action,gamma,0.8,,,,5786497539863217079,8532596611837617652,endpoint_l2/left_position,0.001115538296289742
gpu_0,contrastive,clean/place_bread_basket/episode_000044/0_226,place_bread_basket,episode_000044,clean,,,,final_action,gamma,0.8,,,,5786497539863217079,8532596611837617652,endpoint_l2/right_position,0.0011679083108901978
gpu_0,contrastive,clean/place_bread_basket/episode_000044/0_226,place_bread_basket,episode_000044,clean,,,,final_action,gamma,0.8,,,,5786497539863217079,8532596611837617652,rotation_geodesic/left_rotation,0.0010631985496729612
gpu_0,contrastive,clean/place_bread_basket/episode_000044/0_226,place_bread_basket,episode_000044,clean,,,,final_action,gamma,0.8,,,,5786497539863217079,8532596611837617652,rotation_geodesic/right_rotation,0.005545308813452721
gpu_0,contrastive,clean/place_bread_basket/episode_000044/0_226,place_bread_basket,episode_000044,clean,,,,final_action,gamma,0.8,,,,5786497539863217079,8532596611837617652,gripper_flip_rate,0.0
gpu_0,contrastive,clean/place_bread_basket/episode_000044/0_226,place_bread_basket,episode_000044,clean,,,,final_action,gamma,0.8,,,,5786497539863217079,8532596611837617652,temporal_jerk_difference,0.0010751805966719985
gpu_0,contrastive,clean/place_bread_basket/episode_000044/0_226,place_bread_basket,episode_000044,clean,,,,final_action,gamma,1.2,,,,5786497539863217079,5885103556919493703,action_relative_l2,0.004140669945627451
gpu_0,contrastive,clean/place_bread_basket/episode_000044/0_226,place_bread_basket,episode_000044,clean,,,,final_action,gamma,1.2,,,,5786497539863217079,5885103556919493703,action_mean_abs,0.0003701990353874862
gpu_0,contrastive,clean/place_bread_basket/episode_000044/0_226,place_bread_basket,episode_000044,clean,,,,final_action,gamma,1.2,,,,5786497539863217079,5885103556919493703,action_relative_l2/first_25pct,0.0
gpu_0,contrastive,clean/place_bread_basket/episode_000044/0_226,place_bread_basket,episode_000044,clean,,,,final_action,gamma,1.2,,,,5786497539863217079,5885103556919493703,action_relative_l2/last_75pct,0.0042882333509624004
gpu_0,contrastive,clean/place_bread_basket/episode_000044/0_226,place_bread_basket,episode_000044,clean,,,,final_action,gamma,1.2,,,,5786497539863217079,5885103556919493703,endpoint_l2/left_position,0.0034705353900790215
gpu_0,contrastive,clean/place_bread_basket/episode_000044/0_226,place_bread_basket,episode_000044,clean,,,,final_action,gamma,1.2,,,,5786497539863217079,5885103556919493703,endpoint_l2/right_position,0.0013958782656118274
gpu_0,contrastive,clean/place_bread_basket/episode_000044/0_226,place_bread_basket,episode_000044,clean,,,,final_action,gamma,1.2,,,,5786497539863217079,5885103556919493703,rotation_geodesic/left_rotation,0.0021592280827462673
gpu_0,contrastive,clean/place_bread_basket/episode_000044/0_226,place_bread_basket,episode_000044,clean,,,,final_action,gamma,1.2,,,,5786497539863217079,5885103556919493703,rotation_geodesic/right_rotation,0.0035500426311045885
gpu_0,contrastive,clean/place_bread_basket/episode_000044/0_226,place_bread_basket,episode_000044,clean,,,,final_action,gamma,1.2,,,,5786497539863217079,5885103556919493703,gripper_flip_rate,0.0
gpu_0,contrastive,clean/place_bread_basket/episode_000044/0_226,place_bread_basket,episode_000044,clean,,,,final_action,gamma,1.2,,,,5786497539863217079,5885103556919493703,temporal_jerk_difference,0.0010974874021485448
gpu_0,contrastive,clean/place_bread_basket/episode_000044/0_226,place_bread_basket,episode_000044,clean,,,,final_action,gaussian_blur_sigma,0.5,,,,5786497539863217079,18322585329891979128,action_relative_l2,0.0025841044262051582
gpu_0,contrastive,clean/place_bread_basket/episode_000044/0_226,place_bread_basket,episode_000044,clean,,,,final_action,gaussian_blur_sigma,0.5,,,,5786497539863217079,18322585329891979128,action_mean_abs,0.00017148748156614602
gpu_0,contrastive,clean/place_bread_basket/episode_000044/0_226,place_bread_basket,episode_000044,clean,,,,final_action,gaussian_blur_sigma,0.5,,,,5786497539863217079,18322585329891979128,action_relative_l2/first_25pct,0.0
gpu_0,contrastive,clean/place_bread_basket/episode_000044/0_226,place_bread_basket,episode_000044,clean,,,,final_action,gaussian_blur_sigma,0.5,,,,5786497539863217079,18322585329891979128,action_relative_l2/last_75pct,0.0026761956978589296
gpu_0,contrastive,clean/place_bread_basket/episode_000044/0_226,place_bread_basket,episode_000044,clean,,,,final_action,gaussian_blur_sigma,0.5,,,,5786497539863217079,18322585329891979128,endpoint_l2/left_position,0.0014454026240855455
gpu_0,contrastive,clean/place_bread_basket/episode_000044/0_226,place_bread_basket,episode_000044,clean,,,,final_action,gaussian_blur_sigma,0.5,,,,5786497539863217079,18322585329891979128,endpoint_l2/right_position,0.0
gpu_0,contrastive,clean/place_bread_basket/episode_000044/0_226,place_bread_basket,episode_000044,clean,,,,final_action,gaussian_blur_sigma,0.5,,,,5786497539863217079,18322585329891979128,rotation_geodesic/left_rotation,0.001227570348419249
gpu_0,contrastive,clean/place_bread_basket/episode_000044/0_226,place_bread_basket,episode_000044,clean,,,,final_action,gaussian_blur_sigma,0.5,,,,5786497539863217079,18322585329891979128,rotation_geodesic/right_rotation,0.0015352831687778234
gpu_0,contrastive,clean/place_bread_basket/episode_000044/0_226,place_bread_basket,episode_000044,clean,,,,final_action,gaussian_blur_sigma,0.5,,,,5786497539863217079,18322585329891979128,gripper_flip_rate,0.0
gpu_0,contrastive,clean/place_bread_basket/episode_000044/0_226,place_bread_basket,episode_000044,clean,,,,final_action,gaussian_blur_sigma,0.5,,,,5786497539863217079,18322585329891979128,temporal_jerk_difference,0.0006436755647882819
gpu_0,contrastive,clean/place_bread_basket/episode_000044/0_226,place_bread_basket,episode_000044,clean,,,,final_action,gaussian_blur_sigma,1.0,,,,5786497539863217079,1464129816195477027,action_relative_l2,0.007266586646437645
gpu_0,contrastive,clean/place_bread_basket/episode_000044/0_226,place_bread_basket,episode_000044,clean,,,,final_action,gaussian_blur_sigma,1.0,,,,5786497539863217079,1464129816195477027,action_mean_abs,0.0009346565930172801
gpu_0,contrastive,clean/place_bread_basket/episode_000044/0_226,place_bread_basket,episode_000044,clean,,,,final_action,gaussian_blur_sigma,1.0,,,,5786497539863217079,1464129816195477027,action_relative_l2/first_25pct,0.0
gpu_0,contrastive,clean/place_bread_basket/episode_000044/0_226,place_bread_basket,episode_000044,clean,,,,final_action,gaussian_blur_sigma,1.0,,,,5786497539863217079,1464129816195477027,action_relative_l2/last_75pct,0.007525550201535225
gpu_0,contrastive,clean/place_bread_basket/episode_000044/0_226,place_bread_basket,episode_000044,clean,,,,final_action,gaussian_blur_sigma,1.0,,,,5786497539863217079,1464129816195477027,endpoint_l2/left_position,0.007303447928279638
gpu_0,contrastive,clean/place_bread_basket/episode_000044/0_226,place_bread_basket,episode_000044,clean,,,,final_action,gaussian_blur_sigma,1.0,,,,5786497539863217079,1464129816195477027,endpoint_l2/right_position,0.0
gpu_0,contrastive,clean/place_bread_basket/episode_000044/0_226,place_bread_basket,episode_000044,clean,,,,final_action,gaussian_blur_sigma,1.0,,,,5786497539863217079,1464129816195477027,rotation_geodesic/left_rotation,0.006743333302438259
gpu_0,contrastive,clean/place_bread_basket/episode_000044/0_226,place_bread_basket,episode_000044,clean,,,,final_action,gaussian_blur_sigma,1.0,,,,5786497539863217079,1464129816195477027,rotation_geodesic/right_rotation,0.007273536175489426
gpu_0,contrastive,clean/place_bread_basket/episode_000044/0_226,place_bread_basket,episode_000044,clean,,,,final_action,gaussian_blur_sigma,1.0,,,,5786497539863217079,1464129816195477027,gripper_flip_rate,0.0
gpu_0,contrastive,clean/place_bread_basket/episode_000044/0_226,place_bread_basket,episode_000044,clean,,,,final_action,gaussian_blur_sigma,1.0,,,,5786497539863217079,1464129816195477027,temporal_jerk_difference,0.0013006710214540362
gpu_0,contrastive,clean/place_bread_basket/episode_000044/0_226,place_bread_basket,episode_000044,clean,,,,final_action,gaussian_noise_std,0.01,,,,5786497539863217079,3952513492836151882,action_relative_l2,0.0063695237040519714
gpu_0,contrastive,clean/place_bread_basket/episode_000044/0_226,place_bread_basket,episode_000044,clean,,,,final_action,gaussian_noise_std,0.01,,,,5786497539863217079,3952513492836151882,action_mean_abs,0.0009305489365942776
gpu_0,contrastive,clean/place_bread_basket/episode_000044/0_226,place_bread_basket,episode_000044,clean,,,,final_action,gaussian_noise_std,0.01,,,,5786497539863217079,3952513492836151882,action_relative_l2/first_25pct,0.0
gpu_0,contrastive,clean/place_bread_basket/episode_000044/0_226,place_bread_basket,episode_000044,clean,,,,final_action,gaussian_noise_std,0.01,,,,5786497539863217079,3952513492836151882,action_relative_l2/last_75pct,0.006596518214792013
gpu_0,contrastive,clean/place_bread_basket/episode_000044/0_226,place_bread_basket,episode_000044,clean,,,,final_action,gaussian_noise_std,0.01,,,,5786497539863217079,3952513492836151882,endpoint_l2/left_position,0.003958562389016151
gpu_0,contrastive,clean/place_bread_basket/episode_000044/0_226,place_bread_basket,episode_000044,clean,,,,final_action,gaussian_noise_std,0.01,,,,5786497539863217079,3952513492836151882,endpoint_l2/right_position,0.004650546703487635
gpu_0,contrastive,clean/place_bread_basket/episode_000044/0_226,place_bread_basket,episode_000044,clean,,,,final_action,gaussian_noise_std,0.01,,,,5786497539863217079,3952513492836151882,rotation_geodesic/left_rotation,0.0028217113576829433
gpu_0,contrastive,clean/place_bread_basket/episode_000044/0_226,place_bread_basket,episode_000044,clean,,,,final_action,gaussian_noise_std,0.01,,,,5786497539863217079,3952513492836151882,rotation_geodesic/right_rotation,0.008162291720509529
gpu_0,contrastive,clean/place_bread_basket/episode_000044/0_226,place_bread_basket,episode_000044,clean,,,,final_action,gaussian_noise_std,0.01,,,,5786497539863217079,3952513492836151882,gripper_flip_rate,0.0
gpu_0,contrastive,clean/place_bread_basket/episode_000044/0_226,place_bread_basket,episode_000044,clean,,,,final_action,gaussian_noise_std,0.01,,,,5786497539863217079,3952513492836151882,temporal_jerk_difference,0.0015648427652195096
gpu_0,contrastive,clean/place_bread_basket/episode_000044/0_226,place_bread_basket,episode_000044,clean,,,,final_action,gaussian_noise_std,0.03,,,,5786497539863217079,15908044863109304790,action_relative_l2,0.009935113601386547
gpu_0,contrastive,clean/place_bread_basket/episode_000044/0_226,place_bread_basket,episode_000044,clean,,,,final_action,gaussian_noise_std,0.03,,,,5786497539863217079,15908044863109304790,action_mean_abs,0.001546585583128035
gpu_0,contrastive,clean/place_bread_basket/episode_000044/0_226,place_bread_basket,episode_000044,clean,,,,final_action,gaussian_noise_std,0.03,,,,5786497539863217079,15908044863109304790,action_relative_l2/first_25pct,0.0
gpu_0,contrastive,clean/place_bread_basket/episode_000044/0_226,place_bread_basket,episode_000044,clean,,,,final_action,gaussian_noise_std,0.03,,,,5786497539863217079,15908044863109304790,action_relative_l2/last_75pct,0.010289177298545837
gpu_0,contrastive,clean/place_bread_basket/episode_000044/0_226,place_bread_basket,episode_000044,clean,,,,final_action,gaussian_noise_std,0.03,,,,5786497539863217079,15908044863109304790,endpoint_l2/left_position,0.004907811526209116
gpu_0,contrastive,clean/place_bread_basket/episode_000044/0_226,place_bread_basket,episode_000044,clean,,,,final_action,gaussian_noise_std,0.03,,,,5786497539863217079,15908044863109304790,endpoint_l2/right_position,0.008309236727654934
gpu_0,contrastive,clean/place_bread_basket/episode_000044/0_226,place_bread_basket,episode_000044,clean,,,,final_action,gaussian_noise_std,0.03,,,,5786497539863217079,15908044863109304790,rotation_geodesic/left_rotation,0.005709127988666296
gpu_0,contrastive,clean/place_bread_basket/episode_000044/0_226,place_bread_basket,episode_000044,clean,,,,final_action,gaussian_noise_std,0.03,,,,5786497539863217079,15908044863109304790,rotation_geodesic/right_rotation,0.015582461841404438
gpu_0,contrastive,clean/place_bread_basket/episode_000044/0_226,place_bread_basket,episode_000044,clean,,,,final_action,gaussian_noise_std,0.03,,,,5786497539863217079,15908044863109304790,gripper_flip_rate,0.0
gpu_0,contrastive,clean/place_bread_basket/episode_000044/0_226,place_bread_basket,episode_000044,clean,,,,final_action,gaussian_noise_std,0.03,,,,5786497539863217079,15908044863109304790,temporal_jerk_difference,0.001984430244192481
gpu_0,contrastive,clean/place_bread_basket/episode_000044/0_226,place_bread_basket,episode_000044,clean,,,,final_action,identity,0.0,,,,5786497539863217079,,action_relative_l2,0.0
gpu_0,contrastive,clean/place_bread_basket/episode_000044/0_226,place_bread_basket,episode_000044,clean,,,,final_action,identity,0.0,,,,5786497539863217079,,action_mean_abs,0.0
gpu_0,contrastive,clean/place_bread_basket/episode_000044/0_226,place_bread_basket,episode_000044,clean,,,,final_action,identity,0.0,,,,5786497539863217079,,action_relative_l2/first_25pct,0.0
gpu_0,contrastive,clean/place_bread_basket/episode_000044/0_226,place_bread_basket,episode_000044,clean,,,,final_action,identity,0.0,,,,5786497539863217079,,action_relative_l2/last_75pct,0.0
gpu_0,contrastive,clean/place_bread_basket/episode_000044/0_226,place_bread_basket,episode_000044,clean,,,,final_action,identity,0.0,,,,5786497539863217079,,endpoint_l2/left_position,0.0
gpu_0,contrastive,clean/place_bread_basket/episode_000044/0_226,place_bread_basket,episode_000044,clean,,,,final_action,identity,0.0,,,,5786497539863217079,,endpoint_l2/right_position,0.0
gpu_0,contrastive,clean/place_bread_basket/episode_000044/0_226,place_bread_basket,episode_000044,clean,,,,final_action,identity,0.0,,,,5786497539863217079,,rotation_geodesic/left_rotation,0.0001778694859240204
gpu_0,contrastive,clean/place_bread_basket/episode_000044/0_226,place_bread_basket,episode_000044,clean,,,,final_action,identity,0.0,,,,5786497539863217079,,rotation_geodesic/right_rotation,6.473755638580769e-05
gpu_0,contrastive,clean/place_bread_basket/episode_000044/0_226,place_bread_basket,episode_000044,clean,,,,final_action,identity,0.0,,,,5786497539863217079,,gripper_flip_rate,0.0
gpu_0,contrastive,clean/place_bread_basket/episode_000044/0_226,place_bread_basket,episode_000044,clean,,,,final_action,identity,0.0,,,,5786497539863217079,,temporal_jerk_difference,0.0
gpu_0,contrastive,clean/place_object_scale/episode_000016/0_141,place_object_scale,episode_000016,clean,,,,final_action,brightness,0.8,,,,15052661172066250013,8128353529252831070,action_relative_l2,0.028273042291402817
gpu_0,contrastive,clean/place_object_scale/episode_000016/0_141,place_object_scale,episode_000016,clean,,,,final_action,brightness,0.8,,,,15052661172066250013,8128353529252831070,action_mean_abs,0.0028566268738359213
gpu_0,contrastive,clean/place_object_scale/episode_000016/0_141,place_object_scale,episode_000016,clean,,,,final_action,brightness,0.8,,,,15052661172066250013,8128353529252831070,action_relative_l2/first_25pct,0.0
gpu_0,contrastive,clean/place_object_scale/episode_000016/0_141,place_object_scale,episode_000016,clean,,,,final_action,brightness,0.8,,,,15052661172066250013,8128353529252831070,action_relative_l2/last_75pct,0.02927834540605545
gpu_0,contrastive,clean/place_object_scale/episode_000016/0_141,place_object_scale,episode_000016,clean,,,,final_action,brightness,0.8,,,,15052661172066250013,8128353529252831070,endpoint_l2/left_position,0.0033512674272060394
gpu_0,contrastive,clean/place_object_scale/episode_000016/0_141,place_object_scale,episode_000016,clean,,,,final_action,brightness,0.8,,,,15052661172066250013,8128353529252831070,endpoint_l2/right_position,0.013823006302118301
gpu_0,contrastive,clean/place_object_scale/episode_000016/0_141,place_object_scale,episode_000016,clean,,,,final_action,brightness,0.8,,,,15052661172066250013,8128353529252831070,rotation_geodesic/left_rotation,0.0025017871521413326
gpu_0,contrastive,clean/place_object_scale/episode_000016/0_141,place_object_scale,episode_000016,clean,,,,final_action,brightness,0.8,,,,15052661172066250013,8128353529252831070,rotation_geodesic/right_rotation,0.04514828324317932
gpu_0,contrastive,clean/place_object_scale/episode_000016/0_141,place_object_scale,episode_000016,clean,,,,final_action,brightness,0.8,,,,15052661172066250013,8128353529252831070,gripper_flip_rate,0.0
gpu_0,contrastive,clean/place_object_scale/episode_000016/0_141,place_object_scale,episode_000016,clean,,,,final_action,brightness,0.8,,,,15052661172066250013,8128353529252831070,temporal_jerk_difference,0.0018051795195788145
gpu_0,contrastive,clean/place_object_scale/episode_000016/0_141,place_object_scale,episode_000016,clean,,,,final_action,brightness,1.2,,,,15052661172066250013,5451139221587725941,action_relative_l2,0.055970560759305954
gpu_0,contrastive,clean/place_object_scale/episode_000016/0_141,place_object_scale,episode_000016,clean,,,,final_action,brightness,1.2,,,,15052661172066250013,5451139221587725941,action_mean_abs,0.005292667541652918
gpu_0,contrastive,clean/place_object_scale/episode_000016/0_141,place_object_scale,episode_000016,clean,,,,final_action,brightness,1.2,,,,15052661172066250013,5451139221587725941,action_relative_l2/first_25pct,0.0
gpu_0,contrastive,clean/place_object_scale/episode_000016/0_141,place_object_scale,episode_000016,clean,,,,final_action,brightness,1.2,,,,15052661172066250013,5451139221587725941,action_relative_l2/last_75pct,0.05796070396900177
gpu_0,contrastive,clean/place_object_scale/episode_000016/0_141,place_object_scale,episode_000016,clean,,,,final_action,brightness,1.2,,,,15052661172066250013,5451139221587725941,endpoint_l2/left_position,0.001979278400540352
gpu_0,contrastive,clean/place_object_scale/episode_000016/0_141,place_object_scale,episode_000016,clean,,,,final_action,brightness,1.2,,,,15052661172066250013,5451139221587725941,endpoint_l2/right_position,0.02261645719408989
gpu_0,contrastive,clean/place_object_scale/episode_000016/0_141,place_object_scale,episode_000016,clean,,,,final_action,brightness,1.2,,,,15052661172066250013,5451139221587725941,rotation_geodesic/left_rotation,0.005073850508779287
gpu_0,contrastive,clean/place_object_scale/episode_000016/0_141,place_object_scale,episode_000016,clean,,,,final_action,brightness,1.2,,,,15052661172066250013,5451139221587725941,rotation_geodesic/right_rotation,0.08812910318374634
gpu_0,contrastive,clean/place_object_scale/episode_000016/0_141,place_object_scale,episode_000016,clean,,,,final_action,brightness,1.2,,,,15052661172066250013,5451139221587725941,gripper_flip_rate,0.0
gpu_0,contrastive,clean/place_object_scale/episode_000016/0_141,place_object_scale,episode_000016,clean,,,,final_action,brightness,1.2,,,,15052661172066250013,5451139221587725941,temporal_jerk_difference,0.0016402958426624537
gpu_0,contrastive,clean/place_object_scale/episode_000016/0_141,place_object_scale,episode_000016,clean,,,,final_action,color_temperature,-0.1,,,,15052661172066250013,11771800898474785723,action_relative_l2,0.017138492316007614
gpu_0,contrastive,clean/place_object_scale/episode_000016/0_141,place_object_scale,episode_000016,clean,,,,final_action,color_temperature,-0.1,,,,15052661172066250013,11771800898474785723,action_mean_abs,0.001993471058085561
gpu_0,contrastive,clean/place_object_scale/episode_000016/0_141,place_object_scale,episode_000016,clean,,,,final_action,color_temperature,-0.1,,,,15052661172066250013,11771800898474785723,action_relative_l2/first_25pct,0.0
gpu_0,contrastive,clean/place_object_scale/episode_000016/0_141,place_object_scale,episode_000016,clean,,,,final_action,color_temperature,-0.1,,,,15052661172066250013,11771800898474785723,action_relative_l2/last_75pct,0.01774788461625576
gpu_0,contrastive,clean/place_object_scale/episode_000016/0_141,place_object_scale,episode_000016,clean,,,,final_action,color_temperature,-0.1,,,,15052661172066250013,11771800898474785723,endpoint_l2/left_position,0.0028908008243888617
gpu_0,contrastive,clean/place_object_scale/episode_000016/0_141,place_object_scale,episode_000016,clean,,,,final_action,color_temperature,-0.1,,,,15052661172066250013,11771800898474785723,endpoint_l2/right_position,0.01320117712020874
gpu_0,contrastive,clean/place_object_scale/episode_000016/0_141,place_object_scale,episode_000016,clean,,,,final_action,color_temperature,-0.1,,,,15052661172066250013,11771800898474785723,rotation_geodesic/left_rotation,0.003910960163921118
gpu_0,contrastive,clean/place_object_scale/episode_000016/0_141,place_object_scale,episode_000016,clean,,,,final_action,color_temperature,-0.1,,,,15052661172066250013,11771800898474785723,rotation_geodesic/right_rotation,0.025122711434960365
gpu_0,contrastive,clean/place_object_scale/episode_000016/0_141,place_object_scale,episode_000016,clean,,,,final_action,color_temperature,-0.1,,,,15052661172066250013,11771800898474785723,gripper_flip_rate,0.0
gpu_0,contrastive,clean/place_object_scale/episode_000016/0_141,place_object_scale,episode_000016,clean,,,,final_action,color_temperature,-0.1,,,,15052661172066250013,11771800898474785723,temporal_jerk_difference,0.0015731469029560685
gpu_0,contrastive,clean/place_object_scale/episode_000016/0_141,place_object_scale,episode_000016,clean,,,,final_action,color_temperature,0.1,,,,15052661172066250013,7887944890558736340,action_relative_l2,0.013110179454088211
gpu_0,contrastive,clean/place_object_scale/episode_000016/0_141,place_object_scale,episode_000016,clean,,,,final_action,color_temperature,0.1,,,,15052661172066250013,7887944890558736340,action_mean_abs,0.001488865353167057
gpu_0,contrastive,clean/place_object_scale/episode_000016/0_141,place_object_scale,episode_000016,clean,,,,final_action,color_temperature,0.1,,,,15052661172066250013,7887944890558736340,action_relative_l2/first_25pct,0.0
gpu_0,contrastive,clean/place_object_scale/episode_000016/0_141,place_object_scale,episode_000016,clean,,,,final_action,color_temperature,0.1,,,,15052661172066250013,7887944890558736340,action_relative_l2/last_75pct,0.013576338067650795
gpu_0,contrastive,clean/place_object_scale/episode_000016/0_141,place_object_scale,episode_000016,clean,,,,final_action,color_temperature,0.1,,,,15052661172066250013,7887944890558736340,endpoint_l2/left_position,0.0020034927874803543
gpu_0,contrastive,clean/place_object_scale/episode_000016/0_141,place_object_scale,episode_000016,clean,,,,final_action,color_temperature,0.1,,,,15052661172066250013,7887944890558736340,endpoint_l2/right_position,0.011187803000211716
gpu_0,contrastive,clean/place_object_scale/episode_000016/0_141,place_object_scale,episode_000016,clean,,,,final_action,color_temperature,0.1,,,,15052661172066250013,7887944890558736340,rotation_geodesic/left_rotation,0.00410184683278203
gpu_0,contrastive,clean/place_object_scale/episode_000016/0_141,place_object_scale,episode_000016,clean,,,,final_action,color_temperature,0.1,,,,15052661172066250013,7887944890558736340,rotation_geodesic/right_rotation,0.01938931830227375
gpu_0,contrastive,clean/place_object_scale/episode_000016/0_141,place_object_scale,episode_000016,clean,,,,final_action,color_temperature,0.1,,,,15052661172066250013,7887944890558736340,gripper_flip_rate,0.0
gpu_0,contrastive,clean/place_object_scale/episode_000016/0_141,place_object_scale,episode_000016,clean,,,,final_action,color_temperature,0.1,,,,15052661172066250013,7887944890558736340,temporal_jerk_difference,0.0018366503063589334
gpu_0,contrastive,clean/place_object_scale/episode_000016/0_141,place_object_scale,episode_000016,clean,,,,final_action,gamma,0.8,,,,15052661172066250013,3987445913070418313,action_relative_l2,0.00419319374486804
gpu_0,contrastive,clean/place_object_scale/episode_000016/0_141,place_object_scale,episode_000016,clean,,,,final_action,gamma,0.8,,,,15052661172066250013,3987445913070418313,action_mean_abs,0.00032495270716026425
gpu_0,contrastive,clean/place_object_scale/episode_000016/0_141,place_object_scale,episode_000016,clean,,,,final_action,gamma,0.8,,,,15052661172066250013,3987445913070418313,action_relative_l2/first_25pct,0.0
gpu_0,contrastive,clean/place_object_scale/episode_000016/0_141,place_object_scale,episode_000016,clean,,,,final_action,gamma,0.8,,,,15052661172066250013,3987445913070418313,action_relative_l2/last_75pct,0.004342291038483381
gpu_0,contrastive,clean/place_object_scale/episode_000016/0_141,place_object_scale,episode_000016,clean,,,,final_action,gamma,0.8,,,,15052661172066250013,3987445913070418313,endpoint_l2/left_position,0.00045955926179885864
gpu_0,contrastive,clean/place_object_scale/episode_000016/0_141,place_object_scale,episode_000016,clean,,,,final_action,gamma,0.8,,,,15052661172066250013,3987445913070418313,endpoint_l2/right_position,0.0
gpu_0,contrastive,clean/place_object_scale/episode_000016/0_141,place_object_scale,episode_000016,clean,,,,final_action,gamma,0.8,,,,15052661172066250013,3987445913070418313,rotation_geodesic/left_rotation,0.0012940519955009222
gpu_0,contrastive,clean/place_object_scale/episode_000016/0_141,place_object_scale,episode_000016,clean,,,,final_action,gamma,0.8,,,,15052661172066250013,3987445913070418313,rotation_geodesic/right_rotation,0.0029252502135932446
gpu_0,contrastive,clean/place_object_scale/episode_000016/0_141,place_object_scale,episode_000016,clean,,,,final_action,gamma,0.8,,,,15052661172066250013,3987445913070418313,gripper_flip_rate,0.0
gpu_0,contrastive,clean/place_object_scale/episode_000016/0_141,place_object_scale,episode_000016,clean,,,,final_action,gamma,0.8,,,,15052661172066250013,3987445913070418313,temporal_jerk_difference,0.0010920885251834989
gpu_0,contrastive,clean/place_object_scale/episode_000016/0_141,place_object_scale,episode_000016,clean,,,,final_action,gamma,1.2,,,,15052661172066250013,18267793042838073310,action_relative_l2,0.0038328752852976322
gpu_0,contrastive,clean/place_object_scale/episode_000016/0_141,place_object_scale,episode_000016,clean,,,,final_action,gamma,1.2,,,,15052661172066250013,18267793042838073310,action_mean_abs,0.0003219371719751507
gpu_0,contrastive,clean/place_object_scale/episode_000016/0_141,place_object_scale,episode_000016,clean,,,,final_action,gamma,1.2,,,,15052661172066250013,18267793042838073310,action_relative_l2/first_25pct,0.0
gpu_0,contrastive,clean/place_object_scale/episode_000016/0_141,place_object_scale,episode_000016,clean,,,,final_action,gamma,1.2,,,,15052661172066250013,18267793042838073310,action_relative_l2/last_75pct,0.003969160839915276
gpu_0,contrastive,clean/place_object_scale/episode_000016/0_141,place_object_scale,episode_000016,clean,,,,final_action,gamma,1.2,,,,15052661172066250013,18267793042838073310,endpoint_l2/left_position,0.0
gpu_0,contrastive,clean/place_object_scale/episode_000016/0_141,place_object_scale,episode_000016,clean,,,,final_action,gamma,1.2,,,,15052661172066250013,18267793042838073310,endpoint_l2/right_position,0.0015290230512619019
gpu_0,contrastive,clean/place_object_scale/episode_000016/0_141,place_object_scale,episode_000016,clean,,,,final_action,gamma,1.2,,,,15052661172066250013,18267793042838073310,rotation_geodesic/left_rotation,0.0005304862861521542
gpu_0,contrastive,clean/place_object_scale/episode_000016/0_141,place_object_scale,episode_000016,clean,,,,final_action,gamma,1.2,,,,15052661172066250013,18267793042838073310,rotation_geodesic/right_rotation,0.003555517178028822
gpu_0,contrastive,clean/place_object_scale/episode_000016/0_141,place_object_scale,episode_000016,clean,,,,final_action,gamma,1.2,,,,15052661172066250013,18267793042838073310,gripper_flip_rate,0.0
gpu_0,contrastive,clean/place_object_scale/episode_000016/0_141,place_object_scale,episode_000016,clean,,,,final_action,gamma,1.2,,,,15052661172066250013,18267793042838073310,temporal_jerk_difference,0.0009931751992553473
gpu_0,contrastive,clean/place_object_scale/episode_000016/0_141,place_object_scale,episode_000016,clean,,,,final_action,gaussian_blur_sigma,0.5,,,,15052661172066250013,13820347193606331437,action_relative_l2,0.0024030227214097977
gpu_0,contrastive,clean/place_object_scale/episode_000016/0_141,place_object_scale,episode_000016,clean,,,,final_action,gaussian_blur_sigma,0.5,,,,15052661172066250013,13820347193606331437,action_mean_abs,0.0001463527587475255
gpu_0,contrastive,clean/place_object_scale/episode_000016/0_141,place_object_scale,episode_000016,clean,,,,final_action,gaussian_blur_sigma,0.5,,,,15052661172066250013,13820347193606331437,action_relative_l2/first_25pct,0.0
gpu_0,contrastive,clean/place_object_scale/episode_000016/0_141,place_object_scale,episode_000016,clean,,,,final_action,gaussian_blur_sigma,0.5,,,,15052661172066250013,13820347193606331437,action_relative_l2/last_75pct,0.0024884669110178947
gpu_0,contrastive,clean/place_object_scale/episode_000016/0_141,place_object_scale,episode_000016,clean,,,,final_action,gaussian_blur_sigma,0.5,,,,15052661172066250013,13820347193606331437,endpoint_l2/left_position,0.0
gpu_0,contrastive,clean/place_object_scale/episode_000016/0_141,place_object_scale,episode_000016,clean,,,,final_action,gaussian_blur_sigma,0.5,,,,15052661172066250013,13820347193606331437,endpoint_l2/right_position,0.001167893409729004
gpu_0,contrastive,clean/place_object_scale/episode_000016/0_141,place_object_scale,episode_000016,clean,,,,final_action,gaussian_blur_sigma,0.5,,,,15052661172066250013,13820347193606331437,rotation_geodesic/left_rotation,4.31583721365314e-05
gpu_0,contrastive,clean/place_object_scale/episode_000016/0_141,place_object_scale,episode_000016,clean,,,,final_action,gaussian_blur_sigma,0.5,,,,15052661172066250013,13820347193606331437,rotation_geodesic/right_rotation,0.0020217569544911385
gpu_0,contrastive,clean/place_object_scale/episode_000016/0_141,place_object_scale,episode_000016,clean,,,,final_action,gaussian_blur_sigma,0.5,,,,15052661172066250013,13820347193606331437,gripper_flip_rate,0.0
gpu_0,contrastive,clean/place_object_scale/episode_000016/0_141,place_object_scale,episode_000016,clean,,,,final_action,gaussian_blur_sigma,0.5,,,,15052661172066250013,13820347193606331437,temporal_jerk_difference,0.0003154180303681642
gpu_0,contrastive,clean/place_object_scale/episode_000016/0_141,place_object_scale,episode_000016,clean,,,,final_action,gaussian_blur_sigma,1.0,,,,15052661172066250013,6730551116110810124,action_relative_l2,0.023246238008141518
gpu_0,contrastive,clean/place_object_scale/episode_000016/0_141,place_object_scale,episode_000016,clean,,,,final_action,gaussian_blur_sigma,1.0,,,,15052661172066250013,6730551116110810124,action_mean_abs,0.002236556028947234
gpu_0,contrastive,clean/place_object_scale/episode_000016/0_141,place_object_scale,episode_000016,clean,,,,final_action,gaussian_blur_sigma,1.0,,,,15052661172066250013,6730551116110810124,action_relative_l2/first_25pct,0.0
gpu_0,contrastive,clean/place_object_scale/episode_000016/0_141,place_object_scale,episode_000016,clean,,,,final_action,gaussian_blur_sigma,1.0,,,,15052661172066250013,6730551116110810124,action_relative_l2/last_75pct,0.024072803556919098
gpu_0,contrastive,clean/place_object_scale/episode_000016/0_141,place_object_scale,episode_000016,clean,,,,final_action,gaussian_blur_sigma,1.0,,,,15052661172066250013,6730551116110810124,endpoint_l2/left_position,0.0012064898619428277
gpu_0,contrastive,clean/place_object_scale/episode_000016/0_141,place_object_scale,episode_000016,clean,,,,final_action,gaussian_blur_sigma,1.0,,,,15052661172066250013,6730551116110810124,endpoint_l2/right_position,0.017447752878069878
gpu_0,contrastive,clean/place_object_scale/episode_000016/0_141,place_object_scale,episode_000016,clean,,,,final_action,gaussian_blur_sigma,1.0,,,,15052661172066250013,6730551116110810124,rotation_geodesic/left_rotation,0.0031998332124203444
gpu_0,contrastive,clean/place_object_scale/episode_000016/0_141,place_object_scale,episode_000016,clean,,,,final_action,gaussian_blur_sigma,1.0,,,,15052661172066250013,6730551116110810124,rotation_geodesic/right_rotation,0.0362832248210907
gpu_0,contrastive,clean/place_object_scale/episode_000016/0_141,place_object_scale,episode_000016,clean,,,,final_action,gaussian_blur_sigma,1.0,,,,15052661172066250013,6730551116110810124,gripper_flip_rate,0.0
gpu_0,contrastive,clean/place_object_scale/episode_000016/0_141,place_object_scale,episode_000016,clean,,,,final_action,gaussian_blur_sigma,1.0,,,,15052661172066250013,6730551116110810124,temporal_jerk_difference,0.001683589187450707
gpu_0,contrastive,clean/place_object_scale/episode_000016/0_141,place_object_scale,episode_000016,clean,,,,final_action,gaussian_noise_std,0.01,,,,15052661172066250013,13857880200663423716,action_relative_l2,0.010419805534183979
gpu_0,contrastive,clean/place_object_scale/episode_000016/0_141,place_object_scale,episode_000016,clean,,,,final_action,gaussian_noise_std,0.01,,,,15052661172066250013,13857880200663423716,action_mean_abs,0.0014868626603856683
gpu_0,contrastive,clean/place_object_scale/episode_000016/0_141,place_object_scale,episode_000016,clean,,,,final_action,gaussian_noise_std,0.01,,,,15052661172066250013,13857880200663423716,action_relative_l2/first_25pct,0.0
gpu_0,contrastive,clean/place_object_scale/episode_000016/0_141,place_object_scale,episode_000016,clean,,,,final_action,gaussian_noise_std,0.01,,,,15052661172066250013,13857880200663423716,action_relative_l2/last_75pct,0.01079030241817236
gpu_0,contrastive,clean/place_object_scale/episode_000016/0_141,place_object_scale,episode_000016,clean,,,,final_action,gaussian_noise_std,0.01,,,,15052661172066250013,13857880200663423716,endpoint_l2/left_position,0.0014454048359766603
gpu_0,contrastive,clean/place_object_scale/episode_000016/0_141,place_object_scale,episode_000016,clean,,,,final_action,gaussian_noise_std,0.01,,,,15052661172066250013,13857880200663423716,endpoint_l2/right_position,0.002293534576892853
gpu_0,contrastive,clean/place_object_scale/episode_000016/0_141,place_object_scale,episode_000016,clean,,,,final_action,gaussian_noise_std,0.01,,,,15052661172066250013,13857880200663423716,rotation_geodesic/left_rotation,0.0038350746035575867
gpu_0,contrastive,clean/place_object_scale/episode_000016/0_141,place_object_scale,episode_000016,clean,,,,final_action,gaussian_noise_std,0.01,,,,15052661172066250013,13857880200663423716,rotation_geodesic/right_rotation,0.01540093682706356
gpu_0,contrastive,clean/place_object_scale/episode_000016/0_141,place_object_scale,episode_000016,clean,,,,final_action,gaussian_noise_std,0.01,,,,15052661172066250013,13857880200663423716,gripper_flip_rate,0.0
gpu_0,contrastive,clean/place_object_scale/episode_000016/0_141,place_object_scale,episode_000016,clean,,,,final_action,gaussian_noise_std,0.01,,,,15052661172066250013,13857880200663423716,temporal_jerk_difference,0.002099089091643691
gpu_0,contrastive,clean/place_object_scale/episode_000016/0_141,place_object_scale,episode_000016,clean,,,,final_action,gaussian_noise_std,0.03,,,,15052661172066250013,14331452601550878469,action_relative_l2,0.012158682569861412
gpu_0,contrastive,clean/place_object_scale/episode_000016/0_141,place_object_scale,episode_000016,clean,,,,final_action,gaussian_noise_std,0.03,,,,15052661172066250013,14331452601550878469,action_mean_abs,0.001733431126922369
gpu_0,contrastive,clean/place_object_scale/episode_000016/0_141,place_object_scale,episode_000016,clean,,,,final_action,gaussian_noise_std,0.03,,,,15052661172066250013,14331452601550878469,action_relative_l2/first_25pct,0.0
gpu_0,contrastive,clean/place_object_scale/episode_000016/0_141,place_object_scale,episode_000016,clean,,,,final_action,gaussian_noise_std,0.03,,,,15052661172066250013,14331452601550878469,action_relative_l2/last_75pct,0.012591008096933365
gpu_0,contrastive,clean/place_object_scale/episode_000016/0_141,place_object_scale,episode_000016,clean,,,,final_action,gaussian_noise_std,0.03,,,,15052661172066250013,14331452601550878469,endpoint_l2/left_position,0.001378662884235382
gpu_0,contrastive,clean/place_object_scale/episode_000016/0_141,place_object_scale,episode_000016,clean,,,,final_action,gaussian_noise_std,0.03,,,,15052661172066250013,14331452601550878469,endpoint_l2/right_position,0.006224463228136301
gpu_0,contrastive,clean/place_object_scale/episode_000016/0_141,place_object_scale,episode_000016,clean,,,,final_action,gaussian_noise_std,0.03,,,,15052661172066250013,14331452601550878469,rotation_geodesic/left_rotation,0.006544886622577906
gpu_0,contrastive,clean/place_object_scale/episode_000016/0_141,place_object_scale,episode_000016,clean,,,,final_action,gaussian_noise_std,0.03,,,,15052661172066250013,14331452601550878469,rotation_geodesic/right_rotation,0.017848670482635498
gpu_0,contrastive,clean/place_object_scale/episode_000016/0_141,place_object_scale,episode_000016,clean,,,,final_action,gaussian_noise_std,0.03,,,,15052661172066250013,14331452601550878469,gripper_flip_rate,0.0
gpu_0,contrastive,clean/place_object_scale/episode_000016/0_141,place_object_scale,episode_000016,clean,,,,final_action,gaussian_noise_std,0.03,,,,15052661172066250013,14331452601550878469,temporal_jerk_difference,0.0020079819951206446
gpu_0,contrastive,clean/place_object_scale/episode_000016/0_141,place_object_scale,episode_000016,clean,,,,final_action,identity,0.0,,,,15052661172066250013,,action_relative_l2,0.0
gpu_0,contrastive,clean/place_object_scale/episode_000016/0_141,place_object_scale,episode_000016,clean,,,,final_action,identity,0.0,,,,15052661172066250013,,action_mean_abs,0.0
gpu_0,contrastive,clean/place_object_scale/episode_000016/0_141,place_object_scale,episode_000016,clean,,,,final_action,identity,0.0,,,,15052661172066250013,,action_relative_l2/first_25pct,0.0
gpu_0,contrastive,clean/place_object_scale/episode_000016/0_141,place_object_scale,episode_000016,clean,,,,final_action,identity,0.0,,,,15052661172066250013,,action_relative_l2/last_75pct,0.0
gpu_0,contrastive,clean/place_object_scale/episode_000016/0_141,place_object_scale,episode_000016,clean,,,,final_action,identity,0.0,,,,15052661172066250013,,endpoint_l2/left_position,0.0
gpu_0,contrastive,clean/place_object_scale/episode_000016/0_141,place_object_scale,episode_000016,clean,,,,final_action,identity,0.0,,,,15052661172066250013,,endpoint_l2/right_position,0.0
gpu_0,contrastive,clean/place_object_scale/episode_000016/0_141,place_object_scale,episode_000016,clean,,,,final_action,identity,0.0,,,,15052661172066250013,,rotation_geodesic/left_rotation,4.31583721365314e-05
gpu_0,contrastive,clean/place_object_scale/episode_000016/0_141,place_object_scale,episode_000016,clean,,,,final_action,identity,0.0,,,,15052661172066250013,,rotation_geodesic/right_rotation,0.00022102786169853061
gpu_0,contrastive,clean/place_object_scale/episode_000016/0_141,place_object_scale,episode_000016,clean,,,,final_action,identity,0.0,,,,15052661172066250013,,gripper_flip_rate,0.0
gpu_0,contrastive,clean/place_object_scale/episode_000016/0_141,place_object_scale,episode_000016,clean,,,,final_action,identity,0.0,,,,15052661172066250013,,temporal_jerk_difference,0.0
gpu_0,contrastive,clean/stack_blocks_three/episode_000030/0_447,stack_blocks_three,episode_000030,clean,,,,final_action,brightness,0.8,,,,12280813841299030061,14740558125330130023,action_relative_l2,0.02453186735510826
gpu_0,contrastive,clean/stack_blocks_three/episode_000030/0_447,stack_blocks_three,episode_000030,clean,,,,final_action,brightness,0.8,,,,12280813841299030061,14740558125330130023,action_mean_abs,0.0037024563644081354
gpu_0,contrastive,clean/stack_blocks_three/episode_000030/0_447,stack_blocks_three,episode_000030,clean,,,,final_action,brightness,0.8,,,,12280813841299030061,14740558125330130023,action_relative_l2/first_25pct,0.0
gpu_0,contrastive,clean/stack_blocks_three/episode_000030/0_447,stack_blocks_three,episode_000030,clean,,,,final_action,brightness,0.8,,,,12280813841299030061,14740558125330130023,action_relative_l2/last_75pct,0.02540726214647293
gpu_0,contrastive,clean/stack_blocks_three/episode_000030/0_447,stack_blocks_three,episode_000030,clean,,,,final_action,brightness,0.8,,,,12280813841299030061,14740558125330130023,endpoint_l2/left_position,0.009822092019021511
gpu_0,contrastive,clean/stack_blocks_three/episode_000030/0_447,stack_blocks_three,episode_000030,clean,,,,final_action,brightness,0.8,,,,12280813841299030061,14740558125330130023,endpoint_l2/right_position,0.015917889773845673
gpu_0,contrastive,clean/stack_blocks_three/episode_000030/0_447,stack_blocks_three,episode_000030,clean,,,,final_action,brightness,0.8,,,,12280813841299030061,14740558125330130023,rotation_geodesic/left_rotation,0.01676909811794758
gpu_0,contrastive,clean/stack_blocks_three/episode_000030/0_447,stack_blocks_three,episode_000030,clean,,,,final_action,brightness,0.8,,,,12280813841299030061,14740558125330130023,rotation_geodesic/right_rotation,0.03481418266892433
gpu_0,contrastive,clean/stack_blocks_three/episode_000030/0_447,stack_blocks_three,episode_000030,clean,,,,final_action,brightness,0.8,,,,12280813841299030061,14740558125330130023,gripper_flip_rate,0.0
gpu_0,contrastive,clean/stack_blocks_three/episode_000030/0_447,stack_blocks_three,episode_000030,clean,,,,final_action,brightness,0.8,,,,12280813841299030061,14740558125330130023,temporal_jerk_difference,0.0017027033027261496
gpu_0,contrastive,clean/stack_blocks_three/episode_000030/0_447,stack_blocks_three,episode_000030,clean,,,,final_action,brightness,1.2,,,,12280813841299030061,9830554915469431070,action_relative_l2,0.20665718615055084
gpu_0,contrastive,clean/stack_blocks_three/episode_000030/0_447,stack_blocks_three,episode_000030,clean,,,,final_action,brightness,1.2,,,,12280813841299030061,9830554915469431070,action_mean_abs,0.03324771299958229
gpu_0,contrastive,clean/stack_blocks_three/episode_000030/0_447,stack_blocks_three,episode_000030,clean,,,,final_action,brightness,1.2,,,,12280813841299030061,9830554915469431070,action_relative_l2/first_25pct,0.0
gpu_0,contrastive,clean/stack_blocks_three/episode_000030/0_447,stack_blocks_three,episode_000030,clean,,,,final_action,brightness,1.2,,,,12280813841299030061,9830554915469431070,action_relative_l2/last_75pct,0.21403154730796814
gpu_0,contrastive,clean/stack_blocks_three/episode_000030/0_447,stack_blocks_three,episode_000030,clean,,,,final_action,brightness,1.2,,,,12280813841299030061,9830554915469431070,endpoint_l2/left_position,0.1070832759141922
gpu_0,contrastive,clean/stack_blocks_three/episode_000030/0_447,stack_blocks_three,episode_000030,clean,,,,final_action,brightness,1.2,,,,12280813841299030061,9830554915469431070,endpoint_l2/right_position,0.2652771472930908
gpu_0,contrastive,clean/stack_blocks_three/episode_000030/0_447,stack_blocks_three,episode_000030,clean,,,,final_action,brightness,1.2,,,,12280813841299030061,9830554915469431070,rotation_geodesic/left_rotation,0.057319607585668564
gpu_0,contrastive,clean/stack_blocks_three/episode_000030/0_447,stack_blocks_three,episode_000030,clean,,,,final_action,brightness,1.2,,,,12280813841299030061,9830554915469431070,rotation_geodesic/right_rotation,0.34597691893577576
gpu_0,contrastive,clean/stack_blocks_three/episode_000030/0_447,stack_blocks_three,episode_000030,clean,,,,final_action,brightness,1.2,,,,12280813841299030061,9830554915469431070,gripper_flip_rate,0.0
gpu_0,contrastive,clean/stack_blocks_three/episode_000030/0_447,stack_blocks_three,episode_000030,clean,,,,final_action,brightness,1.2,,,,12280813841299030061,9830554915469431070,temporal_jerk_difference,0.00267378450371325
gpu_0,contrastive,clean/stack_blocks_three/episode_000030/0_447,stack_blocks_three,episode_000030,clean,,,,final_action,color_temperature,-0.1,,,,12280813841299030061,15666566753435024262,action_relative_l2,0.027021562680602074
gpu_0,contrastive,clean/stack_blocks_three/episode_000030/0_447,stack_blocks_three,episode_000030,clean,,,,final_action,color_temperature,-0.1,,,,12280813841299030061,15666566753435024262,action_mean_abs,0.0033216101583093405
gpu_0,contrastive,clean/stack_blocks_three/episode_000030/0_447,stack_blocks_three,episode_000030,clean,,,,final_action,color_temperature,-0.1,,,,12280813841299030061,15666566753435024262,action_relative_l2/first_25pct,0.0
gpu_0,contrastive,clean/stack_blocks_three/episode_000030/0_447,stack_blocks_three,episode_000030,clean,,,,final_action,color_temperature,-0.1,,,,12280813841299030061,15666566753435024262,action_relative_l2/last_75pct,0.027985800057649612
gpu_0,contrastive,clean/stack_blocks_three/episode_000030/0_447,stack_blocks_three,episode_000030,clean,,,,final_action,color_temperature,-0.1,,,,12280813841299030061,15666566753435024262,endpoint_l2/left_position,0.009638755582273006
gpu_0,contrastive,clean/stack_blocks_three/episode_000030/0_447,stack_blocks_three,episode_000030,clean,,,,final_action,color_temperature,-0.1,,,,12280813841299030061,15666566753435024262,endpoint_l2/right_position,0.029686758294701576
gpu_0,contrastive,clean/stack_blocks_three/episode_000030/0_447,stack_blocks_three,episode_000030,clean,,,,final_action,color_temperature,-0.1,,,,12280813841299030061,15666566753435024262,rotation_geodesic/left_rotation,0.010572250932455063
gpu_0,contrastive,clean/stack_blocks_three/episode_000030/0_447,stack_blocks_three,episode_000030,clean,,,,final_action,color_temperature,-0.1,,,,12280813841299030061,15666566753435024262,rotation_geodesic/right_rotation,0.04075046256184578
gpu_0,contrastive,clean/stack_blocks_three/episode_000030/0_447,stack_blocks_three,episode_000030,clean,,,,final_action,color_temperature,-0.1,,,,12280813841299030061,15666566753435024262,gripper_flip_rate,0.0
gpu_0,contrastive,clean/stack_blocks_three/episode_000030/0_447,stack_blocks_three,episode_000030,clean,,,,final_action,color_temperature,-0.1,,,,12280813841299030061,15666566753435024262,temporal_jerk_difference,0.001715958584100008
gpu_0,contrastive,clean/stack_blocks_three/episode_000030/0_447,stack_blocks_three,episode_000030,clean,,,,final_action,color_temperature,0.1,,,,12280813841299030061,4205121641594680140,action_relative_l2,0.022169148549437523
gpu_0,contrastive,clean/stack_blocks_three/episode_000030/0_447,stack_blocks_three,episode_000030,clean,,,,final_action,color_temperature,0.1,,,,12280813841299030061,4205121641594680140,action_mean_abs,0.0029003028757870197
gpu_0,contrastive,clean/stack_blocks_three/episode_000030/0_447,stack_blocks_three,episode_000030,clean,,,,final_action,color_temperature,0.1,,,,12280813841299030061,4205121641594680140,action_relative_l2/first_25pct,0.0
gpu_0,contrastive,clean/stack_blocks_three/episode_000030/0_447,stack_blocks_three,episode_000030,clean,,,,final_action,color_temperature,0.1,,,,12280813841299030061,4205121641594680140,action_relative_l2/last_75pct,0.022960232570767403
gpu_0,contrastive,clean/stack_blocks_three/episode_000030/0_447,stack_blocks_three,episode_000030,clean,,,,final_action,color_temperature,0.1,,,,12280813841299030061,4205121641594680140,endpoint_l2/left_position,0.01667606830596924
gpu_0,contrastive,clean/stack_blocks_three/episode_000030/0_447,stack_blocks_three,episode_000030,clean,,,,final_action,color_temperature,0.1,,,,12280813841299030061,4205121641594680140,endpoint_l2/right_position,0.014141062274575233
gpu_0,contrastive,clean/stack_blocks_three/episode_000030/0_447,stack_blocks_three,episode_000030,clean,,,,final_action,color_temperature,0.1,,,,12280813841299030061,4205121641594680140,rotation_geodesic/left_rotation,0.011660300195217133
gpu_0,contrastive,clean/stack_blocks_three/episode_000030/0_447,stack_blocks_three,episode_000030,clean,,,,final_action,color_temperature,0.1,,,,12280813841299030061,4205121641594680140,rotation_geodesic/right_rotation,0.03207799792289734
gpu_0,contrastive,clean/stack_blocks_three/episode_000030/0_447,stack_blocks_three,episode_000030,clean,,,,final_action,color_temperature,0.1,,,,12280813841299030061,4205121641594680140,gripper_flip_rate,0.0
gpu_0,contrastive,clean/stack_blocks_three/episode_000030/0_447,stack_blocks_three,episode_000030,clean,,,,final_action,color_temperature,0.1,,,,12280813841299030061,4205121641594680140,temporal_jerk_difference,0.0018074794206768274
gpu_0,contrastive,clean/stack_blocks_three/episode_000030/0_447,stack_blocks_three,episode_000030,clean,,,,final_action,gamma,0.8,,,,12280813841299030061,12381315702077997941,action_relative_l2,0.004456642083823681
gpu_0,contrastive,clean/stack_blocks_three/episode_000030/0_447,stack_blocks_three,episode_000030,clean,,,,final_action,gamma,0.8,,,,12280813841299030061,12381315702077997941,action_mean_abs,0.0004476129251997918
gpu_0,contrastive,clean/stack_blocks_three/episode_000030/0_447,stack_blocks_three,episode_000030,clean,,,,final_action,gamma,0.8,,,,12280813841299030061,12381315702077997941,action_relative_l2/first_25pct,0.0
gpu_0,contrastive,clean/stack_blocks_three/episode_000030/0_447,stack_blocks_three,episode_000030,clean,,,,final_action,gamma,0.8,,,,12280813841299030061,12381315702077997941,action_relative_l2/last_75pct,0.004615673329681158
gpu_0,contrastive,clean/stack_blocks_three/episode_000030/0_447,stack_blocks_three,episode_000030,clean,,,,final_action,gamma,0.8,,,,12280813841299030061,12381315702077997941,endpoint_l2/left_position,0.0014453944750130177
gpu_0,contrastive,clean/stack_blocks_three/episode_000030/0_447,stack_blocks_three,episode_000030,clean,,,,final_action,gamma,0.8,,,,12280813841299030061,12381315702077997941,endpoint_l2/right_position,0.0015192031860351562
gpu_0,contrastive,clean/stack_blocks_three/episode_000030/0_447,stack_blocks_three,episode_000030,clean,,,,final_action,gamma,0.8,,,,12280813841299030061,12381315702077997941,rotation_geodesic/left_rotation,0.00536341592669487
gpu_0,contrastive,clean/stack_blocks_three/episode_000030/0_447,stack_blocks_three,episode_000030,clean,,,,final_action,gamma,0.8,,,,12280813841299030061,12381315702077997941,rotation_geodesic/right_rotation,0.0039588334038853645
gpu_0,contrastive,clean/stack_blocks_three/episode_000030/0_447,stack_blocks_three,episode_000030,clean,,,,final_action,gamma,0.8,,,,12280813841299030061,12381315702077997941,gripper_flip_rate,0.0
gpu_0,contrastive,clean/stack_blocks_three/episode_000030/0_447,stack_blocks_three,episode_000030,clean,,,,final_action,gamma,0.8,,,,12280813841299030061,12381315702077997941,temporal_jerk_difference,0.0010608738521113992
gpu_0,contrastive,clean/stack_blocks_three/episode_000030/0_447,stack_blocks_three,episode_000030,clean,,,,final_action,gamma,1.2,,,,12280813841299030061,1479468069143235415,action_relative_l2,0.005920874420553446
gpu_0,contrastive,clean/stack_blocks_three/episode_000030/0_447,stack_blocks_three,episode_000030,clean,,,,final_action,gamma,1.2,,,,12280813841299030061,1479468069143235415,action_mean_abs,0.0006591741112060845
gpu_0,contrastive,clean/stack_blocks_three/episode_000030/0_447,stack_blocks_three,episode_000030,clean,,,,final_action,gamma,1.2,,,,12280813841299030061,1479468069143235415,action_relative_l2/first_25pct,0.0
gpu_0,contrastive,clean/stack_blocks_three/episode_000030/0_447,stack_blocks_three,episode_000030,clean,,,,final_action,gamma,1.2,,,,12280813841299030061,1479468069143235415,action_relative_l2/last_75pct,0.006132154725492001
gpu_0,contrastive,clean/stack_blocks_three/episode_000030/0_447,stack_blocks_three,episode_000030,clean,,,,final_action,gamma,1.2,,,,12280813841299030061,1479468069143235415,endpoint_l2/left_position,0.0014454026240855455
gpu_0,contrastive,clean/stack_blocks_three/episode_000030/0_447,stack_blocks_three,episode_000030,clean,,,,final_action,gamma,1.2,,,,12280813841299030061,1479468069143235415,endpoint_l2/right_position,0.0017006956040859222
gpu_0,contrastive,clean/stack_blocks_three/episode_000030/0_447,stack_blocks_three,episode_000030,clean,,,,final_action,gamma,1.2,,,,12280813841299030061,1479468069143235415,rotation_geodesic/left_rotation,0.007085601799190044
gpu_0,contrastive,clean/stack_blocks_three/episode_000030/0_447,stack_blocks_three,episode_000030,clean,,,,final_action,gamma,1.2,,,,12280813841299030061,1479468069143235415,rotation_geodesic/right_rotation,0.003929279278963804
gpu_0,contrastive,clean/stack_blocks_three/episode_000030/0_447,stack_blocks_three,episode_000030,clean,,,,final_action,gamma,1.2,,,,12280813841299030061,1479468069143235415,gripper_flip_rate,0.0
gpu_0,contrastive,clean/stack_blocks_three/episode_000030/0_447,stack_blocks_three,episode_000030,clean,,,,final_action,gamma,1.2,,,,12280813841299030061,1479468069143235415,temporal_jerk_difference,0.001278453040868044
gpu_0,contrastive,clean/stack_blocks_three/episode_000030/0_447,stack_blocks_three,episode_000030,clean,,,,final_action,gaussian_blur_sigma,0.5,,,,12280813841299030061,11617124187135812490,action_relative_l2,0.012942478060722351
gpu_0,contrastive,clean/stack_blocks_three/episode_000030/0_447,stack_blocks_three,episode_000030,clean,,,,final_action,gaussian_blur_sigma,0.5,,,,12280813841299030061,11617124187135812490,action_mean_abs,0.0015109139494597912
gpu_0,contrastive,clean/stack_blocks_three/episode_000030/0_447,stack_blocks_three,episode_000030,clean,,,,final_action,gaussian_blur_sigma,0.5,,,,12280813841299030061,11617124187135812490,action_relative_l2/first_25pct,0.0
gpu_0,contrastive,clean/stack_blocks_three/episode_000030/0_447,stack_blocks_three,episode_000030,clean,,,,final_action,gaussian_blur_sigma,0.5,,,,12280813841299030061,11617124187135812490,action_relative_l2/last_75pct,0.013404317200183868
gpu_0,contrastive,clean/stack_blocks_three/episode_000030/0_447,stack_blocks_three,episode_000030,clean,,,,final_action,gaussian_blur_sigma,0.5,,,,12280813841299030061,11617124187135812490,endpoint_l2/left_position,0.005493459291756153
gpu_0,contrastive,clean/stack_blocks_three/episode_000030/0_447,stack_blocks_three,episode_000030,clean,,,,final_action,gaussian_blur_sigma,0.5,,,,12280813841299030061,11617124187135812490,endpoint_l2/right_position,0.0032735716085880995
gpu_0,contrastive,clean/stack_blocks_three/episode_000030/0_447,stack_blocks_three,episode_000030,clean,,,,final_action,gaussian_blur_sigma,0.5,,,,12280813841299030061,11617124187135812490,rotation_geodesic/left_rotation,0.01407899335026741
gpu_0,contrastive,clean/stack_blocks_three/episode_000030/0_447,stack_blocks_three,episode_000030,clean,,,,final_action,gaussian_blur_sigma,0.5,,,,12280813841299030061,11617124187135812490,rotation_geodesic/right_rotation,0.013095462694764137
gpu_0,contrastive,clean/stack_blocks_three/episode_000030/0_447,stack_blocks_three,episode_000030,clean,,,,final_action,gaussian_blur_sigma,0.5,,,,12280813841299030061,11617124187135812490,gripper_flip_rate,0.0
gpu_0,contrastive,clean/stack_blocks_three/episode_000030/0_447,stack_blocks_three,episode_000030,clean,,,,final_action,gaussian_blur_sigma,0.5,,,,12280813841299030061,11617124187135812490,temporal_jerk_difference,0.0011567421024665236
gpu_0,contrastive,clean/stack_blocks_three/episode_000030/0_447,stack_blocks_three,episode_000030,clean,,,,final_action,gaussian_blur_sigma,1.0,,,,12280813841299030061,18440392788514194603,action_relative_l2,0.002985082333907485
gpu_0,contrastive,clean/stack_blocks_three/episode_000030/0_447,stack_blocks_three,episode_000030,clean,,,,final_action,gaussian_blur_sigma,1.0,,,,12280813841299030061,18440392788514194603,action_mean_abs,0.00020458930521272123
gpu_0,contrastive,clean/stack_blocks_three/episode_000030/0_447,stack_blocks_three,episode_000030,clean,,,,final_action,gaussian_blur_sigma,1.0,,,,12280813841299030061,18440392788514194603,action_relative_l2/first_25pct,0.0
gpu_0,contrastive,clean/stack_blocks_three/episode_000030/0_447,stack_blocks_three,episode_000030,clean,,,,final_action,gaussian_blur_sigma,1.0,,,,12280813841299030061,18440392788514194603,action_relative_l2/last_75pct,0.0030916021205484867
gpu_0,contrastive,clean/stack_blocks_three/episode_000030/0_447,stack_blocks_three,episode_000030,clean,,,,final_action,gaussian_blur_sigma,1.0,,,,12280813841299030061,18440392788514194603,endpoint_l2/left_position,0.0019792732782661915
gpu_0,contrastive,clean/stack_blocks_three/episode_000030/0_447,stack_blocks_three,episode_000030,clean,,,,final_action,gaussian_blur_sigma,1.0,,,,12280813841299030061,18440392788514194603,endpoint_l2/right_position,0.0007645115256309509
gpu_0,contrastive,clean/stack_blocks_three/episode_000030/0_447,stack_blocks_three,episode_000030,clean,,,,final_action,gaussian_blur_sigma,1.0,,,,12280813841299030061,18440392788514194603,rotation_geodesic/left_rotation,0.0017028499860316515
gpu_0,contrastive,clean/stack_blocks_three/episode_000030/0_447,stack_blocks_three,episode_000030,clean,,,,final_action,gaussian_blur_sigma,1.0,,,,12280813841299030061,18440392788514194603,rotation_geodesic/right_rotation,0.0017830629367381334
gpu_0,contrastive,clean/stack_blocks_three/episode_000030/0_447,stack_blocks_three,episode_000030,clean,,,,final_action,gaussian_blur_sigma,1.0,,,,12280813841299030061,18440392788514194603,gripper_flip_rate,0.0
gpu_0,contrastive,clean/stack_blocks_three/episode_000030/0_447,stack_blocks_three,episode_000030,clean,,,,final_action,gaussian_blur_sigma,1.0,,,,12280813841299030061,18440392788514194603,temporal_jerk_difference,0.0007014106377027929
gpu_0,contrastive,clean/stack_blocks_three/episode_000030/0_447,stack_blocks_three,episode_000030,clean,,,,final_action,gaussian_noise_std,0.01,,,,12280813841299030061,318962294272706403,action_relative_l2,0.025214267894625664
gpu_0,contrastive,clean/stack_blocks_three/episode_000030/0_447,stack_blocks_three,episode_000030,clean,,,,final_action,gaussian_noise_std,0.01,,,,12280813841299030061,318962294272706403,action_mean_abs,0.003874316578730941
gpu_0,contrastive,clean/stack_blocks_three/episode_000030/0_447,stack_blocks_three,episode_000030,clean,,,,final_action,gaussian_noise_std,0.01,,,,12280813841299030061,318962294272706403,action_relative_l2/first_25pct,0.0
gpu_0,contrastive,clean/stack_blocks_three/episode_000030/0_447,stack_blocks_three,episode_000030,clean,,,,final_action,gaussian_noise_std,0.01,,,,12280813841299030061,318962294272706403,action_relative_l2/last_75pct,0.02611401304602623
gpu_0,contrastive,clean/stack_blocks_three/episode_000030/0_447,stack_blocks_three,episode_000030,clean,,,,final_action,gaussian_noise_std,0.01,,,,12280813841299030061,318962294272706403,endpoint_l2/left_position,0.049497440457344055
gpu_0,contrastive,clean/stack_blocks_three/episode_000030/0_447,stack_blocks_three,episode_000030,clean,,,,final_action,gaussian_noise_std,0.01,,,,12280813841299030061,318962294272706403,endpoint_l2/right_position,0.02105909213423729
gpu_0,contrastive,clean/stack_blocks_three/episode_000030/0_447,stack_blocks_three,episode_000030,clean,,,,final_action,gaussian_noise_std,0.01,,,,12280813841299030061,318962294272706403,rotation_geodesic/left_rotation,0.02708773873746395
gpu_0,contrastive,clean/stack_blocks_three/episode_000030/0_447,stack_blocks_three,episode_000030,clean,,,,final_action,gaussian_noise_std,0.01,,,,12280813841299030061,318962294272706403,rotation_geodesic/right_rotation,0.02278239279985428
gpu_0,contrastive,clean/stack_blocks_three/episode_000030/0_447,stack_blocks_three,episode_000030,clean,,,,final_action,gaussian_noise_std,0.01,,,,12280813841299030061,318962294272706403,gripper_flip_rate,0.0
gpu_0,contrastive,clean/stack_blocks_three/episode_000030/0_447,stack_blocks_three,episode_000030,clean,,,,final_action,gaussian_noise_std,0.01,,,,12280813841299030061,318962294272706403,temporal_jerk_difference,0.001828957931138575
gpu_0,contrastive,clean/stack_blocks_three/episode_000030/0_447,stack_blocks_three,episode_000030,clean,,,,final_action,gaussian_noise_std,0.03,,,,12280813841299030061,10916310403062362012,action_relative_l2,0.02797369845211506
gpu_0,contrastive,clean/stack_blocks_three/episode_000030/0_447,stack_blocks_three,episode_000030,clean,,,,final_action,gaussian_noise_std,0.03,,,,12280813841299030061,10916310403062362012,action_mean_abs,0.004458392504602671
gpu_0,contrastive,clean/stack_blocks_three/episode_000030/0_447,stack_blocks_three,episode_000030,clean,,,,final_action,gaussian_noise_std,0.03,,,,12280813841299030061,10916310403062362012,action_relative_l2/first_25pct,0.0
gpu_0,contrastive,clean/stack_blocks_three/episode_000030/0_447,stack_blocks_three,episode_000030,clean,,,,final_action,gaussian_noise_std,0.03,,,,12280813841299030061,10916310403062362012,action_relative_l2/last_75pct,0.02897191233932972
gpu_0,contrastive,clean/stack_blocks_three/episode_000030/0_447,stack_blocks_three,episode_000030,clean,,,,final_action,gaussian_noise_std,0.03,,,,12280813841299030061,10916310403062362012,endpoint_l2/left_position,0.050185952335596085
gpu_0,contrastive,clean/stack_blocks_three/episode_000030/0_447,stack_blocks_three,episode_000030,clean,,,,final_action,gaussian_noise_std,0.03,,,,12280813841299030061,10916310403062362012,endpoint_l2/right_position,0.03152749314904213
gpu_0,contrastive,clean/stack_blocks_three/episode_000030/0_447,stack_blocks_three,episode_000030,clean,,,,final_action,gaussian_noise_std,0.03,,,,12280813841299030061,10916310403062362012,rotation_geodesic/left_rotation,0.0234688650816679
gpu_0,contrastive,clean/stack_blocks_three/episode_000030/0_447,stack_blocks_three,episode_000030,clean,,,,final_action,gaussian_noise_std,0.03,,,,12280813841299030061,10916310403062362012,rotation_geodesic/right_rotation,0.031432144343853
gpu_0,contrastive,clean/stack_blocks_three/episode_000030/0_447,stack_blocks_three,episode_000030,clean,,,,final_action,gaussian_noise_std,0.03,,,,12280813841299030061,10916310403062362012,gripper_flip_rate,0.0
gpu_0,contrastive,clean/stack_blocks_three/episode_000030/0_447,stack_blocks_three,episode_000030,clean,,,,final_action,gaussian_noise_std,0.03,,,,12280813841299030061,10916310403062362012,temporal_jerk_difference,0.001765511347912252
gpu_0,contrastive,clean/stack_blocks_three/episode_000030/0_447,stack_blocks_three,episode_000030,clean,,,,final_action,identity,0.0,,,,12280813841299030061,,action_relative_l2,0.0
gpu_0,contrastive,clean/stack_blocks_three/episode_000030/0_447,stack_blocks_three,episode_000030,clean,,,,final_action,identity,0.0,,,,12280813841299030061,,action_mean_abs,0.0
gpu_0,contrastive,clean/stack_blocks_three/episode_000030/0_447,stack_blocks_three,episode_000030,clean,,,,final_action,identity,0.0,,,,12280813841299030061,,action_relative_l2/first_25pct,0.0
gpu_0,contrastive,clean/stack_blocks_three/episode_000030/0_447,stack_blocks_three,episode_000030,clean,,,,final_action,identity,0.0,,,,12280813841299030061,,action_relative_l2/last_75pct,0.0
gpu_0,contrastive,clean/stack_blocks_three/episode_000030/0_447,stack_blocks_three,episode_000030,clean,,,,final_action,identity,0.0,,,,12280813841299030061,,endpoint_l2/left_position,0.0
gpu_0,contrastive,clean/stack_blocks_three/episode_000030/0_447,stack_blocks_three,episode_000030,clean,,,,final_action,identity,0.0,,,,12280813841299030061,,endpoint_l2/right_position,0.0
gpu_0,contrastive,clean/stack_blocks_three/episode_000030/0_447,stack_blocks_three,episode_000030,clean,,,,final_action,identity,0.0,,,,12280813841299030061,,rotation_geodesic/left_rotation,0.00012947511277161539
gpu_0,contrastive,clean/stack_blocks_three/episode_000030/0_447,stack_blocks_three,episode_000030,clean,,,,final_action,identity,0.0,,,,12280813841299030061,,rotation_geodesic/right_rotation,0.0001868078688858077
gpu_0,contrastive,clean/stack_blocks_three/episode_000030/0_447,stack_blocks_three,episode_000030,clean,,,,final_action,identity,0.0,,,,12280813841299030061,,gripper_flip_rate,0.0
gpu_0,contrastive,clean/stack_blocks_three/episode_000030/0_447,stack_blocks_three,episode_000030,clean,,,,final_action,identity,0.0,,,,12280813841299030061,,temporal_jerk_difference,0.0
