run_id,checkpoint,sample_id,task,episode_or_seed,domain,c2r_split,progress_bin,layer,token_group,perturbation,severity,timestep_quantile,timestep,sigma,noise_seed,transform_seed,metric_name,metric_value
combined,base,clean/adjust_bottle/episode_000044/0_139,adjust_bottle,episode_000044,clean,,,,future_video,brightness,0.8,,,,,13345697289178260558,latent_residual_cosine,0.48999762535095215
combined,base,clean/adjust_bottle/episode_000044/0_139,adjust_bottle,episode_000044,clean,,,,final_action,brightness,0.8,,,,,13345697289178260558,paired_action_relative_l2,0.05618319660425186
combined,base,clean/adjust_bottle/episode_000044/0_139,adjust_bottle,episode_000044,clean,,,,future_video,brightness,1.2,,,,,739887505226363588,latent_residual_cosine,0.28377681970596313
combined,base,clean/adjust_bottle/episode_000044/0_139,adjust_bottle,episode_000044,clean,,,,final_action,brightness,1.2,,,,,739887505226363588,paired_action_relative_l2,0.009429240599274635
combined,base,clean/adjust_bottle/episode_000044/0_139,adjust_bottle,episode_000044,clean,,,,future_video,color_temperature,-0.1,,,,,765584118789078213,latent_residual_cosine,0.13411277532577515
combined,base,clean/adjust_bottle/episode_000044/0_139,adjust_bottle,episode_000044,clean,,,,final_action,color_temperature,-0.1,,,,,765584118789078213,paired_action_relative_l2,0.01750846579670906
combined,base,clean/adjust_bottle/episode_000044/0_139,adjust_bottle,episode_000044,clean,,,,future_video,color_temperature,0.1,,,,,9775476510567872708,latent_residual_cosine,0.13205194473266602
combined,base,clean/adjust_bottle/episode_000044/0_139,adjust_bottle,episode_000044,clean,,,,final_action,color_temperature,0.1,,,,,9775476510567872708,paired_action_relative_l2,0.013472237624228
combined,base,clean/adjust_bottle/episode_000044/0_139,adjust_bottle,episode_000044,clean,,,,future_video,gamma,0.8,,,,,18087504126169967844,latent_residual_cosine,0.02000105381011963
combined,base,clean/adjust_bottle/episode_000044/0_139,adjust_bottle,episode_000044,clean,,,,final_action,gamma,0.8,,,,,18087504126169967844,paired_action_relative_l2,0.0060355328023433685
combined,base,clean/adjust_bottle/episode_000044/0_139,adjust_bottle,episode_000044,clean,,,,future_video,gamma,1.2,,,,,6964187763139144458,latent_residual_cosine,0.024719834327697754
combined,base,clean/adjust_bottle/episode_000044/0_139,adjust_bottle,episode_000044,clean,,,,final_action,gamma,1.2,,,,,6964187763139144458,paired_action_relative_l2,0.004209232982248068
combined,base,clean/adjust_bottle/episode_000044/0_139,adjust_bottle,episode_000044,clean,,,,future_video,gaussian_blur_sigma,0.5,,,,,7670735354293000251,latent_residual_cosine,0.009941935539245605
combined,base,clean/adjust_bottle/episode_000044/0_139,adjust_bottle,episode_000044,clean,,,,final_action,gaussian_blur_sigma,0.5,,,,,7670735354293000251,paired_action_relative_l2,0.004658252466470003
combined,base,clean/adjust_bottle/episode_000044/0_139,adjust_bottle,episode_000044,clean,,,,future_video,gaussian_blur_sigma,1.0,,,,,10294368508449037784,latent_residual_cosine,0.05484271049499512
combined,base,clean/adjust_bottle/episode_000044/0_139,adjust_bottle,episode_000044,clean,,,,final_action,gaussian_blur_sigma,1.0,,,,,10294368508449037784,paired_action_relative_l2,0.007482967805117369
combined,base,clean/adjust_bottle/episode_000044/0_139,adjust_bottle,episode_000044,clean,,,,future_video,gaussian_noise_std,0.01,,,,,11085467170365831463,latent_residual_cosine,0.26339030265808105
combined,base,clean/adjust_bottle/episode_000044/0_139,adjust_bottle,episode_000044,clean,,,,final_action,gaussian_noise_std,0.01,,,,,11085467170365831463,paired_action_relative_l2,0.016062166541814804
combined,base,clean/adjust_bottle/episode_000044/0_139,adjust_bottle,episode_000044,clean,,,,future_video,gaussian_noise_std,0.03,,,,,9801349385923051928,latent_residual_cosine,0.4332239031791687
combined,base,clean/adjust_bottle/episode_000044/0_139,adjust_bottle,episode_000044,clean,,,,final_action,gaussian_noise_std,0.03,,,,,9801349385923051928,paired_action_relative_l2,0.015494566410779953
combined,base,clean/adjust_bottle/episode_000044/0_139,adjust_bottle,episode_000044,clean,,,,future_video,identity,0.0,,,,,,latent_residual_cosine,-6.67572021484375e-06
combined,base,clean/adjust_bottle/episode_000044/0_139,adjust_bottle,episode_000044,clean,,,,final_action,identity,0.0,,,,,,paired_action_relative_l2,0.0
combined,base,clean/click_bell/episode_000027/0_74,click_bell,episode_000027,clean,,,,future_video,brightness,0.8,,,,,4321181102006504660,latent_residual_cosine,0.4600784182548523
combined,base,clean/click_bell/episode_000027/0_74,click_bell,episode_000027,clean,,,,final_action,brightness,0.8,,,,,4321181102006504660,paired_action_relative_l2,0.02608506567776203
combined,base,clean/click_bell/episode_000027/0_74,click_bell,episode_000027,clean,,,,future_video,brightness,1.2,,,,,4579322019718184357,latent_residual_cosine,0.2466965913772583
combined,base,clean/click_bell/episode_000027/0_74,click_bell,episode_000027,clean,,,,final_action,brightness,1.2,,,,,4579322019718184357,paired_action_relative_l2,0.012761899270117283
combined,base,clean/click_bell/episode_000027/0_74,click_bell,episode_000027,clean,,,,future_video,color_temperature,-0.1,,,,,15847343748376151180,latent_residual_cosine,0.1583881378173828
combined,base,clean/click_bell/episode_000027/0_74,click_bell,episode_000027,clean,,,,final_action,color_temperature,-0.1,,,,,15847343748376151180,paired_action_relative_l2,0.009852291084825993
combined,base,clean/click_bell/episode_000027/0_74,click_bell,episode_000027,clean,,,,future_video,color_temperature,0.1,,,,,875813543527471210,latent_residual_cosine,0.15253007411956787
combined,base,clean/click_bell/episode_000027/0_74,click_bell,episode_000027,clean,,,,final_action,color_temperature,0.1,,,,,875813543527471210,paired_action_relative_l2,0.009567665867507458
combined,base,clean/click_bell/episode_000027/0_74,click_bell,episode_000027,clean,,,,future_video,gamma,0.8,,,,,12912083535656245349,latent_residual_cosine,0.021961688995361328
combined,base,clean/click_bell/episode_000027/0_74,click_bell,episode_000027,clean,,,,final_action,gamma,0.8,,,,,12912083535656245349,paired_action_relative_l2,0.004162667319178581
combined,base,clean/click_bell/episode_000027/0_74,click_bell,episode_000027,clean,,,,future_video,gamma,1.2,,,,,7766064385072394058,latent_residual_cosine,0.017171740531921387
combined,base,clean/click_bell/episode_000027/0_74,click_bell,episode_000027,clean,,,,final_action,gamma,1.2,,,,,7766064385072394058,paired_action_relative_l2,0.004827173426747322
combined,base,clean/click_bell/episode_000027/0_74,click_bell,episode_000027,clean,,,,future_video,gaussian_blur_sigma,0.5,,,,,11882852233486672599,latent_residual_cosine,0.004203200340270996
combined,base,clean/click_bell/episode_000027/0_74,click_bell,episode_000027,clean,,,,final_action,gaussian_blur_sigma,0.5,,,,,11882852233486672599,paired_action_relative_l2,0.003159587737172842
combined,base,clean/click_bell/episode_000027/0_74,click_bell,episode_000027,clean,,,,future_video,gaussian_blur_sigma,1.0,,,,,1509286939569554835,latent_residual_cosine,0.017810344696044922
combined,base,clean/click_bell/episode_000027/0_74,click_bell,episode_000027,clean,,,,final_action,gaussian_blur_sigma,1.0,,,,,1509286939569554835,paired_action_relative_l2,0.0054208445362746716
combined,base,clean/click_bell/episode_000027/0_74,click_bell,episode_000027,clean,,,,future_video,gaussian_noise_std,0.01,,,,,1529515671173550845,latent_residual_cosine,0.3303743004798889
combined,base,clean/click_bell/episode_000027/0_74,click_bell,episode_000027,clean,,,,final_action,gaussian_noise_std,0.01,,,,,1529515671173550845,paired_action_relative_l2,0.013760062865912914
combined,base,clean/click_bell/episode_000027/0_74,click_bell,episode_000027,clean,,,,future_video,gaussian_noise_std,0.03,,,,,9041917832208938192,latent_residual_cosine,0.5069519877433777
combined,base,clean/click_bell/episode_000027/0_74,click_bell,episode_000027,clean,,,,final_action,gaussian_noise_std,0.03,,,,,9041917832208938192,paired_action_relative_l2,0.014260804280638695
combined,base,clean/click_bell/episode_000027/0_74,click_bell,episode_000027,clean,,,,future_video,identity,0.0,,,,,,latent_residual_cosine,-1.1205673217773438e-05
combined,base,clean/click_bell/episode_000027/0_74,click_bell,episode_000027,clean,,,,final_action,identity,0.0,,,,,,paired_action_relative_l2,0.0
combined,base,clean/lift_pot/episode_000036/0_122,lift_pot,episode_000036,clean,,,,future_video,brightness,0.8,,,,,13315783227415234401,latent_residual_cosine,0.3121751546859741
combined,base,clean/lift_pot/episode_000036/0_122,lift_pot,episode_000036,clean,,,,final_action,brightness,0.8,,,,,13315783227415234401,paired_action_relative_l2,0.1888686716556549
combined,base,clean/lift_pot/episode_000036/0_122,lift_pot,episode_000036,clean,,,,future_video,brightness,1.2,,,,,15651286266305293779,latent_residual_cosine,0.24814832210540771
combined,base,clean/lift_pot/episode_000036/0_122,lift_pot,episode_000036,clean,,,,final_action,brightness,1.2,,,,,15651286266305293779,paired_action_relative_l2,0.018690723925828934
combined,base,clean/lift_pot/episode_000036/0_122,lift_pot,episode_000036,clean,,,,future_video,color_temperature,-0.1,,,,,1999528552783382123,latent_residual_cosine,0.12403476238250732
combined,base,clean/lift_pot/episode_000036/0_122,lift_pot,episode_000036,clean,,,,final_action,color_temperature,-0.1,,,,,1999528552783382123,paired_action_relative_l2,0.03691715747117996
combined,base,clean/lift_pot/episode_000036/0_122,lift_pot,episode_000036,clean,,,,future_video,color_temperature,0.1,,,,,10177751091444056485,latent_residual_cosine,0.11859130859375
combined,base,clean/lift_pot/episode_000036/0_122,lift_pot,episode_000036,clean,,,,final_action,color_temperature,0.1,,,,,10177751091444056485,paired_action_relative_l2,0.08002235740423203
combined,base,clean/lift_pot/episode_000036/0_122,lift_pot,episode_000036,clean,,,,future_video,gamma,0.8,,,,,6353452328526041640,latent_residual_cosine,0.016290724277496338
combined,base,clean/lift_pot/episode_000036/0_122,lift_pot,episode_000036,clean,,,,final_action,gamma,0.8,,,,,6353452328526041640,paired_action_relative_l2,0.019849039614200592
combined,base,clean/lift_pot/episode_000036/0_122,lift_pot,episode_000036,clean,,,,future_video,gamma,1.2,,,,,6842099030399889944,latent_residual_cosine,0.017399728298187256
combined,base,clean/lift_pot/episode_000036/0_122,lift_pot,episode_000036,clean,,,,final_action,gamma,1.2,,,,,6842099030399889944,paired_action_relative_l2,0.009993141517043114
combined,base,clean/lift_pot/episode_000036/0_122,lift_pot,episode_000036,clean,,,,future_video,gaussian_blur_sigma,0.5,,,,,2411143882443501827,latent_residual_cosine,0.0036429166793823242
combined,base,clean/lift_pot/episode_000036/0_122,lift_pot,episode_000036,clean,,,,final_action,gaussian_blur_sigma,0.5,,,,,2411143882443501827,paired_action_relative_l2,0.007199862971901894
combined,base,clean/lift_pot/episode_000036/0_122,lift_pot,episode_000036,clean,,,,future_video,gaussian_blur_sigma,1.0,,,,,3972136155124481923,latent_residual_cosine,0.012741327285766602
combined,base,clean/lift_pot/episode_000036/0_122,lift_pot,episode_000036,clean,,,,final_action,gaussian_blur_sigma,1.0,,,,,3972136155124481923,paired_action_relative_l2,0.04036983475089073
combined,base,clean/lift_pot/episode_000036/0_122,lift_pot,episode_000036,clean,,,,future_video,gaussian_noise_std,0.01,,,,,16131106979869811596,latent_residual_cosine,0.2579132318496704
combined,base,clean/lift_pot/episode_000036/0_122,lift_pot,episode_000036,clean,,,,final_action,gaussian_noise_std,0.01,,,,,16131106979869811596,paired_action_relative_l2,0.07161187380552292
combined,base,clean/lift_pot/episode_000036/0_122,lift_pot,episode_000036,clean,,,,future_video,gaussian_noise_std,0.03,,,,,7993565358138601669,latent_residual_cosine,0.4426943063735962
combined,base,clean/lift_pot/episode_000036/0_122,lift_pot,episode_000036,clean,,,,final_action,gaussian_noise_std,0.03,,,,,7993565358138601669,paired_action_relative_l2,0.03722212463617325
combined,base,clean/lift_pot/episode_000036/0_122,lift_pot,episode_000036,clean,,,,future_video,identity,0.0,,,,,,latent_residual_cosine,-1.049041748046875e-05
combined,base,clean/lift_pot/episode_000036/0_122,lift_pot,episode_000036,clean,,,,final_action,identity,0.0,,,,,,paired_action_relative_l2,0.0
combined,base,clean/open_laptop/episode_000017/0_259,open_laptop,episode_000017,clean,,,,future_video,brightness,0.8,,,,,6363183859096379563,latent_residual_cosine,0.32670748233795166
combined,base,clean/open_laptop/episode_000017/0_259,open_laptop,episode_000017,clean,,,,final_action,brightness,0.8,,,,,6363183859096379563,paired_action_relative_l2,0.05193464085459709
combined,base,clean/open_laptop/episode_000017/0_259,open_laptop,episode_000017,clean,,,,future_video,brightness,1.2,,,,,8273599013752022625,latent_residual_cosine,0.20584845542907715
combined,base,clean/open_laptop/episode_000017/0_259,open_laptop,episode_000017,clean,,,,final_action,brightness,1.2,,,,,8273599013752022625,paired_action_relative_l2,0.03093724139034748
combined,base,clean/open_laptop/episode_000017/0_259,open_laptop,episode_000017,clean,,,,future_video,color_temperature,-0.1,,,,,9493224626905139523,latent_residual_cosine,0.11370408535003662
combined,base,clean/open_laptop/episode_000017/0_259,open_laptop,episode_000017,clean,,,,final_action,color_temperature,-0.1,,,,,9493224626905139523,paired_action_relative_l2,0.031154165044426918
combined,base,clean/open_laptop/episode_000017/0_259,open_laptop,episode_000017,clean,,,,future_video,color_temperature,0.1,,,,,7048629151097827844,latent_residual_cosine,0.10831034183502197
combined,base,clean/open_laptop/episode_000017/0_259,open_laptop,episode_000017,clean,,,,final_action,color_temperature,0.1,,,,,7048629151097827844,paired_action_relative_l2,0.017372144386172295
combined,base,clean/open_laptop/episode_000017/0_259,open_laptop,episode_000017,clean,,,,future_video,gamma,0.8,,,,,7226520160564033134,latent_residual_cosine,0.017058730125427246
combined,base,clean/open_laptop/episode_000017/0_259,open_laptop,episode_000017,clean,,,,final_action,gamma,0.8,,,,,7226520160564033134,paired_action_relative_l2,0.009267634712159634
combined,base,clean/open_laptop/episode_000017/0_259,open_laptop,episode_000017,clean,,,,future_video,gamma,1.2,,,,,7506362244356574538,latent_residual_cosine,0.01666039228439331
combined,base,clean/open_laptop/episode_000017/0_259,open_laptop,episode_000017,clean,,,,final_action,gamma,1.2,,,,,7506362244356574538,paired_action_relative_l2,0.005257312208414078
combined,base,clean/open_laptop/episode_000017/0_259,open_laptop,episode_000017,clean,,,,future_video,gaussian_blur_sigma,0.5,,,,,11522972830486069944,latent_residual_cosine,0.0038269758224487305
combined,base,clean/open_laptop/episode_000017/0_259,open_laptop,episode_000017,clean,,,,final_action,gaussian_blur_sigma,0.5,,,,,11522972830486069944,paired_action_relative_l2,0.003576940158382058
combined,base,clean/open_laptop/episode_000017/0_259,open_laptop,episode_000017,clean,,,,future_video,gaussian_blur_sigma,1.0,,,,,5150731217846411408,latent_residual_cosine,0.02134329080581665
combined,base,clean/open_laptop/episode_000017/0_259,open_laptop,episode_000017,clean,,,,final_action,gaussian_blur_sigma,1.0,,,,,5150731217846411408,paired_action_relative_l2,0.016767198219895363
combined,base,clean/open_laptop/episode_000017/0_259,open_laptop,episode_000017,clean,,,,future_video,gaussian_noise_std,0.01,,,,,17330233380254975681,latent_residual_cosine,0.2833521366119385
combined,base,clean/open_laptop/episode_000017/0_259,open_laptop,episode_000017,clean,,,,final_action,gaussian_noise_std,0.01,,,,,17330233380254975681,paired_action_relative_l2,0.0163227841258049
combined,base,clean/open_laptop/episode_000017/0_259,open_laptop,episode_000017,clean,,,,future_video,gaussian_noise_std,0.03,,,,,995166590417925671,latent_residual_cosine,0.4670846462249756
combined,base,clean/open_laptop/episode_000017/0_259,open_laptop,episode_000017,clean,,,,final_action,gaussian_noise_std,0.03,,,,,995166590417925671,paired_action_relative_l2,0.055324848741292953
combined,base,clean/open_laptop/episode_000017/0_259,open_laptop,episode_000017,clean,,,,future_video,identity,0.0,,,,,,latent_residual_cosine,-9.894371032714844e-06
combined,base,clean/open_laptop/episode_000017/0_259,open_laptop,episode_000017,clean,,,,final_action,identity,0.0,,,,,,paired_action_relative_l2,0.0
combined,base,clean/place_bread_basket/episode_000044/0_226,place_bread_basket,episode_000044,clean,,,,future_video,brightness,0.8,,,,,16637397944084601428,latent_residual_cosine,0.2724958658218384
combined,base,clean/place_bread_basket/episode_000044/0_226,place_bread_basket,episode_000044,clean,,,,final_action,brightness,0.8,,,,,16637397944084601428,paired_action_relative_l2,0.35160619020462036
combined,base,clean/place_bread_basket/episode_000044/0_226,place_bread_basket,episode_000044,clean,,,,future_video,brightness,1.2,,,,,6069960733776850870,latent_residual_cosine,0.19480788707733154
combined,base,clean/place_bread_basket/episode_000044/0_226,place_bread_basket,episode_000044,clean,,,,final_action,brightness,1.2,,,,,6069960733776850870,paired_action_relative_l2,0.11531811207532883
combined,base,clean/place_bread_basket/episode_000044/0_226,place_bread_basket,episode_000044,clean,,,,future_video,color_temperature,-0.1,,,,,211013147244849259,latent_residual_cosine,0.09961462020874023
combined,base,clean/place_bread_basket/episode_000044/0_226,place_bread_basket,episode_000044,clean,,,,final_action,color_temperature,-0.1,,,,,211013147244849259,paired_action_relative_l2,0.032405126839876175
combined,base,clean/place_bread_basket/episode_000044/0_226,place_bread_basket,episode_000044,clean,,,,future_video,color_temperature,0.1,,,,,1436178128472113803,latent_residual_cosine,0.10589325428009033
combined,base,clean/place_bread_basket/episode_000044/0_226,place_bread_basket,episode_000044,clean,,,,final_action,color_temperature,0.1,,,,,1436178128472113803,paired_action_relative_l2,0.01059130858629942
combined,base,clean/place_bread_basket/episode_000044/0_226,place_bread_basket,episode_000044,clean,,,,future_video,gamma,0.8,,,,,8532596611837617652,latent_residual_cosine,0.013818323612213135
combined,base,clean/place_bread_basket/episode_000044/0_226,place_bread_basket,episode_000044,clean,,,,final_action,gamma,0.8,,,,,8532596611837617652,paired_action_relative_l2,0.041065555065870285
combined,base,clean/place_bread_basket/episode_000044/0_226,place_bread_basket,episode_000044,clean,,,,future_video,gamma,1.2,,,,,5885103556919493703,latent_residual_cosine,0.013190865516662598
combined,base,clean/place_bread_basket/episode_000044/0_226,place_bread_basket,episode_000044,clean,,,,final_action,gamma,1.2,,,,,5885103556919493703,paired_action_relative_l2,0.03330877423286438
combined,base,clean/place_bread_basket/episode_000044/0_226,place_bread_basket,episode_000044,clean,,,,future_video,gaussian_blur_sigma,0.5,,,,,18322585329891979128,latent_residual_cosine,0.003983974456787109
combined,base,clean/place_bread_basket/episode_000044/0_226,place_bread_basket,episode_000044,clean,,,,final_action,gaussian_blur_sigma,0.5,,,,,18322585329891979128,paired_action_relative_l2,0.006715108640491962
combined,base,clean/place_bread_basket/episode_000044/0_226,place_bread_basket,episode_000044,clean,,,,future_video,gaussian_blur_sigma,1.0,,,,,1464129816195477027,latent_residual_cosine,0.013854742050170898
combined,base,clean/place_bread_basket/episode_000044/0_226,place_bread_basket,episode_000044,clean,,,,final_action,gaussian_blur_sigma,1.0,,,,,1464129816195477027,paired_action_relative_l2,0.07245442271232605
combined,base,clean/place_bread_basket/episode_000044/0_226,place_bread_basket,episode_000044,clean,,,,future_video,gaussian_noise_std,0.01,,,,,3952513492836151882,latent_residual_cosine,0.2611284852027893
combined,base,clean/place_bread_basket/episode_000044/0_226,place_bread_basket,episode_000044,clean,,,,final_action,gaussian_noise_std,0.01,,,,,3952513492836151882,paired_action_relative_l2,0.11544644087553024
combined,base,clean/place_bread_basket/episode_000044/0_226,place_bread_basket,episode_000044,clean,,,,future_video,gaussian_noise_std,0.03,,,,,15908044863109304790,latent_residual_cosine,0.41679584980010986
combined,base,clean/place_bread_basket/episode_000044/0_226,place_bread_basket,episode_000044,clean,,,,final_action,gaussian_noise_std,0.03,,,,,15908044863109304790,paired_action_relative_l2,0.14044766128063202
combined,base,clean/place_bread_basket/episode_000044/0_226,place_bread_basket,episode_000044,clean,,,,future_video,identity,0.0,,,,,,latent_residual_cosine,-6.318092346191406e-06
combined,base,clean/place_bread_basket/episode_000044/0_226,place_bread_basket,episode_000044,clean,,,,final_action,identity,0.0,,,,,,paired_action_relative_l2,0.0
combined,base,clean/place_container_plate/episode_000033/0_156,place_container_plate,episode_000033,clean,,,,future_video,brightness,0.8,,,,,5715733209496895161,latent_residual_cosine,0.531373918056488
combined,base,clean/place_container_plate/episode_000033/0_156,place_container_plate,episode_000033,clean,,,,final_action,brightness,0.8,,,,,5715733209496895161,paired_action_relative_l2,0.5944665670394897
combined,base,clean/place_container_plate/episode_000033/0_156,place_container_plate,episode_000033,clean,,,,future_video,brightness,1.2,,,,,13427404499493453440,latent_residual_cosine,0.22932219505310059
combined,base,clean/place_container_plate/episode_000033/0_156,place_container_plate,episode_000033,clean,,,,final_action,brightness,1.2,,,,,13427404499493453440,paired_action_relative_l2,0.03432483971118927
combined,base,clean/place_container_plate/episode_000033/0_156,place_container_plate,episode_000033,clean,,,,future_video,color_temperature,-0.1,,,,,12370919830759711870,latent_residual_cosine,0.11875277757644653
combined,base,clean/place_container_plate/episode_000033/0_156,place_container_plate,episode_000033,clean,,,,final_action,color_temperature,-0.1,,,,,12370919830759711870,paired_action_relative_l2,0.013963072560727596
combined,base,clean/place_container_plate/episode_000033/0_156,place_container_plate,episode_000033,clean,,,,future_video,color_temperature,0.1,,,,,3059941478060558768,latent_residual_cosine,0.13345152139663696
combined,base,clean/place_container_plate/episode_000033/0_156,place_container_plate,episode_000033,clean,,,,final_action,color_temperature,0.1,,,,,3059941478060558768,paired_action_relative_l2,0.013182641007006168
combined,base,clean/place_container_plate/episode_000033/0_156,place_container_plate,episode_000033,clean,,,,future_video,gamma,0.8,,,,,6224378030923556313,latent_residual_cosine,0.03279280662536621
combined,base,clean/place_container_plate/episode_000033/0_156,place_container_plate,episode_000033,clean,,,,final_action,gamma,0.8,,,,,6224378030923556313,paired_action_relative_l2,0.013755682855844498
combined,base,clean/place_container_plate/episode_000033/0_156,place_container_plate,episode_000033,clean,,,,future_video,gamma,1.2,,,,,906277563794249191,latent_residual_cosine,0.019127070903778076
combined,base,clean/place_container_plate/episode_000033/0_156,place_container_plate,episode_000033,clean,,,,final_action,gamma,1.2,,,,,906277563794249191,paired_action_relative_l2,0.007814883254468441
combined,base,clean/place_container_plate/episode_000033/0_156,place_container_plate,episode_000033,clean,,,,future_video,gaussian_blur_sigma,0.5,,,,,13687891846825993847,latent_residual_cosine,0.0053141117095947266
combined,base,clean/place_container_plate/episode_000033/0_156,place_container_plate,episode_000033,clean,,,,final_action,gaussian_blur_sigma,0.5,,,,,13687891846825993847,paired_action_relative_l2,0.00824784953147173
combined,base,clean/place_container_plate/episode_000033/0_156,place_container_plate,episode_000033,clean,,,,future_video,gaussian_blur_sigma,1.0,,,,,12185843836051114294,latent_residual_cosine,0.015485286712646484
combined,base,clean/place_container_plate/episode_000033/0_156,place_container_plate,episode_000033,clean,,,,final_action,gaussian_blur_sigma,1.0,,,,,12185843836051114294,paired_action_relative_l2,0.020889971405267715
combined,base,clean/place_container_plate/episode_000033/0_156,place_container_plate,episode_000033,clean,,,,future_video,gaussian_noise_std,0.01,,,,,17679738631140918171,latent_residual_cosine,0.27665257453918457
combined,base,clean/place_container_plate/episode_000033/0_156,place_container_plate,episode_000033,clean,,,,final_action,gaussian_noise_std,0.01,,,,,17679738631140918171,paired_action_relative_l2,0.12643033266067505
combined,base,clean/place_container_plate/episode_000033/0_156,place_container_plate,episode_000033,clean,,,,future_video,gaussian_noise_std,0.03,,,,,13013057233012687563,latent_residual_cosine,0.4554041028022766
combined,base,clean/place_container_plate/episode_000033/0_156,place_container_plate,episode_000033,clean,,,,final_action,gaussian_noise_std,0.03,,,,,13013057233012687563,paired_action_relative_l2,0.1509682536125183
combined,base,clean/place_container_plate/episode_000033/0_156,place_container_plate,episode_000033,clean,,,,future_video,identity,0.0,,,,,,latent_residual_cosine,-7.62939453125e-06
combined,base,clean/place_container_plate/episode_000033/0_156,place_container_plate,episode_000033,clean,,,,final_action,identity,0.0,,,,,,paired_action_relative_l2,0.0
combined,base,clean/place_object_scale/episode_000016/0_141,place_object_scale,episode_000016,clean,,,,future_video,brightness,0.8,,,,,8128353529252831070,latent_residual_cosine,0.32606035470962524
combined,base,clean/place_object_scale/episode_000016/0_141,place_object_scale,episode_000016,clean,,,,final_action,brightness,0.8,,,,,8128353529252831070,paired_action_relative_l2,0.09277034550905228
combined,base,clean/place_object_scale/episode_000016/0_141,place_object_scale,episode_000016,clean,,,,future_video,brightness,1.2,,,,,5451139221587725941,latent_residual_cosine,0.21667170524597168
combined,base,clean/place_object_scale/episode_000016/0_141,place_object_scale,episode_000016,clean,,,,final_action,brightness,1.2,,,,,5451139221587725941,paired_action_relative_l2,0.026342079043388367
combined,base,clean/place_object_scale/episode_000016/0_141,place_object_scale,episode_000016,clean,,,,future_video,color_temperature,-0.1,,,,,11771800898474785723,latent_residual_cosine,0.12711834907531738
combined,base,clean/place_object_scale/episode_000016/0_141,place_object_scale,episode_000016,clean,,,,final_action,color_temperature,-0.1,,,,,11771800898474785723,paired_action_relative_l2,0.012004070915281773
combined,base,clean/place_object_scale/episode_000016/0_141,place_object_scale,episode_000016,clean,,,,future_video,color_temperature,0.1,,,,,7887944890558736340,latent_residual_cosine,0.1180959939956665
combined,base,clean/place_object_scale/episode_000016/0_141,place_object_scale,episode_000016,clean,,,,final_action,color_temperature,0.1,,,,,7887944890558736340,paired_action_relative_l2,0.02083367295563221
combined,base,clean/place_object_scale/episode_000016/0_141,place_object_scale,episode_000016,clean,,,,future_video,gamma,0.8,,,,,3987445913070418313,latent_residual_cosine,0.019977807998657227
combined,base,clean/place_object_scale/episode_000016/0_141,place_object_scale,episode_000016,clean,,,,final_action,gamma,0.8,,,,,3987445913070418313,paired_action_relative_l2,0.013923523016273975
combined,base,clean/place_object_scale/episode_000016/0_141,place_object_scale,episode_000016,clean,,,,future_video,gamma,1.2,,,,,18267793042838073310,latent_residual_cosine,0.022275209426879883
combined,base,clean/place_object_scale/episode_000016/0_141,place_object_scale,episode_000016,clean,,,,final_action,gamma,1.2,,,,,18267793042838073310,paired_action_relative_l2,0.00433936296030879
combined,base,clean/place_object_scale/episode_000016/0_141,place_object_scale,episode_000016,clean,,,,future_video,gaussian_blur_sigma,0.5,,,,,13820347193606331437,latent_residual_cosine,0.0044942498207092285
combined,base,clean/place_object_scale/episode_000016/0_141,place_object_scale,episode_000016,clean,,,,final_action,gaussian_blur_sigma,0.5,,,,,13820347193606331437,paired_action_relative_l2,0.004665561951696873
combined,base,clean/place_object_scale/episode_000016/0_141,place_object_scale,episode_000016,clean,,,,future_video,gaussian_blur_sigma,1.0,,,,,6730551116110810124,latent_residual_cosine,0.02568674087524414
combined,base,clean/place_object_scale/episode_000016/0_141,place_object_scale,episode_000016,clean,,,,final_action,gaussian_blur_sigma,1.0,,,,,6730551116110810124,paired_action_relative_l2,0.025383565574884415
combined,base,clean/place_object_scale/episode_000016/0_141,place_object_scale,episode_000016,clean,,,,future_video,gaussian_noise_std,0.01,,,,,13857880200663423716,latent_residual_cosine,0.317593514919281
combined,base,clean/place_object_scale/episode_000016/0_141,place_object_scale,episode_000016,clean,,,,final_action,gaussian_noise_std,0.01,,,,,13857880200663423716,paired_action_relative_l2,0.011490335687994957
combined,base,clean/place_object_scale/episode_000016/0_141,place_object_scale,episode_000016,clean,,,,future_video,gaussian_noise_std,0.03,,,,,14331452601550878469,latent_residual_cosine,0.48846346139907837
combined,base,clean/place_object_scale/episode_000016/0_141,place_object_scale,episode_000016,clean,,,,final_action,gaussian_noise_std,0.03,,,,,14331452601550878469,paired_action_relative_l2,0.02658514305949211
combined,base,clean/place_object_scale/episode_000016/0_141,place_object_scale,episode_000016,clean,,,,future_video,identity,0.0,,,,,,latent_residual_cosine,-1.0728836059570312e-05
combined,base,clean/place_object_scale/episode_000016/0_141,place_object_scale,episode_000016,clean,,,,final_action,identity,0.0,,,,,,paired_action_relative_l2,0.0
combined,base,clean/put_bottles_dustbin/episode_000006/0_549,put_bottles_dustbin,episode_000006,clean,,,,future_video,brightness,0.8,,,,,1394009349984855089,latent_residual_cosine,0.2157524824142456
combined,base,clean/put_bottles_dustbin/episode_000006/0_549,put_bottles_dustbin,episode_000006,clean,,,,final_action,brightness,0.8,,,,,1394009349984855089,paired_action_relative_l2,0.5804376602172852
combined,base,clean/put_bottles_dustbin/episode_000006/0_549,put_bottles_dustbin,episode_000006,clean,,,,future_video,brightness,1.2,,,,,8114302215028719186,latent_residual_cosine,0.17041075229644775
combined,base,clean/put_bottles_dustbin/episode_000006/0_549,put_bottles_dustbin,episode_000006,clean,,,,final_action,brightness,1.2,,,,,8114302215028719186,paired_action_relative_l2,0.015609446913003922
combined,base,clean/put_bottles_dustbin/episode_000006/0_549,put_bottles_dustbin,episode_000006,clean,,,,future_video,color_temperature,-0.1,,,,,14816179961873656132,latent_residual_cosine,0.0711212158203125
combined,base,clean/put_bottles_dustbin/episode_000006/0_549,put_bottles_dustbin,episode_000006,clean,,,,final_action,color_temperature,-0.1,,,,,14816179961873656132,paired_action_relative_l2,0.018814532086253166
combined,base,clean/put_bottles_dustbin/episode_000006/0_549,put_bottles_dustbin,episode_000006,clean,,,,future_video,color_temperature,0.1,,,,,14578194793345110634,latent_residual_cosine,0.07434022426605225
combined,base,clean/put_bottles_dustbin/episode_000006/0_549,put_bottles_dustbin,episode_000006,clean,,,,final_action,color_temperature,0.1,,,,,14578194793345110634,paired_action_relative_l2,0.02333642914891243
combined,base,clean/put_bottles_dustbin/episode_000006/0_549,put_bottles_dustbin,episode_000006,clean,,,,future_video,gamma,0.8,,,,,16933093666737702996,latent_residual_cosine,0.01245105266571045
combined,base,clean/put_bottles_dustbin/episode_000006/0_549,put_bottles_dustbin,episode_000006,clean,,,,final_action,gamma,0.8,,,,,16933093666737702996,paired_action_relative_l2,0.015677986666560173
combined,base,clean/put_bottles_dustbin/episode_000006/0_549,put_bottles_dustbin,episode_000006,clean,,,,future_video,gamma,1.2,,,,,12625001604940726536,latent_residual_cosine,0.013730406761169434
combined,base,clean/put_bottles_dustbin/episode_000006/0_549,put_bottles_dustbin,episode_000006,clean,,,,final_action,gamma,1.2,,,,,12625001604940726536,paired_action_relative_l2,0.004703679122030735
combined,base,clean/put_bottles_dustbin/episode_000006/0_549,put_bottles_dustbin,episode_000006,clean,,,,future_video,gaussian_blur_sigma,0.5,,,,,12482998238198523405,latent_residual_cosine,0.0030514001846313477
combined,base,clean/put_bottles_dustbin/episode_000006/0_549,put_bottles_dustbin,episode_000006,clean,,,,final_action,gaussian_blur_sigma,0.5,,,,,12482998238198523405,paired_action_relative_l2,0.00684066116809845
combined,base,clean/put_bottles_dustbin/episode_000006/0_549,put_bottles_dustbin,episode_000006,clean,,,,future_video,gaussian_blur_sigma,1.0,,,,,2603120455614262532,latent_residual_cosine,0.1624622344970703
combined,base,clean/put_bottles_dustbin/episode_000006/0_549,put_bottles_dustbin,episode_000006,clean,,,,final_action,gaussian_blur_sigma,1.0,,,,,2603120455614262532,paired_action_relative_l2,0.5738184452056885
combined,base,clean/put_bottles_dustbin/episode_000006/0_549,put_bottles_dustbin,episode_000006,clean,,,,future_video,gaussian_noise_std,0.01,,,,,9490953497224402498,latent_residual_cosine,0.17390751838684082
combined,base,clean/put_bottles_dustbin/episode_000006/0_549,put_bottles_dustbin,episode_000006,clean,,,,final_action,gaussian_noise_std,0.01,,,,,9490953497224402498,paired_action_relative_l2,0.03990639001131058
combined,base,clean/put_bottles_dustbin/episode_000006/0_549,put_bottles_dustbin,episode_000006,clean,,,,future_video,gaussian_noise_std,0.03,,,,,16403314817068746778,latent_residual_cosine,0.30341339111328125
combined,base,clean/put_bottles_dustbin/episode_000006/0_549,put_bottles_dustbin,episode_000006,clean,,,,final_action,gaussian_noise_std,0.03,,,,,16403314817068746778,paired_action_relative_l2,0.04164230078458786
combined,base,clean/put_bottles_dustbin/episode_000006/0_549,put_bottles_dustbin,episode_000006,clean,,,,future_video,identity,0.0,,,,,,latent_residual_cosine,-3.933906555175781e-06
combined,base,clean/put_bottles_dustbin/episode_000006/0_549,put_bottles_dustbin,episode_000006,clean,,,,final_action,identity,0.0,,,,,,paired_action_relative_l2,0.0
combined,base,clean/stack_blocks_three/episode_000030/0_447,stack_blocks_three,episode_000030,clean,,,,future_video,brightness,0.8,,,,,14740558125330130023,latent_residual_cosine,0.49694108963012695
combined,base,clean/stack_blocks_three/episode_000030/0_447,stack_blocks_three,episode_000030,clean,,,,final_action,brightness,0.8,,,,,14740558125330130023,paired_action_relative_l2,0.743111252784729
combined,base,clean/stack_blocks_three/episode_000030/0_447,stack_blocks_three,episode_000030,clean,,,,future_video,brightness,1.2,,,,,9830554915469431070,latent_residual_cosine,0.2744184136390686
combined,base,clean/stack_blocks_three/episode_000030/0_447,stack_blocks_three,episode_000030,clean,,,,final_action,brightness,1.2,,,,,9830554915469431070,paired_action_relative_l2,0.1318720579147339
combined,base,clean/stack_blocks_three/episode_000030/0_447,stack_blocks_three,episode_000030,clean,,,,future_video,color_temperature,-0.1,,,,,15666566753435024262,latent_residual_cosine,0.09634864330291748
combined,base,clean/stack_blocks_three/episode_000030/0_447,stack_blocks_three,episode_000030,clean,,,,final_action,color_temperature,-0.1,,,,,15666566753435024262,paired_action_relative_l2,0.02978598326444626
combined,base,clean/stack_blocks_three/episode_000030/0_447,stack_blocks_three,episode_000030,clean,,,,future_video,color_temperature,0.1,,,,,4205121641594680140,latent_residual_cosine,0.10564380884170532
combined,base,clean/stack_blocks_three/episode_000030/0_447,stack_blocks_three,episode_000030,clean,,,,final_action,color_temperature,0.1,,,,,4205121641594680140,paired_action_relative_l2,0.11576385796070099
combined,base,clean/stack_blocks_three/episode_000030/0_447,stack_blocks_three,episode_000030,clean,,,,future_video,gamma,0.8,,,,,12381315702077997941,latent_residual_cosine,0.021324634552001953
combined,base,clean/stack_blocks_three/episode_000030/0_447,stack_blocks_three,episode_000030,clean,,,,final_action,gamma,0.8,,,,,12381315702077997941,paired_action_relative_l2,0.0565849132835865
combined,base,clean/stack_blocks_three/episode_000030/0_447,stack_blocks_three,episode_000030,clean,,,,future_video,gamma,1.2,,,,,1479468069143235415,latent_residual_cosine,0.015155971050262451
combined,base,clean/stack_blocks_three/episode_000030/0_447,stack_blocks_three,episode_000030,clean,,,,final_action,gamma,1.2,,,,,1479468069143235415,paired_action_relative_l2,0.03974969685077667
combined,base,clean/stack_blocks_three/episode_000030/0_447,stack_blocks_three,episode_000030,clean,,,,future_video,gaussian_blur_sigma,0.5,,,,,11617124187135812490,latent_residual_cosine,0.006964385509490967
combined,base,clean/stack_blocks_three/episode_000030/0_447,stack_blocks_three,episode_000030,clean,,,,final_action,gaussian_blur_sigma,0.5,,,,,11617124187135812490,paired_action_relative_l2,0.009840981103479862
combined,base,clean/stack_blocks_three/episode_000030/0_447,stack_blocks_three,episode_000030,clean,,,,future_video,gaussian_blur_sigma,1.0,,,,,18440392788514194603,latent_residual_cosine,0.01516348123550415
combined,base,clean/stack_blocks_three/episode_000030/0_447,stack_blocks_three,episode_000030,clean,,,,final_action,gaussian_blur_sigma,1.0,,,,,18440392788514194603,paired_action_relative_l2,0.03640136867761612
combined,base,clean/stack_blocks_three/episode_000030/0_447,stack_blocks_three,episode_000030,clean,,,,future_video,gaussian_noise_std,0.01,,,,,318962294272706403,latent_residual_cosine,0.2712595462799072
combined,base,clean/stack_blocks_three/episode_000030/0_447,stack_blocks_three,episode_000030,clean,,,,final_action,gaussian_noise_std,0.01,,,,,318962294272706403,paired_action_relative_l2,0.13784582912921906
combined,base,clean/stack_blocks_three/episode_000030/0_447,stack_blocks_three,episode_000030,clean,,,,future_video,gaussian_noise_std,0.03,,,,,10916310403062362012,latent_residual_cosine,0.4218548536300659
combined,base,clean/stack_blocks_three/episode_000030/0_447,stack_blocks_three,episode_000030,clean,,,,final_action,gaussian_noise_std,0.03,,,,,10916310403062362012,paired_action_relative_l2,0.19690117239952087
combined,base,clean/stack_blocks_three/episode_000030/0_447,stack_blocks_three,episode_000030,clean,,,,future_video,identity,0.0,,,,,,latent_residual_cosine,-8.821487426757812e-06
combined,base,clean/stack_blocks_three/episode_000030/0_447,stack_blocks_three,episode_000030,clean,,,,final_action,identity,0.0,,,,,,paired_action_relative_l2,0.0
combined,base,clean/turn_switch/episode_000047/0_98,turn_switch,episode_000047,clean,,,,future_video,brightness,0.8,,,,,2894186492195837140,latent_residual_cosine,0.43081367015838623
combined,base,clean/turn_switch/episode_000047/0_98,turn_switch,episode_000047,clean,,,,final_action,brightness,0.8,,,,,2894186492195837140,paired_action_relative_l2,0.029454980045557022
combined,base,clean/turn_switch/episode_000047/0_98,turn_switch,episode_000047,clean,,,,future_video,brightness,1.2,,,,,3109882623584244822,latent_residual_cosine,0.26252055168151855
combined,base,clean/turn_switch/episode_000047/0_98,turn_switch,episode_000047,clean,,,,final_action,brightness,1.2,,,,,3109882623584244822,paired_action_relative_l2,0.017453817650675774
combined,base,clean/turn_switch/episode_000047/0_98,turn_switch,episode_000047,clean,,,,future_video,color_temperature,-0.1,,,,,13981428570655036527,latent_residual_cosine,0.2593187689781189
combined,base,clean/turn_switch/episode_000047/0_98,turn_switch,episode_000047,clean,,,,final_action,color_temperature,-0.1,,,,,13981428570655036527,paired_action_relative_l2,0.0508250892162323
combined,base,clean/turn_switch/episode_000047/0_98,turn_switch,episode_000047,clean,,,,future_video,color_temperature,0.1,,,,,7431615385873627060,latent_residual_cosine,0.23684817552566528
combined,base,clean/turn_switch/episode_000047/0_98,turn_switch,episode_000047,clean,,,,final_action,color_temperature,0.1,,,,,7431615385873627060,paired_action_relative_l2,0.029699781909585
combined,base,clean/turn_switch/episode_000047/0_98,turn_switch,episode_000047,clean,,,,future_video,gamma,0.8,,,,,8944454782225478405,latent_residual_cosine,0.03288006782531738
combined,base,clean/turn_switch/episode_000047/0_98,turn_switch,episode_000047,clean,,,,final_action,gamma,0.8,,,,,8944454782225478405,paired_action_relative_l2,0.031244944781064987
combined,base,clean/turn_switch/episode_000047/0_98,turn_switch,episode_000047,clean,,,,future_video,gamma,1.2,,,,,12775208076006040830,latent_residual_cosine,0.11520528793334961
combined,base,clean/turn_switch/episode_000047/0_98,turn_switch,episode_000047,clean,,,,final_action,gamma,1.2,,,,,12775208076006040830,paired_action_relative_l2,0.041356224566698074
combined,base,clean/turn_switch/episode_000047/0_98,turn_switch,episode_000047,clean,,,,future_video,gaussian_blur_sigma,0.5,,,,,17406867596367059733,latent_residual_cosine,0.014543890953063965
combined,base,clean/turn_switch/episode_000047/0_98,turn_switch,episode_000047,clean,,,,final_action,gaussian_blur_sigma,0.5,,,,,17406867596367059733,paired_action_relative_l2,0.0051096705719828606
combined,base,clean/turn_switch/episode_000047/0_98,turn_switch,episode_000047,clean,,,,future_video,gaussian_blur_sigma,1.0,,,,,1591302671540779324,latent_residual_cosine,0.03040415048599243
combined,base,clean/turn_switch/episode_000047/0_98,turn_switch,episode_000047,clean,,,,final_action,gaussian_blur_sigma,1.0,,,,,1591302671540779324,paired_action_relative_l2,0.008133649826049805
combined,base,clean/turn_switch/episode_000047/0_98,turn_switch,episode_000047,clean,,,,future_video,gaussian_noise_std,0.01,,,,,12285946054869263813,latent_residual_cosine,0.42715591192245483
combined,base,clean/turn_switch/episode_000047/0_98,turn_switch,episode_000047,clean,,,,final_action,gaussian_noise_std,0.01,,,,,12285946054869263813,paired_action_relative_l2,0.04897089675068855
combined,base,clean/turn_switch/episode_000047/0_98,turn_switch,episode_000047,clean,,,,future_video,gaussian_noise_std,0.03,,,,,11263194624413296043,latent_residual_cosine,0.6042219996452332
combined,base,clean/turn_switch/episode_000047/0_98,turn_switch,episode_000047,clean,,,,final_action,gaussian_noise_std,0.03,,,,,11263194624413296043,paired_action_relative_l2,0.04470307379961014
combined,base,clean/turn_switch/episode_000047/0_98,turn_switch,episode_000047,clean,,,,future_video,identity,0.0,,,,,,latent_residual_cosine,-6.198883056640625e-06
combined,base,clean/turn_switch/episode_000047/0_98,turn_switch,episode_000047,clean,,,,final_action,identity,0.0,,,,,,paired_action_relative_l2,0.0
combined,clean,clean/adjust_bottle/episode_000044/0_139,adjust_bottle,episode_000044,clean,,,,future_video,brightness,0.8,,,,,13345697289178260558,latent_residual_cosine,0.076052725315094
combined,clean,clean/adjust_bottle/episode_000044/0_139,adjust_bottle,episode_000044,clean,,,,final_action,brightness,0.8,,,,,13345697289178260558,paired_action_relative_l2,0.014098955318331718
combined,clean,clean/adjust_bottle/episode_000044/0_139,adjust_bottle,episode_000044,clean,,,,future_video,brightness,1.2,,,,,739887505226363588,latent_residual_cosine,0.07557898759841919
combined,clean,clean/adjust_bottle/episode_000044/0_139,adjust_bottle,episode_000044,clean,,,,final_action,brightness,1.2,,,,,739887505226363588,paired_action_relative_l2,0.01653454825282097
combined,clean,clean/adjust_bottle/episode_000044/0_139,adjust_bottle,episode_000044,clean,,,,future_video,color_temperature,-0.1,,,,,765584118789078213,latent_residual_cosine,0.13578647375106812
combined,clean,clean/adjust_bottle/episode_000044/0_139,adjust_bottle,episode_000044,clean,,,,final_action,color_temperature,-0.1,,,,,765584118789078213,paired_action_relative_l2,0.026073839515447617
combined,clean,clean/adjust_bottle/episode_000044/0_139,adjust_bottle,episode_000044,clean,,,,future_video,color_temperature,0.1,,,,,9775476510567872708,latent_residual_cosine,0.0418773889541626
combined,clean,clean/adjust_bottle/episode_000044/0_139,adjust_bottle,episode_000044,clean,,,,final_action,color_temperature,0.1,,,,,9775476510567872708,paired_action_relative_l2,0.006661145016551018
combined,clean,clean/adjust_bottle/episode_000044/0_139,adjust_bottle,episode_000044,clean,,,,future_video,gamma,0.8,,,,,18087504126169967844,latent_residual_cosine,0.0046689510345458984
combined,clean,clean/adjust_bottle/episode_000044/0_139,adjust_bottle,episode_000044,clean,,,,final_action,gamma,0.8,,,,,18087504126169967844,paired_action_relative_l2,0.005890802945941687
combined,clean,clean/adjust_bottle/episode_000044/0_139,adjust_bottle,episode_000044,clean,,,,future_video,gamma,1.2,,,,,6964187763139144458,latent_residual_cosine,0.004524827003479004
combined,clean,clean/adjust_bottle/episode_000044/0_139,adjust_bottle,episode_000044,clean,,,,final_action,gamma,1.2,,,,,6964187763139144458,paired_action_relative_l2,0.004294863436371088
combined,clean,clean/adjust_bottle/episode_000044/0_139,adjust_bottle,episode_000044,clean,,,,future_video,gaussian_blur_sigma,0.5,,,,,7670735354293000251,latent_residual_cosine,0.0012187361717224121
combined,clean,clean/adjust_bottle/episode_000044/0_139,adjust_bottle,episode_000044,clean,,,,final_action,gaussian_blur_sigma,0.5,,,,,7670735354293000251,paired_action_relative_l2,0.004661907441914082
combined,clean,clean/adjust_bottle/episode_000044/0_139,adjust_bottle,episode_000044,clean,,,,future_video,gaussian_blur_sigma,1.0,,,,,10294368508449037784,latent_residual_cosine,0.008738934993743896
combined,clean,clean/adjust_bottle/episode_000044/0_139,adjust_bottle,episode_000044,clean,,,,final_action,gaussian_blur_sigma,1.0,,,,,10294368508449037784,paired_action_relative_l2,0.0056695532985031605
combined,clean,clean/adjust_bottle/episode_000044/0_139,adjust_bottle,episode_000044,clean,,,,future_video,gaussian_noise_std,0.01,,,,,11085467170365831463,latent_residual_cosine,0.18732142448425293
combined,clean,clean/adjust_bottle/episode_000044/0_139,adjust_bottle,episode_000044,clean,,,,final_action,gaussian_noise_std,0.01,,,,,11085467170365831463,paired_action_relative_l2,0.03908844292163849
combined,clean,clean/adjust_bottle/episode_000044/0_139,adjust_bottle,episode_000044,clean,,,,future_video,gaussian_noise_std,0.03,,,,,9801349385923051928,latent_residual_cosine,0.2647542953491211
combined,clean,clean/adjust_bottle/episode_000044/0_139,adjust_bottle,episode_000044,clean,,,,final_action,gaussian_noise_std,0.03,,,,,9801349385923051928,paired_action_relative_l2,0.045577000826597214
combined,clean,clean/adjust_bottle/episode_000044/0_139,adjust_bottle,episode_000044,clean,,,,future_video,identity,0.0,,,,,,latent_residual_cosine,-3.4570693969726562e-06
combined,clean,clean/adjust_bottle/episode_000044/0_139,adjust_bottle,episode_000044,clean,,,,final_action,identity,0.0,,,,,,paired_action_relative_l2,0.0
combined,clean,clean/click_bell/episode_000027/0_74,click_bell,episode_000027,clean,,,,future_video,brightness,0.8,,,,,4321181102006504660,latent_residual_cosine,0.12584328651428223
combined,clean,clean/click_bell/episode_000027/0_74,click_bell,episode_000027,clean,,,,final_action,brightness,0.8,,,,,4321181102006504660,paired_action_relative_l2,0.019905906170606613
combined,clean,clean/click_bell/episode_000027/0_74,click_bell,episode_000027,clean,,,,future_video,brightness,1.2,,,,,4579322019718184357,latent_residual_cosine,0.13476967811584473
combined,clean,clean/click_bell/episode_000027/0_74,click_bell,episode_000027,clean,,,,final_action,brightness,1.2,,,,,4579322019718184357,paired_action_relative_l2,0.012200111523270607
combined,clean,clean/click_bell/episode_000027/0_74,click_bell,episode_000027,clean,,,,future_video,color_temperature,-0.1,,,,,15847343748376151180,latent_residual_cosine,0.09698319435119629
combined,clean,clean/click_bell/episode_000027/0_74,click_bell,episode_000027,clean,,,,final_action,color_temperature,-0.1,,,,,15847343748376151180,paired_action_relative_l2,0.01752261072397232
combined,clean,clean/click_bell/episode_000027/0_74,click_bell,episode_000027,clean,,,,future_video,color_temperature,0.1,,,,,875813543527471210,latent_residual_cosine,0.0854102373123169
combined,clean,clean/click_bell/episode_000027/0_74,click_bell,episode_000027,clean,,,,final_action,color_temperature,0.1,,,,,875813543527471210,paired_action_relative_l2,0.010370158590376377
combined,clean,clean/click_bell/episode_000027/0_74,click_bell,episode_000027,clean,,,,future_video,gamma,0.8,,,,,12912083535656245349,latent_residual_cosine,0.00940251350402832
combined,clean,clean/click_bell/episode_000027/0_74,click_bell,episode_000027,clean,,,,final_action,gamma,0.8,,,,,12912083535656245349,paired_action_relative_l2,0.003922602627426386
combined,clean,clean/click_bell/episode_000027/0_74,click_bell,episode_000027,clean,,,,future_video,gamma,1.2,,,,,7766064385072394058,latent_residual_cosine,0.006766140460968018
combined,clean,clean/click_bell/episode_000027/0_74,click_bell,episode_000027,clean,,,,final_action,gamma,1.2,,,,,7766064385072394058,paired_action_relative_l2,0.004192979075014591
combined,clean,clean/click_bell/episode_000027/0_74,click_bell,episode_000027,clean,,,,future_video,gaussian_blur_sigma,0.5,,,,,11882852233486672599,latent_residual_cosine,0.002807140350341797
combined,clean,clean/click_bell/episode_000027/0_74,click_bell,episode_000027,clean,,,,final_action,gaussian_blur_sigma,0.5,,,,,11882852233486672599,paired_action_relative_l2,0.0050754002295434475
combined,clean,clean/click_bell/episode_000027/0_74,click_bell,episode_000027,clean,,,,future_video,gaussian_blur_sigma,1.0,,,,,1509286939569554835,latent_residual_cosine,0.011799931526184082
combined,clean,clean/click_bell/episode_000027/0_74,click_bell,episode_000027,clean,,,,final_action,gaussian_blur_sigma,1.0,,,,,1509286939569554835,paired_action_relative_l2,0.006082675885409117
combined,clean,clean/click_bell/episode_000027/0_74,click_bell,episode_000027,clean,,,,future_video,gaussian_noise_std,0.01,,,,,1529515671173550845,latent_residual_cosine,0.17489254474639893
combined,clean,clean/click_bell/episode_000027/0_74,click_bell,episode_000027,clean,,,,final_action,gaussian_noise_std,0.01,,,,,1529515671173550845,paired_action_relative_l2,0.012816023081541061
combined,clean,clean/click_bell/episode_000027/0_74,click_bell,episode_000027,clean,,,,future_video,gaussian_noise_std,0.03,,,,,9041917832208938192,latent_residual_cosine,0.2474830150604248
combined,clean,clean/click_bell/episode_000027/0_74,click_bell,episode_000027,clean,,,,final_action,gaussian_noise_std,0.03,,,,,9041917832208938192,paired_action_relative_l2,0.019009316340088844
combined,clean,clean/click_bell/episode_000027/0_74,click_bell,episode_000027,clean,,,,future_video,identity,0.0,,,,,,latent_residual_cosine,-6.556510925292969e-06
combined,clean,clean/click_bell/episode_000027/0_74,click_bell,episode_000027,clean,,,,final_action,identity,0.0,,,,,,paired_action_relative_l2,0.0
combined,clean,clean/lift_pot/episode_000036/0_122,lift_pot,episode_000036,clean,,,,future_video,brightness,0.8,,,,,13315783227415234401,latent_residual_cosine,0.0856444239616394
combined,clean,clean/lift_pot/episode_000036/0_122,lift_pot,episode_000036,clean,,,,final_action,brightness,0.8,,,,,13315783227415234401,paired_action_relative_l2,0.013800297863781452
combined,clean,clean/lift_pot/episode_000036/0_122,lift_pot,episode_000036,clean,,,,future_video,brightness,1.2,,,,,15651286266305293779,latent_residual_cosine,0.1233510971069336
combined,clean,clean/lift_pot/episode_000036/0_122,lift_pot,episode_000036,clean,,,,final_action,brightness,1.2,,,,,15651286266305293779,paired_action_relative_l2,0.016384214162826538
combined,clean,clean/lift_pot/episode_000036/0_122,lift_pot,episode_000036,clean,,,,future_video,color_temperature,-0.1,,,,,1999528552783382123,latent_residual_cosine,0.07371091842651367
combined,clean,clean/lift_pot/episode_000036/0_122,lift_pot,episode_000036,clean,,,,final_action,color_temperature,-0.1,,,,,1999528552783382123,paired_action_relative_l2,0.012397059239447117
combined,clean,clean/lift_pot/episode_000036/0_122,lift_pot,episode_000036,clean,,,,future_video,color_temperature,0.1,,,,,10177751091444056485,latent_residual_cosine,0.03611016273498535
combined,clean,clean/lift_pot/episode_000036/0_122,lift_pot,episode_000036,clean,,,,final_action,color_temperature,0.1,,,,,10177751091444056485,paired_action_relative_l2,0.008342624641954899
combined,clean,clean/lift_pot/episode_000036/0_122,lift_pot,episode_000036,clean,,,,future_video,gamma,0.8,,,,,6353452328526041640,latent_residual_cosine,0.008611679077148438
combined,clean,clean/lift_pot/episode_000036/0_122,lift_pot,episode_000036,clean,,,,final_action,gamma,0.8,,,,,6353452328526041640,paired_action_relative_l2,0.0032517267391085625
combined,clean,clean/lift_pot/episode_000036/0_122,lift_pot,episode_000036,clean,,,,future_video,gamma,1.2,,,,,6842099030399889944,latent_residual_cosine,0.025853633880615234
combined,clean,clean/lift_pot/episode_000036/0_122,lift_pot,episode_000036,clean,,,,final_action,gamma,1.2,,,,,6842099030399889944,paired_action_relative_l2,0.0045212977565824986
combined,clean,clean/lift_pot/episode_000036/0_122,lift_pot,episode_000036,clean,,,,future_video,gaussian_blur_sigma,0.5,,,,,2411143882443501827,latent_residual_cosine,0.0008440017700195312
combined,clean,clean/lift_pot/episode_000036/0_122,lift_pot,episode_000036,clean,,,,final_action,gaussian_blur_sigma,0.5,,,,,2411143882443501827,paired_action_relative_l2,0.0024398816749453545
combined,clean,clean/lift_pot/episode_000036/0_122,lift_pot,episode_000036,clean,,,,future_video,gaussian_blur_sigma,1.0,,,,,3972136155124481923,latent_residual_cosine,0.009032487869262695
combined,clean,clean/lift_pot/episode_000036/0_122,lift_pot,episode_000036,clean,,,,final_action,gaussian_blur_sigma,1.0,,,,,3972136155124481923,paired_action_relative_l2,0.0032694379333406687
combined,clean,clean/lift_pot/episode_000036/0_122,lift_pot,episode_000036,clean,,,,future_video,gaussian_noise_std,0.01,,,,,16131106979869811596,latent_residual_cosine,0.175636887550354
combined,clean,clean/lift_pot/episode_000036/0_122,lift_pot,episode_000036,clean,,,,final_action,gaussian_noise_std,0.01,,,,,16131106979869811596,paired_action_relative_l2,0.010288272053003311
combined,clean,clean/lift_pot/episode_000036/0_122,lift_pot,episode_000036,clean,,,,future_video,gaussian_noise_std,0.03,,,,,7993565358138601669,latent_residual_cosine,0.42267704010009766
combined,clean,clean/lift_pot/episode_000036/0_122,lift_pot,episode_000036,clean,,,,final_action,gaussian_noise_std,0.03,,,,,7993565358138601669,paired_action_relative_l2,0.11187310516834259
combined,clean,clean/lift_pot/episode_000036/0_122,lift_pot,episode_000036,clean,,,,future_video,identity,0.0,,,,,,latent_residual_cosine,-5.245208740234375e-06
combined,clean,clean/lift_pot/episode_000036/0_122,lift_pot,episode_000036,clean,,,,final_action,identity,0.0,,,,,,paired_action_relative_l2,0.0
combined,clean,clean/open_laptop/episode_000017/0_259,open_laptop,episode_000017,clean,,,,future_video,brightness,0.8,,,,,6363183859096379563,latent_residual_cosine,0.13836580514907837
combined,clean,clean/open_laptop/episode_000017/0_259,open_laptop,episode_000017,clean,,,,final_action,brightness,0.8,,,,,6363183859096379563,paired_action_relative_l2,0.04682086035609245
combined,clean,clean/open_laptop/episode_000017/0_259,open_laptop,episode_000017,clean,,,,future_video,brightness,1.2,,,,,8273599013752022625,latent_residual_cosine,0.32149678468704224
combined,clean,clean/open_laptop/episode_000017/0_259,open_laptop,episode_000017,clean,,,,final_action,brightness,1.2,,,,,8273599013752022625,paired_action_relative_l2,0.15922574698925018
combined,clean,clean/open_laptop/episode_000017/0_259,open_laptop,episode_000017,clean,,,,future_video,color_temperature,-0.1,,,,,9493224626905139523,latent_residual_cosine,0.06764030456542969
combined,clean,clean/open_laptop/episode_000017/0_259,open_laptop,episode_000017,clean,,,,final_action,color_temperature,-0.1,,,,,9493224626905139523,paired_action_relative_l2,0.02972686104476452
combined,clean,clean/open_laptop/episode_000017/0_259,open_laptop,episode_000017,clean,,,,future_video,color_temperature,0.1,,,,,7048629151097827844,latent_residual_cosine,0.06602561473846436
combined,clean,clean/open_laptop/episode_000017/0_259,open_laptop,episode_000017,clean,,,,final_action,color_temperature,0.1,,,,,7048629151097827844,paired_action_relative_l2,0.008070508949458599
combined,clean,clean/open_laptop/episode_000017/0_259,open_laptop,episode_000017,clean,,,,future_video,gamma,0.8,,,,,7226520160564033134,latent_residual_cosine,0.009440422058105469
combined,clean,clean/open_laptop/episode_000017/0_259,open_laptop,episode_000017,clean,,,,final_action,gamma,0.8,,,,,7226520160564033134,paired_action_relative_l2,0.005773073062300682
combined,clean,clean/open_laptop/episode_000017/0_259,open_laptop,episode_000017,clean,,,,future_video,gamma,1.2,,,,,7506362244356574538,latent_residual_cosine,0.017217934131622314
combined,clean,clean/open_laptop/episode_000017/0_259,open_laptop,episode_000017,clean,,,,final_action,gamma,1.2,,,,,7506362244356574538,paired_action_relative_l2,0.010366786271333694
combined,clean,clean/open_laptop/episode_000017/0_259,open_laptop,episode_000017,clean,,,,future_video,gaussian_blur_sigma,0.5,,,,,11522972830486069944,latent_residual_cosine,0.0022720694541931152
combined,clean,clean/open_laptop/episode_000017/0_259,open_laptop,episode_000017,clean,,,,final_action,gaussian_blur_sigma,0.5,,,,,11522972830486069944,paired_action_relative_l2,0.004495671018958092
combined,clean,clean/open_laptop/episode_000017/0_259,open_laptop,episode_000017,clean,,,,future_video,gaussian_blur_sigma,1.0,,,,,5150731217846411408,latent_residual_cosine,0.009535074234008789
combined,clean,clean/open_laptop/episode_000017/0_259,open_laptop,episode_000017,clean,,,,final_action,gaussian_blur_sigma,1.0,,,,,5150731217846411408,paired_action_relative_l2,0.007093843538314104
combined,clean,clean/open_laptop/episode_000017/0_259,open_laptop,episode_000017,clean,,,,future_video,gaussian_noise_std,0.01,,,,,17330233380254975681,latent_residual_cosine,0.1607816219329834
combined,clean,clean/open_laptop/episode_000017/0_259,open_laptop,episode_000017,clean,,,,final_action,gaussian_noise_std,0.01,,,,,17330233380254975681,paired_action_relative_l2,0.02209947444498539
combined,clean,clean/open_laptop/episode_000017/0_259,open_laptop,episode_000017,clean,,,,future_video,gaussian_noise_std,0.03,,,,,995166590417925671,latent_residual_cosine,0.3649447560310364
combined,clean,clean/open_laptop/episode_000017/0_259,open_laptop,episode_000017,clean,,,,final_action,gaussian_noise_std,0.03,,,,,995166590417925671,paired_action_relative_l2,0.14334025979042053
combined,clean,clean/open_laptop/episode_000017/0_259,open_laptop,episode_000017,clean,,,,future_video,identity,0.0,,,,,,latent_residual_cosine,-6.198883056640625e-06
combined,clean,clean/open_laptop/episode_000017/0_259,open_laptop,episode_000017,clean,,,,final_action,identity,0.0,,,,,,paired_action_relative_l2,0.0
combined,clean,clean/place_bread_basket/episode_000044/0_226,place_bread_basket,episode_000044,clean,,,,future_video,brightness,0.8,,,,,16637397944084601428,latent_residual_cosine,0.08152318000793457
combined,clean,clean/place_bread_basket/episode_000044/0_226,place_bread_basket,episode_000044,clean,,,,final_action,brightness,0.8,,,,,16637397944084601428,paired_action_relative_l2,0.022327015176415443
combined,clean,clean/place_bread_basket/episode_000044/0_226,place_bread_basket,episode_000044,clean,,,,future_video,brightness,1.2,,,,,6069960733776850870,latent_residual_cosine,0.12429976463317871
combined,clean,clean/place_bread_basket/episode_000044/0_226,place_bread_basket,episode_000044,clean,,,,final_action,brightness,1.2,,,,,6069960733776850870,paired_action_relative_l2,0.01435398031026125
combined,clean,clean/place_bread_basket/episode_000044/0_226,place_bread_basket,episode_000044,clean,,,,future_video,color_temperature,-0.1,,,,,211013147244849259,latent_residual_cosine,0.05459177494049072
combined,clean,clean/place_bread_basket/episode_000044/0_226,place_bread_basket,episode_000044,clean,,,,final_action,color_temperature,-0.1,,,,,211013147244849259,paired_action_relative_l2,0.013340210542082787
combined,clean,clean/place_bread_basket/episode_000044/0_226,place_bread_basket,episode_000044,clean,,,,future_video,color_temperature,0.1,,,,,1436178128472113803,latent_residual_cosine,0.05095207691192627
combined,clean,clean/place_bread_basket/episode_000044/0_226,place_bread_basket,episode_000044,clean,,,,final_action,color_temperature,0.1,,,,,1436178128472113803,paired_action_relative_l2,0.009066592901945114
combined,clean,clean/place_bread_basket/episode_000044/0_226,place_bread_basket,episode_000044,clean,,,,future_video,gamma,0.8,,,,,8532596611837617652,latent_residual_cosine,0.0047609806060791016
combined,clean,clean/place_bread_basket/episode_000044/0_226,place_bread_basket,episode_000044,clean,,,,final_action,gamma,0.8,,,,,8532596611837617652,paired_action_relative_l2,0.005005388520658016
combined,clean,clean/place_bread_basket/episode_000044/0_226,place_bread_basket,episode_000044,clean,,,,future_video,gamma,1.2,,,,,5885103556919493703,latent_residual_cosine,0.006856441497802734
combined,clean,clean/place_bread_basket/episode_000044/0_226,place_bread_basket,episode_000044,clean,,,,final_action,gamma,1.2,,,,,5885103556919493703,paired_action_relative_l2,0.00631726486608386
combined,clean,clean/place_bread_basket/episode_000044/0_226,place_bread_basket,episode_000044,clean,,,,future_video,gaussian_blur_sigma,0.5,,,,,18322585329891979128,latent_residual_cosine,0.001252293586730957
combined,clean,clean/place_bread_basket/episode_000044/0_226,place_bread_basket,episode_000044,clean,,,,final_action,gaussian_blur_sigma,0.5,,,,,18322585329891979128,paired_action_relative_l2,0.0032249854411929846
combined,clean,clean/place_bread_basket/episode_000044/0_226,place_bread_basket,episode_000044,clean,,,,future_video,gaussian_blur_sigma,1.0,,,,,1464129816195477027,latent_residual_cosine,0.007396817207336426
combined,clean,clean/place_bread_basket/episode_000044/0_226,place_bread_basket,episode_000044,clean,,,,final_action,gaussian_blur_sigma,1.0,,,,,1464129816195477027,paired_action_relative_l2,0.005637559108436108
combined,clean,clean/place_bread_basket/episode_000044/0_226,place_bread_basket,episode_000044,clean,,,,future_video,gaussian_noise_std,0.01,,,,,3952513492836151882,latent_residual_cosine,0.08835911750793457
combined,clean,clean/place_bread_basket/episode_000044/0_226,place_bread_basket,episode_000044,clean,,,,final_action,gaussian_noise_std,0.01,,,,,3952513492836151882,paired_action_relative_l2,0.010207180865108967
combined,clean,clean/place_bread_basket/episode_000044/0_226,place_bread_basket,episode_000044,clean,,,,future_video,gaussian_noise_std,0.03,,,,,15908044863109304790,latent_residual_cosine,0.1645437479019165
combined,clean,clean/place_bread_basket/episode_000044/0_226,place_bread_basket,episode_000044,clean,,,,final_action,gaussian_noise_std,0.03,,,,,15908044863109304790,paired_action_relative_l2,0.019610224291682243
combined,clean,clean/place_bread_basket/episode_000044/0_226,place_bread_basket,episode_000044,clean,,,,future_video,identity,0.0,,,,,,latent_residual_cosine,-5.841255187988281e-06
combined,clean,clean/place_bread_basket/episode_000044/0_226,place_bread_basket,episode_000044,clean,,,,final_action,identity,0.0,,,,,,paired_action_relative_l2,0.0
combined,clean,clean/place_container_plate/episode_000033/0_156,place_container_plate,episode_000033,clean,,,,future_video,brightness,0.8,,,,,5715733209496895161,latent_residual_cosine,0.19426202774047852
combined,clean,clean/place_container_plate/episode_000033/0_156,place_container_plate,episode_000033,clean,,,,final_action,brightness,0.8,,,,,5715733209496895161,paired_action_relative_l2,0.08059225976467133
combined,clean,clean/place_container_plate/episode_000033/0_156,place_container_plate,episode_000033,clean,,,,future_video,brightness,1.2,,,,,13427404499493453440,latent_residual_cosine,0.1283002495765686
combined,clean,clean/place_container_plate/episode_000033/0_156,place_container_plate,episode_000033,clean,,,,final_action,brightness,1.2,,,,,13427404499493453440,paired_action_relative_l2,0.014311781153082848
combined,clean,clean/place_container_plate/episode_000033/0_156,place_container_plate,episode_000033,clean,,,,future_video,color_temperature,-0.1,,,,,12370919830759711870,latent_residual_cosine,0.16243404150009155
combined,clean,clean/place_container_plate/episode_000033/0_156,place_container_plate,episode_000033,clean,,,,final_action,color_temperature,-0.1,,,,,12370919830759711870,paired_action_relative_l2,0.07874854654073715
combined,clean,clean/place_container_plate/episode_000033/0_156,place_container_plate,episode_000033,clean,,,,future_video,color_temperature,0.1,,,,,3059941478060558768,latent_residual_cosine,0.06111109256744385
combined,clean,clean/place_container_plate/episode_000033/0_156,place_container_plate,episode_000033,clean,,,,final_action,color_temperature,0.1,,,,,3059941478060558768,paired_action_relative_l2,0.01035650260746479
combined,clean,clean/place_container_plate/episode_000033/0_156,place_container_plate,episode_000033,clean,,,,future_video,gamma,0.8,,,,,6224378030923556313,latent_residual_cosine,0.006609678268432617
combined,clean,clean/place_container_plate/episode_000033/0_156,place_container_plate,episode_000033,clean,,,,final_action,gamma,0.8,,,,,6224378030923556313,paired_action_relative_l2,0.003875870257616043
combined,clean,clean/place_container_plate/episode_000033/0_156,place_container_plate,episode_000033,clean,,,,future_video,gamma,1.2,,,,,906277563794249191,latent_residual_cosine,0.005233049392700195
combined,clean,clean/place_container_plate/episode_000033/0_156,place_container_plate,episode_000033,clean,,,,final_action,gamma,1.2,,,,,906277563794249191,paired_action_relative_l2,0.003515402087941766
combined,clean,clean/place_container_plate/episode_000033/0_156,place_container_plate,episode_000033,clean,,,,future_video,gaussian_blur_sigma,0.5,,,,,13687891846825993847,latent_residual_cosine,0.0006191730499267578
combined,clean,clean/place_container_plate/episode_000033/0_156,place_container_plate,episode_000033,clean,,,,final_action,gaussian_blur_sigma,0.5,,,,,13687891846825993847,paired_action_relative_l2,0.00336406659334898
combined,clean,clean/place_container_plate/episode_000033/0_156,place_container_plate,episode_000033,clean,,,,future_video,gaussian_blur_sigma,1.0,,,,,12185843836051114294,latent_residual_cosine,0.0036255717277526855
combined,clean,clean/place_container_plate/episode_000033/0_156,place_container_plate,episode_000033,clean,,,,final_action,gaussian_blur_sigma,1.0,,,,,12185843836051114294,paired_action_relative_l2,0.0033966947812587023
combined,clean,clean/place_container_plate/episode_000033/0_156,place_container_plate,episode_000033,clean,,,,future_video,gaussian_noise_std,0.01,,,,,17679738631140918171,latent_residual_cosine,0.09429848194122314
combined,clean,clean/place_container_plate/episode_000033/0_156,place_container_plate,episode_000033,clean,,,,final_action,gaussian_noise_std,0.01,,,,,17679738631140918171,paired_action_relative_l2,0.007273418363183737
combined,clean,clean/place_container_plate/episode_000033/0_156,place_container_plate,episode_000033,clean,,,,future_video,gaussian_noise_std,0.03,,,,,13013057233012687563,latent_residual_cosine,0.34906214475631714
combined,clean,clean/place_container_plate/episode_000033/0_156,place_container_plate,episode_000033,clean,,,,final_action,gaussian_noise_std,0.03,,,,,13013057233012687563,paired_action_relative_l2,0.07906907796859741
combined,clean,clean/place_container_plate/episode_000033/0_156,place_container_plate,episode_000033,clean,,,,future_video,identity,0.0,,,,,,latent_residual_cosine,-6.198883056640625e-06
combined,clean,clean/place_container_plate/episode_000033/0_156,place_container_plate,episode_000033,clean,,,,final_action,identity,0.0,,,,,,paired_action_relative_l2,0.0
combined,clean,clean/place_object_scale/episode_000016/0_141,place_object_scale,episode_000016,clean,,,,future_video,brightness,0.8,,,,,8128353529252831070,latent_residual_cosine,0.09522104263305664
combined,clean,clean/place_object_scale/episode_000016/0_141,place_object_scale,episode_000016,clean,,,,final_action,brightness,0.8,,,,,8128353529252831070,paired_action_relative_l2,0.011046938598155975
combined,clean,clean/place_object_scale/episode_000016/0_141,place_object_scale,episode_000016,clean,,,,future_video,brightness,1.2,,,,,5451139221587725941,latent_residual_cosine,0.11735004186630249
combined,clean,clean/place_object_scale/episode_000016/0_141,place_object_scale,episode_000016,clean,,,,final_action,brightness,1.2,,,,,5451139221587725941,paired_action_relative_l2,0.030314026400446892
combined,clean,clean/place_object_scale/episode_000016/0_141,place_object_scale,episode_000016,clean,,,,future_video,color_temperature,-0.1,,,,,11771800898474785723,latent_residual_cosine,0.06269389390945435
combined,clean,clean/place_object_scale/episode_000016/0_141,place_object_scale,episode_000016,clean,,,,final_action,color_temperature,-0.1,,,,,11771800898474785723,paired_action_relative_l2,0.022547267377376556
combined,clean,clean/place_object_scale/episode_000016/0_141,place_object_scale,episode_000016,clean,,,,future_video,color_temperature,0.1,,,,,7887944890558736340,latent_residual_cosine,0.05834221839904785
combined,clean,clean/place_object_scale/episode_000016/0_141,place_object_scale,episode_000016,clean,,,,final_action,color_temperature,0.1,,,,,7887944890558736340,paired_action_relative_l2,0.005937189795076847
combined,clean,clean/place_object_scale/episode_000016/0_141,place_object_scale,episode_000016,clean,,,,future_video,gamma,0.8,,,,,3987445913070418313,latent_residual_cosine,0.007189393043518066
combined,clean,clean/place_object_scale/episode_000016/0_141,place_object_scale,episode_000016,clean,,,,final_action,gamma,0.8,,,,,3987445913070418313,paired_action_relative_l2,0.0035618520341813564
combined,clean,clean/place_object_scale/episode_000016/0_141,place_object_scale,episode_000016,clean,,,,future_video,gamma,1.2,,,,,18267793042838073310,latent_residual_cosine,0.019033312797546387
combined,clean,clean/place_object_scale/episode_000016/0_141,place_object_scale,episode_000016,clean,,,,final_action,gamma,1.2,,,,,18267793042838073310,paired_action_relative_l2,0.0038526987191289663
combined,clean,clean/place_object_scale/episode_000016/0_141,place_object_scale,episode_000016,clean,,,,future_video,gaussian_blur_sigma,0.5,,,,,13820347193606331437,latent_residual_cosine,0.0008617639541625977
combined,clean,clean/place_object_scale/episode_000016/0_141,place_object_scale,episode_000016,clean,,,,final_action,gaussian_blur_sigma,0.5,,,,,13820347193606331437,paired_action_relative_l2,0.003284774487838149
combined,clean,clean/place_object_scale/episode_000016/0_141,place_object_scale,episode_000016,clean,,,,future_video,gaussian_blur_sigma,1.0,,,,,6730551116110810124,latent_residual_cosine,0.006864070892333984
combined,clean,clean/place_object_scale/episode_000016/0_141,place_object_scale,episode_000016,clean,,,,final_action,gaussian_blur_sigma,1.0,,,,,6730551116110810124,paired_action_relative_l2,0.006381763610988855
combined,clean,clean/place_object_scale/episode_000016/0_141,place_object_scale,episode_000016,clean,,,,future_video,gaussian_noise_std,0.01,,,,,13857880200663423716,latent_residual_cosine,0.1509237289428711
combined,clean,clean/place_object_scale/episode_000016/0_141,place_object_scale,episode_000016,clean,,,,final_action,gaussian_noise_std,0.01,,,,,13857880200663423716,paired_action_relative_l2,0.0066390796564519405
combined,clean,clean/place_object_scale/episode_000016/0_141,place_object_scale,episode_000016,clean,,,,future_video,gaussian_noise_std,0.03,,,,,14331452601550878469,latent_residual_cosine,0.25973576307296753
combined,clean,clean/place_object_scale/episode_000016/0_141,place_object_scale,episode_000016,clean,,,,final_action,gaussian_noise_std,0.03,,,,,14331452601550878469,paired_action_relative_l2,0.022808266803622246
combined,clean,clean/place_object_scale/episode_000016/0_141,place_object_scale,episode_000016,clean,,,,future_video,identity,0.0,,,,,,latent_residual_cosine,-6.794929504394531e-06
combined,clean,clean/place_object_scale/episode_000016/0_141,place_object_scale,episode_000016,clean,,,,final_action,identity,0.0,,,,,,paired_action_relative_l2,0.0
combined,clean,clean/put_bottles_dustbin/episode_000006/0_549,put_bottles_dustbin,episode_000006,clean,,,,future_video,brightness,0.8,,,,,1394009349984855089,latent_residual_cosine,0.06699377298355103
combined,clean,clean/put_bottles_dustbin/episode_000006/0_549,put_bottles_dustbin,episode_000006,clean,,,,final_action,brightness,0.8,,,,,1394009349984855089,paired_action_relative_l2,0.023831890895962715
combined,clean,clean/put_bottles_dustbin/episode_000006/0_549,put_bottles_dustbin,episode_000006,clean,,,,future_video,brightness,1.2,,,,,8114302215028719186,latent_residual_cosine,0.08645278215408325
combined,clean,clean/put_bottles_dustbin/episode_000006/0_549,put_bottles_dustbin,episode_000006,clean,,,,final_action,brightness,1.2,,,,,8114302215028719186,paired_action_relative_l2,0.020874297246336937
combined,clean,clean/put_bottles_dustbin/episode_000006/0_549,put_bottles_dustbin,episode_000006,clean,,,,future_video,color_temperature,-0.1,,,,,14816179961873656132,latent_residual_cosine,0.04329192638397217
combined,clean,clean/put_bottles_dustbin/episode_000006/0_549,put_bottles_dustbin,episode_000006,clean,,,,final_action,color_temperature,-0.1,,,,,14816179961873656132,paired_action_relative_l2,0.01677536964416504
combined,clean,clean/put_bottles_dustbin/episode_000006/0_549,put_bottles_dustbin,episode_000006,clean,,,,future_video,color_temperature,0.1,,,,,14578194793345110634,latent_residual_cosine,0.029116272926330566
combined,clean,clean/put_bottles_dustbin/episode_000006/0_549,put_bottles_dustbin,episode_000006,clean,,,,final_action,color_temperature,0.1,,,,,14578194793345110634,paired_action_relative_l2,0.008396399207413197
combined,clean,clean/put_bottles_dustbin/episode_000006/0_549,put_bottles_dustbin,episode_000006,clean,,,,future_video,gamma,0.8,,,,,16933093666737702996,latent_residual_cosine,0.009175300598144531
combined,clean,clean/put_bottles_dustbin/episode_000006/0_549,put_bottles_dustbin,episode_000006,clean,,,,final_action,gamma,0.8,,,,,16933093666737702996,paired_action_relative_l2,0.007887296378612518
combined,clean,clean/put_bottles_dustbin/episode_000006/0_549,put_bottles_dustbin,episode_000006,clean,,,,future_video,gamma,1.2,,,,,12625001604940726536,latent_residual_cosine,0.004310548305511475
combined,clean,clean/put_bottles_dustbin/episode_000006/0_549,put_bottles_dustbin,episode_000006,clean,,,,final_action,gamma,1.2,,,,,12625001604940726536,paired_action_relative_l2,0.005301219876855612
combined,clean,clean/put_bottles_dustbin/episode_000006/0_549,put_bottles_dustbin,episode_000006,clean,,,,future_video,gaussian_blur_sigma,0.5,,,,,12482998238198523405,latent_residual_cosine,0.001746535301208496
combined,clean,clean/put_bottles_dustbin/episode_000006/0_549,put_bottles_dustbin,episode_000006,clean,,,,final_action,gaussian_blur_sigma,0.5,,,,,12482998238198523405,paired_action_relative_l2,0.00415441207587719
combined,clean,clean/put_bottles_dustbin/episode_000006/0_549,put_bottles_dustbin,episode_000006,clean,,,,future_video,gaussian_blur_sigma,1.0,,,,,2603120455614262532,latent_residual_cosine,0.005058169364929199
combined,clean,clean/put_bottles_dustbin/episode_000006/0_549,put_bottles_dustbin,episode_000006,clean,,,,final_action,gaussian_blur_sigma,1.0,,,,,2603120455614262532,paired_action_relative_l2,0.006085209082812071
combined,clean,clean/put_bottles_dustbin/episode_000006/0_549,put_bottles_dustbin,episode_000006,clean,,,,future_video,gaussian_noise_std,0.01,,,,,9490953497224402498,latent_residual_cosine,0.05100977420806885
combined,clean,clean/put_bottles_dustbin/episode_000006/0_549,put_bottles_dustbin,episode_000006,clean,,,,final_action,gaussian_noise_std,0.01,,,,,9490953497224402498,paired_action_relative_l2,0.010732878930866718
combined,clean,clean/put_bottles_dustbin/episode_000006/0_549,put_bottles_dustbin,episode_000006,clean,,,,future_video,gaussian_noise_std,0.03,,,,,16403314817068746778,latent_residual_cosine,0.1322002410888672
combined,clean,clean/put_bottles_dustbin/episode_000006/0_549,put_bottles_dustbin,episode_000006,clean,,,,final_action,gaussian_noise_std,0.03,,,,,16403314817068746778,paired_action_relative_l2,0.02566215582191944
combined,clean,clean/put_bottles_dustbin/episode_000006/0_549,put_bottles_dustbin,episode_000006,clean,,,,future_video,identity,0.0,,,,,,latent_residual_cosine,-7.62939453125e-06
combined,clean,clean/put_bottles_dustbin/episode_000006/0_549,put_bottles_dustbin,episode_000006,clean,,,,final_action,identity,0.0,,,,,,paired_action_relative_l2,0.0
combined,clean,clean/stack_blocks_three/episode_000030/0_447,stack_blocks_three,episode_000030,clean,,,,future_video,brightness,0.8,,,,,14740558125330130023,latent_residual_cosine,0.23590314388275146
combined,clean,clean/stack_blocks_three/episode_000030/0_447,stack_blocks_three,episode_000030,clean,,,,final_action,brightness,0.8,,,,,14740558125330130023,paired_action_relative_l2,0.1021275520324707
combined,clean,clean/stack_blocks_three/episode_000030/0_447,stack_blocks_three,episode_000030,clean,,,,future_video,brightness,1.2,,,,,9830554915469431070,latent_residual_cosine,0.1437179446220398
combined,clean,clean/stack_blocks_three/episode_000030/0_447,stack_blocks_three,episode_000030,clean,,,,final_action,brightness,1.2,,,,,9830554915469431070,paired_action_relative_l2,0.029466165229678154
combined,clean,clean/stack_blocks_three/episode_000030/0_447,stack_blocks_three,episode_000030,clean,,,,future_video,color_temperature,-0.1,,,,,15666566753435024262,latent_residual_cosine,0.22705698013305664
combined,clean,clean/stack_blocks_three/episode_000030/0_447,stack_blocks_three,episode_000030,clean,,,,final_action,color_temperature,-0.1,,,,,15666566753435024262,paired_action_relative_l2,0.09970501810312271
combined,clean,clean/stack_blocks_three/episode_000030/0_447,stack_blocks_three,episode_000030,clean,,,,future_video,color_temperature,0.1,,,,,4205121641594680140,latent_residual_cosine,0.06636631488800049
combined,clean,clean/stack_blocks_three/episode_000030/0_447,stack_blocks_three,episode_000030,clean,,,,final_action,color_temperature,0.1,,,,,4205121641594680140,paired_action_relative_l2,0.020155007019639015
combined,clean,clean/stack_blocks_three/episode_000030/0_447,stack_blocks_three,episode_000030,clean,,,,future_video,gamma,0.8,,,,,12381315702077997941,latent_residual_cosine,0.026175737380981445
combined,clean,clean/stack_blocks_three/episode_000030/0_447,stack_blocks_three,episode_000030,clean,,,,final_action,gamma,0.8,,,,,12381315702077997941,paired_action_relative_l2,0.018896812573075294
combined,clean,clean/stack_blocks_three/episode_000030/0_447,stack_blocks_three,episode_000030,clean,,,,future_video,gamma,1.2,,,,,1479468069143235415,latent_residual_cosine,0.03760981559753418
combined,clean,clean/stack_blocks_three/episode_000030/0_447,stack_blocks_three,episode_000030,clean,,,,final_action,gamma,1.2,,,,,1479468069143235415,paired_action_relative_l2,0.007747984491288662
combined,clean,clean/stack_blocks_three/episode_000030/0_447,stack_blocks_three,episode_000030,clean,,,,future_video,gaussian_blur_sigma,0.5,,,,,11617124187135812490,latent_residual_cosine,0.020875275135040283
combined,clean,clean/stack_blocks_three/episode_000030/0_447,stack_blocks_three,episode_000030,clean,,,,final_action,gaussian_blur_sigma,0.5,,,,,11617124187135812490,paired_action_relative_l2,0.019482513889670372
combined,clean,clean/stack_blocks_three/episode_000030/0_447,stack_blocks_three,episode_000030,clean,,,,future_video,gaussian_blur_sigma,1.0,,,,,18440392788514194603,latent_residual_cosine,0.024983644485473633
combined,clean,clean/stack_blocks_three/episode_000030/0_447,stack_blocks_three,episode_000030,clean,,,,final_action,gaussian_blur_sigma,1.0,,,,,18440392788514194603,paired_action_relative_l2,0.01826762594282627
combined,clean,clean/stack_blocks_three/episode_000030/0_447,stack_blocks_three,episode_000030,clean,,,,future_video,gaussian_noise_std,0.01,,,,,318962294272706403,latent_residual_cosine,0.08058637380599976
combined,clean,clean/stack_blocks_three/episode_000030/0_447,stack_blocks_three,episode_000030,clean,,,,final_action,gaussian_noise_std,0.01,,,,,318962294272706403,paired_action_relative_l2,0.007273954804986715
combined,clean,clean/stack_blocks_three/episode_000030/0_447,stack_blocks_three,episode_000030,clean,,,,future_video,gaussian_noise_std,0.03,,,,,10916310403062362012,latent_residual_cosine,0.14414310455322266
combined,clean,clean/stack_blocks_three/episode_000030/0_447,stack_blocks_three,episode_000030,clean,,,,final_action,gaussian_noise_std,0.03,,,,,10916310403062362012,paired_action_relative_l2,0.00986060593277216
combined,clean,clean/stack_blocks_three/episode_000030/0_447,stack_blocks_three,episode_000030,clean,,,,future_video,identity,0.0,,,,,,latent_residual_cosine,-8.106231689453125e-06
combined,clean,clean/stack_blocks_three/episode_000030/0_447,stack_blocks_three,episode_000030,clean,,,,final_action,identity,0.0,,,,,,paired_action_relative_l2,0.0
combined,clean,clean/turn_switch/episode_000047/0_98,turn_switch,episode_000047,clean,,,,future_video,brightness,0.8,,,,,2894186492195837140,latent_residual_cosine,0.07965868711471558
combined,clean,clean/turn_switch/episode_000047/0_98,turn_switch,episode_000047,clean,,,,final_action,brightness,0.8,,,,,2894186492195837140,paired_action_relative_l2,0.013569300994277
combined,clean,clean/turn_switch/episode_000047/0_98,turn_switch,episode_000047,clean,,,,future_video,brightness,1.2,,,,,3109882623584244822,latent_residual_cosine,0.17320728302001953
combined,clean,clean/turn_switch/episode_000047/0_98,turn_switch,episode_000047,clean,,,,final_action,brightness,1.2,,,,,3109882623584244822,paired_action_relative_l2,0.020633922889828682
combined,clean,clean/turn_switch/episode_000047/0_98,turn_switch,episode_000047,clean,,,,future_video,color_temperature,-0.1,,,,,13981428570655036527,latent_residual_cosine,0.05711805820465088
combined,clean,clean/turn_switch/episode_000047/0_98,turn_switch,episode_000047,clean,,,,final_action,color_temperature,-0.1,,,,,13981428570655036527,paired_action_relative_l2,0.008907829411327839
combined,clean,clean/turn_switch/episode_000047/0_98,turn_switch,episode_000047,clean,,,,future_video,color_temperature,0.1,,,,,7431615385873627060,latent_residual_cosine,0.053458452224731445
combined,clean,clean/turn_switch/episode_000047/0_98,turn_switch,episode_000047,clean,,,,final_action,color_temperature,0.1,,,,,7431615385873627060,paired_action_relative_l2,0.006382129155099392
combined,clean,clean/turn_switch/episode_000047/0_98,turn_switch,episode_000047,clean,,,,future_video,gamma,0.8,,,,,8944454782225478405,latent_residual_cosine,0.006035804748535156
combined,clean,clean/turn_switch/episode_000047/0_98,turn_switch,episode_000047,clean,,,,final_action,gamma,0.8,,,,,8944454782225478405,paired_action_relative_l2,0.003869979176670313
combined,clean,clean/turn_switch/episode_000047/0_98,turn_switch,episode_000047,clean,,,,future_video,gamma,1.2,,,,,12775208076006040830,latent_residual_cosine,0.005093574523925781
combined,clean,clean/turn_switch/episode_000047/0_98,turn_switch,episode_000047,clean,,,,final_action,gamma,1.2,,,,,12775208076006040830,paired_action_relative_l2,0.003555315313860774
combined,clean,clean/turn_switch/episode_000047/0_98,turn_switch,episode_000047,clean,,,,future_video,gaussian_blur_sigma,0.5,,,,,17406867596367059733,latent_residual_cosine,0.0006129741668701172
combined,clean,clean/turn_switch/episode_000047/0_98,turn_switch,episode_000047,clean,,,,final_action,gaussian_blur_sigma,0.5,,,,,17406867596367059733,paired_action_relative_l2,0.002685060491785407
combined,clean,clean/turn_switch/episode_000047/0_98,turn_switch,episode_000047,clean,,,,future_video,gaussian_blur_sigma,1.0,,,,,1591302671540779324,latent_residual_cosine,0.005367875099182129
combined,clean,clean/turn_switch/episode_000047/0_98,turn_switch,episode_000047,clean,,,,final_action,gaussian_blur_sigma,1.0,,,,,1591302671540779324,paired_action_relative_l2,0.007108359131962061
combined,clean,clean/turn_switch/episode_000047/0_98,turn_switch,episode_000047,clean,,,,future_video,gaussian_noise_std,0.01,,,,,12285946054869263813,latent_residual_cosine,0.16275417804718018
combined,clean,clean/turn_switch/episode_000047/0_98,turn_switch,episode_000047,clean,,,,final_action,gaussian_noise_std,0.01,,,,,12285946054869263813,paired_action_relative_l2,0.011378271505236626
combined,clean,clean/turn_switch/episode_000047/0_98,turn_switch,episode_000047,clean,,,,future_video,gaussian_noise_std,0.03,,,,,11263194624413296043,latent_residual_cosine,0.2368963360786438
combined,clean,clean/turn_switch/episode_000047/0_98,turn_switch,episode_000047,clean,,,,final_action,gaussian_noise_std,0.03,,,,,11263194624413296043,paired_action_relative_l2,0.013298146426677704
combined,clean,clean/turn_switch/episode_000047/0_98,turn_switch,episode_000047,clean,,,,future_video,identity,0.0,,,,,,latent_residual_cosine,-6.318092346191406e-06
combined,clean,clean/turn_switch/episode_000047/0_98,turn_switch,episode_000047,clean,,,,final_action,identity,0.0,,,,,,paired_action_relative_l2,0.0
combined,contrastive,clean/adjust_bottle/episode_000044/0_139,adjust_bottle,episode_000044,clean,,,,future_video,brightness,0.8,,,,,13345697289178260558,latent_residual_cosine,0.1714223027229309
combined,contrastive,clean/adjust_bottle/episode_000044/0_139,adjust_bottle,episode_000044,clean,,,,final_action,brightness,0.8,,,,,13345697289178260558,paired_action_relative_l2,0.04385850206017494
combined,contrastive,clean/adjust_bottle/episode_000044/0_139,adjust_bottle,episode_000044,clean,,,,future_video,brightness,1.2,,,,,739887505226363588,latent_residual_cosine,0.3645592927932739
combined,contrastive,clean/adjust_bottle/episode_000044/0_139,adjust_bottle,episode_000044,clean,,,,final_action,brightness,1.2,,,,,739887505226363588,paired_action_relative_l2,0.10054650902748108
combined,contrastive,clean/adjust_bottle/episode_000044/0_139,adjust_bottle,episode_000044,clean,,,,future_video,color_temperature,-0.1,,,,,765584118789078213,latent_residual_cosine,0.10725623369216919
combined,contrastive,clean/adjust_bottle/episode_000044/0_139,adjust_bottle,episode_000044,clean,,,,final_action,color_temperature,-0.1,,,,,765584118789078213,paired_action_relative_l2,0.01178505178540945
combined,contrastive,clean/adjust_bottle/episode_000044/0_139,adjust_bottle,episode_000044,clean,,,,future_video,color_temperature,0.1,,,,,9775476510567872708,latent_residual_cosine,0.13380074501037598
combined,contrastive,clean/adjust_bottle/episode_000044/0_139,adjust_bottle,episode_000044,clean,,,,final_action,color_temperature,0.1,,,,,9775476510567872708,paired_action_relative_l2,0.03269030153751373
combined,contrastive,clean/adjust_bottle/episode_000044/0_139,adjust_bottle,episode_000044,clean,,,,future_video,gamma,0.8,,,,,18087504126169967844,latent_residual_cosine,0.01220548152923584
combined,contrastive,clean/adjust_bottle/episode_000044/0_139,adjust_bottle,episode_000044,clean,,,,final_action,gamma,0.8,,,,,18087504126169967844,paired_action_relative_l2,0.0038891981821507215
combined,contrastive,clean/adjust_bottle/episode_000044/0_139,adjust_bottle,episode_000044,clean,,,,future_video,gamma,1.2,,,,,6964187763139144458,latent_residual_cosine,0.17892307043075562
combined,contrastive,clean/adjust_bottle/episode_000044/0_139,adjust_bottle,episode_000044,clean,,,,final_action,gamma,1.2,,,,,6964187763139144458,paired_action_relative_l2,0.08724915981292725
combined,contrastive,clean/adjust_bottle/episode_000044/0_139,adjust_bottle,episode_000044,clean,,,,future_video,gaussian_blur_sigma,0.5,,,,,7670735354293000251,latent_residual_cosine,0.0022069811820983887
combined,contrastive,clean/adjust_bottle/episode_000044/0_139,adjust_bottle,episode_000044,clean,,,,final_action,gaussian_blur_sigma,0.5,,,,,7670735354293000251,paired_action_relative_l2,0.004017724189907312
combined,contrastive,clean/adjust_bottle/episode_000044/0_139,adjust_bottle,episode_000044,clean,,,,future_video,gaussian_blur_sigma,1.0,,,,,10294368508449037784,latent_residual_cosine,0.01987612247467041
combined,contrastive,clean/adjust_bottle/episode_000044/0_139,adjust_bottle,episode_000044,clean,,,,final_action,gaussian_blur_sigma,1.0,,,,,10294368508449037784,paired_action_relative_l2,0.005833437666296959
combined,contrastive,clean/adjust_bottle/episode_000044/0_139,adjust_bottle,episode_000044,clean,,,,future_video,gaussian_noise_std,0.01,,,,,11085467170365831463,latent_residual_cosine,0.2851141095161438
combined,contrastive,clean/adjust_bottle/episode_000044/0_139,adjust_bottle,episode_000044,clean,,,,final_action,gaussian_noise_std,0.01,,,,,11085467170365831463,paired_action_relative_l2,0.09037405997514725
combined,contrastive,clean/adjust_bottle/episode_000044/0_139,adjust_bottle,episode_000044,clean,,,,future_video,gaussian_noise_std,0.03,,,,,9801349385923051928,latent_residual_cosine,0.37990641593933105
combined,contrastive,clean/adjust_bottle/episode_000044/0_139,adjust_bottle,episode_000044,clean,,,,final_action,gaussian_noise_std,0.03,,,,,9801349385923051928,paired_action_relative_l2,0.09160829335451126
combined,contrastive,clean/adjust_bottle/episode_000044/0_139,adjust_bottle,episode_000044,clean,,,,future_video,identity,0.0,,,,,,latent_residual_cosine,-6.079673767089844e-06
combined,contrastive,clean/adjust_bottle/episode_000044/0_139,adjust_bottle,episode_000044,clean,,,,final_action,identity,0.0,,,,,,paired_action_relative_l2,0.0
combined,contrastive,clean/click_bell/episode_000027/0_74,click_bell,episode_000027,clean,,,,future_video,brightness,0.8,,,,,4321181102006504660,latent_residual_cosine,0.16067177057266235
combined,contrastive,clean/click_bell/episode_000027/0_74,click_bell,episode_000027,clean,,,,final_action,brightness,0.8,,,,,4321181102006504660,paired_action_relative_l2,0.01832490786910057
combined,contrastive,clean/click_bell/episode_000027/0_74,click_bell,episode_000027,clean,,,,future_video,brightness,1.2,,,,,4579322019718184357,latent_residual_cosine,0.17597860097885132
combined,contrastive,clean/click_bell/episode_000027/0_74,click_bell,episode_000027,clean,,,,final_action,brightness,1.2,,,,,4579322019718184357,paired_action_relative_l2,0.023358607664704323
combined,contrastive,clean/click_bell/episode_000027/0_74,click_bell,episode_000027,clean,,,,future_video,color_temperature,-0.1,,,,,15847343748376151180,latent_residual_cosine,0.15839636325836182
combined,contrastive,clean/click_bell/episode_000027/0_74,click_bell,episode_000027,clean,,,,final_action,color_temperature,-0.1,,,,,15847343748376151180,paired_action_relative_l2,0.008786614052951336
combined,contrastive,clean/click_bell/episode_000027/0_74,click_bell,episode_000027,clean,,,,future_video,color_temperature,0.1,,,,,875813543527471210,latent_residual_cosine,0.13393300771713257
combined,contrastive,clean/click_bell/episode_000027/0_74,click_bell,episode_000027,clean,,,,final_action,color_temperature,0.1,,,,,875813543527471210,paired_action_relative_l2,0.011160673573613167
combined,contrastive,clean/click_bell/episode_000027/0_74,click_bell,episode_000027,clean,,,,future_video,gamma,0.8,,,,,12912083535656245349,latent_residual_cosine,0.0064200758934021
combined,contrastive,clean/click_bell/episode_000027/0_74,click_bell,episode_000027,clean,,,,final_action,gamma,0.8,,,,,12912083535656245349,paired_action_relative_l2,0.0025676207151263952
combined,contrastive,clean/click_bell/episode_000027/0_74,click_bell,episode_000027,clean,,,,future_video,gamma,1.2,,,,,7766064385072394058,latent_residual_cosine,0.005173325538635254
combined,contrastive,clean/click_bell/episode_000027/0_74,click_bell,episode_000027,clean,,,,final_action,gamma,1.2,,,,,7766064385072394058,paired_action_relative_l2,0.002875045407563448
combined,contrastive,clean/click_bell/episode_000027/0_74,click_bell,episode_000027,clean,,,,future_video,gaussian_blur_sigma,0.5,,,,,11882852233486672599,latent_residual_cosine,0.0006051063537597656
combined,contrastive,clean/click_bell/episode_000027/0_74,click_bell,episode_000027,clean,,,,final_action,gaussian_blur_sigma,0.5,,,,,11882852233486672599,paired_action_relative_l2,0.002203753450885415
combined,contrastive,clean/click_bell/episode_000027/0_74,click_bell,episode_000027,clean,,,,future_video,gaussian_blur_sigma,1.0,,,,,1509286939569554835,latent_residual_cosine,0.003378748893737793
combined,contrastive,clean/click_bell/episode_000027/0_74,click_bell,episode_000027,clean,,,,final_action,gaussian_blur_sigma,1.0,,,,,1509286939569554835,paired_action_relative_l2,0.002614737255498767
combined,contrastive,clean/click_bell/episode_000027/0_74,click_bell,episode_000027,clean,,,,future_video,gaussian_noise_std,0.01,,,,,1529515671173550845,latent_residual_cosine,0.16835236549377441
combined,contrastive,clean/click_bell/episode_000027/0_74,click_bell,episode_000027,clean,,,,final_action,gaussian_noise_std,0.01,,,,,1529515671173550845,paired_action_relative_l2,0.007235736586153507
combined,contrastive,clean/click_bell/episode_000027/0_74,click_bell,episode_000027,clean,,,,future_video,gaussian_noise_std,0.03,,,,,9041917832208938192,latent_residual_cosine,0.2922291159629822
combined,contrastive,clean/click_bell/episode_000027/0_74,click_bell,episode_000027,clean,,,,final_action,gaussian_noise_std,0.03,,,,,9041917832208938192,paired_action_relative_l2,0.010167236439883709
combined,contrastive,clean/click_bell/episode_000027/0_74,click_bell,episode_000027,clean,,,,future_video,identity,0.0,,,,,,latent_residual_cosine,-6.556510925292969e-06
combined,contrastive,clean/click_bell/episode_000027/0_74,click_bell,episode_000027,clean,,,,final_action,identity,0.0,,,,,,paired_action_relative_l2,0.0
combined,contrastive,clean/lift_pot/episode_000036/0_122,lift_pot,episode_000036,clean,,,,future_video,brightness,0.8,,,,,13315783227415234401,latent_residual_cosine,0.09180790185928345
combined,contrastive,clean/lift_pot/episode_000036/0_122,lift_pot,episode_000036,clean,,,,final_action,brightness,0.8,,,,,13315783227415234401,paired_action_relative_l2,0.00889342837035656
combined,contrastive,clean/lift_pot/episode_000036/0_122,lift_pot,episode_000036,clean,,,,future_video,brightness,1.2,,,,,15651286266305293779,latent_residual_cosine,0.2071537971496582
combined,contrastive,clean/lift_pot/episode_000036/0_122,lift_pot,episode_000036,clean,,,,final_action,brightness,1.2,,,,,15651286266305293779,paired_action_relative_l2,0.05530615523457527
combined,contrastive,clean/lift_pot/episode_000036/0_122,lift_pot,episode_000036,clean,,,,future_video,color_temperature,-0.1,,,,,1999528552783382123,latent_residual_cosine,0.1057443618774414
combined,contrastive,clean/lift_pot/episode_000036/0_122,lift_pot,episode_000036,clean,,,,final_action,color_temperature,-0.1,,,,,1999528552783382123,paired_action_relative_l2,0.006882356479763985
combined,contrastive,clean/lift_pot/episode_000036/0_122,lift_pot,episode_000036,clean,,,,future_video,color_temperature,0.1,,,,,10177751091444056485,latent_residual_cosine,0.10986244678497314
combined,contrastive,clean/lift_pot/episode_000036/0_122,lift_pot,episode_000036,clean,,,,final_action,color_temperature,0.1,,,,,10177751091444056485,paired_action_relative_l2,0.007360071875154972
combined,contrastive,clean/lift_pot/episode_000036/0_122,lift_pot,episode_000036,clean,,,,future_video,gamma,0.8,,,,,6353452328526041640,latent_residual_cosine,0.007132411003112793
combined,contrastive,clean/lift_pot/episode_000036/0_122,lift_pot,episode_000036,clean,,,,final_action,gamma,0.8,,,,,6353452328526041640,paired_action_relative_l2,0.003624333767220378
combined,contrastive,clean/lift_pot/episode_000036/0_122,lift_pot,episode_000036,clean,,,,future_video,gamma,1.2,,,,,6842099030399889944,latent_residual_cosine,0.006411850452423096
combined,contrastive,clean/lift_pot/episode_000036/0_122,lift_pot,episode_000036,clean,,,,final_action,gamma,1.2,,,,,6842099030399889944,paired_action_relative_l2,0.002692806301638484
combined,contrastive,clean/lift_pot/episode_000036/0_122,lift_pot,episode_000036,clean,,,,future_video,gaussian_blur_sigma,0.5,,,,,2411143882443501827,latent_residual_cosine,0.000838160514831543
combined,contrastive,clean/lift_pot/episode_000036/0_122,lift_pot,episode_000036,clean,,,,final_action,gaussian_blur_sigma,0.5,,,,,2411143882443501827,paired_action_relative_l2,0.0030423554126173258
combined,contrastive,clean/lift_pot/episode_000036/0_122,lift_pot,episode_000036,clean,,,,future_video,gaussian_blur_sigma,1.0,,,,,3972136155124481923,latent_residual_cosine,0.005318164825439453
combined,contrastive,clean/lift_pot/episode_000036/0_122,lift_pot,episode_000036,clean,,,,final_action,gaussian_blur_sigma,1.0,,,,,3972136155124481923,paired_action_relative_l2,0.0038532125763595104
combined,contrastive,clean/lift_pot/episode_000036/0_122,lift_pot,episode_000036,clean,,,,future_video,gaussian_noise_std,0.01,,,,,16131106979869811596,latent_residual_cosine,0.1557350754737854
combined,contrastive,clean/lift_pot/episode_000036/0_122,lift_pot,episode_000036,clean,,,,final_action,gaussian_noise_std,0.01,,,,,16131106979869811596,paired_action_relative_l2,0.0066391960717737675
combined,contrastive,clean/lift_pot/episode_000036/0_122,lift_pot,episode_000036,clean,,,,future_video,gaussian_noise_std,0.03,,,,,7993565358138601669,latent_residual_cosine,0.26667189598083496
combined,contrastive,clean/lift_pot/episode_000036/0_122,lift_pot,episode_000036,clean,,,,final_action,gaussian_noise_std,0.03,,,,,7993565358138601669,paired_action_relative_l2,0.008715334348380566
combined,contrastive,clean/lift_pot/episode_000036/0_122,lift_pot,episode_000036,clean,,,,future_video,identity,0.0,,,,,,latent_residual_cosine,-6.4373016357421875e-06
combined,contrastive,clean/lift_pot/episode_000036/0_122,lift_pot,episode_000036,clean,,,,final_action,identity,0.0,,,,,,paired_action_relative_l2,0.0
combined,contrastive,clean/open_laptop/episode_000017/0_259,open_laptop,episode_000017,clean,,,,future_video,brightness,0.8,,,,,6363183859096379563,latent_residual_cosine,0.10663789510726929
combined,contrastive,clean/open_laptop/episode_000017/0_259,open_laptop,episode_000017,clean,,,,final_action,brightness,0.8,,,,,6363183859096379563,paired_action_relative_l2,0.015645712614059448
combined,contrastive,clean/open_laptop/episode_000017/0_259,open_laptop,episode_000017,clean,,,,future_video,brightness,1.2,,,,,8273599013752022625,latent_residual_cosine,0.2091982364654541
combined,contrastive,clean/open_laptop/episode_000017/0_259,open_laptop,episode_000017,clean,,,,final_action,brightness,1.2,,,,,8273599013752022625,paired_action_relative_l2,0.032705772668123245
combined,contrastive,clean/open_laptop/episode_000017/0_259,open_laptop,episode_000017,clean,,,,future_video,color_temperature,-0.1,,,,,9493224626905139523,latent_residual_cosine,0.14139324426651
combined,contrastive,clean/open_laptop/episode_000017/0_259,open_laptop,episode_000017,clean,,,,final_action,color_temperature,-0.1,,,,,9493224626905139523,paired_action_relative_l2,0.029785597696900368
combined,contrastive,clean/open_laptop/episode_000017/0_259,open_laptop,episode_000017,clean,,,,future_video,color_temperature,0.1,,,,,7048629151097827844,latent_residual_cosine,0.11423283815383911
combined,contrastive,clean/open_laptop/episode_000017/0_259,open_laptop,episode_000017,clean,,,,final_action,color_temperature,0.1,,,,,7048629151097827844,paired_action_relative_l2,0.008412027731537819
combined,contrastive,clean/open_laptop/episode_000017/0_259,open_laptop,episode_000017,clean,,,,future_video,gamma,0.8,,,,,7226520160564033134,latent_residual_cosine,0.014950931072235107
combined,contrastive,clean/open_laptop/episode_000017/0_259,open_laptop,episode_000017,clean,,,,final_action,gamma,0.8,,,,,7226520160564033134,paired_action_relative_l2,0.006460340227931738
combined,contrastive,clean/open_laptop/episode_000017/0_259,open_laptop,episode_000017,clean,,,,future_video,gamma,1.2,,,,,7506362244356574538,latent_residual_cosine,0.09693914651870728
combined,contrastive,clean/open_laptop/episode_000017/0_259,open_laptop,episode_000017,clean,,,,final_action,gamma,1.2,,,,,7506362244356574538,paired_action_relative_l2,0.03826368972659111
combined,contrastive,clean/open_laptop/episode_000017/0_259,open_laptop,episode_000017,clean,,,,future_video,gaussian_blur_sigma,0.5,,,,,11522972830486069944,latent_residual_cosine,0.0008467435836791992
combined,contrastive,clean/open_laptop/episode_000017/0_259,open_laptop,episode_000017,clean,,,,final_action,gaussian_blur_sigma,0.5,,,,,11522972830486069944,paired_action_relative_l2,0.0022931338753551245
combined,contrastive,clean/open_laptop/episode_000017/0_259,open_laptop,episode_000017,clean,,,,future_video,gaussian_blur_sigma,1.0,,,,,5150731217846411408,latent_residual_cosine,0.01045083999633789
combined,contrastive,clean/open_laptop/episode_000017/0_259,open_laptop,episode_000017,clean,,,,final_action,gaussian_blur_sigma,1.0,,,,,5150731217846411408,paired_action_relative_l2,0.00585051067173481
combined,contrastive,clean/open_laptop/episode_000017/0_259,open_laptop,episode_000017,clean,,,,future_video,gaussian_noise_std,0.01,,,,,17330233380254975681,latent_residual_cosine,0.2334854006767273
combined,contrastive,clean/open_laptop/episode_000017/0_259,open_laptop,episode_000017,clean,,,,final_action,gaussian_noise_std,0.01,,,,,17330233380254975681,paired_action_relative_l2,0.0390675812959671
combined,contrastive,clean/open_laptop/episode_000017/0_259,open_laptop,episode_000017,clean,,,,future_video,gaussian_noise_std,0.03,,,,,995166590417925671,latent_residual_cosine,0.2788773775100708
combined,contrastive,clean/open_laptop/episode_000017/0_259,open_laptop,episode_000017,clean,,,,final_action,gaussian_noise_std,0.03,,,,,995166590417925671,paired_action_relative_l2,0.01287052407860756
combined,contrastive,clean/open_laptop/episode_000017/0_259,open_laptop,episode_000017,clean,,,,future_video,identity,0.0,,,,,,latent_residual_cosine,-4.410743713378906e-06
combined,contrastive,clean/open_laptop/episode_000017/0_259,open_laptop,episode_000017,clean,,,,final_action,identity,0.0,,,,,,paired_action_relative_l2,0.0
combined,contrastive,clean/place_bread_basket/episode_000044/0_226,place_bread_basket,episode_000044,clean,,,,future_video,brightness,0.8,,,,,16637397944084601428,latent_residual_cosine,0.11269116401672363
combined,contrastive,clean/place_bread_basket/episode_000044/0_226,place_bread_basket,episode_000044,clean,,,,final_action,brightness,0.8,,,,,16637397944084601428,paired_action_relative_l2,0.02016451396048069
combined,contrastive,clean/place_bread_basket/episode_000044/0_226,place_bread_basket,episode_000044,clean,,,,future_video,brightness,1.2,,,,,6069960733776850870,latent_residual_cosine,0.22978079319000244
combined,contrastive,clean/place_bread_basket/episode_000044/0_226,place_bread_basket,episode_000044,clean,,,,final_action,brightness,1.2,,,,,6069960733776850870,paired_action_relative_l2,0.07661209255456924
combined,contrastive,clean/place_bread_basket/episode_000044/0_226,place_bread_basket,episode_000044,clean,,,,future_video,color_temperature,-0.1,,,,,211013147244849259,latent_residual_cosine,0.09878075122833252
combined,contrastive,clean/place_bread_basket/episode_000044/0_226,place_bread_basket,episode_000044,clean,,,,final_action,color_temperature,-0.1,,,,,211013147244849259,paired_action_relative_l2,0.011756135150790215
combined,contrastive,clean/place_bread_basket/episode_000044/0_226,place_bread_basket,episode_000044,clean,,,,future_video,color_temperature,0.1,,,,,1436178128472113803,latent_residual_cosine,0.06961709260940552
combined,contrastive,clean/place_bread_basket/episode_000044/0_226,place_bread_basket,episode_000044,clean,,,,final_action,color_temperature,0.1,,,,,1436178128472113803,paired_action_relative_l2,0.011853278614580631
combined,contrastive,clean/place_bread_basket/episode_000044/0_226,place_bread_basket,episode_000044,clean,,,,future_video,gamma,0.8,,,,,8532596611837617652,latent_residual_cosine,0.004628777503967285
combined,contrastive,clean/place_bread_basket/episode_000044/0_226,place_bread_basket,episode_000044,clean,,,,final_action,gamma,0.8,,,,,8532596611837617652,paired_action_relative_l2,0.004434332717210054
combined,contrastive,clean/place_bread_basket/episode_000044/0_226,place_bread_basket,episode_000044,clean,,,,future_video,gamma,1.2,,,,,5885103556919493703,latent_residual_cosine,0.009286880493164062
combined,contrastive,clean/place_bread_basket/episode_000044/0_226,place_bread_basket,episode_000044,clean,,,,final_action,gamma,1.2,,,,,5885103556919493703,paired_action_relative_l2,0.004140669945627451
combined,contrastive,clean/place_bread_basket/episode_000044/0_226,place_bread_basket,episode_000044,clean,,,,future_video,gaussian_blur_sigma,0.5,,,,,18322585329891979128,latent_residual_cosine,0.0019452571868896484
combined,contrastive,clean/place_bread_basket/episode_000044/0_226,place_bread_basket,episode_000044,clean,,,,final_action,gaussian_blur_sigma,0.5,,,,,18322585329891979128,paired_action_relative_l2,0.0025841044262051582
combined,contrastive,clean/place_bread_basket/episode_000044/0_226,place_bread_basket,episode_000044,clean,,,,future_video,gaussian_blur_sigma,1.0,,,,,1464129816195477027,latent_residual_cosine,0.024267733097076416
combined,contrastive,clean/place_bread_basket/episode_000044/0_226,place_bread_basket,episode_000044,clean,,,,final_action,gaussian_blur_sigma,1.0,,,,,1464129816195477027,paired_action_relative_l2,0.007266586646437645
combined,contrastive,clean/place_bread_basket/episode_000044/0_226,place_bread_basket,episode_000044,clean,,,,future_video,gaussian_noise_std,0.01,,,,,3952513492836151882,latent_residual_cosine,0.10317873954772949
combined,contrastive,clean/place_bread_basket/episode_000044/0_226,place_bread_basket,episode_000044,clean,,,,final_action,gaussian_noise_std,0.01,,,,,3952513492836151882,paired_action_relative_l2,0.0063695237040519714
combined,contrastive,clean/place_bread_basket/episode_000044/0_226,place_bread_basket,episode_000044,clean,,,,future_video,gaussian_noise_std,0.03,,,,,15908044863109304790,latent_residual_cosine,0.19559472799301147
combined,contrastive,clean/place_bread_basket/episode_000044/0_226,place_bread_basket,episode_000044,clean,,,,final_action,gaussian_noise_std,0.03,,,,,15908044863109304790,paired_action_relative_l2,0.009935113601386547
combined,contrastive,clean/place_bread_basket/episode_000044/0_226,place_bread_basket,episode_000044,clean,,,,future_video,identity,0.0,,,,,,latent_residual_cosine,-5.7220458984375e-06
combined,contrastive,clean/place_bread_basket/episode_000044/0_226,place_bread_basket,episode_000044,clean,,,,final_action,identity,0.0,,,,,,paired_action_relative_l2,0.0
combined,contrastive,clean/place_container_plate/episode_000033/0_156,place_container_plate,episode_000033,clean,,,,future_video,brightness,0.8,,,,,5715733209496895161,latent_residual_cosine,0.1538863182067871
combined,contrastive,clean/place_container_plate/episode_000033/0_156,place_container_plate,episode_000033,clean,,,,final_action,brightness,0.8,,,,,5715733209496895161,paired_action_relative_l2,0.022130705416202545
combined,contrastive,clean/place_container_plate/episode_000033/0_156,place_container_plate,episode_000033,clean,,,,future_video,brightness,1.2,,,,,13427404499493453440,latent_residual_cosine,0.26656633615493774
combined,contrastive,clean/place_container_plate/episode_000033/0_156,place_container_plate,episode_000033,clean,,,,final_action,brightness,1.2,,,,,13427404499493453440,paired_action_relative_l2,0.038395900279283524
combined,contrastive,clean/place_container_plate/episode_000033/0_156,place_container_plate,episode_000033,clean,,,,future_video,color_temperature,-0.1,,,,,12370919830759711870,latent_residual_cosine,0.1251908540725708
combined,contrastive,clean/place_container_plate/episode_000033/0_156,place_container_plate,episode_000033,clean,,,,final_action,color_temperature,-0.1,,,,,12370919830759711870,paired_action_relative_l2,0.018892493098974228
combined,contrastive,clean/place_container_plate/episode_000033/0_156,place_container_plate,episode_000033,clean,,,,future_video,color_temperature,0.1,,,,,3059941478060558768,latent_residual_cosine,0.10067152976989746
combined,contrastive,clean/place_container_plate/episode_000033/0_156,place_container_plate,episode_000033,clean,,,,final_action,color_temperature,0.1,,,,,3059941478060558768,paired_action_relative_l2,0.013962654396891594
combined,contrastive,clean/place_container_plate/episode_000033/0_156,place_container_plate,episode_000033,clean,,,,future_video,gamma,0.8,,,,,6224378030923556313,latent_residual_cosine,0.006322085857391357
combined,contrastive,clean/place_container_plate/episode_000033/0_156,place_container_plate,episode_000033,clean,,,,final_action,gamma,0.8,,,,,6224378030923556313,paired_action_relative_l2,0.0034062545746564865
combined,contrastive,clean/place_container_plate/episode_000033/0_156,place_container_plate,episode_000033,clean,,,,future_video,gamma,1.2,,,,,906277563794249191,latent_residual_cosine,0.010809898376464844
combined,contrastive,clean/place_container_plate/episode_000033/0_156,place_container_plate,episode_000033,clean,,,,final_action,gamma,1.2,,,,,906277563794249191,paired_action_relative_l2,0.005342756863683462
combined,contrastive,clean/place_container_plate/episode_000033/0_156,place_container_plate,episode_000033,clean,,,,future_video,gaussian_blur_sigma,0.5,,,,,13687891846825993847,latent_residual_cosine,0.0008268356323242188
combined,contrastive,clean/place_container_plate/episode_000033/0_156,place_container_plate,episode_000033,clean,,,,final_action,gaussian_blur_sigma,0.5,,,,,13687891846825993847,paired_action_relative_l2,0.0033371946774423122
combined,contrastive,clean/place_container_plate/episode_000033/0_156,place_container_plate,episode_000033,clean,,,,future_video,gaussian_blur_sigma,1.0,,,,,12185843836051114294,latent_residual_cosine,0.02970588207244873
combined,contrastive,clean/place_container_plate/episode_000033/0_156,place_container_plate,episode_000033,clean,,,,final_action,gaussian_blur_sigma,1.0,,,,,12185843836051114294,paired_action_relative_l2,0.011321116238832474
combined,contrastive,clean/place_container_plate/episode_000033/0_156,place_container_plate,episode_000033,clean,,,,future_video,gaussian_noise_std,0.01,,,,,17679738631140918171,latent_residual_cosine,0.13931065797805786
combined,contrastive,clean/place_container_plate/episode_000033/0_156,place_container_plate,episode_000033,clean,,,,final_action,gaussian_noise_std,0.01,,,,,17679738631140918171,paired_action_relative_l2,0.007171938195824623
combined,contrastive,clean/place_container_plate/episode_000033/0_156,place_container_plate,episode_000033,clean,,,,future_video,gaussian_noise_std,0.03,,,,,13013057233012687563,latent_residual_cosine,0.2521709203720093
combined,contrastive,clean/place_container_plate/episode_000033/0_156,place_container_plate,episode_000033,clean,,,,final_action,gaussian_noise_std,0.03,,,,,13013057233012687563,paired_action_relative_l2,0.008945913054049015
combined,contrastive,clean/place_container_plate/episode_000033/0_156,place_container_plate,episode_000033,clean,,,,future_video,identity,0.0,,,,,,latent_residual_cosine,-7.62939453125e-06
combined,contrastive,clean/place_container_plate/episode_000033/0_156,place_container_plate,episode_000033,clean,,,,final_action,identity,0.0,,,,,,paired_action_relative_l2,0.0
combined,contrastive,clean/place_object_scale/episode_000016/0_141,place_object_scale,episode_000016,clean,,,,future_video,brightness,0.8,,,,,8128353529252831070,latent_residual_cosine,0.1543940305709839
combined,contrastive,clean/place_object_scale/episode_000016/0_141,place_object_scale,episode_000016,clean,,,,final_action,brightness,0.8,,,,,8128353529252831070,paired_action_relative_l2,0.028273042291402817
combined,contrastive,clean/place_object_scale/episode_000016/0_141,place_object_scale,episode_000016,clean,,,,future_video,brightness,1.2,,,,,5451139221587725941,latent_residual_cosine,0.24634891748428345
combined,contrastive,clean/place_object_scale/episode_000016/0_141,place_object_scale,episode_000016,clean,,,,final_action,brightness,1.2,,,,,5451139221587725941,paired_action_relative_l2,0.055970560759305954
combined,contrastive,clean/place_object_scale/episode_000016/0_141,place_object_scale,episode_000016,clean,,,,future_video,color_temperature,-0.1,,,,,11771800898474785723,latent_residual_cosine,0.1285400390625
combined,contrastive,clean/place_object_scale/episode_000016/0_141,place_object_scale,episode_000016,clean,,,,final_action,color_temperature,-0.1,,,,,11771800898474785723,paired_action_relative_l2,0.017138492316007614
combined,contrastive,clean/place_object_scale/episode_000016/0_141,place_object_scale,episode_000016,clean,,,,future_video,color_temperature,0.1,,,,,7887944890558736340,latent_residual_cosine,0.1687067747116089
combined,contrastive,clean/place_object_scale/episode_000016/0_141,place_object_scale,episode_000016,clean,,,,final_action,color_temperature,0.1,,,,,7887944890558736340,paired_action_relative_l2,0.013110179454088211
combined,contrastive,clean/place_object_scale/episode_000016/0_141,place_object_scale,episode_000016,clean,,,,future_video,gamma,0.8,,,,,3987445913070418313,latent_residual_cosine,0.005835056304931641
combined,contrastive,clean/place_object_scale/episode_000016/0_141,place_object_scale,episode_000016,clean,,,,final_action,gamma,0.8,,,,,3987445913070418313,paired_action_relative_l2,0.00419319374486804
combined,contrastive,clean/place_object_scale/episode_000016/0_141,place_object_scale,episode_000016,clean,,,,future_video,gamma,1.2,,,,,18267793042838073310,latent_residual_cosine,0.007148265838623047
combined,contrastive,clean/place_object_scale/episode_000016/0_141,place_object_scale,episode_000016,clean,,,,final_action,gamma,1.2,,,,,18267793042838073310,paired_action_relative_l2,0.0038328752852976322
combined,contrastive,clean/place_object_scale/episode_000016/0_141,place_object_scale,episode_000016,clean,,,,future_video,gaussian_blur_sigma,0.5,,,,,13820347193606331437,latent_residual_cosine,0.0009179115295410156
combined,contrastive,clean/place_object_scale/episode_000016/0_141,place_object_scale,episode_000016,clean,,,,final_action,gaussian_blur_sigma,0.5,,,,,13820347193606331437,paired_action_relative_l2,0.0024030227214097977
combined,contrastive,clean/place_object_scale/episode_000016/0_141,place_object_scale,episode_000016,clean,,,,future_video,gaussian_blur_sigma,1.0,,,,,6730551116110810124,latent_residual_cosine,0.10339486598968506
combined,contrastive,clean/place_object_scale/episode_000016/0_141,place_object_scale,episode_000016,clean,,,,final_action,gaussian_blur_sigma,1.0,,,,,6730551116110810124,paired_action_relative_l2,0.023246238008141518
combined,contrastive,clean/place_object_scale/episode_000016/0_141,place_object_scale,episode_000016,clean,,,,future_video,gaussian_noise_std,0.01,,,,,13857880200663423716,latent_residual_cosine,0.16095608472824097
combined,contrastive,clean/place_object_scale/episode_000016/0_141,place_object_scale,episode_000016,clean,,,,final_action,gaussian_noise_std,0.01,,,,,13857880200663423716,paired_action_relative_l2,0.010419805534183979
combined,contrastive,clean/place_object_scale/episode_000016/0_141,place_object_scale,episode_000016,clean,,,,future_video,gaussian_noise_std,0.03,,,,,14331452601550878469,latent_residual_cosine,0.26235663890838623
combined,contrastive,clean/place_object_scale/episode_000016/0_141,place_object_scale,episode_000016,clean,,,,final_action,gaussian_noise_std,0.03,,,,,14331452601550878469,paired_action_relative_l2,0.012158682569861412
combined,contrastive,clean/place_object_scale/episode_000016/0_141,place_object_scale,episode_000016,clean,,,,future_video,identity,0.0,,,,,,latent_residual_cosine,-7.3909759521484375e-06
combined,contrastive,clean/place_object_scale/episode_000016/0_141,place_object_scale,episode_000016,clean,,,,final_action,identity,0.0,,,,,,paired_action_relative_l2,0.0
combined,contrastive,clean/put_bottles_dustbin/episode_000006/0_549,put_bottles_dustbin,episode_000006,clean,,,,future_video,brightness,0.8,,,,,1394009349984855089,latent_residual_cosine,0.1047736406326294
combined,contrastive,clean/put_bottles_dustbin/episode_000006/0_549,put_bottles_dustbin,episode_000006,clean,,,,final_action,brightness,0.8,,,,,1394009349984855089,paired_action_relative_l2,0.028041474521160126
combined,contrastive,clean/put_bottles_dustbin/episode_000006/0_549,put_bottles_dustbin,episode_000006,clean,,,,future_video,brightness,1.2,,,,,8114302215028719186,latent_residual_cosine,0.19594275951385498
combined,contrastive,clean/put_bottles_dustbin/episode_000006/0_549,put_bottles_dustbin,episode_000006,clean,,,,final_action,brightness,1.2,,,,,8114302215028719186,paired_action_relative_l2,0.037622205913066864
combined,contrastive,clean/put_bottles_dustbin/episode_000006/0_549,put_bottles_dustbin,episode_000006,clean,,,,future_video,color_temperature,-0.1,,,,,14816179961873656132,latent_residual_cosine,0.08555728197097778
combined,contrastive,clean/put_bottles_dustbin/episode_000006/0_549,put_bottles_dustbin,episode_000006,clean,,,,final_action,color_temperature,-0.1,,,,,14816179961873656132,paired_action_relative_l2,0.032256171107292175
combined,contrastive,clean/put_bottles_dustbin/episode_000006/0_549,put_bottles_dustbin,episode_000006,clean,,,,future_video,color_temperature,0.1,,,,,14578194793345110634,latent_residual_cosine,0.16534322500228882
combined,contrastive,clean/put_bottles_dustbin/episode_000006/0_549,put_bottles_dustbin,episode_000006,clean,,,,final_action,color_temperature,0.1,,,,,14578194793345110634,paired_action_relative_l2,0.032008640468120575
combined,contrastive,clean/put_bottles_dustbin/episode_000006/0_549,put_bottles_dustbin,episode_000006,clean,,,,future_video,gamma,0.8,,,,,16933093666737702996,latent_residual_cosine,0.050750017166137695
combined,contrastive,clean/put_bottles_dustbin/episode_000006/0_549,put_bottles_dustbin,episode_000006,clean,,,,final_action,gamma,0.8,,,,,16933093666737702996,paired_action_relative_l2,0.017851131036877632
combined,contrastive,clean/put_bottles_dustbin/episode_000006/0_549,put_bottles_dustbin,episode_000006,clean,,,,future_video,gamma,1.2,,,,,12625001604940726536,latent_residual_cosine,0.11644876003265381
combined,contrastive,clean/put_bottles_dustbin/episode_000006/0_549,put_bottles_dustbin,episode_000006,clean,,,,final_action,gamma,1.2,,,,,12625001604940726536,paired_action_relative_l2,0.028119055554270744
combined,contrastive,clean/put_bottles_dustbin/episode_000006/0_549,put_bottles_dustbin,episode_000006,clean,,,,future_video,gaussian_blur_sigma,0.5,,,,,12482998238198523405,latent_residual_cosine,0.010579109191894531
combined,contrastive,clean/put_bottles_dustbin/episode_000006/0_549,put_bottles_dustbin,episode_000006,clean,,,,final_action,gaussian_blur_sigma,0.5,,,,,12482998238198523405,paired_action_relative_l2,0.010199157521128654
combined,contrastive,clean/put_bottles_dustbin/episode_000006/0_549,put_bottles_dustbin,episode_000006,clean,,,,future_video,gaussian_blur_sigma,1.0,,,,,2603120455614262532,latent_residual_cosine,0.07560133934020996
combined,contrastive,clean/put_bottles_dustbin/episode_000006/0_549,put_bottles_dustbin,episode_000006,clean,,,,final_action,gaussian_blur_sigma,1.0,,,,,2603120455614262532,paired_action_relative_l2,0.019540682435035706
combined,contrastive,clean/put_bottles_dustbin/episode_000006/0_549,put_bottles_dustbin,episode_000006,clean,,,,future_video,gaussian_noise_std,0.01,,,,,9490953497224402498,latent_residual_cosine,0.2693992853164673
combined,contrastive,clean/put_bottles_dustbin/episode_000006/0_549,put_bottles_dustbin,episode_000006,clean,,,,final_action,gaussian_noise_std,0.01,,,,,9490953497224402498,paired_action_relative_l2,0.043539922684431076
combined,contrastive,clean/put_bottles_dustbin/episode_000006/0_549,put_bottles_dustbin,episode_000006,clean,,,,future_video,gaussian_noise_std,0.03,,,,,16403314817068746778,latent_residual_cosine,0.32918262481689453
combined,contrastive,clean/put_bottles_dustbin/episode_000006/0_549,put_bottles_dustbin,episode_000006,clean,,,,final_action,gaussian_noise_std,0.03,,,,,16403314817068746778,paired_action_relative_l2,0.04539318382740021
combined,contrastive,clean/put_bottles_dustbin/episode_000006/0_549,put_bottles_dustbin,episode_000006,clean,,,,future_video,identity,0.0,,,,,,latent_residual_cosine,-7.867813110351562e-06
combined,contrastive,clean/put_bottles_dustbin/episode_000006/0_549,put_bottles_dustbin,episode_000006,clean,,,,final_action,identity,0.0,,,,,,paired_action_relative_l2,0.0
combined,contrastive,clean/stack_blocks_three/episode_000030/0_447,stack_blocks_three,episode_000030,clean,,,,future_video,brightness,0.8,,,,,14740558125330130023,latent_residual_cosine,0.18323266506195068
combined,contrastive,clean/stack_blocks_three/episode_000030/0_447,stack_blocks_three,episode_000030,clean,,,,final_action,brightness,0.8,,,,,14740558125330130023,paired_action_relative_l2,0.02453186735510826
combined,contrastive,clean/stack_blocks_three/episode_000030/0_447,stack_blocks_three,episode_000030,clean,,,,future_video,brightness,1.2,,,,,9830554915469431070,latent_residual_cosine,0.38056695461273193
combined,contrastive,clean/stack_blocks_three/episode_000030/0_447,stack_blocks_three,episode_000030,clean,,,,final_action,brightness,1.2,,,,,9830554915469431070,paired_action_relative_l2,0.20665718615055084
combined,contrastive,clean/stack_blocks_three/episode_000030/0_447,stack_blocks_three,episode_000030,clean,,,,future_video,color_temperature,-0.1,,,,,15666566753435024262,latent_residual_cosine,0.18101763725280762
combined,contrastive,clean/stack_blocks_three/episode_000030/0_447,stack_blocks_three,episode_000030,clean,,,,final_action,color_temperature,-0.1,,,,,15666566753435024262,paired_action_relative_l2,0.027021562680602074
combined,contrastive,clean/stack_blocks_three/episode_000030/0_447,stack_blocks_three,episode_000030,clean,,,,future_video,color_temperature,0.1,,,,,4205121641594680140,latent_residual_cosine,0.12693071365356445
combined,contrastive,clean/stack_blocks_three/episode_000030/0_447,stack_blocks_three,episode_000030,clean,,,,final_action,color_temperature,0.1,,,,,4205121641594680140,paired_action_relative_l2,0.022169148549437523
combined,contrastive,clean/stack_blocks_three/episode_000030/0_447,stack_blocks_three,episode_000030,clean,,,,future_video,gamma,0.8,,,,,12381315702077997941,latent_residual_cosine,0.004416942596435547
combined,contrastive,clean/stack_blocks_three/episode_000030/0_447,stack_blocks_three,episode_000030,clean,,,,final_action,gamma,0.8,,,,,12381315702077997941,paired_action_relative_l2,0.004456642083823681
combined,contrastive,clean/stack_blocks_three/episode_000030/0_447,stack_blocks_three,episode_000030,clean,,,,future_video,gamma,1.2,,,,,1479468069143235415,latent_residual_cosine,0.006769537925720215
combined,contrastive,clean/stack_blocks_three/episode_000030/0_447,stack_blocks_three,episode_000030,clean,,,,final_action,gamma,1.2,,,,,1479468069143235415,paired_action_relative_l2,0.005920874420553446
combined,contrastive,clean/stack_blocks_three/episode_000030/0_447,stack_blocks_three,episode_000030,clean,,,,future_video,gaussian_blur_sigma,0.5,,,,,11617124187135812490,latent_residual_cosine,0.010205566883087158
combined,contrastive,clean/stack_blocks_three/episode_000030/0_447,stack_blocks_three,episode_000030,clean,,,,final_action,gaussian_blur_sigma,0.5,,,,,11617124187135812490,paired_action_relative_l2,0.012942478060722351
combined,contrastive,clean/stack_blocks_three/episode_000030/0_447,stack_blocks_three,episode_000030,clean,,,,future_video,gaussian_blur_sigma,1.0,,,,,18440392788514194603,latent_residual_cosine,0.0036450624465942383
combined,contrastive,clean/stack_blocks_three/episode_000030/0_447,stack_blocks_three,episode_000030,clean,,,,final_action,gaussian_blur_sigma,1.0,,,,,18440392788514194603,paired_action_relative_l2,0.002985082333907485
combined,contrastive,clean/stack_blocks_three/episode_000030/0_447,stack_blocks_three,episode_000030,clean,,,,future_video,gaussian_noise_std,0.01,,,,,318962294272706403,latent_residual_cosine,0.2282789945602417
combined,contrastive,clean/stack_blocks_three/episode_000030/0_447,stack_blocks_three,episode_000030,clean,,,,final_action,gaussian_noise_std,0.01,,,,,318962294272706403,paired_action_relative_l2,0.025214267894625664
combined,contrastive,clean/stack_blocks_three/episode_000030/0_447,stack_blocks_three,episode_000030,clean,,,,future_video,gaussian_noise_std,0.03,,,,,10916310403062362012,latent_residual_cosine,0.3150656223297119
combined,contrastive,clean/stack_blocks_three/episode_000030/0_447,stack_blocks_three,episode_000030,clean,,,,final_action,gaussian_noise_std,0.03,,,,,10916310403062362012,paired_action_relative_l2,0.02797369845211506
combined,contrastive,clean/stack_blocks_three/episode_000030/0_447,stack_blocks_three,episode_000030,clean,,,,future_video,identity,0.0,,,,,,latent_residual_cosine,-6.198883056640625e-06
combined,contrastive,clean/stack_blocks_three/episode_000030/0_447,stack_blocks_three,episode_000030,clean,,,,final_action,identity,0.0,,,,,,paired_action_relative_l2,0.0
combined,contrastive,clean/turn_switch/episode_000047/0_98,turn_switch,episode_000047,clean,,,,future_video,brightness,0.8,,,,,2894186492195837140,latent_residual_cosine,0.12763381004333496
combined,contrastive,clean/turn_switch/episode_000047/0_98,turn_switch,episode_000047,clean,,,,final_action,brightness,0.8,,,,,2894186492195837140,paired_action_relative_l2,0.0071312482468783855
combined,contrastive,clean/turn_switch/episode_000047/0_98,turn_switch,episode_000047,clean,,,,future_video,brightness,1.2,,,,,3109882623584244822,latent_residual_cosine,0.17705923318862915
combined,contrastive,clean/turn_switch/episode_000047/0_98,turn_switch,episode_000047,clean,,,,final_action,brightness,1.2,,,,,3109882623584244822,paired_action_relative_l2,0.01650926098227501
combined,contrastive,clean/turn_switch/episode_000047/0_98,turn_switch,episode_000047,clean,,,,future_video,color_temperature,-0.1,,,,,13981428570655036527,latent_residual_cosine,0.13357067108154297
combined,contrastive,clean/turn_switch/episode_000047/0_98,turn_switch,episode_000047,clean,,,,final_action,color_temperature,-0.1,,,,,13981428570655036527,paired_action_relative_l2,0.0054248315282166
combined,contrastive,clean/turn_switch/episode_000047/0_98,turn_switch,episode_000047,clean,,,,future_video,color_temperature,0.1,,,,,7431615385873627060,latent_residual_cosine,0.1096237301826477
combined,contrastive,clean/turn_switch/episode_000047/0_98,turn_switch,episode_000047,clean,,,,final_action,color_temperature,0.1,,,,,7431615385873627060,paired_action_relative_l2,0.006482131313532591
combined,contrastive,clean/turn_switch/episode_000047/0_98,turn_switch,episode_000047,clean,,,,future_video,gamma,0.8,,,,,8944454782225478405,latent_residual_cosine,0.0074471235275268555
combined,contrastive,clean/turn_switch/episode_000047/0_98,turn_switch,episode_000047,clean,,,,final_action,gamma,0.8,,,,,8944454782225478405,paired_action_relative_l2,0.0025834189727902412
combined,contrastive,clean/turn_switch/episode_000047/0_98,turn_switch,episode_000047,clean,,,,future_video,gamma,1.2,,,,,12775208076006040830,latent_residual_cosine,0.007368981838226318
combined,contrastive,clean/turn_switch/episode_000047/0_98,turn_switch,episode_000047,clean,,,,final_action,gamma,1.2,,,,,12775208076006040830,paired_action_relative_l2,0.0030722771771252155
combined,contrastive,clean/turn_switch/episode_000047/0_98,turn_switch,episode_000047,clean,,,,future_video,gaussian_blur_sigma,0.5,,,,,17406867596367059733,latent_residual_cosine,0.000802159309387207
combined,contrastive,clean/turn_switch/episode_000047/0_98,turn_switch,episode_000047,clean,,,,final_action,gaussian_blur_sigma,0.5,,,,,17406867596367059733,paired_action_relative_l2,0.001971588935703039
combined,contrastive,clean/turn_switch/episode_000047/0_98,turn_switch,episode_000047,clean,,,,future_video,gaussian_blur_sigma,1.0,,,,,1591302671540779324,latent_residual_cosine,0.004706978797912598
combined,contrastive,clean/turn_switch/episode_000047/0_98,turn_switch,episode_000047,clean,,,,final_action,gaussian_blur_sigma,1.0,,,,,1591302671540779324,paired_action_relative_l2,0.0031824142206460238
combined,contrastive,clean/turn_switch/episode_000047/0_98,turn_switch,episode_000047,clean,,,,future_video,gaussian_noise_std,0.01,,,,,12285946054869263813,latent_residual_cosine,0.1872100830078125
combined,contrastive,clean/turn_switch/episode_000047/0_98,turn_switch,episode_000047,clean,,,,final_action,gaussian_noise_std,0.01,,,,,12285946054869263813,paired_action_relative_l2,0.005929775070399046
combined,contrastive,clean/turn_switch/episode_000047/0_98,turn_switch,episode_000047,clean,,,,future_video,gaussian_noise_std,0.03,,,,,11263194624413296043,latent_residual_cosine,0.31648021936416626
combined,contrastive,clean/turn_switch/episode_000047/0_98,turn_switch,episode_000047,clean,,,,final_action,gaussian_noise_std,0.03,,,,,11263194624413296043,paired_action_relative_l2,0.007819059304893017
combined,contrastive,clean/turn_switch/episode_000047/0_98,turn_switch,episode_000047,clean,,,,future_video,identity,0.0,,,,,,latent_residual_cosine,-3.5762786865234375e-06
combined,contrastive,clean/turn_switch/episode_000047/0_98,turn_switch,episode_000047,clean,,,,final_action,identity,0.0,,,,,,paired_action_relative_l2,0.0
